  CREATE_STREAM @0 {NAME:v T:Transactions SCOPE:uvm_test_top.env.vseqr STREAM:1195}
  CREATE_STREAM @0 {NAME:s_rd T:Transactions SCOPE:uvm_test_top.env.rknp_agt.sqr STREAM:1246}
  CREATE_STREAM @0 {NAME:v T:Transactions SCOPE:uvm_test_top.env.vseqr STREAM:1195}
  CREATE_STREAM @0 {NAME:s_rd T:Transactions SCOPE:uvm_test_top.env.rknp_agt.sqr STREAM:1246}
  CREATE_STREAM @935000 {NAME:s_wr T:Transactions SCOPE:uvm_test_top.env.rknp_agt.sqr STREAM:1341}
  CREATE_STREAM @1895000 {NAME:s_wrap T:Transactions SCOPE:uvm_test_top.env.rknp_agt.sqr STREAM:1385}
  CREATE_STREAM @3515000 {NAME:s_err T:Transactions SCOPE:uvm_test_top.env.rknp_agt.sqr STREAM:1429}
  CREATE_STREAM @4135000 {NAME:s_adr T:Transactions SCOPE:uvm_test_top.env.rknp_agt.sqr STREAM:1473}
  CREATE_STREAM @0 {NAME:v T:Transactions SCOPE:uvm_test_top.env.vseqr STREAM:1195}
  CREATE_STREAM @0 {NAME:s_rd T:Transactions SCOPE:uvm_test_top.env.rknp_agt.sqr STREAM:1246}
  CREATE_STREAM @935000 {NAME:s_wr T:Transactions SCOPE:uvm_test_top.env.rknp_agt.sqr STREAM:1341}
  CREATE_STREAM @1895000 {NAME:s_wrap T:Transactions SCOPE:uvm_test_top.env.rknp_agt.sqr STREAM:1385}
  CREATE_STREAM @3515000 {NAME:s_err T:Transactions SCOPE:uvm_test_top.env.rknp_agt.sqr STREAM:1429}
  CREATE_STREAM @4135000 {NAME:s_adr T:Transactions SCOPE:uvm_test_top.env.rknp_agt.sqr STREAM:1473}
  CREATE_STREAM @0 {NAME:v T:Transactions SCOPE:uvm_test_top.env.vseqr STREAM:1195}
  CREATE_STREAM @0 {NAME:s_rd T:Transactions SCOPE:uvm_test_top.env.rknp_agt.sqr STREAM:1246}
  CREATE_STREAM @935000 {NAME:s_wr T:Transactions SCOPE:uvm_test_top.env.rknp_agt.sqr STREAM:1341}
  CREATE_STREAM @1895000 {NAME:s_wrap T:Transactions SCOPE:uvm_test_top.env.rknp_agt.sqr STREAM:1385}
  CREATE_STREAM @3515000 {NAME:s_err T:Transactions SCOPE:uvm_test_top.env.rknp_agt.sqr STREAM:1429}
  CREATE_STREAM @4135000 {NAME:s_adr T:Transactions SCOPE:uvm_test_top.env.rknp_agt.sqr STREAM:1473}
  CREATE_STREAM @0 {NAME:v T:Transactions SCOPE:uvm_test_top.env.vseqr STREAM:1195}
  CREATE_STREAM @0 {NAME:s_rd T:Transactions SCOPE:uvm_test_top.env.rknp_agt.sqr STREAM:1246}
  CREATE_STREAM @935000 {NAME:s_wr T:Transactions SCOPE:uvm_test_top.env.rknp_agt.sqr STREAM:1341}
  CREATE_STREAM @1895000 {NAME:s_wrap T:Transactions SCOPE:uvm_test_top.env.rknp_agt.sqr STREAM:1385}
  CREATE_STREAM @3515000 {NAME:s_err T:Transactions SCOPE:uvm_test_top.env.rknp_agt.sqr STREAM:1429}
  CREATE_STREAM @4135000 {NAME:s_adr T:Transactions SCOPE:uvm_test_top.env.rknp_agt.sqr STREAM:1473}
  CREATE_STREAM @0 {NAME:v T:Transactions SCOPE:uvm_test_top.env.vseqr STREAM:1195}
  CREATE_STREAM @0 {NAME:s_rd T:Transactions SCOPE:uvm_test_top.env.rknp_agt.sqr STREAM:1246}
  CREATE_STREAM @935000 {NAME:s_wr T:Transactions SCOPE:uvm_test_top.env.rknp_agt.sqr STREAM:1341}
  CREATE_STREAM @1895000 {NAME:s_wrap T:Transactions SCOPE:uvm_test_top.env.rknp_agt.sqr STREAM:1385}
  CREATE_STREAM @3515000 {NAME:s_err T:Transactions SCOPE:uvm_test_top.env.rknp_agt.sqr STREAM:1429}
  CREATE_STREAM @4135000 {NAME:s_adr T:Transactions SCOPE:uvm_test_top.env.rknp_agt.sqr STREAM:1473}
  CREATE_STREAM @0 {NAME:v T:Transactions SCOPE:uvm_test_top.env.vseqr STREAM:1195}
  CREATE_STREAM @0 {NAME:s_rd T:Transactions SCOPE:uvm_test_top.env.rknp_agt.sqr STREAM:1246}
  CREATE_STREAM @0 {NAME:v T:Transactions SCOPE:uvm_test_top.env.vseqr STREAM:1195}
  CREATE_STREAM @0 {NAME:s_rd T:Transactions SCOPE:uvm_test_top.env.rknp_agt.sqr STREAM:1246}
  CREATE_STREAM @0 {NAME:v T:Transactions SCOPE:uvm_test_top.env.vseqr STREAM:1195}
  CREATE_STREAM @0 {NAME:s_rd T:Transactions SCOPE:uvm_test_top.env.rknp_agt.sqr STREAM:1246}
  CREATE_STREAM @0 {NAME:v T:Transactions SCOPE:uvm_test_top.env.vseqr STREAM:1195}
  CREATE_STREAM @0 {NAME:s_rd T:Transactions SCOPE:uvm_test_top.env.rknp_agt.sqr STREAM:1246}
  CREATE_STREAM @0 {NAME:v T:Transactions SCOPE:uvm_test_top.env.vseqr STREAM:1195}
  CREATE_STREAM @0 {NAME:s_rd T:Transactions SCOPE:uvm_test_top.env.rknp_agt.sqr STREAM:1246}
  CREATE_STREAM @0 {NAME:v T:Transactions SCOPE:uvm_test_top.env.vseqr STREAM:1195}
  CREATE_STREAM @0 {NAME:s_rd T:Transactions SCOPE:uvm_test_top.env.rknp_agt.sqr STREAM:1246}
  CREATE_STREAM @0 {NAME:v T:Transactions SCOPE:uvm_test_top.env.vseqr STREAM:1195}
  CREATE_STREAM @0 {NAME:s_rd T:Transactions SCOPE:uvm_test_top.env.rknp_agt.sqr STREAM:1246}
  CREATE_STREAM @0 {NAME:v T:Transactions SCOPE:uvm_test_top.env.vseqr STREAM:1195}
  CREATE_STREAM @0 {NAME:s_rd T:Transactions SCOPE:uvm_test_top.env.rknp_agt.sqr STREAM:1246}
  CREATE_STREAM @0 {NAME:v T:Transactions SCOPE:uvm_test_top.env.vseqr STREAM:1195}
  CREATE_STREAM @0 {NAME:s_rd T:Transactions SCOPE:uvm_test_top.env.rknp_agt.sqr STREAM:1246}
  CREATE_STREAM @0 {NAME:v T:Transactions SCOPE:uvm_test_top.env.vseqr STREAM:1195}
  CREATE_STREAM @0 {NAME:s_rd T:Transactions SCOPE:uvm_test_top.env.rknp_agt.sqr STREAM:1246}
  CREATE_STREAM @0 {NAME:v T:Transactions SCOPE:uvm_test_top.env.vseqr STREAM:1195}
  CREATE_STREAM @0 {NAME:s_rd T:Transactions SCOPE:uvm_test_top.env.rknp_agt.sqr STREAM:1246}
  CREATE_STREAM @0 {NAME:v T:Transactions SCOPE:uvm_test_top.env.vseqr STREAM:1195}
  CREATE_STREAM @0 {NAME:s_rd T:Transactions SCOPE:uvm_test_top.env.rknp_agt.sqr STREAM:1246}
  CREATE_STREAM @0 {NAME:v T:Transactions SCOPE:uvm_test_top.env.vseqr STREAM:1195}
  CREATE_STREAM @0 {NAME:s_rd T:Transactions SCOPE:uvm_test_top.env.rknp_agt.sqr STREAM:1246}
  CREATE_STREAM @0 {NAME:v T:Transactions SCOPE:uvm_test_top.env.vseqr STREAM:1195}
  CREATE_STREAM @0 {NAME:s_rd T:Transactions SCOPE:uvm_test_top.env.rknp_agt.sqr STREAM:1246}
  CREATE_STREAM @0 {NAME:v T:Transactions SCOPE:uvm_test_top.env.vseqr STREAM:1195}
  CREATE_STREAM @0 {NAME:s_rd T:Transactions SCOPE:uvm_test_top.env.rknp_agt.sqr STREAM:1246}
  CREATE_STREAM @0 {NAME:v T:Transactions SCOPE:uvm_test_top.env.vseqr STREAM:1195}
  CREATE_STREAM @0 {NAME:s_rd T:Transactions SCOPE:uvm_test_top.env.rknp_agt.sqr STREAM:1246}
  CREATE_STREAM @0 {NAME:v T:Transactions SCOPE:uvm_test_top.env.vseqr STREAM:1195}
  CREATE_STREAM @0 {NAME:s_rd T:Transactions SCOPE:uvm_test_top.env.rknp_agt.sqr STREAM:1246}
  CREATE_STREAM @0 {NAME:v T:Transactions SCOPE:uvm_test_top.env.vseqr STREAM:1195}
  CREATE_STREAM @0 {NAME:s_rd T:Transactions SCOPE:uvm_test_top.env.rknp_agt.sqr STREAM:1246}
  CREATE_STREAM @0 {NAME:v T:Transactions SCOPE:uvm_test_top.env.vseqr STREAM:1195}
  CREATE_STREAM @0 {NAME:s_rd T:Transactions SCOPE:uvm_test_top.env.rknp_agt.sqr STREAM:1246}
  CREATE_STREAM @0 {NAME:v T:Transactions SCOPE:uvm_test_top.env.vseqr STREAM:1195}
  CREATE_STREAM @0 {NAME:s_rd T:Transactions SCOPE:uvm_test_top.env.rknp_agt.sqr STREAM:1246}
  CREATE_STREAM @0 {NAME:v T:Transactions SCOPE:uvm_test_top.env.vseqr STREAM:1195}
  CREATE_STREAM @0 {NAME:s_rd T:Transactions SCOPE:uvm_test_top.env.rknp_agt.sqr STREAM:1246}
  CREATE_STREAM @0 {NAME:v T:Transactions SCOPE:uvm_test_top.env.vseqr STREAM:1195}
  CREATE_STREAM @0 {NAME:s_rd T:Transactions SCOPE:uvm_test_top.env.rknp_agt.sqr STREAM:1246}
  CREATE_STREAM @0 {NAME:v T:Transactions SCOPE:uvm_test_top.env.vseqr STREAM:1195}
  CREATE_STREAM @0 {NAME:s_rd T:Transactions SCOPE:uvm_test_top.env.rknp_agt.sqr STREAM:1246}
  CREATE_STREAM @0 {NAME:v T:Transactions SCOPE:uvm_test_top.env.vseqr STREAM:1195}
  CREATE_STREAM @0 {NAME:s_rd T:Transactions SCOPE:uvm_test_top.env.rknp_agt.sqr STREAM:1246}
  CREATE_STREAM @0 {NAME:v T:Transactions SCOPE:uvm_test_top.env.vseqr STREAM:1195}
  CREATE_STREAM @0 {NAME:s_rd T:Transactions SCOPE:uvm_test_top.env.rknp_agt.sqr STREAM:1246}
  CREATE_STREAM @0 {NAME:v T:Transactions SCOPE:uvm_test_top.env.vseqr STREAM:1195}
  CREATE_STREAM @0 {NAME:s_rd T:Transactions SCOPE:uvm_test_top.env.rknp_agt.sqr STREAM:1246}
  CREATE_STREAM @295000 {NAME:s_wr T:Transactions SCOPE:uvm_test_top.env.rknp_agt.sqr STREAM:1511}
  CREATE_STREAM @1245000 {NAME:s_wrap T:Transactions SCOPE:uvm_test_top.env.rknp_agt.sqr STREAM:1907}
  CREATE_STREAM @0 {NAME:v T:Transactions SCOPE:uvm_test_top.env.vseqr STREAM:1195}
  CREATE_STREAM @0 {NAME:s_rd T:Transactions SCOPE:uvm_test_top.env.rknp_agt.sqr STREAM:1246}
  CREATE_STREAM @255000 {NAME:s_wr T:Transactions SCOPE:uvm_test_top.env.rknp_agt.sqr STREAM:1515}
  CREATE_STREAM @1325000 {NAME:s_wrap T:Transactions SCOPE:uvm_test_top.env.rknp_agt.sqr STREAM:1935}
  CREATE_STREAM @0 {NAME:v T:Transactions SCOPE:uvm_test_top.env.vseqr STREAM:1195}
  CREATE_STREAM @0 {NAME:s_rd T:Transactions SCOPE:uvm_test_top.env.rknp_agt.sqr STREAM:1246}
  CREATE_STREAM @295000 {NAME:s_wr T:Transactions SCOPE:uvm_test_top.env.rknp_agt.sqr STREAM:1511}
  CREATE_STREAM @1245000 {NAME:s_wrap T:Transactions SCOPE:uvm_test_top.env.rknp_agt.sqr STREAM:1921}
  CREATE_STREAM @0 {NAME:v T:Transactions SCOPE:uvm_test_top.env.vseqr STREAM:1195}
  CREATE_STREAM @0 {NAME:s_rd T:Transactions SCOPE:uvm_test_top.env.rknp_agt.sqr STREAM:1246}
  CREATE_STREAM @295000 {NAME:s_wr T:Transactions SCOPE:uvm_test_top.env.rknp_agt.sqr STREAM:1511}
  CREATE_STREAM @1245000 {NAME:s_wrap T:Transactions SCOPE:uvm_test_top.env.rknp_agt.sqr STREAM:1921}
  CREATE_STREAM @0 {NAME:v T:Transactions SCOPE:uvm_test_top.env.vseqr STREAM:1195}
  CREATE_STREAM @0 {NAME:s_rd T:Transactions SCOPE:uvm_test_top.env.rknp_agt.sqr STREAM:1246}
  CREATE_STREAM @295000 {NAME:s_wr T:Transactions SCOPE:uvm_test_top.env.rknp_agt.sqr STREAM:1511}
  CREATE_STREAM @1245000 {NAME:s_wrap T:Transactions SCOPE:uvm_test_top.env.rknp_agt.sqr STREAM:1921}
  CREATE_STREAM @0 {NAME:v T:Transactions SCOPE:uvm_test_top.env.vseqr STREAM:1195}
  CREATE_STREAM @0 {NAME:s_rd T:Transactions SCOPE:uvm_test_top.env.rknp_agt.sqr STREAM:1246}
  CREATE_STREAM @295000 {NAME:s_wr T:Transactions SCOPE:uvm_test_top.env.rknp_agt.sqr STREAM:1511}
  CREATE_STREAM @1245000 {NAME:s_wrap T:Transactions SCOPE:uvm_test_top.env.rknp_agt.sqr STREAM:1921}
  CREATE_STREAM @0 {NAME:v T:Transactions SCOPE:uvm_test_top.env.vseqr STREAM:1195}
  CREATE_STREAM @0 {NAME:s_rd T:Transactions SCOPE:uvm_test_top.env.rknp_agt.sqr STREAM:1246}
  CREATE_STREAM @295000 {NAME:s_wr T:Transactions SCOPE:uvm_test_top.env.rknp_agt.sqr STREAM:1511}
  CREATE_STREAM @1245000 {NAME:s_wrap T:Transactions SCOPE:uvm_test_top.env.rknp_agt.sqr STREAM:1921}
  CREATE_STREAM @0 {NAME:v T:Transactions SCOPE:uvm_test_top.env.vseqr STREAM:1195}
  CREATE_STREAM @0 {NAME:s_rd T:Transactions SCOPE:uvm_test_top.env.rknp_agt.sqr STREAM:1246}
  CREATE_STREAM @295000 {NAME:s_wr T:Transactions SCOPE:uvm_test_top.env.rknp_agt.sqr STREAM:1511}
  CREATE_STREAM @1245000 {NAME:s_wrap T:Transactions SCOPE:uvm_test_top.env.rknp_agt.sqr STREAM:1921}
  CREATE_STREAM @0 {NAME:v T:Transactions SCOPE:uvm_test_top.env.vseqr STREAM:1195}
  CREATE_STREAM @0 {NAME:s_rd T:Transactions SCOPE:uvm_test_top.env.rknp_agt.sqr STREAM:1246}
  CREATE_STREAM @295000 {NAME:s_wr T:Transactions SCOPE:uvm_test_top.env.rknp_agt.sqr STREAM:1511}
  CREATE_STREAM @1245000 {NAME:s_wrap T:Transactions SCOPE:uvm_test_top.env.rknp_agt.sqr STREAM:1921}
  CREATE_STREAM @0 {NAME:v T:Transactions SCOPE:uvm_test_top.env.vseqr STREAM:1195}
  CREATE_STREAM @0 {NAME:s_rd T:Transactions SCOPE:uvm_test_top.env.rknp_agt.sqr STREAM:1246}
  CREATE_STREAM @295000 {NAME:s_wr T:Transactions SCOPE:uvm_test_top.env.rknp_agt.sqr STREAM:1511}
  CREATE_STREAM @1245000 {NAME:s_wrap T:Transactions SCOPE:uvm_test_top.env.rknp_agt.sqr STREAM:1933}
  CREATE_STREAM @0 {NAME:v T:Transactions SCOPE:uvm_test_top.env.vseqr STREAM:1195}
  CREATE_STREAM @0 {NAME:s_rd T:Transactions SCOPE:uvm_test_top.env.rknp_agt.sqr STREAM:1246}
  CREATE_STREAM @315000 {NAME:s_wr T:Transactions SCOPE:uvm_test_top.env.rknp_agt.sqr STREAM:1515}
  CREATE_STREAM @1245000 {NAME:s_wrap T:Transactions SCOPE:uvm_test_top.env.rknp_agt.sqr STREAM:1933}
  CREATE_STREAM @0 {NAME:v T:Transactions SCOPE:uvm_test_top.env.vseqr STREAM:1195}
  CREATE_STREAM @0 {NAME:s_rd T:Transactions SCOPE:uvm_test_top.env.rknp_agt.sqr STREAM:1246}
  CREATE_STREAM @315000 {NAME:s_wr T:Transactions SCOPE:uvm_test_top.env.rknp_agt.sqr STREAM:1515}
  CREATE_STREAM @1245000 {NAME:s_wrap T:Transactions SCOPE:uvm_test_top.env.rknp_agt.sqr STREAM:1933}
  CREATE_STREAM @0 {NAME:v T:Transactions SCOPE:uvm_test_top.env.vseqr STREAM:1195}
  CREATE_STREAM @0 {NAME:s_rd T:Transactions SCOPE:uvm_test_top.env.rknp_agt.sqr STREAM:1246}
  CREATE_STREAM @315000 {NAME:s_wr T:Transactions SCOPE:uvm_test_top.env.rknp_agt.sqr STREAM:1515}
  CREATE_STREAM @1245000 {NAME:s_wrap T:Transactions SCOPE:uvm_test_top.env.rknp_agt.sqr STREAM:1933}
  CREATE_STREAM @0 {NAME:v T:Transactions SCOPE:uvm_test_top.env.vseqr STREAM:1195}
  CREATE_STREAM @0 {NAME:s_rd T:Transactions SCOPE:uvm_test_top.env.rknp_agt.sqr STREAM:1246}
  CREATE_STREAM @315000 {NAME:s_wr T:Transactions SCOPE:uvm_test_top.env.rknp_agt.sqr STREAM:1515}
  CREATE_STREAM @1245000 {NAME:s_wrap T:Transactions SCOPE:uvm_test_top.env.rknp_agt.sqr STREAM:1933}
  CREATE_STREAM @0 {NAME:v T:Transactions SCOPE:uvm_test_top.env.vseqr STREAM:1195}
  CREATE_STREAM @0 {NAME:s_rd T:Transactions SCOPE:uvm_test_top.env.rknp_agt.sqr STREAM:1246}
  CREATE_STREAM @315000 {NAME:s_wr T:Transactions SCOPE:uvm_test_top.env.rknp_agt.sqr STREAM:1515}
  CREATE_STREAM @1135000 {NAME:s_wrap T:Transactions SCOPE:uvm_test_top.env.rknp_agt.sqr STREAM:1909}
  CREATE_STREAM @0 {NAME:v T:Transactions SCOPE:uvm_test_top.env.vseqr STREAM:1195}
  CREATE_STREAM @0 {NAME:s_rd T:Transactions SCOPE:uvm_test_top.env.rknp_agt.sqr STREAM:1246}
  CREATE_STREAM @295000 {NAME:s_wr T:Transactions SCOPE:uvm_test_top.env.rknp_agt.sqr STREAM:1511}
  CREATE_STREAM @1125000 {NAME:s_wrap T:Transactions SCOPE:uvm_test_top.env.rknp_agt.sqr STREAM:1909}
  CREATE_STREAM @0 {NAME:v T:Transactions SCOPE:uvm_test_top.env.vseqr STREAM:1195}
  CREATE_STREAM @0 {NAME:s_rd T:Transactions SCOPE:uvm_test_top.env.rknp_agt.sqr STREAM:1246}
  CREATE_STREAM @295000 {NAME:s_wr T:Transactions SCOPE:uvm_test_top.env.rknp_agt.sqr STREAM:1511}
  CREATE_STREAM @1245000 {NAME:s_wrap T:Transactions SCOPE:uvm_test_top.env.rknp_agt.sqr STREAM:1909}
  CREATE_STREAM @0 {NAME:v T:Transactions SCOPE:uvm_test_top.env.vseqr STREAM:1195}
  CREATE_STREAM @0 {NAME:s_rd T:Transactions SCOPE:uvm_test_top.env.rknp_agt.sqr STREAM:1246}
  CREATE_STREAM @295000 {NAME:s_wr T:Transactions SCOPE:uvm_test_top.env.rknp_agt.sqr STREAM:1511}
  CREATE_STREAM @1245000 {NAME:s_wrap T:Transactions SCOPE:uvm_test_top.env.rknp_agt.sqr STREAM:1909}
  CREATE_STREAM @0 {NAME:v T:Transactions SCOPE:uvm_test_top.env.vseqr STREAM:1195}
  CREATE_STREAM @0 {NAME:s_rd T:Transactions SCOPE:uvm_test_top.env.rknp_agt.sqr STREAM:1246}
  CREATE_STREAM @295000 {NAME:s_wr T:Transactions SCOPE:uvm_test_top.env.rknp_agt.sqr STREAM:1511}
  CREATE_STREAM @1245000 {NAME:s_wrap T:Transactions SCOPE:uvm_test_top.env.rknp_agt.sqr STREAM:1903}
  CREATE_STREAM @0 {NAME:v T:Transactions SCOPE:uvm_test_top.env.vseqr STREAM:1195}
  CREATE_STREAM @0 {NAME:s_rd T:Transactions SCOPE:uvm_test_top.env.rknp_agt.sqr STREAM:1246}
  CREATE_STREAM @295000 {NAME:s_wr T:Transactions SCOPE:uvm_test_top.env.rknp_agt.sqr STREAM:1523}
  CREATE_STREAM @1245000 {NAME:s_wrap T:Transactions SCOPE:uvm_test_top.env.rknp_agt.sqr STREAM:2001}
  CREATE_STREAM @0 {NAME:v T:Transactions SCOPE:uvm_test_top.env.vseqr STREAM:1195}
  CREATE_STREAM @0 {NAME:s_rd T:Transactions SCOPE:uvm_test_top.env.rknp_agt.sqr STREAM:1246}
  CREATE_STREAM @295000 {NAME:s_wr T:Transactions SCOPE:uvm_test_top.env.rknp_agt.sqr STREAM:1523}
  CREATE_STREAM @1245000 {NAME:s_wrap T:Transactions SCOPE:uvm_test_top.env.rknp_agt.sqr STREAM:2001}
  CREATE_STREAM @0 {NAME:v T:Transactions SCOPE:uvm_test_top.env.vseqr STREAM:1195}
  CREATE_STREAM @0 {NAME:s_rd T:Transactions SCOPE:uvm_test_top.env.rknp_agt.sqr STREAM:1246}
  CREATE_STREAM @295000 {NAME:s_wr T:Transactions SCOPE:uvm_test_top.env.rknp_agt.sqr STREAM:1523}
  CREATE_STREAM @1245000 {NAME:s_wrap T:Transactions SCOPE:uvm_test_top.env.rknp_agt.sqr STREAM:2001}
  CREATE_STREAM @0 {NAME:v T:Transactions SCOPE:uvm_test_top.env.vseqr STREAM:1195}
  CREATE_STREAM @0 {NAME:s_rd T:Transactions SCOPE:uvm_test_top.env.rknp_agt.sqr STREAM:1246}
  CREATE_STREAM @295000 {NAME:s_wr T:Transactions SCOPE:uvm_test_top.env.rknp_agt.sqr STREAM:1523}
  CREATE_STREAM @1245000 {NAME:s_wrap T:Transactions SCOPE:uvm_test_top.env.rknp_agt.sqr STREAM:2001}
  CREATE_STREAM @0 {NAME:v T:Transactions SCOPE:uvm_test_top.env.vseqr STREAM:1195}
  CREATE_STREAM @0 {NAME:s_rd T:Transactions SCOPE:uvm_test_top.env.rknp_agt.sqr STREAM:1246}
  CREATE_STREAM @295000 {NAME:s_wr T:Transactions SCOPE:uvm_test_top.env.rknp_agt.sqr STREAM:1517}
  CREATE_STREAM @1245000 {NAME:s_wrap T:Transactions SCOPE:uvm_test_top.env.rknp_agt.sqr STREAM:1961}
  CREATE_STREAM @0 {NAME:v T:Transactions SCOPE:uvm_test_top.env.vseqr STREAM:1195}
  CREATE_STREAM @0 {NAME:s_rd T:Transactions SCOPE:uvm_test_top.env.rknp_agt.sqr STREAM:1246}
  CREATE_STREAM @295000 {NAME:s_wr T:Transactions SCOPE:uvm_test_top.env.rknp_agt.sqr STREAM:1517}
  CREATE_STREAM @1245000 {NAME:s_wrap T:Transactions SCOPE:uvm_test_top.env.rknp_agt.sqr STREAM:1961}
  CREATE_STREAM @0 {NAME:v T:Transactions SCOPE:uvm_test_top.env.vseqr STREAM:1195}
  CREATE_STREAM @0 {NAME:s_rd T:Transactions SCOPE:uvm_test_top.env.rknp_agt.sqr STREAM:1246}
  CREATE_STREAM @295000 {NAME:s_wr T:Transactions SCOPE:uvm_test_top.env.rknp_agt.sqr STREAM:1517}
  CREATE_STREAM @1245000 {NAME:s_wrap T:Transactions SCOPE:uvm_test_top.env.rknp_agt.sqr STREAM:1961}
  CREATE_STREAM @0 {NAME:v T:Transactions SCOPE:uvm_test_top.env.vseqr STREAM:1195}
  CREATE_STREAM @0 {NAME:s_rd T:Transactions SCOPE:uvm_test_top.env.rknp_agt.sqr STREAM:1246}
  CREATE_STREAM @295000 {NAME:s_wr T:Transactions SCOPE:uvm_test_top.env.rknp_agt.sqr STREAM:1517}
  CREATE_STREAM @1245000 {NAME:s_wrap T:Transactions SCOPE:uvm_test_top.env.rknp_agt.sqr STREAM:1939}
  CREATE_STREAM @0 {NAME:v T:Transactions SCOPE:uvm_test_top.env.vseqr STREAM:1195}
  CREATE_STREAM @0 {NAME:s_rd T:Transactions SCOPE:uvm_test_top.env.rknp_agt.sqr STREAM:1246}
  CREATE_STREAM @295000 {NAME:s_wr T:Transactions SCOPE:uvm_test_top.env.rknp_agt.sqr STREAM:1517}
  CREATE_STREAM @1245000 {NAME:s_wrap T:Transactions SCOPE:uvm_test_top.env.rknp_agt.sqr STREAM:1961}
  CREATE_STREAM @0 {NAME:v T:Transactions SCOPE:uvm_test_top.env.vseqr STREAM:1195}
  CREATE_STREAM @0 {NAME:s_rd T:Transactions SCOPE:uvm_test_top.env.rknp_agt.sqr STREAM:1246}
  CREATE_STREAM @295000 {NAME:s_wr T:Transactions SCOPE:uvm_test_top.env.rknp_agt.sqr STREAM:1517}
  CREATE_STREAM @1245000 {NAME:s_wrap T:Transactions SCOPE:uvm_test_top.env.rknp_agt.sqr STREAM:1961}
  CREATE_STREAM @0 {NAME:v T:Transactions SCOPE:uvm_test_top.env.vseqr STREAM:1195}
  CREATE_STREAM @0 {NAME:s_rd T:Transactions SCOPE:uvm_test_top.env.rknp_agt.sqr STREAM:1246}
  CREATE_STREAM @295000 {NAME:s_wr T:Transactions SCOPE:uvm_test_top.env.rknp_agt.sqr STREAM:1517}
  CREATE_STREAM @1245000 {NAME:s_wrap T:Transactions SCOPE:uvm_test_top.env.rknp_agt.sqr STREAM:1961}
  CREATE_STREAM @0 {NAME:v T:Transactions SCOPE:uvm_test_top.env.vseqr STREAM:1195}
  CREATE_STREAM @0 {NAME:s_rd T:Transactions SCOPE:uvm_test_top.env.rknp_agt.sqr STREAM:1246}
  CREATE_STREAM @295000 {NAME:s_wr T:Transactions SCOPE:uvm_test_top.env.rknp_agt.sqr STREAM:1517}
  CREATE_STREAM @1245000 {NAME:s_wrap T:Transactions SCOPE:uvm_test_top.env.rknp_agt.sqr STREAM:1961}
  CREATE_STREAM @0 {NAME:v T:Transactions SCOPE:uvm_test_top.env.vseqr STREAM:1195}
  CREATE_STREAM @0 {NAME:s_rd T:Transactions SCOPE:uvm_test_top.env.rknp_agt.sqr STREAM:1246}
  CREATE_STREAM @295000 {NAME:s_wr T:Transactions SCOPE:uvm_test_top.env.rknp_agt.sqr STREAM:1517}
  CREATE_STREAM @1245000 {NAME:s_wrap T:Transactions SCOPE:uvm_test_top.env.rknp_agt.sqr STREAM:1961}
  CREATE_STREAM @0 {NAME:v T:Transactions SCOPE:uvm_test_top.env.vseqr STREAM:1195}
  CREATE_STREAM @0 {NAME:s_rd T:Transactions SCOPE:uvm_test_top.env.rknp_agt.sqr STREAM:1246}
  CREATE_STREAM @295000 {NAME:s_wr T:Transactions SCOPE:uvm_test_top.env.rknp_agt.sqr STREAM:1523}
  CREATE_STREAM @1245000 {NAME:s_wrap T:Transactions SCOPE:uvm_test_top.env.rknp_agt.sqr STREAM:1999}
  CREATE_STREAM @0 {NAME:v T:Transactions SCOPE:uvm_test_top.env.vseqr STREAM:1195}
  CREATE_STREAM @0 {NAME:s_rd T:Transactions SCOPE:uvm_test_top.env.rknp_agt.sqr STREAM:1246}
  CREATE_STREAM @295000 {NAME:s_wr T:Transactions SCOPE:uvm_test_top.env.rknp_agt.sqr STREAM:1523}
  CREATE_STREAM @1245000 {NAME:s_wrap T:Transactions SCOPE:uvm_test_top.env.rknp_agt.sqr STREAM:1999}
  CREATE_STREAM @0 {NAME:v T:Transactions SCOPE:uvm_test_top.env.vseqr STREAM:1195}
  CREATE_STREAM @0 {NAME:s_rd T:Transactions SCOPE:uvm_test_top.env.rknp_agt.sqr STREAM:1246}
  CREATE_STREAM @295000 {NAME:s_wr T:Transactions SCOPE:uvm_test_top.env.rknp_agt.sqr STREAM:1523}
  CREATE_STREAM @1245000 {NAME:s_wrap T:Transactions SCOPE:uvm_test_top.env.rknp_agt.sqr STREAM:1999}
  CREATE_STREAM @0 {NAME:v T:Transactions SCOPE:uvm_test_top.env.vseqr STREAM:1195}
  CREATE_STREAM @0 {NAME:s_rd T:Transactions SCOPE:uvm_test_top.env.rknp_agt.sqr STREAM:1246}
  CREATE_STREAM @295000 {NAME:s_wr T:Transactions SCOPE:uvm_test_top.env.rknp_agt.sqr STREAM:1523}
  CREATE_STREAM @1245000 {NAME:s_wrap T:Transactions SCOPE:uvm_test_top.env.rknp_agt.sqr STREAM:1999}
  CREATE_STREAM @0 {NAME:v T:Transactions SCOPE:uvm_test_top.env.vseqr STREAM:1195}
  CREATE_STREAM @0 {NAME:s_rd T:Transactions SCOPE:uvm_test_top.env.rknp_agt.sqr STREAM:1246}
  CREATE_STREAM @245000 {NAME:s_wr T:Transactions SCOPE:uvm_test_top.env.rknp_agt.sqr STREAM:1527}
  CREATE_STREAM @1185000 {NAME:s_wrap T:Transactions SCOPE:uvm_test_top.env.rknp_agt.sqr STREAM:1981}
  CREATE_STREAM @3555000 {NAME:s_err T:Transactions SCOPE:uvm_test_top.env.rknp_agt.sqr STREAM:2337}
  CREATE_STREAM @0 {NAME:v T:Transactions SCOPE:uvm_test_top.env.vseqr STREAM:1195}
  CREATE_STREAM @0 {NAME:s_rd T:Transactions SCOPE:uvm_test_top.env.rknp_agt.sqr STREAM:1246}
  CREATE_STREAM @245000 {NAME:s_wr T:Transactions SCOPE:uvm_test_top.env.rknp_agt.sqr STREAM:1531}
  CREATE_STREAM @1175000 {NAME:s_wrap T:Transactions SCOPE:uvm_test_top.env.rknp_agt.sqr STREAM:1977}
  CREATE_STREAM @0 {NAME:v T:Transactions SCOPE:uvm_test_top.env.vseqr STREAM:1195}
  CREATE_STREAM @0 {NAME:s_rd T:Transactions SCOPE:uvm_test_top.env.rknp_agt.sqr STREAM:1246}
  CREATE_STREAM @245000 {NAME:s_wr T:Transactions SCOPE:uvm_test_top.env.rknp_agt.sqr STREAM:1531}
  CREATE_STREAM @1175000 {NAME:s_wrap T:Transactions SCOPE:uvm_test_top.env.rknp_agt.sqr STREAM:1977}
  CREATE_STREAM @0 {NAME:v T:Transactions SCOPE:uvm_test_top.env.vseqr STREAM:1195}
  CREATE_STREAM @0 {NAME:s_rd T:Transactions SCOPE:uvm_test_top.env.rknp_agt.sqr STREAM:1246}
  CREATE_STREAM @245000 {NAME:s_wr T:Transactions SCOPE:uvm_test_top.env.rknp_agt.sqr STREAM:1531}
  CREATE_STREAM @1175000 {NAME:s_wrap T:Transactions SCOPE:uvm_test_top.env.rknp_agt.sqr STREAM:1977}
  CREATE_STREAM @0 {NAME:v T:Transactions SCOPE:uvm_test_top.env.vseqr STREAM:1195}
  CREATE_STREAM @0 {NAME:s_rd T:Transactions SCOPE:uvm_test_top.env.rknp_agt.sqr STREAM:1246}
  CREATE_STREAM @225000 {NAME:s_wr T:Transactions SCOPE:uvm_test_top.env.rknp_agt.sqr STREAM:1511}
  CREATE_STREAM @825000 {NAME:s_wrap T:Transactions SCOPE:uvm_test_top.env.rknp_agt.sqr STREAM:2075}
  CREATE_STREAM @1395000 {NAME:s_err T:Transactions SCOPE:uvm_test_top.env.rknp_agt.sqr STREAM:2519}
  CREATE_STREAM @1695000 {NAME:s_adr T:Transactions SCOPE:uvm_test_top.env.rknp_agt.sqr STREAM:2821}
  CREATE_STREAM @0 {NAME:v T:Transactions SCOPE:uvm_test_top.env.vseqr STREAM:1195}
  CREATE_STREAM @0 {NAME:s_rd T:Transactions SCOPE:uvm_test_top.env.rknp_agt.sqr STREAM:1246}
  CREATE_STREAM @235000 {NAME:s_wr T:Transactions SCOPE:uvm_test_top.env.rknp_agt.sqr STREAM:1527}
  CREATE_STREAM @925000 {NAME:s_wrap T:Transactions SCOPE:uvm_test_top.env.rknp_agt.sqr STREAM:1973}
  CREATE_STREAM @0 {NAME:v T:Transactions SCOPE:uvm_test_top.env.vseqr STREAM:1195}
  CREATE_STREAM @0 {NAME:s_rd T:Transactions SCOPE:uvm_test_top.env.rknp_agt.sqr STREAM:1246}
  CREATE_STREAM @235000 {NAME:s_wr T:Transactions SCOPE:uvm_test_top.env.rknp_agt.sqr STREAM:1527}
  CREATE_STREAM @925000 {NAME:s_wrap T:Transactions SCOPE:uvm_test_top.env.rknp_agt.sqr STREAM:2051}
  CREATE_STREAM @1805000 {NAME:s_err T:Transactions SCOPE:uvm_test_top.env.rknp_agt.sqr STREAM:2497}
  CREATE_STREAM @0 {NAME:v T:Transactions SCOPE:uvm_test_top.env.vseqr STREAM:1195}
  CREATE_STREAM @0 {NAME:s_rd T:Transactions SCOPE:uvm_test_top.env.rknp_agt.sqr STREAM:1246}
  CREATE_STREAM @235000 {NAME:s_wr T:Transactions SCOPE:uvm_test_top.env.rknp_agt.sqr STREAM:1527}
  CREATE_STREAM @925000 {NAME:s_wrap T:Transactions SCOPE:uvm_test_top.env.rknp_agt.sqr STREAM:2051}
  CREATE_STREAM @1805000 {NAME:s_err T:Transactions SCOPE:uvm_test_top.env.rknp_agt.sqr STREAM:2497}
  CREATE_STREAM @0 {NAME:v T:Transactions SCOPE:uvm_test_top.env.vseqr STREAM:1195}
  CREATE_STREAM @0 {NAME:s_rd T:Transactions SCOPE:uvm_test_top.env.rknp_agt.sqr STREAM:1246}
  CREATE_STREAM @225000 {NAME:s_wr T:Transactions SCOPE:uvm_test_top.env.rknp_agt.sqr STREAM:1521}
  CREATE_STREAM @865000 {NAME:s_wrap T:Transactions SCOPE:uvm_test_top.env.rknp_agt.sqr STREAM:1995}
  CREATE_STREAM @7085000 {NAME:s_err T:Transactions SCOPE:uvm_test_top.env.rknp_agt.sqr STREAM:2383}
  CREATE_STREAM @0 {NAME:v T:Transactions SCOPE:uvm_test_top.env.vseqr STREAM:1195}
  CREATE_STREAM @0 {NAME:s_rd T:Transactions SCOPE:uvm_test_top.env.rknp_agt.sqr STREAM:1246}
  CREATE_STREAM @225000 {NAME:s_wr T:Transactions SCOPE:uvm_test_top.env.rknp_agt.sqr STREAM:1521}
  CREATE_STREAM @865000 {NAME:s_wrap T:Transactions SCOPE:uvm_test_top.env.rknp_agt.sqr STREAM:1995}
  CREATE_STREAM @7085000 {NAME:s_err T:Transactions SCOPE:uvm_test_top.env.rknp_agt.sqr STREAM:2383}
  CREATE_STREAM @0 {NAME:v T:Transactions SCOPE:uvm_test_top.env.vseqr STREAM:1195}
  CREATE_STREAM @0 {NAME:s_rd T:Transactions SCOPE:uvm_test_top.env.rknp_agt.sqr STREAM:1246}
  CREATE_STREAM @225000 {NAME:s_wr T:Transactions SCOPE:uvm_test_top.env.rknp_agt.sqr STREAM:1521}
  CREATE_STREAM @865000 {NAME:s_wrap T:Transactions SCOPE:uvm_test_top.env.rknp_agt.sqr STREAM:1995}
  CREATE_STREAM @7085000 {NAME:s_err T:Transactions SCOPE:uvm_test_top.env.rknp_agt.sqr STREAM:2383}
  CREATE_STREAM @0 {NAME:v T:Transactions SCOPE:uvm_test_top.env.vseqr STREAM:1195}
  CREATE_STREAM @0 {NAME:s_rd T:Transactions SCOPE:uvm_test_top.env.rknp_agt.sqr STREAM:1246}
  CREATE_STREAM @225000 {NAME:s_wr T:Transactions SCOPE:uvm_test_top.env.rknp_agt.sqr STREAM:1777}
  CREATE_STREAM @865000 {NAME:s_wrap T:Transactions SCOPE:uvm_test_top.env.rknp_agt.sqr STREAM:3579}
  CREATE_STREAM @7085000 {NAME:s_err T:Transactions SCOPE:uvm_test_top.env.rknp_agt.sqr STREAM:8927}
  CREATE_STREAM @0 {NAME:v T:Transactions SCOPE:uvm_test_top.env.vseqr STREAM:1195}
  CREATE_STREAM @0 {NAME:s_rd T:Transactions SCOPE:uvm_test_top.env.rknp_agt.sqr STREAM:1246}
  CREATE_STREAM @145000 {NAME:s_wr T:Transactions SCOPE:uvm_test_top.env.rknp_agt.sqr STREAM:1699}
  CREATE_STREAM @675000 {NAME:s_wrap T:Transactions SCOPE:uvm_test_top.env.rknp_agt.sqr STREAM:3515}
  CREATE_STREAM @1085000 {NAME:s_err T:Transactions SCOPE:uvm_test_top.env.rknp_agt.sqr STREAM:4915}
  CREATE_STREAM @1395000 {NAME:s_adr T:Transactions SCOPE:uvm_test_top.env.rknp_agt.sqr STREAM:5897}
  CREATE_STREAM @0 {NAME:v T:Transactions SCOPE:uvm_test_top.env.vseqr STREAM:1195}
  CREATE_STREAM @0 {NAME:s_rd T:Transactions SCOPE:uvm_test_top.env.rknp_agt.sqr STREAM:1246}
  CREATE_STREAM @145000 {NAME:s_wr T:Transactions SCOPE:uvm_test_top.env.rknp_agt.sqr STREAM:1491}
  CREATE_STREAM @675000 {NAME:s_wrap T:Transactions SCOPE:uvm_test_top.env.rknp_agt.sqr STREAM:1771}
  CREATE_STREAM @1085000 {NAME:s_err T:Transactions SCOPE:uvm_test_top.env.rknp_agt.sqr STREAM:2035}
  CREATE_STREAM @1395000 {NAME:s_adr T:Transactions SCOPE:uvm_test_top.env.rknp_agt.sqr STREAM:2153}
  CREATE_STREAM @0 {NAME:v T:Transactions SCOPE:uvm_test_top.env.vseqr STREAM:1195}
  CREATE_STREAM @0 {NAME:s_rd T:Transactions SCOPE:uvm_test_top.env.rknp_agt.sqr STREAM:1246}
  CREATE_STREAM @145000 {NAME:s_wr T:Transactions SCOPE:uvm_test_top.env.rknp_agt.sqr STREAM:1491}
  CREATE_STREAM @675000 {NAME:s_wrap T:Transactions SCOPE:uvm_test_top.env.rknp_agt.sqr STREAM:1771}
  CREATE_STREAM @1085000 {NAME:s_err T:Transactions SCOPE:uvm_test_top.env.rknp_agt.sqr STREAM:2035}
  CREATE_STREAM @1395000 {NAME:s_adr T:Transactions SCOPE:uvm_test_top.env.rknp_agt.sqr STREAM:2153}
  CREATE_STREAM @0 {NAME:v T:Transactions SCOPE:uvm_test_top.env.vseqr STREAM:1195}
  CREATE_STREAM @0 {NAME:s_rd T:Transactions SCOPE:uvm_test_top.env.rknp_agt.sqr STREAM:1246}
  CREATE_STREAM @145000 {NAME:s_wr T:Transactions SCOPE:uvm_test_top.env.rknp_agt.sqr STREAM:1491}
  CREATE_STREAM @675000 {NAME:s_wrap T:Transactions SCOPE:uvm_test_top.env.rknp_agt.sqr STREAM:1771}
  CREATE_STREAM @1085000 {NAME:s_err T:Transactions SCOPE:uvm_test_top.env.rknp_agt.sqr STREAM:2035}
  CREATE_STREAM @1395000 {NAME:s_adr T:Transactions SCOPE:uvm_test_top.env.rknp_agt.sqr STREAM:2153}
  CREATE_STREAM @0 {NAME:v T:Transactions SCOPE:uvm_test_top.env.vseqr STREAM:1195}
  CREATE_STREAM @0 {NAME:s_rd T:Transactions SCOPE:uvm_test_top.env.rknp_agt.sqr STREAM:1246}
  CREATE_STREAM @225000 {NAME:s_wr T:Transactions SCOPE:uvm_test_top.env.rknp_agt.sqr STREAM:1521}
  CREATE_STREAM @865000 {NAME:s_wrap T:Transactions SCOPE:uvm_test_top.env.rknp_agt.sqr STREAM:1995}
  CREATE_STREAM @7085000 {NAME:s_err T:Transactions SCOPE:uvm_test_top.env.rknp_agt.sqr STREAM:2383}
  CREATE_STREAM @0 {NAME:v T:Transactions SCOPE:uvm_test_top.env.vseqr STREAM:1195}
  CREATE_STREAM @0 {NAME:s_rd T:Transactions SCOPE:uvm_test_top.env.rknp_agt.sqr STREAM:1246}
  CREATE_STREAM @225000 {NAME:s_wr T:Transactions SCOPE:uvm_test_top.env.rknp_agt.sqr STREAM:1521}
  CREATE_STREAM @865000 {NAME:s_wrap T:Transactions SCOPE:uvm_test_top.env.rknp_agt.sqr STREAM:1995}
  CREATE_STREAM @7085000 {NAME:s_err T:Transactions SCOPE:uvm_test_top.env.rknp_agt.sqr STREAM:2383}
  CREATE_STREAM @0 {NAME:v T:Transactions SCOPE:uvm_test_top.env.vseqr STREAM:1195}
  CREATE_STREAM @0 {NAME:s_rd T:Transactions SCOPE:uvm_test_top.env.rknp_agt.sqr STREAM:1246}
  CREATE_STREAM @225000 {NAME:s_wr T:Transactions SCOPE:uvm_test_top.env.rknp_agt.sqr STREAM:1521}
  CREATE_STREAM @865000 {NAME:s_wrap T:Transactions SCOPE:uvm_test_top.env.rknp_agt.sqr STREAM:1995}
  CREATE_STREAM @7085000 {NAME:s_err T:Transactions SCOPE:uvm_test_top.env.rknp_agt.sqr STREAM:2383}
  CREATE_STREAM @0 {NAME:v T:Transactions SCOPE:uvm_test_top.env.vseqr STREAM:1195}
  CREATE_STREAM @0 {NAME:s_rd T:Transactions SCOPE:uvm_test_top.env.rknp_agt.sqr STREAM:1246}
  CREATE_STREAM @225000 {NAME:s_wr T:Transactions SCOPE:uvm_test_top.env.rknp_agt.sqr STREAM:1541}
  CREATE_STREAM @865000 {NAME:s_wrap T:Transactions SCOPE:uvm_test_top.env.rknp_agt.sqr STREAM:2015}
  CREATE_STREAM @7085000 {NAME:s_err T:Transactions SCOPE:uvm_test_top.env.rknp_agt.sqr STREAM:2403}
  CREATE_STREAM @0 {NAME:v T:Transactions SCOPE:uvm_test_top.env.vseqr STREAM:1195}
  CREATE_STREAM @0 {NAME:s_rd T:Transactions SCOPE:uvm_test_top.env.rknp_agt.sqr STREAM:1246}
  CREATE_STREAM @225000 {NAME:s_wr T:Transactions SCOPE:uvm_test_top.env.rknp_agt.sqr STREAM:1521}
  CREATE_STREAM @865000 {NAME:s_wrap T:Transactions SCOPE:uvm_test_top.env.rknp_agt.sqr STREAM:1995}
  CREATE_STREAM @7085000 {NAME:s_err T:Transactions SCOPE:uvm_test_top.env.rknp_agt.sqr STREAM:2383}
  CREATE_STREAM @0 {NAME:v T:Transactions SCOPE:uvm_test_top.env.vseqr STREAM:1195}
  CREATE_STREAM @0 {NAME:s_rd T:Transactions SCOPE:uvm_test_top.env.rknp_agt.sqr STREAM:1246}
  CREATE_STREAM @225000 {NAME:s_wr T:Transactions SCOPE:uvm_test_top.env.rknp_agt.sqr STREAM:1521}
  CREATE_STREAM @865000 {NAME:s_wrap T:Transactions SCOPE:uvm_test_top.env.rknp_agt.sqr STREAM:3371}
  CREATE_STREAM @7085000 {NAME:s_err T:Transactions SCOPE:uvm_test_top.env.rknp_agt.sqr STREAM:4591}
  CREATE_STREAM @0 {NAME:v T:Transactions SCOPE:uvm_test_top.env.vseqr STREAM:1195}
  CREATE_STREAM @0 {NAME:s_rd T:Transactions SCOPE:uvm_test_top.env.rknp_agt.sqr STREAM:1246}
  CREATE_STREAM @225000 {NAME:s_wr T:Transactions SCOPE:uvm_test_top.env.rknp_agt.sqr STREAM:1521}
  CREATE_STREAM @865000 {NAME:s_wrap T:Transactions SCOPE:uvm_test_top.env.rknp_agt.sqr STREAM:3371}
  CREATE_STREAM @7085000 {NAME:s_err T:Transactions SCOPE:uvm_test_top.env.rknp_agt.sqr STREAM:4591}
  CREATE_STREAM @0 {NAME:v T:Transactions SCOPE:uvm_test_top.env.vseqr STREAM:1195}
  CREATE_STREAM @0 {NAME:s_rd T:Transactions SCOPE:uvm_test_top.env.rknp_agt.sqr STREAM:1246}
  CREATE_STREAM @225000 {NAME:s_wr T:Transactions SCOPE:uvm_test_top.env.rknp_agt.sqr STREAM:1521}
  CREATE_STREAM @865000 {NAME:s_wrap T:Transactions SCOPE:uvm_test_top.env.rknp_agt.sqr STREAM:3371}
  CREATE_STREAM @7085000 {NAME:s_err T:Transactions SCOPE:uvm_test_top.env.rknp_agt.sqr STREAM:4591}
  CREATE_STREAM @0 {NAME:v T:Transactions SCOPE:uvm_test_top.env.vseqr STREAM:1195}
  CREATE_STREAM @0 {NAME:s_rd T:Transactions SCOPE:uvm_test_top.env.rknp_agt.sqr STREAM:1246}
  CREATE_STREAM @225000 {NAME:s_wr T:Transactions SCOPE:uvm_test_top.env.rknp_agt.sqr STREAM:1521}
  CREATE_STREAM @865000 {NAME:s_wrap T:Transactions SCOPE:uvm_test_top.env.rknp_agt.sqr STREAM:3371}
  CREATE_STREAM @7085000 {NAME:s_err T:Transactions SCOPE:uvm_test_top.env.rknp_agt.sqr STREAM:4591}
  CREATE_STREAM @0 {NAME:v T:Transactions SCOPE:uvm_test_top.env.vseqr STREAM:1195}
  CREATE_STREAM @0 {NAME:s_rd T:Transactions SCOPE:uvm_test_top.env.rknp_agt.sqr STREAM:1246}
  CREATE_STREAM @225000 {NAME:s_wr T:Transactions SCOPE:uvm_test_top.env.rknp_agt.sqr STREAM:1521}
  CREATE_STREAM @865000 {NAME:s_wrap T:Transactions SCOPE:uvm_test_top.env.rknp_agt.sqr STREAM:1995}
  CREATE_STREAM @7085000 {NAME:s_err T:Transactions SCOPE:uvm_test_top.env.rknp_agt.sqr STREAM:2383}
  CREATE_STREAM @0 {NAME:v T:Transactions SCOPE:uvm_test_top.env.vseqr STREAM:1195}
  CREATE_STREAM @0 {NAME:s_rd T:Transactions SCOPE:uvm_test_top.env.rknp_agt.sqr STREAM:1246}
  CREATE_STREAM @225000 {NAME:s_wr T:Transactions SCOPE:uvm_test_top.env.rknp_agt.sqr STREAM:1521}
  CREATE_STREAM @865000 {NAME:s_wrap T:Transactions SCOPE:uvm_test_top.env.rknp_agt.sqr STREAM:1995}
  CREATE_STREAM @7085000 {NAME:s_err T:Transactions SCOPE:uvm_test_top.env.rknp_agt.sqr STREAM:2383}
  CREATE_STREAM @0 {NAME:v T:Transactions SCOPE:uvm_test_top.env.vseqr STREAM:1195}
  CREATE_STREAM @0 {NAME:s_rd T:Transactions SCOPE:uvm_test_top.env.rknp_agt.sqr STREAM:1246}
  CREATE_STREAM @225000 {NAME:s_wr T:Transactions SCOPE:uvm_test_top.env.rknp_agt.sqr STREAM:1521}
  CREATE_STREAM @865000 {NAME:s_wrap T:Transactions SCOPE:uvm_test_top.env.rknp_agt.sqr STREAM:1995}
  CREATE_STREAM @7085000 {NAME:s_err T:Transactions SCOPE:uvm_test_top.env.rknp_agt.sqr STREAM:2383}
  CREATE_STREAM @0 {NAME:v T:Transactions SCOPE:uvm_test_top.env.vseqr STREAM:1195}
  CREATE_STREAM @0 {NAME:s_rd T:Transactions SCOPE:uvm_test_top.env.rknp_agt.sqr STREAM:1246}
  CREATE_STREAM @225000 {NAME:s_wr T:Transactions SCOPE:uvm_test_top.env.rknp_agt.sqr STREAM:1521}
  CREATE_STREAM @865000 {NAME:s_wrap T:Transactions SCOPE:uvm_test_top.env.rknp_agt.sqr STREAM:1995}
  CREATE_STREAM @7085000 {NAME:s_err T:Transactions SCOPE:uvm_test_top.env.rknp_agt.sqr STREAM:2383}
  CREATE_STREAM @0 {NAME:v T:Transactions SCOPE:uvm_test_top.env.vseqr STREAM:1195}
  CREATE_STREAM @0 {NAME:s_rd T:Transactions SCOPE:uvm_test_top.env.rknp_agt.sqr STREAM:1246}
  CREATE_STREAM @225000 {NAME:s_wr T:Transactions SCOPE:uvm_test_top.env.rknp_agt.sqr STREAM:1521}
  CREATE_STREAM @865000 {NAME:s_wrap T:Transactions SCOPE:uvm_test_top.env.rknp_agt.sqr STREAM:1995}
  CREATE_STREAM @7085000 {NAME:s_err T:Transactions SCOPE:uvm_test_top.env.rknp_agt.sqr STREAM:2383}
  CREATE_STREAM @0 {NAME:v T:Transactions SCOPE:uvm_test_top.env.vseqr STREAM:1195}
  CREATE_STREAM @0 {NAME:s_rd T:Transactions SCOPE:uvm_test_top.env.rknp_agt.sqr STREAM:1246}
  CREATE_STREAM @225000 {NAME:s_wr T:Transactions SCOPE:uvm_test_top.env.rknp_agt.sqr STREAM:1521}
  CREATE_STREAM @865000 {NAME:s_wrap T:Transactions SCOPE:uvm_test_top.env.rknp_agt.sqr STREAM:1995}
  CREATE_STREAM @7085000 {NAME:s_err T:Transactions SCOPE:uvm_test_top.env.rknp_agt.sqr STREAM:2383}
  CREATE_STREAM @0 {NAME:v T:Transactions SCOPE:uvm_test_top.env.vseqr STREAM:1195}
  CREATE_STREAM @0 {NAME:s_rd T:Transactions SCOPE:uvm_test_top.env.rknp_agt.sqr STREAM:1246}
  CREATE_STREAM @225000 {NAME:s_wr T:Transactions SCOPE:uvm_test_top.env.rknp_agt.sqr STREAM:1521}
  CREATE_STREAM @865000 {NAME:s_wrap T:Transactions SCOPE:uvm_test_top.env.rknp_agt.sqr STREAM:1995}
  CREATE_STREAM @7085000 {NAME:s_err T:Transactions SCOPE:uvm_test_top.env.rknp_agt.sqr STREAM:2383}
  CREATE_STREAM @0 {NAME:v T:Transactions SCOPE:uvm_test_top.env.vseqr STREAM:1195}
  CREATE_STREAM @0 {NAME:s_rd T:Transactions SCOPE:uvm_test_top.env.rknp_agt.sqr STREAM:1246}
  CREATE_STREAM @225000 {NAME:s_wr T:Transactions SCOPE:uvm_test_top.env.rknp_agt.sqr STREAM:1521}
  CREATE_STREAM @865000 {NAME:s_wrap T:Transactions SCOPE:uvm_test_top.env.rknp_agt.sqr STREAM:1975}
  CREATE_STREAM @7085000 {NAME:s_err T:Transactions SCOPE:uvm_test_top.env.rknp_agt.sqr STREAM:2341}
  CREATE_STREAM @0 {NAME:v T:Transactions SCOPE:uvm_test_top.env.vseqr STREAM:1195}
  CREATE_STREAM @0 {NAME:s_rd T:Transactions SCOPE:uvm_test_top.env.rknp_agt.sqr STREAM:1246}
  CREATE_STREAM @225000 {NAME:s_wr T:Transactions SCOPE:uvm_test_top.env.rknp_agt.sqr STREAM:1505}
  CREATE_STREAM @865000 {NAME:s_wrap T:Transactions SCOPE:uvm_test_top.env.rknp_agt.sqr STREAM:2005}
  CREATE_STREAM @7085000 {NAME:s_err T:Transactions SCOPE:uvm_test_top.env.rknp_agt.sqr STREAM:2437}
  CREATE_STREAM @0 {NAME:v T:Transactions SCOPE:uvm_test_top.env.vseqr STREAM:1195}
  CREATE_STREAM @0 {NAME:s_rd T:Transactions SCOPE:uvm_test_top.env.rknp_agt.sqr STREAM:1246}
  CREATE_STREAM @225000 {NAME:s_wr T:Transactions SCOPE:uvm_test_top.env.rknp_agt.sqr STREAM:1505}
  CREATE_STREAM @865000 {NAME:s_wrap T:Transactions SCOPE:uvm_test_top.env.rknp_agt.sqr STREAM:2005}
  CREATE_STREAM @7085000 {NAME:s_err T:Transactions SCOPE:uvm_test_top.env.rknp_agt.sqr STREAM:2439}
  CREATE_STREAM @0 {NAME:v T:Transactions SCOPE:uvm_test_top.env.vseqr STREAM:1195}
  CREATE_STREAM @0 {NAME:s_rd T:Transactions SCOPE:uvm_test_top.env.rknp_agt.sqr STREAM:1246}
  CREATE_STREAM @225000 {NAME:s_wr T:Transactions SCOPE:uvm_test_top.env.rknp_agt.sqr STREAM:1505}
  CREATE_STREAM @865000 {NAME:s_wrap T:Transactions SCOPE:uvm_test_top.env.rknp_agt.sqr STREAM:2029}
  CREATE_STREAM @7085000 {NAME:s_err T:Transactions SCOPE:uvm_test_top.env.rknp_agt.sqr STREAM:2463}
  CREATE_STREAM @0 {NAME:v T:Transactions SCOPE:uvm_test_top.env.vseqr STREAM:1195}
  CREATE_STREAM @0 {NAME:s_rd T:Transactions SCOPE:uvm_test_top.env.rknp_agt.sqr STREAM:1246}
  CREATE_STREAM @225000 {NAME:s_wr T:Transactions SCOPE:uvm_test_top.env.rknp_agt.sqr STREAM:1505}
  CREATE_STREAM @865000 {NAME:s_wrap T:Transactions SCOPE:uvm_test_top.env.rknp_agt.sqr STREAM:2029}
  CREATE_STREAM @7085000 {NAME:s_err T:Transactions SCOPE:uvm_test_top.env.rknp_agt.sqr STREAM:2463}
  CREATE_STREAM @0 {NAME:v T:Transactions SCOPE:uvm_test_top.env.vseqr STREAM:1195}
  CREATE_STREAM @0 {NAME:s_rd T:Transactions SCOPE:uvm_test_top.env.rknp_agt.sqr STREAM:1246}
  CREATE_STREAM @225000 {NAME:s_wr T:Transactions SCOPE:uvm_test_top.env.rknp_agt.sqr STREAM:1505}
  CREATE_STREAM @865000 {NAME:s_wrap T:Transactions SCOPE:uvm_test_top.env.rknp_agt.sqr STREAM:2029}
  CREATE_STREAM @7085000 {NAME:s_err T:Transactions SCOPE:uvm_test_top.env.rknp_agt.sqr STREAM:2463}
  CREATE_STREAM @0 {NAME:v T:Transactions SCOPE:uvm_test_top.env.vseqr STREAM:1195}
  CREATE_STREAM @0 {NAME:s_rd T:Transactions SCOPE:uvm_test_top.env.rknp_agt.sqr STREAM:1246}
  CREATE_STREAM @225000 {NAME:s_wr T:Transactions SCOPE:uvm_test_top.env.rknp_agt.sqr STREAM:1505}
  CREATE_STREAM @865000 {NAME:s_wrap T:Transactions SCOPE:uvm_test_top.env.rknp_agt.sqr STREAM:2029}
  CREATE_STREAM @7085000 {NAME:s_err T:Transactions SCOPE:uvm_test_top.env.rknp_agt.sqr STREAM:2463}
  CREATE_STREAM @0 {NAME:v T:Transactions SCOPE:uvm_test_top.env.vseqr STREAM:1195}
  CREATE_STREAM @0 {NAME:s_rd T:Transactions SCOPE:uvm_test_top.env.rknp_agt.sqr STREAM:1246}
  CREATE_STREAM @225000 {NAME:s_wr T:Transactions SCOPE:uvm_test_top.env.rknp_agt.sqr STREAM:1505}
  CREATE_STREAM @865000 {NAME:s_wrap T:Transactions SCOPE:uvm_test_top.env.rknp_agt.sqr STREAM:2029}
  CREATE_STREAM @7085000 {NAME:s_err T:Transactions SCOPE:uvm_test_top.env.rknp_agt.sqr STREAM:2463}
  CREATE_STREAM @0 {NAME:v T:Transactions SCOPE:uvm_test_top.env.vseqr STREAM:1195}
  CREATE_STREAM @0 {NAME:s_rd T:Transactions SCOPE:uvm_test_top.env.rknp_agt.sqr STREAM:1246}
  CREATE_STREAM @225000 {NAME:s_wr T:Transactions SCOPE:uvm_test_top.env.rknp_agt.sqr STREAM:1505}
  CREATE_STREAM @1015000 {NAME:s_wrap T:Transactions SCOPE:uvm_test_top.env.rknp_agt.sqr STREAM:2053}
  CREATE_STREAM @0 {NAME:v T:Transactions SCOPE:uvm_test_top.env.vseqr STREAM:1195}
  CREATE_STREAM @0 {NAME:s_rd T:Transactions SCOPE:uvm_test_top.env.rknp_agt.sqr STREAM:1246}
  CREATE_STREAM @225000 {NAME:s_wr T:Transactions SCOPE:uvm_test_top.env.rknp_agt.sqr STREAM:1505}
  CREATE_STREAM @1015000 {NAME:s_wrap T:Transactions SCOPE:uvm_test_top.env.rknp_agt.sqr STREAM:2053}
  CREATE_STREAM @0 {NAME:v T:Transactions SCOPE:uvm_test_top.env.vseqr STREAM:1195}
  CREATE_STREAM @0 {NAME:s_rd T:Transactions SCOPE:uvm_test_top.env.rknp_agt.sqr STREAM:1246}
  CREATE_STREAM @225000 {NAME:s_wr T:Transactions SCOPE:uvm_test_top.env.rknp_agt.sqr STREAM:1505}
  CREATE_STREAM @1015000 {NAME:s_wrap T:Transactions SCOPE:uvm_test_top.env.rknp_agt.sqr STREAM:2053}
  CREATE_STREAM @0 {NAME:v T:Transactions SCOPE:uvm_test_top.env.vseqr STREAM:1195}
  CREATE_STREAM @0 {NAME:s_rd T:Transactions SCOPE:uvm_test_top.env.rknp_agt.sqr STREAM:1246}
  CREATE_STREAM @225000 {NAME:s_wr T:Transactions SCOPE:uvm_test_top.env.rknp_agt.sqr STREAM:1505}
  CREATE_STREAM @1015000 {NAME:s_wrap T:Transactions SCOPE:uvm_test_top.env.rknp_agt.sqr STREAM:2053}
  CREATE_STREAM @0 {NAME:v T:Transactions SCOPE:uvm_test_top.env.vseqr STREAM:1195}
  CREATE_STREAM @0 {NAME:s_rd T:Transactions SCOPE:uvm_test_top.env.rknp_agt.sqr STREAM:1246}
  CREATE_STREAM @225000 {NAME:s_wr T:Transactions SCOPE:uvm_test_top.env.rknp_agt.sqr STREAM:1505}
  CREATE_STREAM @1015000 {NAME:s_wrap T:Transactions SCOPE:uvm_test_top.env.rknp_agt.sqr STREAM:2053}
  CREATE_STREAM @0 {NAME:v T:Transactions SCOPE:uvm_test_top.env.vseqr STREAM:1195}
  CREATE_STREAM @0 {NAME:s_rd T:Transactions SCOPE:uvm_test_top.env.rknp_agt.sqr STREAM:1246}
  CREATE_STREAM @235000 {NAME:s_wr T:Transactions SCOPE:uvm_test_top.env.rknp_agt.sqr STREAM:1515}
  CREATE_STREAM @1165000 {NAME:s_wrap T:Transactions SCOPE:uvm_test_top.env.rknp_agt.sqr STREAM:2039}
  CREATE_STREAM @0 {NAME:v T:Transactions SCOPE:uvm_test_top.env.vseqr STREAM:1195}
  CREATE_STREAM @0 {NAME:s_rd T:Transactions SCOPE:uvm_test_top.env.rknp_agt.sqr STREAM:1246}
  CREATE_STREAM @235000 {NAME:s_wr T:Transactions SCOPE:uvm_test_top.env.rknp_agt.sqr STREAM:1515}
  CREATE_STREAM @1105000 {NAME:s_wrap T:Transactions SCOPE:uvm_test_top.env.rknp_agt.sqr STREAM:2043}
  CREATE_STREAM @0 {NAME:v T:Transactions SCOPE:uvm_test_top.env.vseqr STREAM:1195}
  CREATE_STREAM @0 {NAME:s_rd T:Transactions SCOPE:uvm_test_top.env.rknp_agt.sqr STREAM:1246}
  CREATE_STREAM @235000 {NAME:s_wr T:Transactions SCOPE:uvm_test_top.env.rknp_agt.sqr STREAM:1515}
  CREATE_STREAM @705000 {NAME:s_wrap T:Transactions SCOPE:uvm_test_top.env.rknp_agt.sqr STREAM:1937}
  CREATE_STREAM @6405000 {NAME:s_err T:Transactions SCOPE:uvm_test_top.env.rknp_agt.sqr STREAM:2355}
  CREATE_STREAM @0 {NAME:v T:Transactions SCOPE:uvm_test_top.env.vseqr STREAM:1195}
  CREATE_STREAM @0 {NAME:s_rd T:Transactions SCOPE:uvm_test_top.env.rknp_agt.sqr STREAM:1246}
  CREATE_STREAM @235000 {NAME:s_wr T:Transactions SCOPE:uvm_test_top.env.rknp_agt.sqr STREAM:1515}
  CREATE_STREAM @705000 {NAME:s_wrap T:Transactions SCOPE:uvm_test_top.env.rknp_agt.sqr STREAM:1937}
  CREATE_STREAM @6405000 {NAME:s_err T:Transactions SCOPE:uvm_test_top.env.rknp_agt.sqr STREAM:2355}
  CREATE_STREAM @0 {NAME:v T:Transactions SCOPE:uvm_test_top.env.vseqr STREAM:1204}
  CREATE_STREAM @0 {NAME:s_rd T:Transactions SCOPE:uvm_test_top.env.rknp_agt.sqr STREAM:1255}
  CREATE_STREAM @0 {NAME:v T:Transactions SCOPE:uvm_test_top.env.vseqr STREAM:1204}
  CREATE_STREAM @0 {NAME:s_rd T:Transactions SCOPE:uvm_test_top.env.rknp_agt.sqr STREAM:1255}
  CREATE_STREAM @0 {NAME:v T:Transactions SCOPE:uvm_test_top.env.vseqr STREAM:1204}
  CREATE_STREAM @0 {NAME:s_rd T:Transactions SCOPE:uvm_test_top.env.rknp_agt.sqr STREAM:1255}
  CREATE_STREAM @235000 {NAME:s_wr T:Transactions SCOPE:uvm_test_top.env.rknp_agt.sqr STREAM:1534}
  CREATE_STREAM @705000 {NAME:s_wrap T:Transactions SCOPE:uvm_test_top.env.rknp_agt.sqr STREAM:1976}
  CREATE_STREAM @6405000 {NAME:s_err T:Transactions SCOPE:uvm_test_top.env.rknp_agt.sqr STREAM:2408}
  CREATE_STREAM @0 {NAME:v T:Transactions SCOPE:uvm_test_top.env.vseqr STREAM:1204}
  CREATE_STREAM @0 {NAME:s_rd T:Transactions SCOPE:uvm_test_top.env.rknp_agt.sqr STREAM:1255}
  CREATE_STREAM @235000 {NAME:s_wr T:Transactions SCOPE:uvm_test_top.env.rknp_agt.sqr STREAM:1524}
  CREATE_STREAM @705000 {NAME:s_wrap T:Transactions SCOPE:uvm_test_top.env.rknp_agt.sqr STREAM:1956}
  CREATE_STREAM @6405000 {NAME:s_err T:Transactions SCOPE:uvm_test_top.env.rknp_agt.sqr STREAM:2378}
  CREATE_STREAM @0 {NAME:v T:Transactions SCOPE:uvm_test_top.env.vseqr STREAM:1204}
  CREATE_STREAM @0 {NAME:s_rd T:Transactions SCOPE:uvm_test_top.env.rknp_agt.sqr STREAM:1219}
  CREATE_STREAM @235000 {NAME:s_wr T:Transactions SCOPE:uvm_test_top.env.rknp_agt.sqr STREAM:1488}
  CREATE_STREAM @0 {NAME:v T:Transactions SCOPE:uvm_test_top.env.vseqr STREAM:1204}
  CREATE_STREAM @0 {NAME:s_rd T:Transactions SCOPE:uvm_test_top.env.rknp_agt.sqr STREAM:1219}
  CREATE_STREAM @235000 {NAME:s_wr T:Transactions SCOPE:uvm_test_top.env.rknp_agt.sqr STREAM:1488}
  CREATE_STREAM @0 {NAME:v T:Transactions SCOPE:uvm_test_top.env.vseqr STREAM:1204}
  CREATE_STREAM @0 {NAME:s_rd T:Transactions SCOPE:uvm_test_top.env.rknp_agt.sqr STREAM:1219}
  CREATE_STREAM @235000 {NAME:s_wr T:Transactions SCOPE:uvm_test_top.env.rknp_agt.sqr STREAM:1488}
  CREATE_STREAM @0 {NAME:v T:Transactions SCOPE:uvm_test_top.env.vseqr STREAM:1204}
  CREATE_STREAM @0 {NAME:s_rd T:Transactions SCOPE:uvm_test_top.env.rknp_agt.sqr STREAM:1219}
  CREATE_STREAM @235000 {NAME:s_wr T:Transactions SCOPE:uvm_test_top.env.rknp_agt.sqr STREAM:1504}
  CREATE_STREAM @0 {NAME:v T:Transactions SCOPE:uvm_test_top.env.vseqr STREAM:1204}
  CREATE_STREAM @0 {NAME:s_rd T:Transactions SCOPE:uvm_test_top.env.rknp_agt.sqr STREAM:1219}
  CREATE_STREAM @235000 {NAME:s_wr T:Transactions SCOPE:uvm_test_top.env.rknp_agt.sqr STREAM:1504}
  CREATE_STREAM @0 {NAME:v T:Transactions SCOPE:uvm_test_top.env.vseqr STREAM:1204}
  CREATE_STREAM @0 {NAME:s_rd T:Transactions SCOPE:uvm_test_top.env.rknp_agt.sqr STREAM:1219}
  CREATE_STREAM @235000 {NAME:s_wr T:Transactions SCOPE:uvm_test_top.env.rknp_agt.sqr STREAM:1504}
  CREATE_STREAM @0 {NAME:v T:Transactions SCOPE:uvm_test_top.env.vseqr STREAM:1204}
  CREATE_STREAM @0 {NAME:s_rd T:Transactions SCOPE:uvm_test_top.env.rknp_agt.sqr STREAM:1219}
  CREATE_STREAM @235000 {NAME:s_wr T:Transactions SCOPE:uvm_test_top.env.rknp_agt.sqr STREAM:1564}
  CREATE_STREAM @0 {NAME:v T:Transactions SCOPE:uvm_test_top.env.vseqr STREAM:1204}
  CREATE_STREAM @0 {NAME:s_rd T:Transactions SCOPE:uvm_test_top.env.rknp_agt.sqr STREAM:1219}
  CREATE_STREAM @235000 {NAME:s_wr T:Transactions SCOPE:uvm_test_top.env.rknp_agt.sqr STREAM:1564}
  CREATE_STREAM @0 {NAME:v T:Transactions SCOPE:uvm_test_top.env.vseqr STREAM:1204}
  CREATE_STREAM @0 {NAME:s_rd T:Transactions SCOPE:uvm_test_top.env.rknp_agt.sqr STREAM:1219}
  CREATE_STREAM @235000 {NAME:s_wr T:Transactions SCOPE:uvm_test_top.env.rknp_agt.sqr STREAM:1504}
  CREATE_STREAM @0 {NAME:v T:Transactions SCOPE:uvm_test_top.env.vseqr STREAM:1204}
  CREATE_STREAM @0 {NAME:s_rd T:Transactions SCOPE:uvm_test_top.env.rknp_agt.sqr STREAM:1219}
  CREATE_STREAM @235000 {NAME:s_wr T:Transactions SCOPE:uvm_test_top.env.rknp_agt.sqr STREAM:1488}
  CREATE_STREAM @0 {NAME:v T:Transactions SCOPE:uvm_test_top.env.vseqr STREAM:1204}
  CREATE_STREAM @0 {NAME:s_rd T:Transactions SCOPE:uvm_test_top.env.rknp_agt.sqr STREAM:1219}
  CREATE_STREAM @235000 {NAME:s_wr T:Transactions SCOPE:uvm_test_top.env.rknp_agt.sqr STREAM:1486}
  CREATE_STREAM @0 {NAME:v T:Transactions SCOPE:uvm_test_top.env.vseqr STREAM:1204}
  CREATE_STREAM @0 {NAME:s_rd T:Transactions SCOPE:uvm_test_top.env.rknp_agt.sqr STREAM:1219}
  CREATE_STREAM @235000 {NAME:s_wr T:Transactions SCOPE:uvm_test_top.env.rknp_agt.sqr STREAM:1486}
  CREATE_STREAM @0 {NAME:v T:Transactions SCOPE:uvm_test_top.env.vseqr STREAM:1204}
  CREATE_STREAM @0 {NAME:s_rd T:Transactions SCOPE:uvm_test_top.env.rknp_agt.sqr STREAM:1219}
  CREATE_STREAM @235000 {NAME:s_wr T:Transactions SCOPE:uvm_test_top.env.rknp_agt.sqr STREAM:1486}
  CREATE_STREAM @0 {NAME:v T:Transactions SCOPE:uvm_test_top.env.vseqr STREAM:1204}
  CREATE_STREAM @0 {NAME:s_rd T:Transactions SCOPE:uvm_test_top.env.rknp_agt.sqr STREAM:1219}
  CREATE_STREAM @235000 {NAME:s_wr T:Transactions SCOPE:uvm_test_top.env.rknp_agt.sqr STREAM:1486}
  CREATE_STREAM @0 {NAME:v T:Transactions SCOPE:uvm_test_top.env.vseqr STREAM:1204}
  CREATE_STREAM @0 {NAME:s_rd T:Transactions SCOPE:uvm_test_top.env.rknp_agt.sqr STREAM:1219}
  CREATE_STREAM @235000 {NAME:s_wr T:Transactions SCOPE:uvm_test_top.env.rknp_agt.sqr STREAM:1486}
  CREATE_STREAM @0 {NAME:v T:Transactions SCOPE:uvm_test_top.env.vseqr STREAM:1204}
  CREATE_STREAM @0 {NAME:s_rd T:Transactions SCOPE:uvm_test_top.env.rknp_agt.sqr STREAM:1219}
  CREATE_STREAM @235000 {NAME:s_wr T:Transactions SCOPE:uvm_test_top.env.rknp_agt.sqr STREAM:1486}
  CREATE_STREAM @0 {NAME:v T:Transactions SCOPE:uvm_test_top.env.vseqr STREAM:1204}
  CREATE_STREAM @0 {NAME:s_rd T:Transactions SCOPE:uvm_test_top.env.rknp_agt.sqr STREAM:1219}
  CREATE_STREAM @235000 {NAME:s_wr T:Transactions SCOPE:uvm_test_top.env.rknp_agt.sqr STREAM:1486}
  CREATE_STREAM @0 {NAME:v T:Transactions SCOPE:uvm_test_top.env.vseqr STREAM:1204}
  CREATE_STREAM @0 {NAME:s_rd T:Transactions SCOPE:uvm_test_top.env.rknp_agt.sqr STREAM:1219}
  CREATE_STREAM @235000 {NAME:s_wr T:Transactions SCOPE:uvm_test_top.env.rknp_agt.sqr STREAM:1486}
  CREATE_STREAM @0 {NAME:v T:Transactions SCOPE:uvm_test_top.env.vseqr STREAM:1204}
  CREATE_STREAM @0 {NAME:s_rd T:Transactions SCOPE:uvm_test_top.env.rknp_agt.sqr STREAM:1219}
  CREATE_STREAM @235000 {NAME:s_wr T:Transactions SCOPE:uvm_test_top.env.rknp_agt.sqr STREAM:1486}
  CREATE_STREAM @0 {NAME:v T:Transactions SCOPE:uvm_test_top.env.vseqr STREAM:1204}
  CREATE_STREAM @0 {NAME:s_rd T:Transactions SCOPE:uvm_test_top.env.rknp_agt.sqr STREAM:1219}
  CREATE_STREAM @235000 {NAME:s_wr T:Transactions SCOPE:uvm_test_top.env.rknp_agt.sqr STREAM:1486}
  CREATE_STREAM @0 {NAME:v T:Transactions SCOPE:uvm_test_top.env.vseqr STREAM:1204}
  CREATE_STREAM @0 {NAME:s_rd T:Transactions SCOPE:uvm_test_top.env.rknp_agt.sqr STREAM:1219}
  CREATE_STREAM @235000 {NAME:s_wr T:Transactions SCOPE:uvm_test_top.env.rknp_agt.sqr STREAM:1486}
  CREATE_STREAM @0 {NAME:v T:Transactions SCOPE:uvm_test_top.env.vseqr STREAM:1204}
  CREATE_STREAM @0 {NAME:s_rd T:Transactions SCOPE:uvm_test_top.env.rknp_agt.sqr STREAM:1219}
  CREATE_STREAM @235000 {NAME:s_wr T:Transactions SCOPE:uvm_test_top.env.rknp_agt.sqr STREAM:1486}
  CREATE_STREAM @0 {NAME:v T:Transactions SCOPE:uvm_test_top.env.vseqr STREAM:1204}
  CREATE_STREAM @0 {NAME:s_rd T:Transactions SCOPE:uvm_test_top.env.rknp_agt.sqr STREAM:1219}
  CREATE_STREAM @235000 {NAME:s_wr T:Transactions SCOPE:uvm_test_top.env.rknp_agt.sqr STREAM:1486}
  CREATE_STREAM @0 {NAME:v T:Transactions SCOPE:uvm_test_top.env.vseqr STREAM:1204}
  CREATE_STREAM @0 {NAME:s_rd T:Transactions SCOPE:uvm_test_top.env.rknp_agt.sqr STREAM:1219}
  CREATE_STREAM @255000 {NAME:s_wr T:Transactions SCOPE:uvm_test_top.env.rknp_agt.sqr STREAM:1508}
  CREATE_STREAM @0 {NAME:v T:Transactions SCOPE:uvm_test_top.env.vseqr STREAM:1204}
  CREATE_STREAM @0 {NAME:s_rd T:Transactions SCOPE:uvm_test_top.env.rknp_agt.sqr STREAM:1219}
  CREATE_STREAM @255000 {NAME:s_wr T:Transactions SCOPE:uvm_test_top.env.rknp_agt.sqr STREAM:1510}
  CREATE_STREAM @0 {NAME:v T:Transactions SCOPE:uvm_test_top.env.vseqr STREAM:1204}
  CREATE_STREAM @0 {NAME:s_rd T:Transactions SCOPE:uvm_test_top.env.rknp_agt.sqr STREAM:1219}
  CREATE_STREAM @255000 {NAME:s_wr T:Transactions SCOPE:uvm_test_top.env.rknp_agt.sqr STREAM:1510}
  CREATE_STREAM @0 {NAME:v T:Transactions SCOPE:uvm_test_top.env.vseqr STREAM:1204}
  CREATE_STREAM @0 {NAME:s_rd T:Transactions SCOPE:uvm_test_top.env.rknp_agt.sqr STREAM:1219}
  CREATE_STREAM @235000 {NAME:s_wr T:Transactions SCOPE:uvm_test_top.env.rknp_agt.sqr STREAM:1486}
  CREATE_STREAM @0 {NAME:v T:Transactions SCOPE:uvm_test_top.env.vseqr STREAM:1204}
  CREATE_STREAM @0 {NAME:s_rd T:Transactions SCOPE:uvm_test_top.env.rknp_agt.sqr STREAM:1219}
  CREATE_STREAM @235000 {NAME:s_wr T:Transactions SCOPE:uvm_test_top.env.rknp_agt.sqr STREAM:1486}
  CREATE_STREAM @0 {NAME:v T:Transactions SCOPE:uvm_test_top.env.vseqr STREAM:1204}
  CREATE_STREAM @0 {NAME:s_rd T:Transactions SCOPE:uvm_test_top.env.rknp_agt.sqr STREAM:1219}
  CREATE_STREAM @235000 {NAME:s_wr T:Transactions SCOPE:uvm_test_top.env.rknp_agt.sqr STREAM:1486}
  CREATE_STREAM @0 {NAME:v T:Transactions SCOPE:uvm_test_top.env.vseqr STREAM:1204}
  CREATE_STREAM @0 {NAME:s_rd T:Transactions SCOPE:uvm_test_top.env.rknp_agt.sqr STREAM:1219}
  CREATE_STREAM @235000 {NAME:s_wr T:Transactions SCOPE:uvm_test_top.env.rknp_agt.sqr STREAM:1486}
  CREATE_STREAM @0 {NAME:v T:Transactions SCOPE:uvm_test_top.env.vseqr STREAM:1204}
  CREATE_STREAM @0 {NAME:s_rd T:Transactions SCOPE:uvm_test_top.env.rknp_agt.sqr STREAM:1219}
  CREATE_STREAM @235000 {NAME:s_wr T:Transactions SCOPE:uvm_test_top.env.rknp_agt.sqr STREAM:1486}
  CREATE_STREAM @0 {NAME:v T:Transactions SCOPE:uvm_test_top.env.vseqr STREAM:1204}
  CREATE_STREAM @0 {NAME:s_rd T:Transactions SCOPE:uvm_test_top.env.rknp_agt.sqr STREAM:1219}
  CREATE_STREAM @235000 {NAME:s_wr T:Transactions SCOPE:uvm_test_top.env.rknp_agt.sqr STREAM:1486}
  CREATE_STREAM @0 {NAME:v T:Transactions SCOPE:uvm_test_top.env.vseqr STREAM:1204}
  CREATE_STREAM @0 {NAME:s_rd T:Transactions SCOPE:uvm_test_top.env.rknp_agt.sqr STREAM:1219}
  CREATE_STREAM @235000 {NAME:s_wr T:Transactions SCOPE:uvm_test_top.env.rknp_agt.sqr STREAM:1486}
  CREATE_STREAM @0 {NAME:v T:Transactions SCOPE:uvm_test_top.env.vseqr STREAM:1204}
  CREATE_STREAM @0 {NAME:s_rd T:Transactions SCOPE:uvm_test_top.env.rknp_agt.sqr STREAM:1219}
  CREATE_STREAM @235000 {NAME:s_wr T:Transactions SCOPE:uvm_test_top.env.rknp_agt.sqr STREAM:1486}
  CREATE_STREAM @0 {NAME:v T:Transactions SCOPE:uvm_test_top.env.vseqr STREAM:1204}
  CREATE_STREAM @0 {NAME:s_rd T:Transactions SCOPE:uvm_test_top.env.rknp_agt.sqr STREAM:1219}
  CREATE_STREAM @235000 {NAME:s_wr T:Transactions SCOPE:uvm_test_top.env.rknp_agt.sqr STREAM:1486}
  CREATE_STREAM @0 {NAME:v T:Transactions SCOPE:uvm_test_top.env.vseqr STREAM:1204}
  CREATE_STREAM @0 {NAME:s_rd T:Transactions SCOPE:uvm_test_top.env.rknp_agt.sqr STREAM:1219}
  CREATE_STREAM @235000 {NAME:s_wr T:Transactions SCOPE:uvm_test_top.env.rknp_agt.sqr STREAM:1486}
  CREATE_STREAM @0 {NAME:v T:Transactions SCOPE:uvm_test_top.env.vseqr STREAM:1204}
  CREATE_STREAM @0 {NAME:s_rd T:Transactions SCOPE:uvm_test_top.env.rknp_agt.sqr STREAM:1219}
  CREATE_STREAM @235000 {NAME:s_wr T:Transactions SCOPE:uvm_test_top.env.rknp_agt.sqr STREAM:1486}
  CREATE_STREAM @0 {NAME:v T:Transactions SCOPE:uvm_test_top.env.vseqr STREAM:1204}
  CREATE_STREAM @0 {NAME:s_rd T:Transactions SCOPE:uvm_test_top.env.rknp_agt.sqr STREAM:1219}
  CREATE_STREAM @235000 {NAME:s_wr T:Transactions SCOPE:uvm_test_top.env.rknp_agt.sqr STREAM:1486}
  CREATE_STREAM @0 {NAME:v T:Transactions SCOPE:uvm_test_top.env.vseqr STREAM:1204}
  CREATE_STREAM @0 {NAME:s_rd T:Transactions SCOPE:uvm_test_top.env.rknp_agt.sqr STREAM:1219}
  CREATE_STREAM @235000 {NAME:s_wr T:Transactions SCOPE:uvm_test_top.env.rknp_agt.sqr STREAM:1486}
  CREATE_STREAM @0 {NAME:v T:Transactions SCOPE:uvm_test_top.env.vseqr STREAM:1204}
  CREATE_STREAM @0 {NAME:s_rd T:Transactions SCOPE:uvm_test_top.env.rknp_agt.sqr STREAM:1225}
  CREATE_STREAM @235000 {NAME:s_wr T:Transactions SCOPE:uvm_test_top.env.rknp_agt.sqr STREAM:1492}
  CREATE_STREAM @775000 {NAME:s_wrap T:Transactions SCOPE:uvm_test_top.env.rknp_agt.sqr STREAM:1864}
  CREATE_STREAM @0 {NAME:v T:Transactions SCOPE:uvm_test_top.env.vseqr STREAM:1204}
  CREATE_STREAM @0 {NAME:s_rd T:Transactions SCOPE:uvm_test_top.env.rknp_agt.sqr STREAM:1225}
  CREATE_STREAM @235000 {NAME:s_wr T:Transactions SCOPE:uvm_test_top.env.rknp_agt.sqr STREAM:1492}
  CREATE_STREAM @775000 {NAME:s_wrap T:Transactions SCOPE:uvm_test_top.env.rknp_agt.sqr STREAM:1864}
  CREATE_STREAM @0 {NAME:v T:Transactions SCOPE:uvm_test_top.env.vseqr STREAM:1204}
  CREATE_STREAM @0 {NAME:s_rd T:Transactions SCOPE:uvm_test_top.env.rknp_agt.sqr STREAM:1225}
  CREATE_STREAM @235000 {NAME:s_wr T:Transactions SCOPE:uvm_test_top.env.rknp_agt.sqr STREAM:1492}
  CREATE_STREAM @775000 {NAME:s_wrap T:Transactions SCOPE:uvm_test_top.env.rknp_agt.sqr STREAM:1864}
  CREATE_STREAM @0 {NAME:v T:Transactions SCOPE:uvm_test_top.env.vseqr STREAM:1204}
  CREATE_STREAM @0 {NAME:s_rd T:Transactions SCOPE:uvm_test_top.env.rknp_agt.sqr STREAM:1225}
  CREATE_STREAM @235000 {NAME:s_wr T:Transactions SCOPE:uvm_test_top.env.rknp_agt.sqr STREAM:1492}
  CREATE_STREAM @775000 {NAME:s_wrap T:Transactions SCOPE:uvm_test_top.env.rknp_agt.sqr STREAM:1864}
  CREATE_STREAM @0 {NAME:v T:Transactions SCOPE:uvm_test_top.env.vseqr STREAM:1204}
  CREATE_STREAM @0 {NAME:s_rd T:Transactions SCOPE:uvm_test_top.env.rknp_agt.sqr STREAM:1225}
  CREATE_STREAM @235000 {NAME:s_wr T:Transactions SCOPE:uvm_test_top.env.rknp_agt.sqr STREAM:1492}
  CREATE_STREAM @775000 {NAME:s_wrap T:Transactions SCOPE:uvm_test_top.env.rknp_agt.sqr STREAM:1864}
  CREATE_STREAM @0 {NAME:v T:Transactions SCOPE:uvm_test_top.env.vseqr STREAM:1204}
  CREATE_STREAM @0 {NAME:s_rd T:Transactions SCOPE:uvm_test_top.env.rknp_agt.sqr STREAM:1225}
  CREATE_STREAM @235000 {NAME:s_wr T:Transactions SCOPE:uvm_test_top.env.rknp_agt.sqr STREAM:1492}
  CREATE_STREAM @775000 {NAME:s_wrap T:Transactions SCOPE:uvm_test_top.env.rknp_agt.sqr STREAM:1864}
  CREATE_STREAM @0 {NAME:v T:Transactions SCOPE:uvm_test_top.env.vseqr STREAM:1204}
  CREATE_STREAM @0 {NAME:s_rd T:Transactions SCOPE:uvm_test_top.env.rknp_agt.sqr STREAM:1225}
  CREATE_STREAM @235000 {NAME:s_wr T:Transactions SCOPE:uvm_test_top.env.rknp_agt.sqr STREAM:1492}
  CREATE_STREAM @775000 {NAME:s_wrap T:Transactions SCOPE:uvm_test_top.env.rknp_agt.sqr STREAM:1864}
  CREATE_STREAM @0 {NAME:v T:Transactions SCOPE:uvm_test_top.env.vseqr STREAM:1204}
  CREATE_STREAM @0 {NAME:s_rd T:Transactions SCOPE:uvm_test_top.env.rknp_agt.sqr STREAM:1225}
  CREATE_STREAM @235000 {NAME:s_wr T:Transactions SCOPE:uvm_test_top.env.rknp_agt.sqr STREAM:1492}
  CREATE_STREAM @775000 {NAME:s_wrap T:Transactions SCOPE:uvm_test_top.env.rknp_agt.sqr STREAM:1864}
  CREATE_STREAM @0 {NAME:v T:Transactions SCOPE:uvm_test_top.env.vseqr STREAM:1204}
  CREATE_STREAM @0 {NAME:s_rd T:Transactions SCOPE:uvm_test_top.env.rknp_agt.sqr STREAM:1225}
  CREATE_STREAM @235000 {NAME:s_wr T:Transactions SCOPE:uvm_test_top.env.rknp_agt.sqr STREAM:1492}
  CREATE_STREAM @775000 {NAME:s_wrap T:Transactions SCOPE:uvm_test_top.env.rknp_agt.sqr STREAM:1864}
  CREATE_STREAM @0 {NAME:v T:Transactions SCOPE:uvm_test_top.env.vseqr STREAM:1204}
  CREATE_STREAM @0 {NAME:s_rd T:Transactions SCOPE:uvm_test_top.env.rknp_agt.sqr STREAM:1225}
  CREATE_STREAM @235000 {NAME:s_wr T:Transactions SCOPE:uvm_test_top.env.rknp_agt.sqr STREAM:1492}
  CREATE_STREAM @775000 {NAME:s_wrap T:Transactions SCOPE:uvm_test_top.env.rknp_agt.sqr STREAM:1864}
  CREATE_STREAM @0 {NAME:v T:Transactions SCOPE:uvm_test_top.env.vseqr STREAM:1204}
  CREATE_STREAM @0 {NAME:s_rd T:Transactions SCOPE:uvm_test_top.env.rknp_agt.sqr STREAM:1225}
  CREATE_STREAM @235000 {NAME:s_wr T:Transactions SCOPE:uvm_test_top.env.rknp_agt.sqr STREAM:1492}
  CREATE_STREAM @775000 {NAME:s_wrap T:Transactions SCOPE:uvm_test_top.env.rknp_agt.sqr STREAM:1864}
  CREATE_STREAM @0 {NAME:v T:Transactions SCOPE:uvm_test_top.env.vseqr STREAM:1204}
  CREATE_STREAM @0 {NAME:s_rd T:Transactions SCOPE:uvm_test_top.env.rknp_agt.sqr STREAM:1225}
  CREATE_STREAM @235000 {NAME:s_wr T:Transactions SCOPE:uvm_test_top.env.rknp_agt.sqr STREAM:1492}
  CREATE_STREAM @775000 {NAME:s_wrap T:Transactions SCOPE:uvm_test_top.env.rknp_agt.sqr STREAM:1864}
  CREATE_STREAM @0 {NAME:v T:Transactions SCOPE:uvm_test_top.env.vseqr STREAM:1204}
  CREATE_STREAM @0 {NAME:s_rd T:Transactions SCOPE:uvm_test_top.env.rknp_agt.sqr STREAM:1225}
  CREATE_STREAM @235000 {NAME:s_wr T:Transactions SCOPE:uvm_test_top.env.rknp_agt.sqr STREAM:1492}
  CREATE_STREAM @775000 {NAME:s_wrap T:Transactions SCOPE:uvm_test_top.env.rknp_agt.sqr STREAM:1864}
  CREATE_STREAM @0 {NAME:v T:Transactions SCOPE:uvm_test_top.env.vseqr STREAM:1204}
  CREATE_STREAM @0 {NAME:s_rd T:Transactions SCOPE:uvm_test_top.env.rknp_agt.sqr STREAM:1225}
  CREATE_STREAM @235000 {NAME:s_wr T:Transactions SCOPE:uvm_test_top.env.rknp_agt.sqr STREAM:1492}
  CREATE_STREAM @775000 {NAME:s_wrap T:Transactions SCOPE:uvm_test_top.env.rknp_agt.sqr STREAM:1864}
  CREATE_STREAM @0 {NAME:v T:Transactions SCOPE:uvm_test_top.env.vseqr STREAM:1204}
  CREATE_STREAM @0 {NAME:s_rd T:Transactions SCOPE:uvm_test_top.env.rknp_agt.sqr STREAM:1225}
  CREATE_STREAM @235000 {NAME:s_wr T:Transactions SCOPE:uvm_test_top.env.rknp_agt.sqr STREAM:1492}
  CREATE_STREAM @775000 {NAME:s_wrap T:Transactions SCOPE:uvm_test_top.env.rknp_agt.sqr STREAM:1864}
  CREATE_STREAM @0 {NAME:v T:Transactions SCOPE:uvm_test_top.env.vseqr STREAM:1204}
  CREATE_STREAM @0 {NAME:s_rd T:Transactions SCOPE:uvm_test_top.env.rknp_agt.sqr STREAM:1225}
  CREATE_STREAM @235000 {NAME:s_wr T:Transactions SCOPE:uvm_test_top.env.rknp_agt.sqr STREAM:1492}
  CREATE_STREAM @775000 {NAME:s_wrap T:Transactions SCOPE:uvm_test_top.env.rknp_agt.sqr STREAM:1864}
  CREATE_STREAM @0 {NAME:v T:Transactions SCOPE:uvm_test_top.env.vseqr STREAM:1204}
  CREATE_STREAM @0 {NAME:s_rd T:Transactions SCOPE:uvm_test_top.env.rknp_agt.sqr STREAM:1225}
  CREATE_STREAM @235000 {NAME:s_wr T:Transactions SCOPE:uvm_test_top.env.rknp_agt.sqr STREAM:1492}
  CREATE_STREAM @775000 {NAME:s_wrap T:Transactions SCOPE:uvm_test_top.env.rknp_agt.sqr STREAM:1864}
  CREATE_STREAM @0 {NAME:v T:Transactions SCOPE:uvm_test_top.env.vseqr STREAM:1204}
  CREATE_STREAM @0 {NAME:s_rd T:Transactions SCOPE:uvm_test_top.env.rknp_agt.sqr STREAM:1225}
  CREATE_STREAM @235000 {NAME:s_wr T:Transactions SCOPE:uvm_test_top.env.rknp_agt.sqr STREAM:1492}
  CREATE_STREAM @775000 {NAME:s_wrap T:Transactions SCOPE:uvm_test_top.env.rknp_agt.sqr STREAM:1864}
  CREATE_STREAM @0 {NAME:v T:Transactions SCOPE:uvm_test_top.env.vseqr STREAM:1204}
  CREATE_STREAM @0 {NAME:s_rd T:Transactions SCOPE:uvm_test_top.env.rknp_agt.sqr STREAM:1225}
  CREATE_STREAM @235000 {NAME:s_wr T:Transactions SCOPE:uvm_test_top.env.rknp_agt.sqr STREAM:1492}
  CREATE_STREAM @775000 {NAME:s_wrap T:Transactions SCOPE:uvm_test_top.env.rknp_agt.sqr STREAM:1864}
  CREATE_STREAM @0 {NAME:v T:Transactions SCOPE:uvm_test_top.env.vseqr STREAM:1204}
  CREATE_STREAM @0 {NAME:s_rd T:Transactions SCOPE:uvm_test_top.env.rknp_agt.sqr STREAM:1225}
  CREATE_STREAM @215000 {NAME:s_wr T:Transactions SCOPE:uvm_test_top.env.rknp_agt.sqr STREAM:1494}
  CREATE_STREAM @815000 {NAME:s_wrap T:Transactions SCOPE:uvm_test_top.env.rknp_agt.sqr STREAM:1876}
  CREATE_STREAM @0 {NAME:v T:Transactions SCOPE:uvm_test_top.env.vseqr STREAM:1204}
  CREATE_STREAM @0 {NAME:s_rd T:Transactions SCOPE:uvm_test_top.env.rknp_agt.sqr STREAM:1225}
  CREATE_STREAM @215000 {NAME:s_wr T:Transactions SCOPE:uvm_test_top.env.rknp_agt.sqr STREAM:1494}
  CREATE_STREAM @815000 {NAME:s_wrap T:Transactions SCOPE:uvm_test_top.env.rknp_agt.sqr STREAM:1876}
  CREATE_STREAM @0 {NAME:v T:Transactions SCOPE:uvm_test_top.env.vseqr STREAM:1204}
  CREATE_STREAM @0 {NAME:s_rd T:Transactions SCOPE:uvm_test_top.env.rknp_agt.sqr STREAM:1225}
  CREATE_STREAM @215000 {NAME:s_wr T:Transactions SCOPE:uvm_test_top.env.rknp_agt.sqr STREAM:1494}
  CREATE_STREAM @815000 {NAME:s_wrap T:Transactions SCOPE:uvm_test_top.env.rknp_agt.sqr STREAM:1876}
  CREATE_STREAM @0 {NAME:v T:Transactions SCOPE:uvm_test_top.env.vseqr STREAM:1204}
  CREATE_STREAM @0 {NAME:s_rd T:Transactions SCOPE:uvm_test_top.env.rknp_agt.sqr STREAM:1225}
  CREATE_STREAM @215000 {NAME:s_wr T:Transactions SCOPE:uvm_test_top.env.rknp_agt.sqr STREAM:1494}
  CREATE_STREAM @815000 {NAME:s_wrap T:Transactions SCOPE:uvm_test_top.env.rknp_agt.sqr STREAM:1876}
  CREATE_STREAM @0 {NAME:v T:Transactions SCOPE:uvm_test_top.env.vseqr STREAM:1204}
  CREATE_STREAM @0 {NAME:s_rd T:Transactions SCOPE:uvm_test_top.env.rknp_agt.sqr STREAM:1225}
  CREATE_STREAM @215000 {NAME:s_wr T:Transactions SCOPE:uvm_test_top.env.rknp_agt.sqr STREAM:1494}
  CREATE_STREAM @815000 {NAME:s_wrap T:Transactions SCOPE:uvm_test_top.env.rknp_agt.sqr STREAM:1876}
  CREATE_STREAM @0 {NAME:v T:Transactions SCOPE:uvm_test_top.env.vseqr STREAM:1204}
  CREATE_STREAM @0 {NAME:s_rd T:Transactions SCOPE:uvm_test_top.env.rknp_agt.sqr STREAM:1225}
  CREATE_STREAM @215000 {NAME:s_wr T:Transactions SCOPE:uvm_test_top.env.rknp_agt.sqr STREAM:1494}
  CREATE_STREAM @815000 {NAME:s_wrap T:Transactions SCOPE:uvm_test_top.env.rknp_agt.sqr STREAM:1876}
  CREATE_STREAM @0 {NAME:v T:Transactions SCOPE:uvm_test_top.env.vseqr STREAM:1204}
  CREATE_STREAM @0 {NAME:s_rd T:Transactions SCOPE:uvm_test_top.env.rknp_agt.sqr STREAM:1225}
  CREATE_STREAM @215000 {NAME:s_wr T:Transactions SCOPE:uvm_test_top.env.rknp_agt.sqr STREAM:1494}
  CREATE_STREAM @815000 {NAME:s_wrap T:Transactions SCOPE:uvm_test_top.env.rknp_agt.sqr STREAM:1876}
  CREATE_STREAM @0 {NAME:v T:Transactions SCOPE:uvm_test_top.env.vseqr STREAM:1204}
  CREATE_STREAM @0 {NAME:s_rd T:Transactions SCOPE:uvm_test_top.env.rknp_agt.sqr STREAM:1225}
  CREATE_STREAM @215000 {NAME:s_wr T:Transactions SCOPE:uvm_test_top.env.rknp_agt.sqr STREAM:1494}
  CREATE_STREAM @815000 {NAME:s_wrap T:Transactions SCOPE:uvm_test_top.env.rknp_agt.sqr STREAM:1876}
  CREATE_STREAM @0 {NAME:v T:Transactions SCOPE:uvm_test_top.env.vseqr STREAM:1204}
  CREATE_STREAM @0 {NAME:s_rd T:Transactions SCOPE:uvm_test_top.env.rknp_agt.sqr STREAM:1225}
  CREATE_STREAM @215000 {NAME:s_wr T:Transactions SCOPE:uvm_test_top.env.rknp_agt.sqr STREAM:1524}
  CREATE_STREAM @5755000 {NAME:s_wrap T:Transactions SCOPE:uvm_test_top.env.rknp_agt.sqr STREAM:2004}
  CREATE_STREAM @0 {NAME:v T:Transactions SCOPE:uvm_test_top.env.vseqr STREAM:1204}
  CREATE_STREAM @0 {NAME:s_rd T:Transactions SCOPE:uvm_test_top.env.rknp_agt.sqr STREAM:1225}
  CREATE_STREAM @215000 {NAME:s_wr T:Transactions SCOPE:uvm_test_top.env.rknp_agt.sqr STREAM:1524}
  CREATE_STREAM @3185000 {NAME:s_wrap T:Transactions SCOPE:uvm_test_top.env.rknp_agt.sqr STREAM:1924}
  CREATE_STREAM @0 {NAME:v T:Transactions SCOPE:uvm_test_top.env.vseqr STREAM:1204}
  CREATE_STREAM @0 {NAME:s_rd T:Transactions SCOPE:uvm_test_top.env.rknp_agt.sqr STREAM:1225}
  CREATE_STREAM @215000 {NAME:s_wr T:Transactions SCOPE:uvm_test_top.env.rknp_agt.sqr STREAM:1524}
  CREATE_STREAM @3185000 {NAME:s_wrap T:Transactions SCOPE:uvm_test_top.env.rknp_agt.sqr STREAM:1924}
  CREATE_STREAM @0 {NAME:v T:Transactions SCOPE:uvm_test_top.env.vseqr STREAM:1204}
  CREATE_STREAM @0 {NAME:s_rd T:Transactions SCOPE:uvm_test_top.env.rknp_agt.sqr STREAM:1225}
  CREATE_STREAM @235000 {NAME:s_wr T:Transactions SCOPE:uvm_test_top.env.rknp_agt.sqr STREAM:1530}
  CREATE_STREAM @3215000 {NAME:s_wrap T:Transactions SCOPE:uvm_test_top.env.rknp_agt.sqr STREAM:1924}
  CREATE_STREAM @0 {NAME:v T:Transactions SCOPE:uvm_test_top.env.vseqr STREAM:1204}
  CREATE_STREAM @0 {NAME:s_rd T:Transactions SCOPE:uvm_test_top.env.rknp_agt.sqr STREAM:1225}
  CREATE_STREAM @235000 {NAME:s_wr T:Transactions SCOPE:uvm_test_top.env.rknp_agt.sqr STREAM:1530}
  CREATE_STREAM @3215000 {NAME:s_wrap T:Transactions SCOPE:uvm_test_top.env.rknp_agt.sqr STREAM:1924}
  CREATE_STREAM @0 {NAME:v T:Transactions SCOPE:uvm_test_top.env.vseqr STREAM:1204}
  CREATE_STREAM @0 {NAME:s_rd T:Transactions SCOPE:uvm_test_top.env.rknp_agt.sqr STREAM:1225}
  CREATE_STREAM @215000 {NAME:s_wr T:Transactions SCOPE:uvm_test_top.env.rknp_agt.sqr STREAM:1494}
  CREATE_STREAM @815000 {NAME:s_wrap T:Transactions SCOPE:uvm_test_top.env.rknp_agt.sqr STREAM:1876}
  CREATE_STREAM @0 {NAME:v T:Transactions SCOPE:uvm_test_top.env.vseqr STREAM:1204}
  CREATE_STREAM @0 {NAME:s_rd T:Transactions SCOPE:uvm_test_top.env.rknp_agt.sqr STREAM:1225}
  CREATE_STREAM @325000 {NAME:s_wr T:Transactions SCOPE:uvm_test_top.env.rknp_agt.sqr STREAM:1564}
  CREATE_STREAM @825000 {NAME:s_wrap T:Transactions SCOPE:uvm_test_top.env.rknp_agt.sqr STREAM:2026}
  CREATE_STREAM @0 {NAME:v T:Transactions SCOPE:uvm_test_top.env.vseqr STREAM:1204}
  CREATE_STREAM @0 {NAME:s_rd T:Transactions SCOPE:uvm_test_top.env.rknp_agt.sqr STREAM:1225}
  CREATE_STREAM @325000 {NAME:s_wr T:Transactions SCOPE:uvm_test_top.env.rknp_agt.sqr STREAM:1564}
  CREATE_STREAM @825000 {NAME:s_wrap T:Transactions SCOPE:uvm_test_top.env.rknp_agt.sqr STREAM:2026}
  CREATE_STREAM @0 {NAME:v T:Transactions SCOPE:uvm_test_top.env.vseqr STREAM:1204}
  CREATE_STREAM @0 {NAME:s_rd T:Transactions SCOPE:uvm_test_top.env.rknp_agt.sqr STREAM:1225}
  CREATE_STREAM @325000 {NAME:s_wr T:Transactions SCOPE:uvm_test_top.env.rknp_agt.sqr STREAM:1564}
  CREATE_STREAM @825000 {NAME:s_wrap T:Transactions SCOPE:uvm_test_top.env.rknp_agt.sqr STREAM:2026}
  CREATE_STREAM @0 {NAME:v T:Transactions SCOPE:uvm_test_top.env.vseqr STREAM:1204}
  CREATE_STREAM @0 {NAME:s_rd T:Transactions SCOPE:uvm_test_top.env.rknp_agt.sqr STREAM:1225}
  CREATE_STREAM @325000 {NAME:s_wr T:Transactions SCOPE:uvm_test_top.env.rknp_agt.sqr STREAM:1564}
  CREATE_STREAM @825000 {NAME:s_wrap T:Transactions SCOPE:uvm_test_top.env.rknp_agt.sqr STREAM:2026}
  CREATE_STREAM @0 {NAME:v T:Transactions SCOPE:uvm_test_top.env.vseqr STREAM:1204}
  CREATE_STREAM @0 {NAME:s_rd T:Transactions SCOPE:uvm_test_top.env.rknp_agt.sqr STREAM:1225}
  CREATE_STREAM @325000 {NAME:s_wr T:Transactions SCOPE:uvm_test_top.env.rknp_agt.sqr STREAM:1564}
  CREATE_STREAM @825000 {NAME:s_wrap T:Transactions SCOPE:uvm_test_top.env.rknp_agt.sqr STREAM:2026}
  CREATE_STREAM @0 {NAME:v T:Transactions SCOPE:uvm_test_top.env.vseqr STREAM:1204}
  CREATE_STREAM @0 {NAME:s_rd T:Transactions SCOPE:uvm_test_top.env.rknp_agt.sqr STREAM:1225}
  CREATE_STREAM @325000 {NAME:s_wr T:Transactions SCOPE:uvm_test_top.env.rknp_agt.sqr STREAM:1564}
  CREATE_STREAM @825000 {NAME:s_wrap T:Transactions SCOPE:uvm_test_top.env.rknp_agt.sqr STREAM:2026}
  CREATE_STREAM @0 {NAME:v T:Transactions SCOPE:uvm_test_top.env.vseqr STREAM:1204}
  CREATE_STREAM @0 {NAME:s_rd T:Transactions SCOPE:uvm_test_top.env.rknp_agt.sqr STREAM:1225}
  CREATE_STREAM @325000 {NAME:s_wr T:Transactions SCOPE:uvm_test_top.env.rknp_agt.sqr STREAM:1564}
  CREATE_STREAM @825000 {NAME:s_wrap T:Transactions SCOPE:uvm_test_top.env.rknp_agt.sqr STREAM:2026}
  CREATE_STREAM @0 {NAME:v T:Transactions SCOPE:uvm_test_top.env.vseqr STREAM:1204}
  CREATE_STREAM @0 {NAME:s_rd T:Transactions SCOPE:uvm_test_top.env.rknp_agt.sqr STREAM:1225}
  CREATE_STREAM @325000 {NAME:s_wr T:Transactions SCOPE:uvm_test_top.env.rknp_agt.sqr STREAM:1564}
  CREATE_STREAM @825000 {NAME:s_wrap T:Transactions SCOPE:uvm_test_top.env.rknp_agt.sqr STREAM:2026}
  CREATE_STREAM @0 {NAME:v T:Transactions SCOPE:uvm_test_top.env.vseqr STREAM:1204}
  CREATE_STREAM @0 {NAME:s_rd T:Transactions SCOPE:uvm_test_top.env.rknp_agt.sqr STREAM:1225}
  CREATE_STREAM @325000 {NAME:s_wr T:Transactions SCOPE:uvm_test_top.env.rknp_agt.sqr STREAM:1564}
  CREATE_STREAM @825000 {NAME:s_wrap T:Transactions SCOPE:uvm_test_top.env.rknp_agt.sqr STREAM:2026}
  CREATE_STREAM @0 {NAME:v T:Transactions SCOPE:uvm_test_top.env.vseqr STREAM:1204}
  CREATE_STREAM @0 {NAME:s_rd T:Transactions SCOPE:uvm_test_top.env.rknp_agt.sqr STREAM:1225}
  CREATE_STREAM @0 {NAME:v T:Transactions SCOPE:uvm_test_top.env.vseqr STREAM:1204}
  CREATE_STREAM @0 {NAME:s_rd T:Transactions SCOPE:uvm_test_top.env.rknp_agt.sqr STREAM:1225}
  CREATE_STREAM @325000 {NAME:s_wr T:Transactions SCOPE:uvm_test_top.env.rknp_agt.sqr STREAM:1564}
  CREATE_STREAM @825000 {NAME:s_wrap T:Transactions SCOPE:uvm_test_top.env.rknp_agt.sqr STREAM:2026}
  CREATE_STREAM @0 {NAME:v T:Transactions SCOPE:uvm_test_top.env.vseqr STREAM:1204}
  CREATE_STREAM @0 {NAME:s_rd T:Transactions SCOPE:uvm_test_top.env.rknp_agt.sqr STREAM:1225}
  CREATE_STREAM @325000 {NAME:s_wr T:Transactions SCOPE:uvm_test_top.env.rknp_agt.sqr STREAM:1564}
  CREATE_STREAM @825000 {NAME:s_wrap T:Transactions SCOPE:uvm_test_top.env.rknp_agt.sqr STREAM:2036}
  CREATE_STREAM @0 {NAME:v T:Transactions SCOPE:uvm_test_top.env.vseqr STREAM:1204}
  CREATE_STREAM @0 {NAME:s_rd T:Transactions SCOPE:uvm_test_top.env.rknp_agt.sqr STREAM:1225}
  CREATE_STREAM @325000 {NAME:s_wr T:Transactions SCOPE:uvm_test_top.env.rknp_agt.sqr STREAM:1564}
  CREATE_STREAM @825000 {NAME:s_wrap T:Transactions SCOPE:uvm_test_top.env.rknp_agt.sqr STREAM:2036}
  CREATE_STREAM @0 {NAME:v T:Transactions SCOPE:uvm_test_top.env.vseqr STREAM:1204}
  CREATE_STREAM @0 {NAME:s_rd T:Transactions SCOPE:uvm_test_top.env.rknp_agt.sqr STREAM:1225}
  CREATE_STREAM @325000 {NAME:s_wr T:Transactions SCOPE:uvm_test_top.env.rknp_agt.sqr STREAM:1564}
  CREATE_STREAM @825000 {NAME:s_wrap T:Transactions SCOPE:uvm_test_top.env.rknp_agt.sqr STREAM:2036}
  CREATE_STREAM @0 {NAME:v T:Transactions SCOPE:uvm_test_top.env.vseqr STREAM:1204}
  CREATE_STREAM @0 {NAME:s_rd T:Transactions SCOPE:uvm_test_top.env.rknp_agt.sqr STREAM:1225}
  CREATE_STREAM @325000 {NAME:s_wr T:Transactions SCOPE:uvm_test_top.env.rknp_agt.sqr STREAM:1564}
  CREATE_STREAM @825000 {NAME:s_wrap T:Transactions SCOPE:uvm_test_top.env.rknp_agt.sqr STREAM:2036}
  CREATE_STREAM @0 {NAME:v T:Transactions SCOPE:uvm_test_top.env.vseqr STREAM:1204}
  CREATE_STREAM @0 {NAME:s_rd T:Transactions SCOPE:uvm_test_top.env.rknp_agt.sqr STREAM:1225}
  CREATE_STREAM @325000 {NAME:s_wr T:Transactions SCOPE:uvm_test_top.env.rknp_agt.sqr STREAM:1564}
  CREATE_STREAM @825000 {NAME:s_wrap T:Transactions SCOPE:uvm_test_top.env.rknp_agt.sqr STREAM:2026}
  CREATE_STREAM @0 {NAME:v T:Transactions SCOPE:uvm_test_top.env.vseqr STREAM:1204}
  CREATE_STREAM @0 {NAME:s_rd T:Transactions SCOPE:uvm_test_top.env.rknp_agt.sqr STREAM:1225}
  CREATE_STREAM @325000 {NAME:s_wr T:Transactions SCOPE:uvm_test_top.env.rknp_agt.sqr STREAM:1564}
  CREATE_STREAM @825000 {NAME:s_wrap T:Transactions SCOPE:uvm_test_top.env.rknp_agt.sqr STREAM:2032}
  CREATE_STREAM @0 {NAME:v T:Transactions SCOPE:uvm_test_top.env.vseqr STREAM:1205}
  CREATE_STREAM @0 {NAME:s_rd T:Transactions SCOPE:uvm_test_top.env.rknp_agt.sqr STREAM:1226}
  CREATE_STREAM @325000 {NAME:s_wr T:Transactions SCOPE:uvm_test_top.env.rknp_agt.sqr STREAM:1565}
  CREATE_STREAM @825000 {NAME:s_wrap T:Transactions SCOPE:uvm_test_top.env.rknp_agt.sqr STREAM:2033}
  CREATE_STREAM @0 {NAME:v T:Transactions SCOPE:uvm_test_top.env.vseqr STREAM:1204}
  CREATE_STREAM @0 {NAME:s_rd T:Transactions SCOPE:uvm_test_top.env.rknp_agt.sqr STREAM:1225}
  CREATE_STREAM @325000 {NAME:s_wr T:Transactions SCOPE:uvm_test_top.env.rknp_agt.sqr STREAM:1564}
  CREATE_STREAM @825000 {NAME:s_wrap T:Transactions SCOPE:uvm_test_top.env.rknp_agt.sqr STREAM:2032}
  CREATE_STREAM @0 {NAME:v T:Transactions SCOPE:uvm_test_top.env.vseqr STREAM:1204}
  CREATE_STREAM @0 {NAME:s_rd T:Transactions SCOPE:uvm_test_top.env.rknp_agt.sqr STREAM:1225}
  CREATE_STREAM @325000 {NAME:s_wr T:Transactions SCOPE:uvm_test_top.env.rknp_agt.sqr STREAM:1564}
  CREATE_STREAM @825000 {NAME:s_wrap T:Transactions SCOPE:uvm_test_top.env.rknp_agt.sqr STREAM:2032}
  CREATE_STREAM @0 {NAME:v T:Transactions SCOPE:uvm_test_top.env.vseqr STREAM:1204}
  CREATE_STREAM @0 {NAME:s_rd T:Transactions SCOPE:uvm_test_top.env.rknp_agt.sqr STREAM:1225}
  CREATE_STREAM @325000 {NAME:s_wr T:Transactions SCOPE:uvm_test_top.env.rknp_agt.sqr STREAM:1564}
  CREATE_STREAM @825000 {NAME:s_wrap T:Transactions SCOPE:uvm_test_top.env.rknp_agt.sqr STREAM:2032}
  CREATE_STREAM @0 {NAME:v T:Transactions SCOPE:uvm_test_top.env.vseqr STREAM:1204}
  CREATE_STREAM @0 {NAME:s_rd T:Transactions SCOPE:uvm_test_top.env.rknp_agt.sqr STREAM:1225}
  CREATE_STREAM @325000 {NAME:s_wr T:Transactions SCOPE:uvm_test_top.env.rknp_agt.sqr STREAM:1588}
  CREATE_STREAM @825000 {NAME:s_wrap T:Transactions SCOPE:uvm_test_top.env.rknp_agt.sqr STREAM:2092}
  CREATE_STREAM @0 {NAME:v T:Transactions SCOPE:uvm_test_top.env.vseqr STREAM:1204}
  CREATE_STREAM @0 {NAME:s_rd T:Transactions SCOPE:uvm_test_top.env.rknp_agt.sqr STREAM:1225}
  CREATE_STREAM @325000 {NAME:s_wr T:Transactions SCOPE:uvm_test_top.env.rknp_agt.sqr STREAM:1564}
  CREATE_STREAM @825000 {NAME:s_wrap T:Transactions SCOPE:uvm_test_top.env.rknp_agt.sqr STREAM:2032}
  CREATE_STREAM @0 {NAME:v T:Transactions SCOPE:uvm_test_top.env.vseqr STREAM:1204}
  CREATE_STREAM @0 {NAME:s_rd T:Transactions SCOPE:uvm_test_top.env.rknp_agt.sqr STREAM:1225}
  CREATE_STREAM @325000 {NAME:s_wr T:Transactions SCOPE:uvm_test_top.env.rknp_agt.sqr STREAM:1564}
  CREATE_STREAM @825000 {NAME:s_wrap T:Transactions SCOPE:uvm_test_top.env.rknp_agt.sqr STREAM:2032}
  CREATE_STREAM @0 {NAME:v T:Transactions SCOPE:uvm_test_top.env.vseqr STREAM:1204}
  CREATE_STREAM @0 {NAME:s_rd T:Transactions SCOPE:uvm_test_top.env.rknp_agt.sqr STREAM:1225}
  CREATE_STREAM @325000 {NAME:s_wr T:Transactions SCOPE:uvm_test_top.env.rknp_agt.sqr STREAM:1564}
  CREATE_STREAM @825000 {NAME:s_wrap T:Transactions SCOPE:uvm_test_top.env.rknp_agt.sqr STREAM:2032}
  CREATE_STREAM @0 {NAME:v T:Transactions SCOPE:uvm_test_top.env.vseqr STREAM:1204}
  CREATE_STREAM @0 {NAME:s_rd T:Transactions SCOPE:uvm_test_top.env.rknp_agt.sqr STREAM:1225}
  CREATE_STREAM @325000 {NAME:s_wr T:Transactions SCOPE:uvm_test_top.env.rknp_agt.sqr STREAM:1564}
  CREATE_STREAM @825000 {NAME:s_wrap T:Transactions SCOPE:uvm_test_top.env.rknp_agt.sqr STREAM:2032}
  CREATE_STREAM @0 {NAME:v T:Transactions SCOPE:uvm_test_top.env.vseqr STREAM:1204}
  CREATE_STREAM @0 {NAME:s_rd T:Transactions SCOPE:uvm_test_top.env.rknp_agt.sqr STREAM:1225}
  CREATE_STREAM @325000 {NAME:s_wr T:Transactions SCOPE:uvm_test_top.env.rknp_agt.sqr STREAM:1564}
  CREATE_STREAM @825000 {NAME:s_wrap T:Transactions SCOPE:uvm_test_top.env.rknp_agt.sqr STREAM:2032}
  CREATE_STREAM @0 {NAME:v T:Transactions SCOPE:uvm_test_top.env.vseqr STREAM:1204}
  CREATE_STREAM @0 {NAME:s_rd T:Transactions SCOPE:uvm_test_top.env.rknp_agt.sqr STREAM:1225}
  CREATE_STREAM @325000 {NAME:s_wr T:Transactions SCOPE:uvm_test_top.env.rknp_agt.sqr STREAM:1564}
  CREATE_STREAM @825000 {NAME:s_wrap T:Transactions SCOPE:uvm_test_top.env.rknp_agt.sqr STREAM:2032}
  CREATE_STREAM @0 {NAME:v T:Transactions SCOPE:uvm_test_top.env.vseqr STREAM:1204}
  CREATE_STREAM @0 {NAME:s_rd T:Transactions SCOPE:uvm_test_top.env.rknp_agt.sqr STREAM:1225}
  CREATE_STREAM @325000 {NAME:s_wr T:Transactions SCOPE:uvm_test_top.env.rknp_agt.sqr STREAM:1564}
  CREATE_STREAM @825000 {NAME:s_wrap T:Transactions SCOPE:uvm_test_top.env.rknp_agt.sqr STREAM:2032}
  CREATE_STREAM @0 {NAME:v T:Transactions SCOPE:uvm_test_top.env.vseqr STREAM:1204}
  CREATE_STREAM @0 {NAME:s_rd T:Transactions SCOPE:uvm_test_top.env.rknp_agt.sqr STREAM:1225}
  CREATE_STREAM @355000 {NAME:s_wr T:Transactions SCOPE:uvm_test_top.env.rknp_agt.sqr STREAM:1574}
  CREATE_STREAM @945000 {NAME:s_wrap T:Transactions SCOPE:uvm_test_top.env.rknp_agt.sqr STREAM:2068}
  CREATE_STREAM @0 {NAME:v T:Transactions SCOPE:uvm_test_top.env.vseqr STREAM:1204}
  CREATE_STREAM @0 {NAME:s_rd T:Transactions SCOPE:uvm_test_top.env.rknp_agt.sqr STREAM:1225}
  CREATE_STREAM @355000 {NAME:s_wr T:Transactions SCOPE:uvm_test_top.env.rknp_agt.sqr STREAM:1574}
  CREATE_STREAM @945000 {NAME:s_wrap T:Transactions SCOPE:uvm_test_top.env.rknp_agt.sqr STREAM:2068}
  CREATE_STREAM @0 {NAME:v T:Transactions SCOPE:uvm_test_top.env.vseqr STREAM:1204}
  CREATE_STREAM @0 {NAME:s_rd T:Transactions SCOPE:uvm_test_top.env.rknp_agt.sqr STREAM:1225}
  CREATE_STREAM @355000 {NAME:s_wr T:Transactions SCOPE:uvm_test_top.env.rknp_agt.sqr STREAM:1574}
  CREATE_STREAM @1015000 {NAME:s_wrap T:Transactions SCOPE:uvm_test_top.env.rknp_agt.sqr STREAM:2050}
  CREATE_STREAM @0 {NAME:v T:Transactions SCOPE:uvm_test_top.env.vseqr STREAM:1204}
  CREATE_STREAM @0 {NAME:s_rd T:Transactions SCOPE:uvm_test_top.env.rknp_agt.sqr STREAM:1225}
  CREATE_STREAM @355000 {NAME:s_wr T:Transactions SCOPE:uvm_test_top.env.rknp_agt.sqr STREAM:1574}
  CREATE_STREAM @1065000 {NAME:s_wrap T:Transactions SCOPE:uvm_test_top.env.rknp_agt.sqr STREAM:2042}
  CREATE_STREAM @0 {NAME:v T:Transactions SCOPE:uvm_test_top.env.vseqr STREAM:1204}
  CREATE_STREAM @0 {NAME:s_rd T:Transactions SCOPE:uvm_test_top.env.rknp_agt.sqr STREAM:1225}
  CREATE_STREAM @355000 {NAME:s_wr T:Transactions SCOPE:uvm_test_top.env.rknp_agt.sqr STREAM:1574}
  CREATE_STREAM @1065000 {NAME:s_wrap T:Transactions SCOPE:uvm_test_top.env.rknp_agt.sqr STREAM:2042}
  CREATE_STREAM @0 {NAME:v T:Transactions SCOPE:uvm_test_top.env.vseqr STREAM:1204}
  CREATE_STREAM @0 {NAME:s_rd T:Transactions SCOPE:uvm_test_top.env.rknp_agt.sqr STREAM:1225}
  CREATE_STREAM @355000 {NAME:s_wr T:Transactions SCOPE:uvm_test_top.env.rknp_agt.sqr STREAM:1574}
  CREATE_STREAM @1065000 {NAME:s_wrap T:Transactions SCOPE:uvm_test_top.env.rknp_agt.sqr STREAM:2042}
  CREATE_STREAM @0 {NAME:v T:Transactions SCOPE:uvm_test_top.env.vseqr STREAM:1204}
  CREATE_STREAM @0 {NAME:s_rd T:Transactions SCOPE:uvm_test_top.env.rknp_agt.sqr STREAM:1225}
  CREATE_STREAM @355000 {NAME:s_wr T:Transactions SCOPE:uvm_test_top.env.rknp_agt.sqr STREAM:1574}
  CREATE_STREAM @1065000 {NAME:s_wrap T:Transactions SCOPE:uvm_test_top.env.rknp_agt.sqr STREAM:2042}
  CREATE_STREAM @0 {NAME:v T:Transactions SCOPE:uvm_test_top.env.vseqr STREAM:1204}
  CREATE_STREAM @0 {NAME:s_rd T:Transactions SCOPE:uvm_test_top.env.rknp_agt.sqr STREAM:1225}
  CREATE_STREAM @355000 {NAME:s_wr T:Transactions SCOPE:uvm_test_top.env.rknp_agt.sqr STREAM:1574}
  CREATE_STREAM @1065000 {NAME:s_wrap T:Transactions SCOPE:uvm_test_top.env.rknp_agt.sqr STREAM:2042}
  CREATE_STREAM @0 {NAME:v T:Transactions SCOPE:uvm_test_top.env.vseqr STREAM:1204}
  CREATE_STREAM @0 {NAME:s_rd T:Transactions SCOPE:uvm_test_top.env.rknp_agt.sqr STREAM:1225}
  CREATE_STREAM @355000 {NAME:s_wr T:Transactions SCOPE:uvm_test_top.env.rknp_agt.sqr STREAM:1574}
  CREATE_STREAM @1065000 {NAME:s_wrap T:Transactions SCOPE:uvm_test_top.env.rknp_agt.sqr STREAM:2042}
  CREATE_STREAM @0 {NAME:v T:Transactions SCOPE:uvm_test_top.env.vseqr STREAM:1204}
  CREATE_STREAM @0 {NAME:s_rd T:Transactions SCOPE:uvm_test_top.env.rknp_agt.sqr STREAM:1225}
  CREATE_STREAM @845000 {NAME:s_wr T:Transactions SCOPE:uvm_test_top.env.rknp_agt.sqr STREAM:1964}
  CREATE_STREAM @2545000 {NAME:s_wrap T:Transactions SCOPE:uvm_test_top.env.rknp_agt.sqr STREAM:2752}
  CREATE_STREAM @0 {NAME:v T:Transactions SCOPE:uvm_test_top.env.vseqr STREAM:1204}
  CREATE_STREAM @0 {NAME:s_rd T:Transactions SCOPE:uvm_test_top.env.rknp_agt.sqr STREAM:1225}
  CREATE_STREAM @845000 {NAME:s_wr T:Transactions SCOPE:uvm_test_top.env.rknp_agt.sqr STREAM:1964}
  CREATE_STREAM @2545000 {NAME:s_wrap T:Transactions SCOPE:uvm_test_top.env.rknp_agt.sqr STREAM:2752}
  CREATE_STREAM @0 {NAME:v T:Transactions SCOPE:uvm_test_top.env.vseqr STREAM:1204}
  CREATE_STREAM @0 {NAME:s_rd T:Transactions SCOPE:uvm_test_top.env.rknp_agt.sqr STREAM:1225}
  CREATE_STREAM @845000 {NAME:s_wr T:Transactions SCOPE:uvm_test_top.env.rknp_agt.sqr STREAM:1964}
  CREATE_STREAM @2545000 {NAME:s_wrap T:Transactions SCOPE:uvm_test_top.env.rknp_agt.sqr STREAM:2752}
  CREATE_STREAM @0 {NAME:v T:Transactions SCOPE:uvm_test_top.env.vseqr STREAM:1204}
  CREATE_STREAM @0 {NAME:s_rd T:Transactions SCOPE:uvm_test_top.env.rknp_agt.sqr STREAM:1225}
  CREATE_STREAM @845000 {NAME:s_wr T:Transactions SCOPE:uvm_test_top.env.rknp_agt.sqr STREAM:1964}
  CREATE_STREAM @2545000 {NAME:s_wrap T:Transactions SCOPE:uvm_test_top.env.rknp_agt.sqr STREAM:2752}
  CREATE_STREAM @0 {NAME:v T:Transactions SCOPE:uvm_test_top.env.vseqr STREAM:1204}
  CREATE_STREAM @0 {NAME:s_rd T:Transactions SCOPE:uvm_test_top.env.rknp_agt.sqr STREAM:1225}
  CREATE_STREAM @845000 {NAME:s_wr T:Transactions SCOPE:uvm_test_top.env.rknp_agt.sqr STREAM:1964}
  CREATE_STREAM @2545000 {NAME:s_wrap T:Transactions SCOPE:uvm_test_top.env.rknp_agt.sqr STREAM:2752}
  CREATE_STREAM @0 {NAME:v T:Transactions SCOPE:uvm_test_top.env.vseqr STREAM:1204}
  CREATE_STREAM @0 {NAME:s_rd T:Transactions SCOPE:uvm_test_top.env.rknp_agt.sqr STREAM:1225}
  CREATE_STREAM @845000 {NAME:s_wr T:Transactions SCOPE:uvm_test_top.env.rknp_agt.sqr STREAM:1964}
  CREATE_STREAM @2545000 {NAME:s_wrap T:Transactions SCOPE:uvm_test_top.env.rknp_agt.sqr STREAM:2752}
  CREATE_STREAM @0 {NAME:v T:Transactions SCOPE:uvm_test_top.env.vseqr STREAM:1204}
  CREATE_STREAM @0 {NAME:s_rd T:Transactions SCOPE:uvm_test_top.env.rknp_agt.sqr STREAM:1225}
  CREATE_STREAM @845000 {NAME:s_wr T:Transactions SCOPE:uvm_test_top.env.rknp_agt.sqr STREAM:1964}
  CREATE_STREAM @2545000 {NAME:s_wrap T:Transactions SCOPE:uvm_test_top.env.rknp_agt.sqr STREAM:2752}
  CREATE_STREAM @0 {NAME:v T:Transactions SCOPE:uvm_test_top.env.vseqr STREAM:1204}
  CREATE_STREAM @0 {NAME:s_rd T:Transactions SCOPE:uvm_test_top.env.rknp_agt.sqr STREAM:1225}
  CREATE_STREAM @845000 {NAME:s_wr T:Transactions SCOPE:uvm_test_top.env.rknp_agt.sqr STREAM:1964}
  CREATE_STREAM @2545000 {NAME:s_wrap T:Transactions SCOPE:uvm_test_top.env.rknp_agt.sqr STREAM:2752}
  CREATE_STREAM @0 {NAME:v T:Transactions SCOPE:uvm_test_top.env.vseqr STREAM:1204}
  CREATE_STREAM @0 {NAME:s_rd T:Transactions SCOPE:uvm_test_top.env.rknp_agt.sqr STREAM:1225}
  CREATE_STREAM @845000 {NAME:s_wr T:Transactions SCOPE:uvm_test_top.env.rknp_agt.sqr STREAM:1964}
  CREATE_STREAM @2545000 {NAME:s_wrap T:Transactions SCOPE:uvm_test_top.env.rknp_agt.sqr STREAM:2752}
  CREATE_STREAM @0 {NAME:v T:Transactions SCOPE:uvm_test_top.env.vseqr STREAM:1204}
  CREATE_STREAM @0 {NAME:s_rd T:Transactions SCOPE:uvm_test_top.env.rknp_agt.sqr STREAM:1225}
  CREATE_STREAM @955000 {NAME:s_wr T:Transactions SCOPE:uvm_test_top.env.rknp_agt.sqr STREAM:1958}
  CREATE_STREAM @2935000 {NAME:s_wrap T:Transactions SCOPE:uvm_test_top.env.rknp_agt.sqr STREAM:2708}
  CREATE_STREAM @0 {NAME:v T:Transactions SCOPE:uvm_test_top.env.vseqr STREAM:1204}
  CREATE_STREAM @0 {NAME:s_rd T:Transactions SCOPE:uvm_test_top.env.rknp_agt.sqr STREAM:1225}
  CREATE_STREAM @2125000 {NAME:s_wr T:Transactions SCOPE:uvm_test_top.env.rknp_agt.sqr STREAM:2348}
  CREATE_STREAM @4465000 {NAME:s_wrap T:Transactions SCOPE:uvm_test_top.env.rknp_agt.sqr STREAM:3394}
  CREATE_STREAM @0 {NAME:v T:Transactions SCOPE:uvm_test_top.env.vseqr STREAM:1204}
  CREATE_STREAM @0 {NAME:s_rd T:Transactions SCOPE:uvm_test_top.env.rknp_agt.sqr STREAM:1225}
  CREATE_STREAM @3125000 {NAME:s_wr T:Transactions SCOPE:uvm_test_top.env.rknp_agt.sqr STREAM:2218}
  CREATE_STREAM @5395000 {NAME:s_wrap T:Transactions SCOPE:uvm_test_top.env.rknp_agt.sqr STREAM:3396}
  CREATE_STREAM @0 {NAME:v T:Transactions SCOPE:uvm_test_top.env.vseqr STREAM:1204}
  CREATE_STREAM @0 {NAME:s_rd T:Transactions SCOPE:uvm_test_top.env.rknp_agt.sqr STREAM:1225}
  CREATE_STREAM @3125000 {NAME:s_wr T:Transactions SCOPE:uvm_test_top.env.rknp_agt.sqr STREAM:2218}
  CREATE_STREAM @5395000 {NAME:s_wrap T:Transactions SCOPE:uvm_test_top.env.rknp_agt.sqr STREAM:3396}
  CREATE_STREAM @0 {NAME:v T:Transactions SCOPE:uvm_test_top.env.vseqr STREAM:1204}
  CREATE_STREAM @0 {NAME:s_rd T:Transactions SCOPE:uvm_test_top.env.rknp_agt.sqr STREAM:1225}
  CREATE_STREAM @3125000 {NAME:s_wr T:Transactions SCOPE:uvm_test_top.env.rknp_agt.sqr STREAM:2218}
  CREATE_STREAM @5395000 {NAME:s_wrap T:Transactions SCOPE:uvm_test_top.env.rknp_agt.sqr STREAM:3396}
  CREATE_STREAM @0 {NAME:v T:Transactions SCOPE:uvm_test_top.env.vseqr STREAM:1204}
  CREATE_STREAM @0 {NAME:s_rd T:Transactions SCOPE:uvm_test_top.env.rknp_agt.sqr STREAM:1225}
  CREATE_STREAM @3125000 {NAME:s_wr T:Transactions SCOPE:uvm_test_top.env.rknp_agt.sqr STREAM:2218}
  CREATE_STREAM @5395000 {NAME:s_wrap T:Transactions SCOPE:uvm_test_top.env.rknp_agt.sqr STREAM:3396}
  CREATE_STREAM @0 {NAME:v T:Transactions SCOPE:uvm_test_top.env.vseqr STREAM:1204}
  CREATE_STREAM @0 {NAME:s_rd T:Transactions SCOPE:uvm_test_top.env.rknp_agt.sqr STREAM:1225}
  CREATE_STREAM @3125000 {NAME:s_wr T:Transactions SCOPE:uvm_test_top.env.rknp_agt.sqr STREAM:2218}
  CREATE_STREAM @5395000 {NAME:s_wrap T:Transactions SCOPE:uvm_test_top.env.rknp_agt.sqr STREAM:3396}
  CREATE_STREAM @0 {NAME:v T:Transactions SCOPE:uvm_test_top.env.vseqr STREAM:1204}
  CREATE_STREAM @0 {NAME:s_rd T:Transactions SCOPE:uvm_test_top.env.rknp_agt.sqr STREAM:1225}
  CREATE_STREAM @3125000 {NAME:s_wr T:Transactions SCOPE:uvm_test_top.env.rknp_agt.sqr STREAM:2218}
  CREATE_STREAM @5395000 {NAME:s_wrap T:Transactions SCOPE:uvm_test_top.env.rknp_agt.sqr STREAM:3396}
  CREATE_STREAM @0 {NAME:v T:Transactions SCOPE:uvm_test_top.env.vseqr STREAM:1204}
  CREATE_STREAM @0 {NAME:s_rd T:Transactions SCOPE:uvm_test_top.env.rknp_agt.sqr STREAM:1225}
  CREATE_STREAM @3125000 {NAME:s_wr T:Transactions SCOPE:uvm_test_top.env.rknp_agt.sqr STREAM:2218}
  CREATE_STREAM @5395000 {NAME:s_wrap T:Transactions SCOPE:uvm_test_top.env.rknp_agt.sqr STREAM:3396}
  CREATE_STREAM @0 {NAME:v T:Transactions SCOPE:uvm_test_top.env.vseqr STREAM:1204}
  CREATE_STREAM @0 {NAME:s_rd T:Transactions SCOPE:uvm_test_top.env.rknp_agt.sqr STREAM:1225}
  CREATE_STREAM @3125000 {NAME:s_wr T:Transactions SCOPE:uvm_test_top.env.rknp_agt.sqr STREAM:2218}
  CREATE_STREAM @5395000 {NAME:s_wrap T:Transactions SCOPE:uvm_test_top.env.rknp_agt.sqr STREAM:3396}
  CREATE_STREAM @0 {NAME:v T:Transactions SCOPE:uvm_test_top.env.vseqr STREAM:1204}
  CREATE_STREAM @0 {NAME:s_rd T:Transactions SCOPE:uvm_test_top.env.rknp_agt.sqr STREAM:1225}
  CREATE_STREAM @3125000 {NAME:s_wr T:Transactions SCOPE:uvm_test_top.env.rknp_agt.sqr STREAM:2218}
  CREATE_STREAM @5395000 {NAME:s_wrap T:Transactions SCOPE:uvm_test_top.env.rknp_agt.sqr STREAM:3396}
  CREATE_STREAM @0 {NAME:v T:Transactions SCOPE:uvm_test_top.env.vseqr STREAM:1204}
  CREATE_STREAM @0 {NAME:s_rd T:Transactions SCOPE:uvm_test_top.env.rknp_agt.sqr STREAM:1225}
  CREATE_STREAM @3125000 {NAME:s_wr T:Transactions SCOPE:uvm_test_top.env.rknp_agt.sqr STREAM:2218}
  CREATE_STREAM @5395000 {NAME:s_wrap T:Transactions SCOPE:uvm_test_top.env.rknp_agt.sqr STREAM:3396}
  CREATE_STREAM @0 {NAME:v T:Transactions SCOPE:uvm_test_top.env.vseqr STREAM:1204}
  CREATE_STREAM @0 {NAME:s_rd T:Transactions SCOPE:uvm_test_top.env.rknp_agt.sqr STREAM:1225}
  CREATE_STREAM @3125000 {NAME:s_wr T:Transactions SCOPE:uvm_test_top.env.rknp_agt.sqr STREAM:2218}
  CREATE_STREAM @5395000 {NAME:s_wrap T:Transactions SCOPE:uvm_test_top.env.rknp_agt.sqr STREAM:3396}
  CREATE_STREAM @0 {NAME:v T:Transactions SCOPE:uvm_test_top.env.vseqr STREAM:1204}
  CREATE_STREAM @0 {NAME:s_rd T:Transactions SCOPE:uvm_test_top.env.rknp_agt.sqr STREAM:1225}
  CREATE_STREAM @3125000 {NAME:s_wr T:Transactions SCOPE:uvm_test_top.env.rknp_agt.sqr STREAM:2218}
  CREATE_STREAM @5395000 {NAME:s_wrap T:Transactions SCOPE:uvm_test_top.env.rknp_agt.sqr STREAM:3396}
  CREATE_STREAM @0 {NAME:v T:Transactions SCOPE:uvm_test_top.env.vseqr STREAM:1204}
  CREATE_STREAM @0 {NAME:s_rd T:Transactions SCOPE:uvm_test_top.env.rknp_agt.sqr STREAM:1225}
  CREATE_STREAM @3125000 {NAME:s_wr T:Transactions SCOPE:uvm_test_top.env.rknp_agt.sqr STREAM:2218}
  CREATE_STREAM @5395000 {NAME:s_wrap T:Transactions SCOPE:uvm_test_top.env.rknp_agt.sqr STREAM:3396}
  CREATE_STREAM @0 {NAME:v T:Transactions SCOPE:uvm_test_top.env.vseqr STREAM:1204}
  CREATE_STREAM @0 {NAME:s_rd T:Transactions SCOPE:uvm_test_top.env.rknp_agt.sqr STREAM:1225}
  CREATE_STREAM @3125000 {NAME:s_wr T:Transactions SCOPE:uvm_test_top.env.rknp_agt.sqr STREAM:2218}
  CREATE_STREAM @5395000 {NAME:s_wrap T:Transactions SCOPE:uvm_test_top.env.rknp_agt.sqr STREAM:3396}
  CREATE_STREAM @0 {NAME:v T:Transactions SCOPE:uvm_test_top.env.vseqr STREAM:1204}
  CREATE_STREAM @0 {NAME:s_rd T:Transactions SCOPE:uvm_test_top.env.rknp_agt.sqr STREAM:1225}
  CREATE_STREAM @3125000 {NAME:s_wr T:Transactions SCOPE:uvm_test_top.env.rknp_agt.sqr STREAM:2218}
  CREATE_STREAM @5395000 {NAME:s_wrap T:Transactions SCOPE:uvm_test_top.env.rknp_agt.sqr STREAM:3396}
  CREATE_STREAM @0 {NAME:v T:Transactions SCOPE:uvm_test_top.env.vseqr STREAM:1204}
  CREATE_STREAM @0 {NAME:s_rd T:Transactions SCOPE:uvm_test_top.env.rknp_agt.sqr STREAM:1225}
  CREATE_STREAM @3125000 {NAME:s_wr T:Transactions SCOPE:uvm_test_top.env.rknp_agt.sqr STREAM:2218}
  CREATE_STREAM @5395000 {NAME:s_wrap T:Transactions SCOPE:uvm_test_top.env.rknp_agt.sqr STREAM:3396}
  CREATE_STREAM @0 {NAME:v T:Transactions SCOPE:uvm_test_top.env.vseqr STREAM:1204}
  CREATE_STREAM @0 {NAME:s_rd T:Transactions SCOPE:uvm_test_top.env.rknp_agt.sqr STREAM:1225}
  CREATE_STREAM @3125000 {NAME:s_wr T:Transactions SCOPE:uvm_test_top.env.rknp_agt.sqr STREAM:2218}
  CREATE_STREAM @5395000 {NAME:s_wrap T:Transactions SCOPE:uvm_test_top.env.rknp_agt.sqr STREAM:3396}
  CREATE_STREAM @0 {NAME:v T:Transactions SCOPE:uvm_test_top.env.vseqr STREAM:1204}
  CREATE_STREAM @0 {NAME:s_rd T:Transactions SCOPE:uvm_test_top.env.rknp_agt.sqr STREAM:1225}
  CREATE_STREAM @3125000 {NAME:s_wr T:Transactions SCOPE:uvm_test_top.env.rknp_agt.sqr STREAM:2218}
  CREATE_STREAM @5395000 {NAME:s_wrap T:Transactions SCOPE:uvm_test_top.env.rknp_agt.sqr STREAM:3396}
  CREATE_STREAM @0 {NAME:v T:Transactions SCOPE:uvm_test_top.env.vseqr STREAM:1204}
  CREATE_STREAM @0 {NAME:s_rd T:Transactions SCOPE:uvm_test_top.env.rknp_agt.sqr STREAM:1225}
  CREATE_STREAM @3125000 {NAME:s_wr T:Transactions SCOPE:uvm_test_top.env.rknp_agt.sqr STREAM:2218}
  CREATE_STREAM @5395000 {NAME:s_wrap T:Transactions SCOPE:uvm_test_top.env.rknp_agt.sqr STREAM:3396}
  CREATE_STREAM @0 {NAME:v T:Transactions SCOPE:uvm_test_top.env.vseqr STREAM:1204}
  CREATE_STREAM @0 {NAME:s_rd T:Transactions SCOPE:uvm_test_top.env.rknp_agt.sqr STREAM:1225}
  CREATE_STREAM @4665000 {NAME:s_wr T:Transactions SCOPE:uvm_test_top.env.rknp_agt.sqr STREAM:3050}
  CREATE_STREAM @0 {NAME:v T:Transactions SCOPE:uvm_test_top.env.vseqr STREAM:1204}
  CREATE_STREAM @0 {NAME:s_rd T:Transactions SCOPE:uvm_test_top.env.rknp_agt.sqr STREAM:1225}
  CREATE_STREAM @2075000 {NAME:s_wr T:Transactions SCOPE:uvm_test_top.env.rknp_agt.sqr STREAM:2310}
  CREATE_STREAM @4585000 {NAME:s_wrap T:Transactions SCOPE:uvm_test_top.env.rknp_agt.sqr STREAM:3518}
  CREATE_STREAM @0 {NAME:v T:Transactions SCOPE:uvm_test_top.env.vseqr STREAM:1204}
  CREATE_STREAM @0 {NAME:s_rd T:Transactions SCOPE:uvm_test_top.env.rknp_agt.sqr STREAM:1225}
  CREATE_STREAM @2075000 {NAME:s_wr T:Transactions SCOPE:uvm_test_top.env.rknp_agt.sqr STREAM:2302}
  CREATE_STREAM @4585000 {NAME:s_wrap T:Transactions SCOPE:uvm_test_top.env.rknp_agt.sqr STREAM:3510}
  CREATE_STREAM @0 {NAME:v T:Transactions SCOPE:uvm_test_top.env.vseqr STREAM:1204}
  CREATE_STREAM @0 {NAME:s_rd T:Transactions SCOPE:uvm_test_top.env.rknp_agt.sqr STREAM:1225}
  CREATE_STREAM @4825000 {NAME:s_wr T:Transactions SCOPE:uvm_test_top.env.rknp_agt.sqr STREAM:3164}
  CREATE_STREAM @0 {NAME:v T:Transactions SCOPE:uvm_test_top.env.vseqr STREAM:1204}
  CREATE_STREAM @0 {NAME:s_rd T:Transactions SCOPE:uvm_test_top.env.rknp_agt.sqr STREAM:1225}
  CREATE_STREAM @4825000 {NAME:s_wr T:Transactions SCOPE:uvm_test_top.env.rknp_agt.sqr STREAM:3164}
  CREATE_STREAM @0 {NAME:v T:Transactions SCOPE:uvm_test_top.env.vseqr STREAM:1204}
  CREATE_STREAM @0 {NAME:s_rd T:Transactions SCOPE:uvm_test_top.env.rknp_agt.sqr STREAM:1225}
  CREATE_STREAM @4825000 {NAME:s_wr T:Transactions SCOPE:uvm_test_top.env.rknp_agt.sqr STREAM:3164}
  CREATE_STREAM @8685000 {NAME:s_wrap T:Transactions SCOPE:uvm_test_top.env.rknp_agt.sqr STREAM:5148}
  CREATE_STREAM @0 {NAME:v T:Transactions SCOPE:uvm_test_top.env.vseqr STREAM:1204}
  CREATE_STREAM @0 {NAME:s_rd T:Transactions SCOPE:uvm_test_top.env.rknp_agt.sqr STREAM:1225}
  CREATE_STREAM @4825000 {NAME:s_wr T:Transactions SCOPE:uvm_test_top.env.rknp_agt.sqr STREAM:3164}
  CREATE_STREAM @8685000 {NAME:s_wrap T:Transactions SCOPE:uvm_test_top.env.rknp_agt.sqr STREAM:5148}
  CREATE_STREAM @0 {NAME:v T:Transactions SCOPE:uvm_test_top.env.vseqr STREAM:1204}
  CREATE_STREAM @0 {NAME:s_rd T:Transactions SCOPE:uvm_test_top.env.rknp_agt.sqr STREAM:1225}
  CREATE_STREAM @4825000 {NAME:s_wr T:Transactions SCOPE:uvm_test_top.env.rknp_agt.sqr STREAM:3164}
  CREATE_STREAM @8685000 {NAME:s_wrap T:Transactions SCOPE:uvm_test_top.env.rknp_agt.sqr STREAM:5148}
  CREATE_STREAM @0 {NAME:v T:Transactions SCOPE:uvm_test_top.env.vseqr STREAM:1204}
  CREATE_STREAM @0 {NAME:s_rd T:Transactions SCOPE:uvm_test_top.env.rknp_agt.sqr STREAM:1225}
  CREATE_STREAM @4825000 {NAME:s_wr T:Transactions SCOPE:uvm_test_top.env.rknp_agt.sqr STREAM:3164}
  CREATE_STREAM @8685000 {NAME:s_wrap T:Transactions SCOPE:uvm_test_top.env.rknp_agt.sqr STREAM:5148}
  CREATE_STREAM @0 {NAME:v T:Transactions SCOPE:uvm_test_top.env.vseqr STREAM:1204}
  CREATE_STREAM @0 {NAME:s_rd T:Transactions SCOPE:uvm_test_top.env.rknp_agt.sqr STREAM:1225}
  CREATE_STREAM @4825000 {NAME:s_wr T:Transactions SCOPE:uvm_test_top.env.rknp_agt.sqr STREAM:3164}
  CREATE_STREAM @0 {NAME:v T:Transactions SCOPE:uvm_test_top.env.vseqr STREAM:1204}
  CREATE_STREAM @0 {NAME:s_rd T:Transactions SCOPE:uvm_test_top.env.rknp_agt.sqr STREAM:1225}
  CREATE_STREAM @4825000 {NAME:s_wr T:Transactions SCOPE:uvm_test_top.env.rknp_agt.sqr STREAM:3164}
  CREATE_STREAM @0 {NAME:v T:Transactions SCOPE:uvm_test_top.env.vseqr STREAM:1204}
  CREATE_STREAM @0 {NAME:s_rd T:Transactions SCOPE:uvm_test_top.env.rknp_agt.sqr STREAM:1225}
  CREATE_STREAM @4825000 {NAME:s_wr T:Transactions SCOPE:uvm_test_top.env.rknp_agt.sqr STREAM:3164}
  CREATE_STREAM @8685000 {NAME:s_wrap T:Transactions SCOPE:uvm_test_top.env.rknp_agt.sqr STREAM:5148}
  CREATE_STREAM @0 {NAME:v T:Transactions SCOPE:uvm_test_top.env.vseqr STREAM:1204}
  CREATE_STREAM @0 {NAME:s_rd T:Transactions SCOPE:uvm_test_top.env.rknp_agt.sqr STREAM:1231}
  CREATE_STREAM @1435000 {NAME:s_wr T:Transactions SCOPE:uvm_test_top.env.rknp_agt.sqr STREAM:1856}
  CREATE_STREAM @3055000 {NAME:s_wrap T:Transactions SCOPE:uvm_test_top.env.rknp_agt.sqr STREAM:2808}
  CREATE_STREAM @4255000 {NAME:s_err T:Transactions SCOPE:uvm_test_top.env.rknp_agt.sqr STREAM:3398}
  CREATE_STREAM @0 {NAME:v T:Transactions SCOPE:uvm_test_top.env.vseqr STREAM:1204}
  CREATE_STREAM @0 {NAME:s_rd T:Transactions SCOPE:uvm_test_top.env.rknp_agt.sqr STREAM:1231}
  CREATE_STREAM @1435000 {NAME:s_wr T:Transactions SCOPE:uvm_test_top.env.rknp_agt.sqr STREAM:1856}
  CREATE_STREAM @3055000 {NAME:s_wrap T:Transactions SCOPE:uvm_test_top.env.rknp_agt.sqr STREAM:2808}
  CREATE_STREAM @4255000 {NAME:s_err T:Transactions SCOPE:uvm_test_top.env.rknp_agt.sqr STREAM:3398}
  CREATE_STREAM @0 {NAME:v T:Transactions SCOPE:uvm_test_top.env.vseqr STREAM:1204}
  CREATE_STREAM @0 {NAME:s_err T:Transactions SCOPE:uvm_test_top.env.rknp_agt.sqr STREAM:1213}
  CREATE_STREAM @0 {NAME:v T:Transactions SCOPE:uvm_test_top.env.vseqr STREAM:1204}
  CREATE_STREAM @0 {NAME:s_err T:Transactions SCOPE:uvm_test_top.env.rknp_agt.sqr STREAM:1213}
  CREATE_STREAM @0 {NAME:v T:Transactions SCOPE:uvm_test_top.env.vseqr STREAM:1204}
  CREATE_STREAM @0 {NAME:s_err T:Transactions SCOPE:uvm_test_top.env.rknp_agt.sqr STREAM:1213}
  CREATE_STREAM @0 {NAME:v T:Transactions SCOPE:uvm_test_top.env.vseqr STREAM:1204}
  CREATE_STREAM @0 {NAME:s_err T:Transactions SCOPE:uvm_test_top.env.rknp_agt.sqr STREAM:1213}
  CREATE_STREAM @0 {NAME:v T:Transactions SCOPE:uvm_test_top.env.vseqr STREAM:1204}
  CREATE_STREAM @0 {NAME:s_err T:Transactions SCOPE:uvm_test_top.env.rknp_agt.sqr STREAM:1213}
  CREATE_STREAM @0 {NAME:v T:Transactions SCOPE:uvm_test_top.env.vseqr STREAM:1204}
  CREATE_STREAM @0 {NAME:s_err T:Transactions SCOPE:uvm_test_top.env.rknp_agt.sqr STREAM:1213}
  CREATE_STREAM @0 {NAME:v T:Transactions SCOPE:uvm_test_top.env.vseqr STREAM:1204}
  CREATE_STREAM @0 {NAME:s_err T:Transactions SCOPE:uvm_test_top.env.rknp_agt.sqr STREAM:1213}
  CREATE_STREAM @0 {NAME:v T:Transactions SCOPE:uvm_test_top.env.vseqr STREAM:1204}
  CREATE_STREAM @0 {NAME:s_err T:Transactions SCOPE:uvm_test_top.env.rknp_agt.sqr STREAM:1213}
  CREATE_STREAM @0 {NAME:v T:Transactions SCOPE:uvm_test_top.env.vseqr STREAM:1204}
  CREATE_STREAM @0 {NAME:s_err T:Transactions SCOPE:uvm_test_top.env.rknp_agt.sqr STREAM:1213}
  CREATE_STREAM @0 {NAME:v T:Transactions SCOPE:uvm_test_top.env.vseqr STREAM:1204}
  CREATE_STREAM @0 {NAME:s_err T:Transactions SCOPE:uvm_test_top.env.rknp_agt.sqr STREAM:1213}
  CREATE_STREAM @0 {NAME:v T:Transactions SCOPE:uvm_test_top.env.vseqr STREAM:1204}
  CREATE_STREAM @0 {NAME:s_err T:Transactions SCOPE:uvm_test_top.env.rknp_agt.sqr STREAM:1213}
  CREATE_STREAM @0 {NAME:v T:Transactions SCOPE:uvm_test_top.env.vseqr STREAM:1204}
  CREATE_STREAM @0 {NAME:s_err T:Transactions SCOPE:uvm_test_top.env.rknp_agt.sqr STREAM:1213}
  CREATE_STREAM @0 {NAME:v T:Transactions SCOPE:uvm_test_top.env.vseqr STREAM:1204}
  CREATE_STREAM @0 {NAME:s_err T:Transactions SCOPE:uvm_test_top.env.rknp_agt.sqr STREAM:1213}
  CREATE_STREAM @0 {NAME:seq T:Transactions SCOPE:uvm_test_top.env.rknp_agt.sqr STREAM:1204}
  CREATE_STREAM @0 {NAME:seq T:Transactions SCOPE:uvm_test_top.env.rknp_agt.sqr STREAM:1204}
  CREATE_STREAM @0 {NAME:seq T:Transactions SCOPE:uvm_test_top.env.rknp_agt.sqr STREAM:1204}
  CREATE_STREAM @0 {NAME:seq T:Transactions SCOPE:uvm_test_top.env.rknp_agt.sqr STREAM:1204}
  CREATE_STREAM @0 {NAME:seq T:Transactions SCOPE:uvm_test_top.env.rknp_agt.sqr STREAM:1204}
  CREATE_STREAM @0 {NAME:seq T:Transactions SCOPE:uvm_test_top.env.rknp_agt.sqr STREAM:1204}
  CREATE_STREAM @0 {NAME:seq T:Transactions SCOPE:uvm_test_top.env.rknp_agt.sqr STREAM:1204}
  CREATE_STREAM @0 {NAME:seq T:Transactions SCOPE:uvm_test_top.env.rknp_agt.sqr STREAM:1204}
  CREATE_STREAM @0 {NAME:seq T:Transactions SCOPE:uvm_test_top.env.rknp_agt.sqr STREAM:1204}
  CREATE_STREAM @0 {NAME:seq T:Transactions SCOPE:uvm_test_top.env.rknp_agt.sqr STREAM:1204}
  CREATE_STREAM @0 {NAME:seq T:Transactions SCOPE:uvm_test_top.env.rknp_agt.sqr STREAM:1204}
  CREATE_STREAM @0 {NAME:seq T:Transactions SCOPE:uvm_test_top.env.rknp_agt.sqr STREAM:1204}
  CREATE_STREAM @0 {NAME:seq T:Transactions SCOPE:uvm_test_top.env.rknp_agt.sqr STREAM:1204}
  CREATE_STREAM @0 {NAME:seq T:Transactions SCOPE:uvm_test_top.env.rknp_agt.sqr STREAM:1204}
  CREATE_STREAM @0 {NAME:seq T:Transactions SCOPE:uvm_test_top.env.rknp_agt.sqr STREAM:1204}
  CREATE_STREAM @0 {NAME:seq T:Transactions SCOPE:uvm_test_top.env.rknp_agt.sqr STREAM:1204}
  CREATE_STREAM @0 {NAME:seq T:Transactions SCOPE:uvm_test_top.env.rknp_agt.sqr STREAM:1204}
  CREATE_STREAM @0 {NAME:seq T:Transactions SCOPE:uvm_test_top.env.rknp_agt.sqr STREAM:1204}
  CREATE_STREAM @0 {NAME:seq T:Transactions SCOPE:uvm_test_top.env.rknp_agt.sqr STREAM:1204}
  CREATE_STREAM @0 {NAME:seq T:Transactions SCOPE:uvm_test_top.env.rknp_agt.sqr STREAM:1204}
  CREATE_STREAM @0 {NAME:seq T:Transactions SCOPE:uvm_test_top.env.rknp_agt.sqr STREAM:1204}
  CREATE_STREAM @0 {NAME:seq T:Transactions SCOPE:uvm_test_top.env.rknp_agt.sqr STREAM:1204}
  CREATE_STREAM @0 {NAME:seq T:Transactions SCOPE:uvm_test_top.env.rknp_agt.sqr STREAM:1204}
  CREATE_STREAM @0 {NAME:seq T:Transactions SCOPE:uvm_test_top.env.rknp_agt.sqr STREAM:1204}
  CREATE_STREAM @0 {NAME:seq T:Transactions SCOPE:uvm_test_top.env.rknp_agt.sqr STREAM:1204}
  CREATE_STREAM @0 {NAME:seq T:Transactions SCOPE:uvm_test_top.env.rknp_agt.sqr STREAM:1204}
  CREATE_STREAM @0 {NAME:seq T:Transactions SCOPE:uvm_test_top.env.rknp_agt.sqr STREAM:1204}
  CREATE_STREAM @0 {NAME:seq T:Transactions SCOPE:uvm_test_top.env.rknp_agt.sqr STREAM:1204}
  CREATE_STREAM @0 {NAME:seq T:Transactions SCOPE:uvm_test_top.env.rknp_agt.sqr STREAM:1204}
  CREATE_STREAM @0 {NAME:seq T:Transactions SCOPE:uvm_test_top.env.rknp_agt.sqr STREAM:1204}
  CREATE_STREAM @0 {NAME:seq T:Transactions SCOPE:uvm_test_top.env.rknp_agt.sqr STREAM:1204}
  CREATE_STREAM @0 {NAME:seq T:Transactions SCOPE:uvm_test_top.env.rknp_agt.sqr STREAM:1204}
  CREATE_STREAM @0 {NAME:seq T:Transactions SCOPE:uvm_test_top.env.rknp_agt.sqr STREAM:1204}
  CREATE_STREAM @0 {NAME:seq T:Transactions SCOPE:uvm_test_top.env.rknp_agt.sqr STREAM:1204}
  CREATE_STREAM @0 {NAME:seq T:Transactions SCOPE:uvm_test_top.env.rknp_agt.sqr STREAM:1204}
  CREATE_STREAM @0 {NAME:seq T:Transactions SCOPE:uvm_test_top.env.rknp_agt.sqr STREAM:1204}
  CREATE_STREAM @0 {NAME:seq T:Transactions SCOPE:uvm_test_top.env.rknp_agt.sqr STREAM:1204}
  CREATE_STREAM @0 {NAME:seq T:Transactions SCOPE:uvm_test_top.env.rknp_agt.sqr STREAM:1204}
  CREATE_STREAM @0 {NAME:seq T:Transactions SCOPE:uvm_test_top.env.rknp_agt.sqr STREAM:1204}
  CREATE_STREAM @0 {NAME:seq T:Transactions SCOPE:uvm_test_top.env.rknp_agt.sqr STREAM:1204}
  CREATE_STREAM @0 {NAME:seq T:Transactions SCOPE:uvm_test_top.env.rknp_agt.sqr STREAM:1204}
  CREATE_STREAM @0 {NAME:seq T:Transactions SCOPE:uvm_test_top.env.rknp_agt.sqr STREAM:1204}
  CREATE_STREAM @0 {NAME:seq T:Transactions SCOPE:uvm_test_top.env.rknp_agt.sqr STREAM:1204}
  CREATE_STREAM @0 {NAME:seq T:Transactions SCOPE:uvm_test_top.env.rknp_agt.sqr STREAM:1204}
  CREATE_STREAM @0 {NAME:seq T:Transactions SCOPE:uvm_test_top.env.rknp_agt.sqr STREAM:1204}
  CREATE_STREAM @0 {NAME:seq T:Transactions SCOPE:uvm_test_top.env.rknp_agt.sqr STREAM:1204}
  CREATE_STREAM @0 {NAME:seq T:Transactions SCOPE:uvm_test_top.env.rknp_agt.sqr STREAM:1204}
  CREATE_STREAM @0 {NAME:seq T:Transactions SCOPE:uvm_test_top.env.rknp_agt.sqr STREAM:1204}
  CREATE_STREAM @0 {NAME:seq T:Transactions SCOPE:uvm_test_top.env.rknp_agt.sqr STREAM:1204}
  CREATE_STREAM @0 {NAME:seq T:Transactions SCOPE:uvm_test_top.env.rknp_agt.sqr STREAM:1204}
  CREATE_STREAM @0 {NAME:seq T:Transactions SCOPE:uvm_test_top.env.rknp_agt.sqr STREAM:1204}
  CREATE_STREAM @0 {NAME:seq T:Transactions SCOPE:uvm_test_top.env.rknp_agt.sqr STREAM:1204}
  CREATE_STREAM @0 {NAME:seq T:Transactions SCOPE:uvm_test_top.env.rknp_agt.sqr STREAM:1204}
  CREATE_STREAM @0 {NAME:seq T:Transactions SCOPE:uvm_test_top.env.rknp_agt.sqr STREAM:1204}
  CREATE_STREAM @0 {NAME:seq T:Transactions SCOPE:uvm_test_top.env.rknp_agt.sqr STREAM:1204}
  CREATE_STREAM @0 {NAME:seq T:Transactions SCOPE:uvm_test_top.env.rknp_agt.sqr STREAM:1204}
  CREATE_STREAM @0 {NAME:seq T:Transactions SCOPE:uvm_test_top.env.rknp_agt.sqr STREAM:1204}
  CREATE_STREAM @0 {NAME:seq T:Transactions SCOPE:uvm_test_top.env.rknp_agt.sqr STREAM:1204}
  CREATE_STREAM @0 {NAME:seq T:Transactions SCOPE:uvm_test_top.env.rknp_agt.sqr STREAM:1204}
  CREATE_STREAM @0 {NAME:seq T:Transactions SCOPE:uvm_test_top.env.rknp_agt.sqr STREAM:1204}
  CREATE_STREAM @0 {NAME:seq T:Transactions SCOPE:uvm_test_top.env.rknp_agt.sqr STREAM:1204}
  CREATE_STREAM @0 {NAME:seq T:Transactions SCOPE:uvm_test_top.env.rknp_agt.sqr STREAM:1204}
  CREATE_STREAM @0 {NAME:seq T:Transactions SCOPE:uvm_test_top.env.rknp_agt.sqr STREAM:1204}
  CREATE_STREAM @0 {NAME:seq T:Transactions SCOPE:uvm_test_top.env.rknp_agt.sqr STREAM:1204}
  CREATE_STREAM @0 {NAME:seq T:Transactions SCOPE:uvm_test_top.env.rknp_agt.sqr STREAM:1204}
  CREATE_STREAM @0 {NAME:seq T:Transactions SCOPE:uvm_test_top.env.rknp_agt.sqr STREAM:1204}
  CREATE_STREAM @0 {NAME:seq T:Transactions SCOPE:uvm_test_top.env.rknp_agt.sqr STREAM:1204}
  CREATE_STREAM @0 {NAME:seq T:Transactions SCOPE:uvm_test_top.env.rknp_agt.sqr STREAM:1204}
  CREATE_STREAM @0 {NAME:seq T:Transactions SCOPE:uvm_test_top.env.rknp_agt.sqr STREAM:1204}
  CREATE_STREAM @0 {NAME:seq T:Transactions SCOPE:uvm_test_top.env.rknp_agt.sqr STREAM:1204}
  CREATE_STREAM @0 {NAME:seq T:Transactions SCOPE:uvm_test_top.env.rknp_agt.sqr STREAM:1204}
  CREATE_STREAM @0 {NAME:seq T:Transactions SCOPE:uvm_test_top.env.rknp_agt.sqr STREAM:1204}
  CREATE_STREAM @0 {NAME:seq T:Transactions SCOPE:uvm_test_top.env.rknp_agt.sqr STREAM:1204}
  CREATE_STREAM @0 {NAME:seq T:Transactions SCOPE:uvm_test_top.env.rknp_agt.sqr STREAM:1204}
  CREATE_STREAM @0 {NAME:seq T:Transactions SCOPE:uvm_test_top.env.rknp_agt.sqr STREAM:1204}
  CREATE_STREAM @0 {NAME:seq T:Transactions SCOPE:uvm_test_top.env.rknp_agt.sqr STREAM:1204}
  CREATE_STREAM @0 {NAME:seq T:Transactions SCOPE:uvm_test_top.env.rknp_agt.sqr STREAM:1204}
  CREATE_STREAM @0 {NAME:seq T:Transactions SCOPE:uvm_test_top.env.rknp_agt.sqr STREAM:1204}
  CREATE_STREAM @0 {NAME:seq T:Transactions SCOPE:uvm_test_top.env.rknp_agt.sqr STREAM:1204}
  CREATE_STREAM @0 {NAME:seq T:Transactions SCOPE:uvm_test_top.env.rknp_agt.sqr STREAM:1204}
  CREATE_STREAM @0 {NAME:seq T:Transactions SCOPE:uvm_test_top.env.rknp_agt.sqr STREAM:1204}
  CREATE_STREAM @0 {NAME:seq T:Transactions SCOPE:uvm_test_top.env.rknp_agt.sqr STREAM:1204}
  CREATE_STREAM @0 {NAME:seq T:Transactions SCOPE:uvm_test_top.env.rknp_agt.sqr STREAM:1204}
  CREATE_STREAM @0 {NAME:seq T:Transactions SCOPE:uvm_test_top.env.rknp_agt.sqr STREAM:1204}
  CREATE_STREAM @0 {NAME:seq T:Transactions SCOPE:uvm_test_top.env.rknp_agt.sqr STREAM:1204}
  CREATE_STREAM @0 {NAME:seq T:Transactions SCOPE:uvm_test_top.env.rknp_agt.sqr STREAM:1204}
  CREATE_STREAM @0 {NAME:seq T:Transactions SCOPE:uvm_test_top.env.rknp_agt.sqr STREAM:1204}
  CREATE_STREAM @0 {NAME:seq T:Transactions SCOPE:uvm_test_top.env.rknp_agt.sqr STREAM:1204}
  CREATE_STREAM @0 {NAME:seq T:Transactions SCOPE:uvm_test_top.env.rknp_agt.sqr STREAM:1204}
  CREATE_STREAM @0 {NAME:seq T:Transactions SCOPE:uvm_test_top.env.rknp_agt.sqr STREAM:1204}
  CREATE_STREAM @0 {NAME:seq T:Transactions SCOPE:uvm_test_top.env.rknp_agt.sqr STREAM:1204}
  CREATE_STREAM @0 {NAME:seq T:Transactions SCOPE:uvm_test_top.env.rknp_agt.sqr STREAM:1204}
  CREATE_STREAM @0 {NAME:seq T:Transactions SCOPE:uvm_test_top.env.rknp_agt.sqr STREAM:1204}
  CREATE_STREAM @0 {NAME:seq T:Transactions SCOPE:uvm_test_top.env.rknp_agt.sqr STREAM:1204}
  CREATE_STREAM @0 {NAME:seq T:Transactions SCOPE:uvm_test_top.env.rknp_agt.sqr STREAM:1204}
  CREATE_STREAM @0 {NAME:seq T:Transactions SCOPE:uvm_test_top.env.rknp_agt.sqr STREAM:1204}
  CREATE_STREAM @0 {NAME:seq T:Transactions SCOPE:uvm_test_top.env.rknp_agt.sqr STREAM:1204}
  CREATE_STREAM @0 {NAME:seq T:Transactions SCOPE:uvm_test_top.env.rknp_agt.sqr STREAM:1204}
  CREATE_STREAM @0 {NAME:seq T:Transactions SCOPE:uvm_test_top.env.rknp_agt.sqr STREAM:1204}
  CREATE_STREAM @0 {NAME:seq T:Transactions SCOPE:uvm_test_top.env.rknp_agt.sqr STREAM:1204}
  CREATE_STREAM @0 {NAME:seq T:Transactions SCOPE:uvm_test_top.env.rknp_agt.sqr STREAM:1204}
  CREATE_STREAM @0 {NAME:seq T:Transactions SCOPE:uvm_test_top.env.rknp_agt.sqr STREAM:1204}
  CREATE_STREAM @0 {NAME:seq T:Transactions SCOPE:uvm_test_top.env.rknp_agt.sqr STREAM:1204}
  CREATE_STREAM @0 {NAME:seq T:Transactions SCOPE:uvm_test_top.env.rknp_agt.sqr STREAM:1204}
  CREATE_STREAM @0 {NAME:seq T:Transactions SCOPE:uvm_test_top.env.rknp_agt.sqr STREAM:1204}
  CREATE_STREAM @0 {NAME:seq T:Transactions SCOPE:uvm_test_top.env.rknp_agt.sqr STREAM:1204}
  CREATE_STREAM @0 {NAME:seq T:Transactions SCOPE:uvm_test_top.env.rknp_agt.sqr STREAM:1204}
  CREATE_STREAM @0 {NAME:seq T:Transactions SCOPE:uvm_test_top.env.rknp_agt.sqr STREAM:1204}
  CREATE_STREAM @0 {NAME:seq T:Transactions SCOPE:uvm_test_top.env.rknp_agt.sqr STREAM:1204}
  CREATE_STREAM @0 {NAME:seq T:Transactions SCOPE:uvm_test_top.env.rknp_agt.sqr STREAM:1204}
  CREATE_STREAM @0 {NAME:seq T:Transactions SCOPE:uvm_test_top.env.rknp_agt.sqr STREAM:1204}
  CREATE_STREAM @0 {NAME:seq T:Transactions SCOPE:uvm_test_top.env.rknp_agt.sqr STREAM:1204}
  CREATE_STREAM @0 {NAME:seq T:Transactions SCOPE:uvm_test_top.env.rknp_agt.sqr STREAM:1204}
  CREATE_STREAM @0 {NAME:seq T:Transactions SCOPE:uvm_test_top.env.rknp_agt.sqr STREAM:1204}
  CREATE_STREAM @0 {NAME:seq T:Transactions SCOPE:uvm_test_top.env.rknp_agt.sqr STREAM:1204}
  CREATE_STREAM @0 {NAME:seq T:Transactions SCOPE:uvm_test_top.env.rknp_agt.sqr STREAM:1204}
  CREATE_STREAM @0 {NAME:seq T:Transactions SCOPE:uvm_test_top.env.rknp_agt.sqr STREAM:1204}
  CREATE_STREAM @0 {NAME:seq T:Transactions SCOPE:uvm_test_top.env.rknp_agt.sqr STREAM:1204}
  CREATE_STREAM @0 {NAME:seq T:Transactions SCOPE:uvm_test_top.env.rknp_agt.sqr STREAM:1204}
  CREATE_STREAM @0 {NAME:seq T:Transactions SCOPE:uvm_test_top.env.rknp_agt.sqr STREAM:1204}
  CREATE_STREAM @0 {NAME:seq T:Transactions SCOPE:uvm_test_top.env.rknp_agt.sqr STREAM:1204}
  CREATE_STREAM @0 {NAME:seq T:Transactions SCOPE:uvm_test_top.env.rknp_agt.sqr STREAM:1204}
  CREATE_STREAM @0 {NAME:seq T:Transactions SCOPE:uvm_test_top.env.rknp_agt.sqr STREAM:1204}
  CREATE_STREAM @0 {NAME:seq T:Transactions SCOPE:uvm_test_top.env.rknp_agt.sqr STREAM:1204}
  CREATE_STREAM @0 {NAME:seq T:Transactions SCOPE:uvm_test_top.env.rknp_agt.sqr STREAM:1204}
  CREATE_STREAM @0 {NAME:seq T:Transactions SCOPE:uvm_test_top.env.rknp_agt.sqr STREAM:1204}
  CREATE_STREAM @0 {NAME:seq T:Transactions SCOPE:uvm_test_top.env.rknp_agt.sqr STREAM:1204}
  CREATE_STREAM @0 {NAME:seq T:Transactions SCOPE:uvm_test_top.env.rknp_agt.sqr STREAM:1204}
  CREATE_STREAM @0 {NAME:seq T:Transactions SCOPE:uvm_test_top.env.rknp_agt.sqr STREAM:1204}
  CREATE_STREAM @0 {NAME:seq T:Transactions SCOPE:uvm_test_top.env.rknp_agt.sqr STREAM:1204}
  CREATE_STREAM @0 {NAME:seq T:Transactions SCOPE:uvm_test_top.env.rknp_agt.sqr STREAM:1204}
  CREATE_STREAM @0 {NAME:seq T:Transactions SCOPE:uvm_test_top.env.rknp_agt.sqr STREAM:1204}
  CREATE_STREAM @0 {NAME:seq T:Transactions SCOPE:uvm_test_top.env.rknp_agt.sqr STREAM:1204}
  CREATE_STREAM @0 {NAME:seq T:Transactions SCOPE:uvm_test_top.env.rknp_agt.sqr STREAM:1204}
  CREATE_STREAM @0 {NAME:seq T:Transactions SCOPE:uvm_test_top.env.rknp_agt.sqr STREAM:1204}
  CREATE_STREAM @0 {NAME:seq T:Transactions SCOPE:uvm_test_top.env.rknp_agt.sqr STREAM:1204}
  CREATE_STREAM @0 {NAME:seq T:Transactions SCOPE:uvm_test_top.env.rknp_agt.sqr STREAM:1204}
  CREATE_STREAM @0 {NAME:seq T:Transactions SCOPE:uvm_test_top.env.rknp_agt.sqr STREAM:1204}
  CREATE_STREAM @0 {NAME:seq T:Transactions SCOPE:uvm_test_top.env.rknp_agt.sqr STREAM:1204}
  CREATE_STREAM @0 {NAME:seq T:Transactions SCOPE:uvm_test_top.env.rknp_agt.sqr STREAM:1204}
  CREATE_STREAM @0 {NAME:seq T:Transactions SCOPE:uvm_test_top.env.rknp_agt.sqr STREAM:1204}
  CREATE_STREAM @0 {NAME:seq T:Transactions SCOPE:uvm_test_top.env.rknp_agt.sqr STREAM:1204}
  CREATE_STREAM @0 {NAME:seq T:Transactions SCOPE:uvm_test_top.env.rknp_agt.sqr STREAM:1204}
  CREATE_STREAM @0 {NAME:seq T:Transactions SCOPE:uvm_test_top.env.rknp_agt.sqr STREAM:1204}
  CREATE_STREAM @0 {NAME:seq T:Transactions SCOPE:uvm_test_top.env.rknp_agt.sqr STREAM:1204}
  CREATE_STREAM @0 {NAME:seq T:Transactions SCOPE:uvm_test_top.env.rknp_agt.sqr STREAM:1204}
  CREATE_STREAM @0 {NAME:seq T:Transactions SCOPE:uvm_test_top.env.rknp_agt.sqr STREAM:1204}
  CREATE_STREAM @0 {NAME:seq T:Transactions SCOPE:uvm_test_top.env.rknp_agt.sqr STREAM:1204}
  CREATE_STREAM @0 {NAME:seq T:Transactions SCOPE:uvm_test_top.env.rknp_agt.sqr STREAM:1204}
  CREATE_STREAM @0 {NAME:seq T:Transactions SCOPE:uvm_test_top.env.rknp_agt.sqr STREAM:1204}
  CREATE_STREAM @0 {NAME:seq T:Transactions SCOPE:uvm_test_top.env.rknp_agt.sqr STREAM:1204}
  CREATE_STREAM @0 {NAME:seq T:Transactions SCOPE:uvm_test_top.env.rknp_agt.sqr STREAM:1204}
  CREATE_STREAM @0 {NAME:seq T:Transactions SCOPE:uvm_test_top.env.rknp_agt.sqr STREAM:1204}
  CREATE_STREAM @0 {NAME:seq T:Transactions SCOPE:uvm_test_top.env.rknp_agt.sqr STREAM:1204}
  CREATE_STREAM @0 {NAME:seq T:Transactions SCOPE:uvm_test_top.env.rknp_agt.sqr STREAM:1204}
  CREATE_STREAM @0 {NAME:seq T:Transactions SCOPE:uvm_test_top.env.rknp_agt.sqr STREAM:1204}
  CREATE_STREAM @0 {NAME:seq T:Transactions SCOPE:uvm_test_top.env.rknp_agt.sqr STREAM:1204}
  CREATE_STREAM @0 {NAME:seq T:Transactions SCOPE:uvm_test_top.env.rknp_agt.sqr STREAM:1204}
  CREATE_STREAM @0 {NAME:seq T:Transactions SCOPE:uvm_test_top.env.rknp_agt.sqr STREAM:1204}
  CREATE_STREAM @0 {NAME:seq T:Transactions SCOPE:uvm_test_top.env.rknp_agt.sqr STREAM:1204}
  CREATE_STREAM @0 {NAME:seq T:Transactions SCOPE:uvm_test_top.env.rknp_agt.sqr STREAM:1204}
  CREATE_STREAM @0 {NAME:seq T:Transactions SCOPE:uvm_test_top.env.rknp_agt.sqr STREAM:1204}
  CREATE_STREAM @0 {NAME:seq T:Transactions SCOPE:uvm_test_top.env.rknp_agt.sqr STREAM:1204}
  CREATE_STREAM @0 {NAME:seq T:Transactions SCOPE:uvm_test_top.env.rknp_agt.sqr STREAM:1204}
  CREATE_STREAM @0 {NAME:seq T:Transactions SCOPE:uvm_test_top.env.rknp_agt.sqr STREAM:1204}
  CREATE_STREAM @0 {NAME:seq T:Transactions SCOPE:uvm_test_top.env.rknp_agt.sqr STREAM:1204}
  CREATE_STREAM @0 {NAME:seq T:Transactions SCOPE:uvm_test_top.env.rknp_agt.sqr STREAM:1204}
  CREATE_STREAM @0 {NAME:seq T:Transactions SCOPE:uvm_test_top.env.rknp_agt.sqr STREAM:1204}
  CREATE_STREAM @0 {NAME:seq T:Transactions SCOPE:uvm_test_top.env.rknp_agt.sqr STREAM:1204}
  CREATE_STREAM @0 {NAME:seq T:Transactions SCOPE:uvm_test_top.env.rknp_agt.sqr STREAM:1204}
  CREATE_STREAM @0 {NAME:seq T:Transactions SCOPE:uvm_test_top.env.rknp_agt.sqr STREAM:1204}
  CREATE_STREAM @0 {NAME:seq T:Transactions SCOPE:uvm_test_top.env.rknp_agt.sqr STREAM:1204}
  CREATE_STREAM @0 {NAME:seq T:Transactions SCOPE:uvm_test_top.env.rknp_agt.sqr STREAM:1204}
  CREATE_STREAM @0 {NAME:seq T:Transactions SCOPE:uvm_test_top.env.rknp_agt.sqr STREAM:1204}
  CREATE_STREAM @0 {NAME:seq T:Transactions SCOPE:uvm_test_top.env.rknp_agt.sqr STREAM:1204}
  CREATE_STREAM @0 {NAME:seq T:Transactions SCOPE:uvm_test_top.env.rknp_agt.sqr STREAM:1204}
  CREATE_STREAM @0 {NAME:seq T:Transactions SCOPE:uvm_test_top.env.rknp_agt.sqr STREAM:1204}
  CREATE_STREAM @0 {NAME:seq T:Transactions SCOPE:uvm_test_top.env.rknp_agt.sqr STREAM:1204}
  CREATE_STREAM @0 {NAME:seq T:Transactions SCOPE:uvm_test_top.env.rknp_agt.sqr STREAM:1204}
  CREATE_STREAM @0 {NAME:seq T:Transactions SCOPE:uvm_test_top.env.rknp_agt.sqr STREAM:1204}
  CREATE_STREAM @0 {NAME:seq T:Transactions SCOPE:uvm_test_top.env.rknp_agt.sqr STREAM:1204}
  CREATE_STREAM @0 {NAME:seq T:Transactions SCOPE:uvm_test_top.env.rknp_agt.sqr STREAM:1204}
  CREATE_STREAM @0 {NAME:seq T:Transactions SCOPE:uvm_test_top.env.rknp_agt.sqr STREAM:1204}
  CREATE_STREAM @0 {NAME:seq T:Transactions SCOPE:uvm_test_top.env.rknp_agt.sqr STREAM:1204}
  CREATE_STREAM @0 {NAME:seq T:Transactions SCOPE:uvm_test_top.env.rknp_agt.sqr STREAM:1204}
  CREATE_STREAM @0 {NAME:seq T:Transactions SCOPE:uvm_test_top.env.rknp_agt.sqr STREAM:1204}
  CREATE_STREAM @0 {NAME:seq T:Transactions SCOPE:uvm_test_top.env.rknp_agt.sqr STREAM:1204}
  CREATE_STREAM @0 {NAME:seq T:Transactions SCOPE:uvm_test_top.env.rknp_agt.sqr STREAM:1204}
  CREATE_STREAM @0 {NAME:seq T:Transactions SCOPE:uvm_test_top.env.rknp_agt.sqr STREAM:1204}
  CREATE_STREAM @0 {NAME:seq T:Transactions SCOPE:uvm_test_top.env.rknp_agt.sqr STREAM:1204}
  CREATE_STREAM @0 {NAME:seq T:Transactions SCOPE:uvm_test_top.env.rknp_agt.sqr STREAM:1204}
  CREATE_STREAM @0 {NAME:seq T:Transactions SCOPE:uvm_test_top.env.rknp_agt.sqr STREAM:1204}
  CREATE_STREAM @0 {NAME:seq T:Transactions SCOPE:uvm_test_top.env.rknp_agt.sqr STREAM:1204}
  CREATE_STREAM @0 {NAME:seq T:Transactions SCOPE:uvm_test_top.env.rknp_agt.sqr STREAM:1204}
  CREATE_STREAM @0 {NAME:seq T:Transactions SCOPE:uvm_test_top.env.rknp_agt.sqr STREAM:1204}
  CREATE_STREAM @0 {NAME:seq T:Transactions SCOPE:uvm_test_top.env.rknp_agt.sqr STREAM:1204}
  CREATE_STREAM @0 {NAME:seq T:Transactions SCOPE:uvm_test_top.env.rknp_agt.sqr STREAM:1204}
  CREATE_STREAM @0 {NAME:seq T:Transactions SCOPE:uvm_test_top.env.rknp_agt.sqr STREAM:1204}
  CREATE_STREAM @0 {NAME:seq T:Transactions SCOPE:uvm_test_top.env.rknp_agt.sqr STREAM:1204}
  CREATE_STREAM @0 {NAME:seq T:Transactions SCOPE:uvm_test_top.env.rknp_agt.sqr STREAM:1204}
  CREATE_STREAM @0 {NAME:seq T:Transactions SCOPE:uvm_test_top.env.rknp_agt.sqr STREAM:1204}
  CREATE_STREAM @0 {NAME:seq T:Transactions SCOPE:uvm_test_top.env.rknp_agt.sqr STREAM:1204}
  CREATE_STREAM @0 {NAME:seq T:Transactions SCOPE:uvm_test_top.env.rknp_agt.sqr STREAM:1204}
  CREATE_STREAM @0 {NAME:seq T:Transactions SCOPE:uvm_test_top.env.rknp_agt.sqr STREAM:1204}
  CREATE_STREAM @0 {NAME:seq T:Transactions SCOPE:uvm_test_top.env.rknp_agt.sqr STREAM:1204}
  CREATE_STREAM @0 {NAME:seq T:Transactions SCOPE:uvm_test_top.env.rknp_agt.sqr STREAM:1204}
  CREATE_STREAM @0 {NAME:seq T:Transactions SCOPE:uvm_test_top.env.rknp_agt.sqr STREAM:1204}
  CREATE_STREAM @0 {NAME:seq T:Transactions SCOPE:uvm_test_top.env.rknp_agt.sqr STREAM:1204}
  CREATE_STREAM @0 {NAME:seq T:Transactions SCOPE:uvm_test_top.env.rknp_agt.sqr STREAM:1204}
  CREATE_STREAM @0 {NAME:seq T:Transactions SCOPE:uvm_test_top.env.rknp_agt.sqr STREAM:1204}
  CREATE_STREAM @0 {NAME:seq T:Transactions SCOPE:uvm_test_top.env.rknp_agt.sqr STREAM:1204}
  CREATE_STREAM @0 {NAME:seq T:Transactions SCOPE:uvm_test_top.env.rknp_agt.sqr STREAM:1204}
  CREATE_STREAM @0 {NAME:seq T:Transactions SCOPE:uvm_test_top.env.rknp_agt.sqr STREAM:1204}
  CREATE_STREAM @0 {NAME:seq T:Transactions SCOPE:uvm_test_top.env.rknp_agt.sqr STREAM:1204}
  CREATE_STREAM @0 {NAME:seq T:Transactions SCOPE:uvm_test_top.env.rknp_agt.sqr STREAM:1204}
  CREATE_STREAM @0 {NAME:seq T:Transactions SCOPE:uvm_test_top.env.rknp_agt.sqr STREAM:1204}
  CREATE_STREAM @0 {NAME:seq T:Transactions SCOPE:uvm_test_top.env.rknp_agt.sqr STREAM:1204}
  CREATE_STREAM @0 {NAME:seq T:Transactions SCOPE:uvm_test_top.env.rknp_agt.sqr STREAM:1204}
  CREATE_STREAM @0 {NAME:seq T:Transactions SCOPE:uvm_test_top.env.rknp_agt.sqr STREAM:1204}
  CREATE_STREAM @0 {NAME:seq T:Transactions SCOPE:uvm_test_top.env.rknp_agt.sqr STREAM:1204}
  CREATE_STREAM @0 {NAME:seq T:Transactions SCOPE:uvm_test_top.env.rknp_agt.sqr STREAM:1204}
  CREATE_STREAM @0 {NAME:seq T:Transactions SCOPE:uvm_test_top.env.rknp_agt.sqr STREAM:1204}
  CREATE_STREAM @0 {NAME:seq T:Transactions SCOPE:uvm_test_top.env.rknp_agt.sqr STREAM:1204}
  CREATE_STREAM @0 {NAME:seq T:Transactions SCOPE:uvm_test_top.env.rknp_agt.sqr STREAM:1204}
  CREATE_STREAM @0 {NAME:seq T:Transactions SCOPE:uvm_test_top.env.rknp_agt.sqr STREAM:1204}
  CREATE_STREAM @0 {NAME:seq T:Transactions SCOPE:uvm_test_top.env.rknp_agt.sqr STREAM:1204}
  CREATE_STREAM @0 {NAME:seq T:Transactions SCOPE:uvm_test_top.env.rknp_agt.sqr STREAM:1204}
  CREATE_STREAM @0 {NAME:seq T:Transactions SCOPE:uvm_test_top.env.rknp_agt.sqr STREAM:1204}
  CREATE_STREAM @0 {NAME:seq T:Transactions SCOPE:uvm_test_top.env.rknp_agt.sqr STREAM:1204}
  CREATE_STREAM @0 {NAME:seq T:Transactions SCOPE:uvm_test_top.env.rknp_agt.sqr STREAM:1204}
  CREATE_STREAM @0 {NAME:seq T:Transactions SCOPE:uvm_test_top.env.rknp_agt.sqr STREAM:1204}
  CREATE_STREAM @0 {NAME:seq T:Transactions SCOPE:uvm_test_top.env.rknp_agt.sqr STREAM:1204}
  CREATE_STREAM @0 {NAME:seq T:Transactions SCOPE:uvm_test_top.env.rknp_agt.sqr STREAM:1204}
  CREATE_STREAM @0 {NAME:seq T:Transactions SCOPE:uvm_test_top.env.rknp_agt.sqr STREAM:1204}
  CREATE_STREAM @0 {NAME:seq T:Transactions SCOPE:uvm_test_top.env.rknp_agt.sqr STREAM:1204}
  CREATE_STREAM @0 {NAME:seq T:Transactions SCOPE:uvm_test_top.env.rknp_agt.sqr STREAM:1204}
  CREATE_STREAM @0 {NAME:seq T:Transactions SCOPE:uvm_test_top.env.rknp_agt.sqr STREAM:1204}
  CREATE_STREAM @0 {NAME:seq T:Transactions SCOPE:uvm_test_top.env.rknp_agt.sqr STREAM:1204}
  CREATE_STREAM @0 {NAME:seq T:Transactions SCOPE:uvm_test_top.env.rknp_agt.sqr STREAM:1204}
  CREATE_STREAM @0 {NAME:seq T:Transactions SCOPE:uvm_test_top.env.rknp_agt.sqr STREAM:1204}
  CREATE_STREAM @0 {NAME:seq T:Transactions SCOPE:uvm_test_top.env.rknp_agt.sqr STREAM:1204}
  CREATE_STREAM @0 {NAME:seq T:Transactions SCOPE:uvm_test_top.env.rknp_agt.sqr STREAM:1204}
  CREATE_STREAM @0 {NAME:seq T:Transactions SCOPE:uvm_test_top.env.rknp_agt.sqr STREAM:1204}
  CREATE_STREAM @0 {NAME:seq T:Transactions SCOPE:uvm_test_top.env.rknp_agt.sqr STREAM:1204}
  CREATE_STREAM @0 {NAME:seq T:Transactions SCOPE:uvm_test_top.env.rknp_agt.sqr STREAM:1204}
  CREATE_STREAM @0 {NAME:seq T:Transactions SCOPE:uvm_test_top.env.rknp_agt.sqr STREAM:1204}
  CREATE_STREAM @0 {NAME:seq T:Transactions SCOPE:uvm_test_top.env.rknp_agt.sqr STREAM:1204}
  CREATE_STREAM @0 {NAME:seq T:Transactions SCOPE:uvm_test_top.env.rknp_agt.sqr STREAM:1204}
  CREATE_STREAM @0 {NAME:seq T:Transactions SCOPE:uvm_test_top.env.rknp_agt.sqr STREAM:1204}
  CREATE_STREAM @0 {NAME:seq T:Transactions SCOPE:uvm_test_top.env.rknp_agt.sqr STREAM:1204}
  CREATE_STREAM @0 {NAME:seq T:Transactions SCOPE:uvm_test_top.env.rknp_agt.sqr STREAM:1204}
  CREATE_STREAM @0 {NAME:seq T:Transactions SCOPE:uvm_test_top.env.rknp_agt.sqr STREAM:1204}
  CREATE_STREAM @0 {NAME:seq T:Transactions SCOPE:uvm_test_top.env.rknp_agt.sqr STREAM:1204}
  CREATE_STREAM @0 {NAME:seq T:Transactions SCOPE:uvm_test_top.env.rknp_agt.sqr STREAM:1204}
  CREATE_STREAM @0 {NAME:seq T:Transactions SCOPE:uvm_test_top.env.rknp_agt.sqr STREAM:1204}
  CREATE_STREAM @0 {NAME:seq T:Transactions SCOPE:uvm_test_top.env.rknp_agt.sqr STREAM:1204}
  CREATE_STREAM @0 {NAME:seq T:Transactions SCOPE:uvm_test_top.env.rknp_agt.sqr STREAM:1204}
  CREATE_STREAM @0 {NAME:seq T:Transactions SCOPE:uvm_test_top.env.rknp_agt.sqr STREAM:1204}
  CREATE_STREAM @0 {NAME:seq T:Transactions SCOPE:uvm_test_top.env.rknp_agt.sqr STREAM:1204}
  CREATE_STREAM @0 {NAME:seq T:Transactions SCOPE:uvm_test_top.env.rknp_agt.sqr STREAM:1204}
  CREATE_STREAM @0 {NAME:seq T:Transactions SCOPE:uvm_test_top.env.rknp_agt.sqr STREAM:1204}
  CREATE_STREAM @0 {NAME:seq T:Transactions SCOPE:uvm_test_top.env.rknp_agt.sqr STREAM:1204}
  CREATE_STREAM @0 {NAME:seq T:Transactions SCOPE:uvm_test_top.env.rknp_agt.sqr STREAM:1204}
  CREATE_STREAM @0 {NAME:seq T:Transactions SCOPE:uvm_test_top.env.rknp_agt.sqr STREAM:1204}
  CREATE_STREAM @0 {NAME:seq T:Transactions SCOPE:uvm_test_top.env.rknp_agt.sqr STREAM:1204}
  CREATE_STREAM @0 {NAME:seq T:Transactions SCOPE:uvm_test_top.env.rknp_agt.sqr STREAM:1204}
  CREATE_STREAM @0 {NAME:seq T:Transactions SCOPE:uvm_test_top.env.rknp_agt.sqr STREAM:1204}
  CREATE_STREAM @0 {NAME:seq T:Transactions SCOPE:uvm_test_top.env.rknp_agt.sqr STREAM:1204}
  CREATE_STREAM @0 {NAME:seq T:Transactions SCOPE:uvm_test_top.env.rknp_agt.sqr STREAM:1204}
  CREATE_STREAM @0 {NAME:seq T:Transactions SCOPE:uvm_test_top.env.rknp_agt.sqr STREAM:1204}
  CREATE_STREAM @0 {NAME:seq T:Transactions SCOPE:uvm_test_top.env.rknp_agt.sqr STREAM:1204}
  CREATE_STREAM @0 {NAME:seq T:Transactions SCOPE:uvm_test_top.env.rknp_agt.sqr STREAM:1204}
  CREATE_STREAM @0 {NAME:seq T:Transactions SCOPE:uvm_test_top.env.rknp_agt.sqr STREAM:1204}
  CREATE_STREAM @0 {NAME:seq T:Transactions SCOPE:uvm_test_top.env.rknp_agt.sqr STREAM:1204}
  CREATE_STREAM @0 {NAME:seq T:Transactions SCOPE:uvm_test_top.env.rknp_agt.sqr STREAM:1204}
  CREATE_STREAM @0 {NAME:seq T:Transactions SCOPE:uvm_test_top.env.rknp_agt.sqr STREAM:1204}
  CREATE_STREAM @0 {NAME:seq T:Transactions SCOPE:uvm_test_top.env.rknp_agt.sqr STREAM:1204}
  CREATE_STREAM @0 {NAME:seq T:Transactions SCOPE:uvm_test_top.env.rknp_agt.sqr STREAM:1204}
  CREATE_STREAM @0 {NAME:seq T:Transactions SCOPE:uvm_test_top.env.rknp_agt.sqr STREAM:1204}
  CREATE_STREAM @0 {NAME:seq T:Transactions SCOPE:uvm_test_top.env.rknp_agt.sqr STREAM:1204}
  CREATE_STREAM @0 {NAME:seq T:Transactions SCOPE:uvm_test_top.env.rknp_agt.sqr STREAM:1204}
  CREATE_STREAM @0 {NAME:seq T:Transactions SCOPE:uvm_test_top.env.rknp_agt.sqr STREAM:1204}
  CREATE_STREAM @0 {NAME:seq T:Transactions SCOPE:uvm_test_top.env.rknp_agt.sqr STREAM:1204}
  CREATE_STREAM @0 {NAME:seq T:Transactions SCOPE:uvm_test_top.env.rknp_agt.sqr STREAM:1204}
  CREATE_STREAM @0 {NAME:seq T:Transactions SCOPE:uvm_test_top.env.rknp_agt.sqr STREAM:1204}
  CREATE_STREAM @0 {NAME:seq T:Transactions SCOPE:uvm_test_top.env.rknp_agt.sqr STREAM:1204}
  CREATE_STREAM @0 {NAME:seq T:Transactions SCOPE:uvm_test_top.env.rknp_agt.sqr STREAM:1204}
  CREATE_STREAM @0 {NAME:seq T:Transactions SCOPE:uvm_test_top.env.rknp_agt.sqr STREAM:1204}
  CREATE_STREAM @0 {NAME:seq T:Transactions SCOPE:uvm_test_top.env.rknp_agt.sqr STREAM:1204}
  CREATE_STREAM @0 {NAME:seq T:Transactions SCOPE:uvm_test_top.env.rknp_agt.sqr STREAM:1204}
  CREATE_STREAM @0 {NAME:seq T:Transactions SCOPE:uvm_test_top.env.rknp_agt.sqr STREAM:1204}
  CREATE_STREAM @0 {NAME:seq T:Transactions SCOPE:uvm_test_top.env.rknp_agt.sqr STREAM:1204}
  CREATE_STREAM @0 {NAME:seq T:Transactions SCOPE:uvm_test_top.env.rknp_agt.sqr STREAM:1204}
  CREATE_STREAM @0 {NAME:seq T:Transactions SCOPE:uvm_test_top.env.rknp_agt.sqr STREAM:1204}
  CREATE_STREAM @0 {NAME:seq T:Transactions SCOPE:uvm_test_top.env.rknp_agt.sqr STREAM:1204}
  CREATE_STREAM @0 {NAME:seq T:Transactions SCOPE:uvm_test_top.env.rknp_agt.sqr STREAM:1204}
  CREATE_STREAM @0 {NAME:seq T:Transactions SCOPE:uvm_test_top.env.rknp_agt.sqr STREAM:1204}
  CREATE_STREAM @0 {NAME:seq T:Transactions SCOPE:uvm_test_top.env.rknp_agt.sqr STREAM:1204}
  CREATE_STREAM @0 {NAME:seq T:Transactions SCOPE:uvm_test_top.env.rknp_agt.sqr STREAM:1204}
  CREATE_STREAM @0 {NAME:seq T:Transactions SCOPE:uvm_test_top.env.rknp_agt.sqr STREAM:1204}
  CREATE_STREAM @0 {NAME:seq T:Transactions SCOPE:uvm_test_top.env.rknp_agt.sqr STREAM:1204}
  CREATE_STREAM @0 {NAME:seq T:Transactions SCOPE:uvm_test_top.env.rknp_agt.sqr STREAM:1204}
  CREATE_STREAM @0 {NAME:seq T:Transactions SCOPE:uvm_test_top.env.rknp_agt.sqr STREAM:1204}
  CREATE_STREAM @0 {NAME:seq T:Transactions SCOPE:uvm_test_top.env.rknp_agt.sqr STREAM:1204}
  CREATE_STREAM @0 {NAME:seq T:Transactions SCOPE:uvm_test_top.env.rknp_agt.sqr STREAM:1204}
  CREATE_STREAM @0 {NAME:seq T:Transactions SCOPE:uvm_test_top.env.rknp_agt.sqr STREAM:1204}
  CREATE_STREAM @0 {NAME:seq T:Transactions SCOPE:uvm_test_top.env.rknp_agt.sqr STREAM:1204}
  CREATE_STREAM @0 {NAME:seq T:Transactions SCOPE:uvm_test_top.env.rknp_agt.sqr STREAM:1204}
  CREATE_STREAM @0 {NAME:seq T:Transactions SCOPE:uvm_test_top.env.rknp_agt.sqr STREAM:1204}
  CREATE_STREAM @0 {NAME:seq T:Transactions SCOPE:uvm_test_top.env.rknp_agt.sqr STREAM:1204}
  CREATE_STREAM @0 {NAME:seq T:Transactions SCOPE:uvm_test_top.env.rknp_agt.sqr STREAM:1204}
  CREATE_STREAM @0 {NAME:seq T:Transactions SCOPE:uvm_test_top.env.rknp_agt.sqr STREAM:1204}
  CREATE_STREAM @0 {NAME:seq T:Transactions SCOPE:uvm_test_top.env.rknp_agt.sqr STREAM:1204}
  CREATE_STREAM @0 {NAME:seq T:Transactions SCOPE:uvm_test_top.env.rknp_agt.sqr STREAM:1204}
  CREATE_STREAM @0 {NAME:seq T:Transactions SCOPE:uvm_test_top.env.rknp_agt.sqr STREAM:1204}
  CREATE_STREAM @0 {NAME:seq T:Transactions SCOPE:uvm_test_top.env.rknp_agt.sqr STREAM:1204}
  CREATE_STREAM @0 {NAME:seq T:Transactions SCOPE:uvm_test_top.env.rknp_agt.sqr STREAM:1204}
  CREATE_STREAM @0 {NAME:seq T:Transactions SCOPE:uvm_test_top.env.rknp_agt.sqr STREAM:1204}
  CREATE_STREAM @0 {NAME:seq T:Transactions SCOPE:uvm_test_top.env.rknp_agt.sqr STREAM:1204}
  CREATE_STREAM @0 {NAME:seq T:Transactions SCOPE:uvm_test_top.env.rknp_agt.sqr STREAM:1204}
  CREATE_STREAM @0 {NAME:seq T:Transactions SCOPE:uvm_test_top.env.rknp_agt.sqr STREAM:1204}
  CREATE_STREAM @0 {NAME:seq T:Transactions SCOPE:uvm_test_top.env.rknp_agt.sqr STREAM:1204}
  CREATE_STREAM @0 {NAME:seq T:Transactions SCOPE:uvm_test_top.env.rknp_agt.sqr STREAM:1204}
  CREATE_STREAM @0 {NAME:seq T:Transactions SCOPE:uvm_test_top.env.rknp_agt.sqr STREAM:1204}
  CREATE_STREAM @0 {NAME:seq T:Transactions SCOPE:uvm_test_top.env.rknp_agt.sqr STREAM:1204}
  CREATE_STREAM @0 {NAME:seq T:Transactions SCOPE:uvm_test_top.env.rknp_agt.sqr STREAM:1204}
  CREATE_STREAM @0 {NAME:seq T:Transactions SCOPE:uvm_test_top.env.rknp_agt.sqr STREAM:1204}
  CREATE_STREAM @0 {NAME:seq T:Transactions SCOPE:uvm_test_top.env.rknp_agt.sqr STREAM:1204}
  CREATE_STREAM @0 {NAME:seq T:Transactions SCOPE:uvm_test_top.env.rknp_agt.sqr STREAM:1204}
  CREATE_STREAM @0 {NAME:seq T:Transactions SCOPE:uvm_test_top.env.rknp_agt.sqr STREAM:1204}
  CREATE_STREAM @0 {NAME:seq T:Transactions SCOPE:uvm_test_top.env.rknp_agt.sqr STREAM:1204}
  CREATE_STREAM @0 {NAME:seq T:Transactions SCOPE:uvm_test_top.env.rknp_agt.sqr STREAM:1204}
  CREATE_STREAM @0 {NAME:seq T:Transactions SCOPE:uvm_test_top.env.rknp_agt.sqr STREAM:1204}
  CREATE_STREAM @0 {NAME:seq T:Transactions SCOPE:uvm_test_top.env.rknp_agt.sqr STREAM:1204}
  CREATE_STREAM @0 {NAME:seq T:Transactions SCOPE:uvm_test_top.env.rknp_agt.sqr STREAM:1204}
  CREATE_STREAM @0 {NAME:seq T:Transactions SCOPE:uvm_test_top.env.rknp_agt.sqr STREAM:1204}
  CREATE_STREAM @0 {NAME:seq T:Transactions SCOPE:uvm_test_top.env.rknp_agt.sqr STREAM:1204}
  CREATE_STREAM @0 {NAME:seq T:Transactions SCOPE:uvm_test_top.env.rknp_agt.sqr STREAM:1204}
  CREATE_STREAM @0 {NAME:seq T:Transactions SCOPE:uvm_test_top.env.rknp_agt.sqr STREAM:1204}
  CREATE_STREAM @0 {NAME:seq T:Transactions SCOPE:uvm_test_top.env.rknp_agt.sqr STREAM:1204}
  CREATE_STREAM @0 {NAME:seq T:Transactions SCOPE:uvm_test_top.env.rknp_agt.sqr STREAM:1204}
  CREATE_STREAM @0 {NAME:seq T:Transactions SCOPE:uvm_test_top.env.rknp_agt.sqr STREAM:1204}
  CREATE_STREAM @0 {NAME:seq T:Transactions SCOPE:uvm_test_top.env.rknp_agt.sqr STREAM:1204}
  CREATE_STREAM @0 {NAME:seq T:Transactions SCOPE:uvm_test_top.env.rknp_agt.sqr STREAM:1204}
  CREATE_STREAM @0 {NAME:seq T:Transactions SCOPE:uvm_test_top.env.rknp_agt.sqr STREAM:1204}
  CREATE_STREAM @0 {NAME:seq T:Transactions SCOPE:uvm_test_top.env.rknp_agt.sqr STREAM:1204}
  CREATE_STREAM @0 {NAME:seq T:Transactions SCOPE:uvm_test_top.env.rknp_agt.sqr STREAM:1204}
  CREATE_STREAM @0 {NAME:seq T:Transactions SCOPE:uvm_test_top.env.rknp_agt.sqr STREAM:1204}
  CREATE_STREAM @0 {NAME:seq T:Transactions SCOPE:uvm_test_top.env.rknp_agt.sqr STREAM:1204}
  CREATE_STREAM @0 {NAME:seq T:Transactions SCOPE:uvm_test_top.env.rknp_agt.sqr STREAM:1204}
  CREATE_STREAM @0 {NAME:seq T:Transactions SCOPE:uvm_test_top.env.rknp_agt.sqr STREAM:1204}
  CREATE_STREAM @0 {NAME:seq T:Transactions SCOPE:uvm_test_top.env.rknp_agt.sqr STREAM:1204}
  CREATE_STREAM @0 {NAME:seq T:Transactions SCOPE:uvm_test_top.env.rknp_agt.sqr STREAM:1204}
  CREATE_STREAM @0 {NAME:seq T:Transactions SCOPE:uvm_test_top.env.rknp_agt.sqr STREAM:1204}
  CREATE_STREAM @0 {NAME:seq T:Transactions SCOPE:uvm_test_top.env.rknp_agt.sqr STREAM:1204}
  CREATE_STREAM @0 {NAME:seq T:Transactions SCOPE:uvm_test_top.env.rknp_agt.sqr STREAM:1204}
  CREATE_STREAM @0 {NAME:seq T:Transactions SCOPE:uvm_test_top.env.rknp_agt.sqr STREAM:1204}
  CREATE_STREAM @0 {NAME:seq T:Transactions SCOPE:uvm_test_top.env.rknp_agt.sqr STREAM:1204}
  CREATE_STREAM @0 {NAME:seq T:Transactions SCOPE:uvm_test_top.env.rknp_agt.sqr STREAM:1204}
  CREATE_STREAM @0 {NAME:seq T:Transactions SCOPE:uvm_test_top.env.rknp_agt.sqr STREAM:1204}
  CREATE_STREAM @0 {NAME:seq T:Transactions SCOPE:uvm_test_top.env.rknp_agt.sqr STREAM:1204}
  CREATE_STREAM @0 {NAME:seq T:Transactions SCOPE:uvm_test_top.env.rknp_agt.sqr STREAM:1204}
  CREATE_STREAM @0 {NAME:seq T:Transactions SCOPE:uvm_test_top.env.rknp_agt.sqr STREAM:1204}
  CREATE_STREAM @0 {NAME:seq T:Transactions SCOPE:uvm_test_top.env.rknp_agt.sqr STREAM:1204}
  CREATE_STREAM @0 {NAME:seq T:Transactions SCOPE:uvm_test_top.env.rknp_agt.sqr STREAM:1204}
  CREATE_STREAM @0 {NAME:seq T:Transactions SCOPE:uvm_test_top.env.rknp_agt.sqr STREAM:1204}
  CREATE_STREAM @0 {NAME:seq T:Transactions SCOPE:uvm_test_top.env.rknp_agt.sqr STREAM:1204}
  CREATE_STREAM @0 {NAME:seq T:Transactions SCOPE:uvm_test_top.env.rknp_agt.sqr STREAM:1204}
  CREATE_STREAM @0 {NAME:seq T:Transactions SCOPE:uvm_test_top.env.rknp_agt.sqr STREAM:1204}
  CREATE_STREAM @0 {NAME:seq T:Transactions SCOPE:uvm_test_top.env.rknp_agt.sqr STREAM:1204}
  CREATE_STREAM @0 {NAME:seq T:Transactions SCOPE:uvm_test_top.env.rknp_agt.sqr STREAM:1204}
  CREATE_STREAM @0 {NAME:seq T:Transactions SCOPE:uvm_test_top.env.rknp_agt.sqr STREAM:1204}
  CREATE_STREAM @0 {NAME:seq T:Transactions SCOPE:uvm_test_top.env.rknp_agt.sqr STREAM:1204}
  CREATE_STREAM @0 {NAME:seq T:Transactions SCOPE:uvm_test_top.env.rknp_agt.sqr STREAM:1204}
  CREATE_STREAM @0 {NAME:seq T:Transactions SCOPE:uvm_test_top.env.rknp_agt.sqr STREAM:1204}
  CREATE_STREAM @0 {NAME:seq T:Transactions SCOPE:uvm_test_top.env.rknp_agt.sqr STREAM:1204}
  CREATE_STREAM @0 {NAME:seq T:Transactions SCOPE:uvm_test_top.env.rknp_agt.sqr STREAM:1204}
  CREATE_STREAM @0 {NAME:seq T:Transactions SCOPE:uvm_test_top.env.rknp_agt.sqr STREAM:1204}
  CREATE_STREAM @0 {NAME:seq T:Transactions SCOPE:uvm_test_top.env.rknp_agt.sqr STREAM:1204}
  CREATE_STREAM @0 {NAME:seq T:Transactions SCOPE:uvm_test_top.env.rknp_agt.sqr STREAM:1204}
  CREATE_STREAM @0 {NAME:seq T:Transactions SCOPE:uvm_test_top.env.rknp_agt.sqr STREAM:1204}
  CREATE_STREAM @0 {NAME:seq T:Transactions SCOPE:uvm_test_top.env.rknp_agt.sqr STREAM:1204}
  CREATE_STREAM @0 {NAME:seq T:Transactions SCOPE:uvm_test_top.env.rknp_agt.sqr STREAM:1204}
  CREATE_STREAM @0 {NAME:seq T:Transactions SCOPE:uvm_test_top.env.rknp_agt.sqr STREAM:1204}
  CREATE_STREAM @0 {NAME:seq T:Transactions SCOPE:uvm_test_top.env.rknp_agt.sqr STREAM:1204}
  CREATE_STREAM @0 {NAME:seq T:Transactions SCOPE:uvm_test_top.env.rknp_agt.sqr STREAM:1204}
  CREATE_STREAM @0 {NAME:seq T:Transactions SCOPE:uvm_test_top.env.rknp_agt.sqr STREAM:1204}
  CREATE_STREAM @0 {NAME:seq T:Transactions SCOPE:uvm_test_top.env.rknp_agt.sqr STREAM:1204}
  CREATE_STREAM @0 {NAME:seq T:Transactions SCOPE:uvm_test_top.env.rknp_agt.sqr STREAM:1204}
  CREATE_STREAM @0 {NAME:seq T:Transactions SCOPE:uvm_test_top.env.rknp_agt.sqr STREAM:1204}
  CREATE_STREAM @0 {NAME:seq T:Transactions SCOPE:uvm_test_top.env.rknp_agt.sqr STREAM:1204}
  CREATE_STREAM @0 {NAME:seq T:Transactions SCOPE:uvm_test_top.env.rknp_agt.sqr STREAM:1204}
  CREATE_STREAM @0 {NAME:seq T:Transactions SCOPE:uvm_test_top.env.rknp_agt.sqr STREAM:1204}
  CREATE_STREAM @0 {NAME:seq T:Transactions SCOPE:uvm_test_top.env.rknp_agt.sqr STREAM:1204}
  CREATE_STREAM @0 {NAME:seq T:Transactions SCOPE:uvm_test_top.env.rknp_agt.sqr STREAM:1204}
  CREATE_STREAM @0 {NAME:seq T:Transactions SCOPE:uvm_test_top.env.rknp_agt.sqr STREAM:1204}
  CREATE_STREAM @0 {NAME:seq T:Transactions SCOPE:uvm_test_top.env.rknp_agt.sqr STREAM:1204}
  CREATE_STREAM @0 {NAME:seq T:Transactions SCOPE:uvm_test_top.env.rknp_agt.sqr STREAM:1204}
  CREATE_STREAM @0 {NAME:seq T:Transactions SCOPE:uvm_test_top.env.rknp_agt.sqr STREAM:1204}
  CREATE_STREAM @0 {NAME:seq T:Transactions SCOPE:uvm_test_top.env.rknp_agt.sqr STREAM:1204}
  CREATE_STREAM @0 {NAME:seq T:Transactions SCOPE:uvm_test_top.env.rknp_agt.sqr STREAM:1204}
  CREATE_STREAM @0 {NAME:seq T:Transactions SCOPE:uvm_test_top.env.rknp_agt.sqr STREAM:1204}
  CREATE_STREAM @0 {NAME:seq T:Transactions SCOPE:uvm_test_top.env.rknp_agt.sqr STREAM:1204}
  CREATE_STREAM @0 {NAME:seq T:Transactions SCOPE:uvm_test_top.env.rknp_agt.sqr STREAM:1204}
  CREATE_STREAM @0 {NAME:seq T:Transactions SCOPE:uvm_test_top.env.rknp_agt.sqr STREAM:1204}
  CREATE_STREAM @0 {NAME:seq T:Transactions SCOPE:uvm_test_top.env.rknp_agt.sqr STREAM:1204}
  CREATE_STREAM @0 {NAME:seq T:Transactions SCOPE:uvm_test_top.env.rknp_agt.sqr STREAM:1204}
  CREATE_STREAM @0 {NAME:seq T:Transactions SCOPE:uvm_test_top.env.rknp_agt.sqr STREAM:1204}
  CREATE_STREAM @0 {NAME:seq T:Transactions SCOPE:uvm_test_top.env.rknp_agt.sqr STREAM:1204}
  CREATE_STREAM @0 {NAME:seq T:Transactions SCOPE:uvm_test_top.env.rknp_agt.sqr STREAM:1204}
  CREATE_STREAM @0 {NAME:seq T:Transactions SCOPE:uvm_test_top.env.rknp_agt.sqr STREAM:1204}
  CREATE_STREAM @0 {NAME:seq T:Transactions SCOPE:uvm_test_top.env.rknp_agt.sqr STREAM:1204}
  CREATE_STREAM @0 {NAME:seq T:Transactions SCOPE:uvm_test_top.env.rknp_agt.sqr STREAM:1204}
  CREATE_STREAM @0 {NAME:seq T:Transactions SCOPE:uvm_test_top.env.rknp_agt.sqr STREAM:1204}
  CREATE_STREAM @0 {NAME:seq T:Transactions SCOPE:uvm_test_top.env.rknp_agt.sqr STREAM:1204}
  CREATE_STREAM @0 {NAME:seq T:Transactions SCOPE:uvm_test_top.env.rknp_agt.sqr STREAM:1204}
  CREATE_STREAM @0 {NAME:seq T:Transactions SCOPE:uvm_test_top.env.rknp_agt.sqr STREAM:1204}
  CREATE_STREAM @0 {NAME:seq T:Transactions SCOPE:uvm_test_top.env.rknp_agt.sqr STREAM:1204}
  CREATE_STREAM @0 {NAME:seq T:Transactions SCOPE:uvm_test_top.env.rknp_agt.sqr STREAM:1204}
  CREATE_STREAM @0 {NAME:seq T:Transactions SCOPE:uvm_test_top.env.rknp_agt.sqr STREAM:1204}
  CREATE_STREAM @0 {NAME:seq T:Transactions SCOPE:uvm_test_top.env.rknp_agt.sqr STREAM:1204}
  CREATE_STREAM @0 {NAME:seq T:Transactions SCOPE:uvm_test_top.env.rknp_agt.sqr STREAM:1204}
  CREATE_STREAM @0 {NAME:seq T:Transactions SCOPE:uvm_test_top.env.rknp_agt.sqr STREAM:1204}
  CREATE_STREAM @0 {NAME:seq T:Transactions SCOPE:uvm_test_top.env.rknp_agt.sqr STREAM:1204}
  CREATE_STREAM @0 {NAME:seq T:Transactions SCOPE:uvm_test_top.env.rknp_agt.sqr STREAM:1204}
  CREATE_STREAM @0 {NAME:seq T:Transactions SCOPE:uvm_test_top.env.rknp_agt.sqr STREAM:1204}
  CREATE_STREAM @0 {NAME:seq T:Transactions SCOPE:uvm_test_top.env.rknp_agt.sqr STREAM:1204}
  CREATE_STREAM @0 {NAME:seq T:Transactions SCOPE:uvm_test_top.env.rknp_agt.sqr STREAM:1204}
  CREATE_STREAM @0 {NAME:seq T:Transactions SCOPE:uvm_test_top.env.rknp_agt.sqr STREAM:1204}
  CREATE_STREAM @0 {NAME:seq T:Transactions SCOPE:uvm_test_top.env.rknp_agt.sqr STREAM:1204}
  CREATE_STREAM @0 {NAME:seq T:Transactions SCOPE:uvm_test_top.env.rknp_agt.sqr STREAM:1204}
  CREATE_STREAM @0 {NAME:seq T:Transactions SCOPE:uvm_test_top.env.rknp_agt.sqr STREAM:1204}
  CREATE_STREAM @0 {NAME:seq T:Transactions SCOPE:uvm_test_top.env.rknp_agt.sqr STREAM:1204}
  CREATE_STREAM @0 {NAME:seq T:Transactions SCOPE:uvm_test_top.env.rknp_agt.sqr STREAM:1204}
  CREATE_STREAM @0 {NAME:seq T:Transactions SCOPE:uvm_test_top.env.rknp_agt.sqr STREAM:1204}
  CREATE_STREAM @0 {NAME:seq T:Transactions SCOPE:uvm_test_top.env.rknp_agt.sqr STREAM:1204}
  CREATE_STREAM @0 {NAME:seq T:Transactions SCOPE:uvm_test_top.env.rknp_agt.sqr STREAM:1204}
  CREATE_STREAM @0 {NAME:seq T:Transactions SCOPE:uvm_test_top.env.rknp_agt.sqr STREAM:1204}
  CREATE_STREAM @0 {NAME:seq T:Transactions SCOPE:uvm_test_top.env.rknp_agt.sqr STREAM:1204}
  CREATE_STREAM @0 {NAME:seq T:Transactions SCOPE:uvm_test_top.env.rknp_agt.sqr STREAM:1204}
  CREATE_STREAM @0 {NAME:seq T:Transactions SCOPE:uvm_test_top.env.rknp_agt.sqr STREAM:1204}
  CREATE_STREAM @0 {NAME:seq T:Transactions SCOPE:uvm_test_top.env.rknp_agt.sqr STREAM:1204}
  CREATE_STREAM @0 {NAME:seq T:Transactions SCOPE:uvm_test_top.env.rknp_agt.sqr STREAM:1204}
  CREATE_STREAM @0 {NAME:seq T:Transactions SCOPE:uvm_test_top.env.rknp_agt.sqr STREAM:1204}
  CREATE_STREAM @0 {NAME:seq T:Transactions SCOPE:uvm_test_top.env.rknp_agt.sqr STREAM:1204}
  CREATE_STREAM @0 {NAME:seq T:Transactions SCOPE:uvm_test_top.env.rknp_agt.sqr STREAM:1204}
  CREATE_STREAM @0 {NAME:seq T:Transactions SCOPE:uvm_test_top.env.rknp_agt.sqr STREAM:1204}
  CREATE_STREAM @0 {NAME:seq T:Transactions SCOPE:uvm_test_top.env.rknp_agt.sqr STREAM:1204}
  CREATE_STREAM @0 {NAME:seq T:Transactions SCOPE:uvm_test_top.env.rknp_agt.sqr STREAM:1204}
  CREATE_STREAM @0 {NAME:seq T:Transactions SCOPE:uvm_test_top.env.rknp_agt.sqr STREAM:1204}
  CREATE_STREAM @0 {NAME:seq T:Transactions SCOPE:uvm_test_top.env.rknp_agt.sqr STREAM:1204}
  CREATE_STREAM @0 {NAME:seq T:Transactions SCOPE:uvm_test_top.env.rknp_agt.sqr STREAM:1204}
  CREATE_STREAM @0 {NAME:seq T:Transactions SCOPE:uvm_test_top.env.rknp_agt.sqr STREAM:1204}
  CREATE_STREAM @0 {NAME:seq T:Transactions SCOPE:uvm_test_top.env.rknp_agt.sqr STREAM:1204}
  CREATE_STREAM @0 {NAME:seq T:Transactions SCOPE:uvm_test_top.env.rknp_agt.sqr STREAM:1204}
  CREATE_STREAM @0 {NAME:seq T:Transactions SCOPE:uvm_test_top.env.rknp_agt.sqr STREAM:1204}
  CREATE_STREAM @0 {NAME:seq T:Transactions SCOPE:uvm_test_top.env.rknp_agt.sqr STREAM:1204}
  CREATE_STREAM @0 {NAME:seq T:Transactions SCOPE:uvm_test_top.env.rknp_agt.sqr STREAM:1204}
  CREATE_STREAM @0 {NAME:seq T:Transactions SCOPE:uvm_test_top.env.rknp_agt.sqr STREAM:1204}
  CREATE_STREAM @0 {NAME:seq T:Transactions SCOPE:uvm_test_top.env.rknp_agt.sqr STREAM:1204}
  CREATE_STREAM @0 {NAME:seq T:Transactions SCOPE:uvm_test_top.env.rknp_agt.sqr STREAM:1204}
  CREATE_STREAM @0 {NAME:seq T:Transactions SCOPE:uvm_test_top.env.rknp_agt.sqr STREAM:1204}
  CREATE_STREAM @0 {NAME:seq T:Transactions SCOPE:uvm_test_top.env.rknp_agt.sqr STREAM:1204}
  CREATE_STREAM @0 {NAME:seq T:Transactions SCOPE:uvm_test_top.env.rknp_agt.sqr STREAM:1204}
  CREATE_STREAM @0 {NAME:seq T:Transactions SCOPE:uvm_test_top.env.rknp_agt.sqr STREAM:1204}
  CREATE_STREAM @0 {NAME:rd_seq T:Transactions SCOPE:uvm_test_top.env.rknp_agt.sqr STREAM:1204}
  CREATE_STREAM @55000 {NAME:wr_seq T:Transactions SCOPE:uvm_test_top.env.rknp_agt.sqr STREAM:1276}
  CREATE_STREAM @255000 {NAME:rdw_seq T:Transactions SCOPE:uvm_test_top.env.rknp_agt.sqr STREAM:1313}
  CREATE_STREAM @265000 {NAME:wrw_seq T:Transactions SCOPE:uvm_test_top.env.rknp_agt.sqr STREAM:1342}
  CREATE_STREAM @0 {NAME:seq T:Transactions SCOPE:uvm_test_top.env.rknp_agt.sqr STREAM:1204}
  CREATE_STREAM @0 {NAME:seq T:Transactions SCOPE:uvm_test_top.env.rknp_agt.sqr STREAM:1204}
  CREATE_STREAM @0 {NAME:seq T:Transactions SCOPE:uvm_test_top.env.rknp_agt.sqr STREAM:1204}
  CREATE_STREAM @0 {NAME:seq T:Transactions SCOPE:uvm_test_top.env.rknp_agt.sqr STREAM:1204}
  CREATE_STREAM @0 {NAME:seq T:Transactions SCOPE:uvm_test_top.env.rknp_agt.sqr STREAM:1204}
  CREATE_STREAM @0 {NAME:seq T:Transactions SCOPE:uvm_test_top.env.rknp_agt.sqr STREAM:1204}
  CREATE_STREAM @0 {NAME:seq T:Transactions SCOPE:uvm_test_top.env.rknp_agt.sqr STREAM:1204}
  CREATE_STREAM @0 {NAME:rd_seq T:Transactions SCOPE:uvm_test_top.env.rknp_agt.sqr STREAM:1204}
  CREATE_STREAM @0 {NAME:seq T:Transactions SCOPE:uvm_test_top.env.rknp_agt.sqr STREAM:1204}
  CREATE_STREAM @0 {NAME:seq T:Transactions SCOPE:uvm_test_top.env.rknp_agt.sqr STREAM:1204}
  CREATE_STREAM @0 {NAME:seq T:Transactions SCOPE:uvm_test_top.env.rknp_agt.sqr STREAM:1204}
  CREATE_STREAM @0 {NAME:seq T:Transactions SCOPE:uvm_test_top.env.rknp_agt.sqr STREAM:1204}
  CREATE_STREAM @0 {NAME:seq T:Transactions SCOPE:uvm_test_top.env.rknp_agt.sqr STREAM:1204}
  CREATE_STREAM @0 {NAME:seq T:Transactions SCOPE:uvm_test_top.env.rknp_agt.sqr STREAM:1204}
  CREATE_STREAM @0 {NAME:seq T:Transactions SCOPE:uvm_test_top.env.rknp_agt.sqr STREAM:1204}
  CREATE_STREAM @0 {NAME:rd_seq T:Transactions SCOPE:uvm_test_top.env.rknp_agt.sqr STREAM:1204}
  CREATE_STREAM @0 {NAME:rd_seq T:Transactions SCOPE:uvm_test_top.env.rknp_agt.sqr STREAM:1204}
  CREATE_STREAM @0 {NAME:seq T:Transactions SCOPE:uvm_test_top.env.rknp_agt.sqr STREAM:1204}
  CREATE_STREAM @0 {NAME:seq T:Transactions SCOPE:uvm_test_top.env.rknp_agt.sqr STREAM:1204}
  CREATE_STREAM @0 {NAME:seq T:Transactions SCOPE:uvm_test_top.env.rknp_agt.sqr STREAM:1204}
  CREATE_STREAM @0 {NAME:seq T:Transactions SCOPE:uvm_test_top.env.rknp_agt.sqr STREAM:1204}
  CREATE_STREAM @0 {NAME:seq T:Transactions SCOPE:uvm_test_top.env.rknp_agt.sqr STREAM:1204}
  CREATE_STREAM @0 {NAME:seq T:Transactions SCOPE:uvm_test_top.env.rknp_agt.sqr STREAM:1204}
  CREATE_STREAM @0 {NAME:seq T:Transactions SCOPE:uvm_test_top.env.rknp_agt.sqr STREAM:1204}
  CREATE_STREAM @0 {NAME:rd_seq T:Transactions SCOPE:uvm_test_top.env.rknp_agt.sqr STREAM:1204}
  CREATE_STREAM @0 {NAME:rd_seq T:Transactions SCOPE:uvm_test_top.env.rknp_agt.sqr STREAM:1204}
  CREATE_STREAM @0 {NAME:seq T:Transactions SCOPE:uvm_test_top.env.rknp_agt.sqr STREAM:1204}
  CREATE_STREAM @0 {NAME:seq T:Transactions SCOPE:uvm_test_top.env.rknp_agt.sqr STREAM:1204}
  CREATE_STREAM @0 {NAME:seq T:Transactions SCOPE:uvm_test_top.env.rknp_agt.sqr STREAM:1204}
  CREATE_STREAM @0 {NAME:seq T:Transactions SCOPE:uvm_test_top.env.rknp_agt.sqr STREAM:1204}
  CREATE_STREAM @0 {NAME:seq T:Transactions SCOPE:uvm_test_top.env.rknp_agt.sqr STREAM:1204}
  CREATE_STREAM @0 {NAME:seq T:Transactions SCOPE:uvm_test_top.env.rknp_agt.sqr STREAM:1204}
  CREATE_STREAM @0 {NAME:seq T:Transactions SCOPE:uvm_test_top.env.rknp_agt.sqr STREAM:1204}
  CREATE_STREAM @0 {NAME:rd_seq T:Transactions SCOPE:uvm_test_top.env.rknp_agt.sqr STREAM:1204}
  CREATE_STREAM @0 {NAME:rd_seq T:Transactions SCOPE:uvm_test_top.env.rknp_agt.sqr STREAM:1204}
  CREATE_STREAM @0 {NAME:seq T:Transactions SCOPE:uvm_test_top.env.rknp_agt.sqr STREAM:1204}
  CREATE_STREAM @0 {NAME:seq T:Transactions SCOPE:uvm_test_top.env.rknp_agt.sqr STREAM:1204}
  CREATE_STREAM @0 {NAME:seq T:Transactions SCOPE:uvm_test_top.env.rknp_agt.sqr STREAM:1204}
  CREATE_STREAM @0 {NAME:seq T:Transactions SCOPE:uvm_test_top.env.rknp_agt.sqr STREAM:1204}
  CREATE_STREAM @0 {NAME:seq T:Transactions SCOPE:uvm_test_top.env.rknp_agt.sqr STREAM:1204}
  CREATE_STREAM @0 {NAME:seq T:Transactions SCOPE:uvm_test_top.env.rknp_agt.sqr STREAM:1204}
  CREATE_STREAM @0 {NAME:seq T:Transactions SCOPE:uvm_test_top.env.rknp_agt.sqr STREAM:1204}
  CREATE_STREAM @0 {NAME:rd_seq T:Transactions SCOPE:uvm_test_top.env.rknp_agt.sqr STREAM:1204}
  CREATE_STREAM @0 {NAME:seq T:Transactions SCOPE:uvm_test_top.env.rknp_agt.sqr STREAM:1204}
  CREATE_STREAM @0 {NAME:seq T:Transactions SCOPE:uvm_test_top.env.rknp_agt.sqr STREAM:1204}
  CREATE_STREAM @0 {NAME:seq T:Transactions SCOPE:uvm_test_top.env.rknp_agt.sqr STREAM:1204}
  CREATE_STREAM @0 {NAME:seq T:Transactions SCOPE:uvm_test_top.env.rknp_agt.sqr STREAM:1204}
  CREATE_STREAM @0 {NAME:seq T:Transactions SCOPE:uvm_test_top.env.rknp_agt.sqr STREAM:1204}
  CREATE_STREAM @0 {NAME:seq T:Transactions SCOPE:uvm_test_top.env.rknp_agt.sqr STREAM:1204}
  CREATE_STREAM @0 {NAME:seq T:Transactions SCOPE:uvm_test_top.env.rknp_agt.sqr STREAM:1204}
  CREATE_STREAM @0 {NAME:rd_seq T:Transactions SCOPE:uvm_test_top.env.rknp_agt.sqr STREAM:1204}
  CREATE_STREAM @0 {NAME:rd_seq T:Transactions SCOPE:uvm_test_top.env.rknp_agt.sqr STREAM:1204}
  CREATE_STREAM @0 {NAME:seq T:Transactions SCOPE:uvm_test_top.env.rknp_agt.sqr STREAM:1204}
  CREATE_STREAM @0 {NAME:seq T:Transactions SCOPE:uvm_test_top.env.rknp_agt.sqr STREAM:1204}
  CREATE_STREAM @0 {NAME:seq T:Transactions SCOPE:uvm_test_top.env.rknp_agt.sqr STREAM:1204}
  CREATE_STREAM @0 {NAME:seq T:Transactions SCOPE:uvm_test_top.env.rknp_agt.sqr STREAM:1204}
  CREATE_STREAM @0 {NAME:seq T:Transactions SCOPE:uvm_test_top.env.rknp_agt.sqr STREAM:1204}
  CREATE_STREAM @0 {NAME:seq T:Transactions SCOPE:uvm_test_top.env.rknp_agt.sqr STREAM:1204}
  CREATE_STREAM @0 {NAME:seq T:Transactions SCOPE:uvm_test_top.env.rknp_agt.sqr STREAM:1204}
  CREATE_STREAM @0 {NAME:rd_seq T:Transactions SCOPE:uvm_test_top.env.rknp_agt.sqr STREAM:1204}
  CREATE_STREAM @0 {NAME:seq T:Transactions SCOPE:uvm_test_top.env.rknp_agt.sqr STREAM:1204}
  CREATE_STREAM @0 {NAME:seq T:Transactions SCOPE:uvm_test_top.env.rknp_agt.sqr STREAM:1204}
  CREATE_STREAM @0 {NAME:seq T:Transactions SCOPE:uvm_test_top.env.rknp_agt.sqr STREAM:1204}
  CREATE_STREAM @0 {NAME:seq T:Transactions SCOPE:uvm_test_top.env.rknp_agt.sqr STREAM:1204}
  CREATE_STREAM @0 {NAME:seq T:Transactions SCOPE:uvm_test_top.env.rknp_agt.sqr STREAM:1204}
  CREATE_STREAM @0 {NAME:seq T:Transactions SCOPE:uvm_test_top.env.rknp_agt.sqr STREAM:1204}
  CREATE_STREAM @0 {NAME:seq T:Transactions SCOPE:uvm_test_top.env.rknp_agt.sqr STREAM:1204}
  CREATE_STREAM @0 {NAME:rd_seq T:Transactions SCOPE:uvm_test_top.env.rknp_agt.sqr STREAM:1204}
  CREATE_STREAM @0 {NAME:rd_seq T:Transactions SCOPE:uvm_test_top.env.rknp_agt.sqr STREAM:1204}
  CREATE_STREAM @0 {NAME:seq T:Transactions SCOPE:uvm_test_top.env.rknp_agt.sqr STREAM:1204}
  CREATE_STREAM @0 {NAME:seq T:Transactions SCOPE:uvm_test_top.env.rknp_agt.sqr STREAM:1204}
  CREATE_STREAM @0 {NAME:seq T:Transactions SCOPE:uvm_test_top.env.rknp_agt.sqr STREAM:1204}
  CREATE_STREAM @0 {NAME:seq T:Transactions SCOPE:uvm_test_top.env.rknp_agt.sqr STREAM:1204}
  CREATE_STREAM @0 {NAME:seq T:Transactions SCOPE:uvm_test_top.env.rknp_agt.sqr STREAM:1204}
  CREATE_STREAM @0 {NAME:seq T:Transactions SCOPE:uvm_test_top.env.rknp_agt.sqr STREAM:1204}
  CREATE_STREAM @0 {NAME:seq T:Transactions SCOPE:uvm_test_top.env.rknp_agt.sqr STREAM:1204}
  CREATE_STREAM @0 {NAME:rd_seq T:Transactions SCOPE:uvm_test_top.env.rknp_agt.sqr STREAM:1204}
  CREATE_STREAM @0 {NAME:rd_seq T:Transactions SCOPE:uvm_test_top.env.rknp_agt.sqr STREAM:1204}
  CREATE_STREAM @0 {NAME:seq T:Transactions SCOPE:uvm_test_top.env.rknp_agt.sqr STREAM:1204}
  CREATE_STREAM @0 {NAME:seq T:Transactions SCOPE:uvm_test_top.env.rknp_agt.sqr STREAM:1204}
  CREATE_STREAM @0 {NAME:seq T:Transactions SCOPE:uvm_test_top.env.rknp_agt.sqr STREAM:1204}
  CREATE_STREAM @0 {NAME:seq T:Transactions SCOPE:uvm_test_top.env.rknp_agt.sqr STREAM:1204}
  CREATE_STREAM @0 {NAME:seq T:Transactions SCOPE:uvm_test_top.env.rknp_agt.sqr STREAM:1204}
  CREATE_STREAM @0 {NAME:seq T:Transactions SCOPE:uvm_test_top.env.rknp_agt.sqr STREAM:1204}
  CREATE_STREAM @0 {NAME:seq T:Transactions SCOPE:uvm_test_top.env.rknp_agt.sqr STREAM:1204}
  CREATE_STREAM @0 {NAME:rd_seq T:Transactions SCOPE:uvm_test_top.env.rknp_agt.sqr STREAM:1204}
  CREATE_STREAM @0 {NAME:rd_seq T:Transactions SCOPE:uvm_test_top.env.rknp_agt.sqr STREAM:1204}
  CREATE_STREAM @0 {NAME:rd_seq T:Transactions SCOPE:uvm_test_top.env.rknp_agt.sqr STREAM:1204}
  CREATE_STREAM @0 {NAME:seq T:Transactions SCOPE:uvm_test_top.env.rknp_agt.sqr STREAM:1204}
  CREATE_STREAM @0 {NAME:seq T:Transactions SCOPE:uvm_test_top.env.rknp_agt.sqr STREAM:1204}
  CREATE_STREAM @0 {NAME:seq T:Transactions SCOPE:uvm_test_top.env.rknp_agt.sqr STREAM:1204}
  CREATE_STREAM @0 {NAME:seq T:Transactions SCOPE:uvm_test_top.env.rknp_agt.sqr STREAM:1204}
  CREATE_STREAM @0 {NAME:seq T:Transactions SCOPE:uvm_test_top.env.rknp_agt.sqr STREAM:1204}
  CREATE_STREAM @0 {NAME:seq T:Transactions SCOPE:uvm_test_top.env.rknp_agt.sqr STREAM:1204}
  CREATE_STREAM @0 {NAME:seq T:Transactions SCOPE:uvm_test_top.env.rknp_agt.sqr STREAM:1204}
  CREATE_STREAM @0 {NAME:rd_seq T:Transactions SCOPE:uvm_test_top.env.rknp_agt.sqr STREAM:1204}
  CREATE_STREAM @0 {NAME:rd_seq T:Transactions SCOPE:uvm_test_top.env.rknp_agt.sqr STREAM:1204}
  CREATE_STREAM @0 {NAME:rd_seq T:Transactions SCOPE:uvm_test_top.env.rknp_agt.sqr STREAM:1204}
  CREATE_STREAM @0 {NAME:normal_seq T:Transactions SCOPE:uvm_test_top.env.rknp_agt.sqr STREAM:1204}
  CREATE_STREAM @675000 {NAME:timeout_seq T:Transactions SCOPE:uvm_test_top.env.rknp_agt.sqr STREAM:1288}
  CREATE_STREAM @0 {NAME:seq T:Transactions SCOPE:uvm_test_top.env.rknp_agt.sqr STREAM:1204}
  CREATE_STREAM @0 {NAME:seq T:Transactions SCOPE:uvm_test_top.env.rknp_agt.sqr STREAM:1204}
  CREATE_STREAM @0 {NAME:seq T:Transactions SCOPE:uvm_test_top.env.rknp_agt.sqr STREAM:1204}
  CREATE_STREAM @0 {NAME:seq T:Transactions SCOPE:uvm_test_top.env.rknp_agt.sqr STREAM:1204}
  CREATE_STREAM @0 {NAME:seq T:Transactions SCOPE:uvm_test_top.env.rknp_agt.sqr STREAM:1204}
  CREATE_STREAM @0 {NAME:seq T:Transactions SCOPE:uvm_test_top.env.rknp_agt.sqr STREAM:1204}
  CREATE_STREAM @0 {NAME:seq T:Transactions SCOPE:uvm_test_top.env.rknp_agt.sqr STREAM:1204}
  CREATE_STREAM @0 {NAME:rd_seq T:Transactions SCOPE:uvm_test_top.env.rknp_agt.sqr STREAM:1204}
  CREATE_STREAM @0 {NAME:rd_seq T:Transactions SCOPE:uvm_test_top.env.rknp_agt.sqr STREAM:1204}
  CREATE_STREAM @0 {NAME:rd_seq T:Transactions SCOPE:uvm_test_top.env.rknp_agt.sqr STREAM:1204}
  CREATE_STREAM @0 {NAME:normal_seq T:Transactions SCOPE:uvm_test_top.env.rknp_agt.sqr STREAM:1204}
  CREATE_STREAM @675000 {NAME:timeout_seq T:Transactions SCOPE:uvm_test_top.env.rknp_agt.sqr STREAM:1288}
  CREATE_STREAM @0 {NAME:seq T:Transactions SCOPE:uvm_test_top.env.rknp_agt.sqr STREAM:1204}
  CREATE_STREAM @0 {NAME:seq T:Transactions SCOPE:uvm_test_top.env.rknp_agt.sqr STREAM:1204}
  CREATE_STREAM @0 {NAME:seq T:Transactions SCOPE:uvm_test_top.env.rknp_agt.sqr STREAM:1204}
  CREATE_STREAM @0 {NAME:seq T:Transactions SCOPE:uvm_test_top.env.rknp_agt.sqr STREAM:1204}
  CREATE_STREAM @0 {NAME:seq T:Transactions SCOPE:uvm_test_top.env.rknp_agt.sqr STREAM:1204}
  CREATE_STREAM @0 {NAME:seq T:Transactions SCOPE:uvm_test_top.env.rknp_agt.sqr STREAM:1204}
  CREATE_STREAM @0 {NAME:seq T:Transactions SCOPE:uvm_test_top.env.rknp_agt.sqr STREAM:1204}
  CREATE_STREAM @0 {NAME:rd_seq T:Transactions SCOPE:uvm_test_top.env.rknp_agt.sqr STREAM:1204}
  CREATE_STREAM @0 {NAME:rd_seq T:Transactions SCOPE:uvm_test_top.env.rknp_agt.sqr STREAM:1204}
  CREATE_STREAM @0 {NAME:rd_seq T:Transactions SCOPE:uvm_test_top.env.rknp_agt.sqr STREAM:1204}
  CREATE_STREAM @0 {NAME:timeout_seq T:Transactions SCOPE:uvm_test_top.env.rknp_agt.sqr STREAM:1204}
  CREATE_STREAM @10575000 {NAME:normal_seq T:Transactions SCOPE:uvm_test_top.env.rknp_agt.sqr STREAM:1290}
  CREATE_STREAM @0 {NAME:seq T:Transactions SCOPE:uvm_test_top.env.rknp_agt.sqr STREAM:1204}
  CREATE_STREAM @0 {NAME:seq T:Transactions SCOPE:uvm_test_top.env.rknp_agt.sqr STREAM:1204}
  CREATE_STREAM @0 {NAME:seq T:Transactions SCOPE:uvm_test_top.env.rknp_agt.sqr STREAM:1204}
  CREATE_STREAM @0 {NAME:seq T:Transactions SCOPE:uvm_test_top.env.rknp_agt.sqr STREAM:1204}
  CREATE_STREAM @0 {NAME:seq T:Transactions SCOPE:uvm_test_top.env.rknp_agt.sqr STREAM:1204}
  CREATE_STREAM @0 {NAME:seq T:Transactions SCOPE:uvm_test_top.env.rknp_agt.sqr STREAM:1204}
  CREATE_STREAM @0 {NAME:seq T:Transactions SCOPE:uvm_test_top.env.rknp_agt.sqr STREAM:1204}
  CREATE_STREAM @0 {NAME:rd_seq T:Transactions SCOPE:uvm_test_top.env.rknp_agt.sqr STREAM:1204}
  CREATE_STREAM @0 {NAME:rd_seq T:Transactions SCOPE:uvm_test_top.env.rknp_agt.sqr STREAM:1204}
  CREATE_STREAM @0 {NAME:rd_seq T:Transactions SCOPE:uvm_test_top.env.rknp_agt.sqr STREAM:1204}
  CREATE_STREAM @0 {NAME:timeout_seq T:Transactions SCOPE:uvm_test_top.env.rknp_agt.sqr STREAM:1204}
  CREATE_STREAM @55000 {NAME:normal_seq T:Transactions SCOPE:uvm_test_top.env.rknp_agt.sqr STREAM:1276}
  CREATE_STREAM @0 {NAME:seq T:Transactions SCOPE:uvm_test_top.env.rknp_agt.sqr STREAM:1204}
  CREATE_STREAM @0 {NAME:seq T:Transactions SCOPE:uvm_test_top.env.rknp_agt.sqr STREAM:1204}
  CREATE_STREAM @0 {NAME:seq T:Transactions SCOPE:uvm_test_top.env.rknp_agt.sqr STREAM:1204}
  CREATE_STREAM @0 {NAME:seq T:Transactions SCOPE:uvm_test_top.env.rknp_agt.sqr STREAM:1204}
  CREATE_STREAM @0 {NAME:seq T:Transactions SCOPE:uvm_test_top.env.rknp_agt.sqr STREAM:1204}
  CREATE_STREAM @0 {NAME:seq T:Transactions SCOPE:uvm_test_top.env.rknp_agt.sqr STREAM:1204}
  CREATE_STREAM @0 {NAME:seq T:Transactions SCOPE:uvm_test_top.env.rknp_agt.sqr STREAM:1204}
  CREATE_STREAM @0 {NAME:rd_seq T:Transactions SCOPE:uvm_test_top.env.rknp_agt.sqr STREAM:1204}
  CREATE_STREAM @0 {NAME:rd_seq T:Transactions SCOPE:uvm_test_top.env.rknp_agt.sqr STREAM:1204}
  CREATE_STREAM @0 {NAME:rd_seq T:Transactions SCOPE:uvm_test_top.env.rknp_agt.sqr STREAM:1204}
  CREATE_STREAM @0 {NAME:timeout_seq T:Transactions SCOPE:uvm_test_top.env.rknp_agt.sqr STREAM:1204}
  CREATE_STREAM @55000 {NAME:normal_seq T:Transactions SCOPE:uvm_test_top.env.rknp_agt.sqr STREAM:1276}
  CREATE_STREAM @0 {NAME:seq T:Transactions SCOPE:uvm_test_top.env.rknp_agt.sqr STREAM:1204}
  CREATE_STREAM @0 {NAME:seq T:Transactions SCOPE:uvm_test_top.env.rknp_agt.sqr STREAM:1204}
  CREATE_STREAM @0 {NAME:seq T:Transactions SCOPE:uvm_test_top.env.rknp_agt.sqr STREAM:1204}
  CREATE_STREAM @0 {NAME:seq T:Transactions SCOPE:uvm_test_top.env.rknp_agt.sqr STREAM:1204}
  CREATE_STREAM @0 {NAME:seq T:Transactions SCOPE:uvm_test_top.env.rknp_agt.sqr STREAM:1204}
  CREATE_STREAM @0 {NAME:seq T:Transactions SCOPE:uvm_test_top.env.rknp_agt.sqr STREAM:1204}
  CREATE_STREAM @0 {NAME:seq T:Transactions SCOPE:uvm_test_top.env.rknp_agt.sqr STREAM:1204}
  CREATE_STREAM @0 {NAME:seq T:Transactions SCOPE:uvm_test_top.env.rknp_agt.sqr STREAM:1204}
  CREATE_STREAM @0 {NAME:rd_seq T:Transactions SCOPE:uvm_test_top.env.rknp_agt.sqr STREAM:1204}
  CREATE_STREAM @0 {NAME:rd_seq T:Transactions SCOPE:uvm_test_top.env.rknp_agt.sqr STREAM:1204}
  CREATE_STREAM @0 {NAME:rd_seq T:Transactions SCOPE:uvm_test_top.env.rknp_agt.sqr STREAM:1204}
  CREATE_STREAM @0 {NAME:timeout_seq T:Transactions SCOPE:uvm_test_top.env.rknp_agt.sqr STREAM:1204}
  CREATE_STREAM @55000 {NAME:normal_seq T:Transactions SCOPE:uvm_test_top.env.rknp_agt.sqr STREAM:1276}
  CREATE_STREAM @0 {NAME:seq T:Transactions SCOPE:uvm_test_top.env.rknp_agt.sqr STREAM:1204}
  CREATE_STREAM @0 {NAME:seq T:Transactions SCOPE:uvm_test_top.env.rknp_agt.sqr STREAM:1204}
  CREATE_STREAM @0 {NAME:seq T:Transactions SCOPE:uvm_test_top.env.rknp_agt.sqr STREAM:1204}
  CREATE_STREAM @0 {NAME:seq T:Transactions SCOPE:uvm_test_top.env.rknp_agt.sqr STREAM:1204}
  CREATE_STREAM @0 {NAME:seq T:Transactions SCOPE:uvm_test_top.env.rknp_agt.sqr STREAM:1204}
  CREATE_STREAM @0 {NAME:seq T:Transactions SCOPE:uvm_test_top.env.rknp_agt.sqr STREAM:1204}
  CREATE_STREAM @0 {NAME:seq T:Transactions SCOPE:uvm_test_top.env.rknp_agt.sqr STREAM:1204}
  CREATE_STREAM @0 {NAME:seq T:Transactions SCOPE:uvm_test_top.env.rknp_agt.sqr STREAM:1204}
  CREATE_STREAM @0 {NAME:seq T:Transactions SCOPE:uvm_test_top.env.rknp_agt.sqr STREAM:1204}
  CREATE_STREAM @0 {NAME:rd_seq T:Transactions SCOPE:uvm_test_top.env.rknp_agt.sqr STREAM:1204}
  CREATE_STREAM @0 {NAME:rd_seq T:Transactions SCOPE:uvm_test_top.env.rknp_agt.sqr STREAM:1204}
  CREATE_STREAM @0 {NAME:rd_seq T:Transactions SCOPE:uvm_test_top.env.rknp_agt.sqr STREAM:1204}
  CREATE_STREAM @0 {NAME:timeout_seq T:Transactions SCOPE:uvm_test_top.env.rknp_agt.sqr STREAM:1204}
  CREATE_STREAM @55000 {NAME:normal_seq T:Transactions SCOPE:uvm_test_top.env.rknp_agt.sqr STREAM:1276}
  CREATE_STREAM @0 {NAME:seq T:Transactions SCOPE:uvm_test_top.env.rknp_agt.sqr STREAM:1204}
  CREATE_STREAM @0 {NAME:seq T:Transactions SCOPE:uvm_test_top.env.rknp_agt.sqr STREAM:1204}
  CREATE_STREAM @0 {NAME:seq T:Transactions SCOPE:uvm_test_top.env.rknp_agt.sqr STREAM:1204}
  CREATE_STREAM @0 {NAME:seq T:Transactions SCOPE:uvm_test_top.env.rknp_agt.sqr STREAM:1204}
  CREATE_STREAM @0 {NAME:seq T:Transactions SCOPE:uvm_test_top.env.rknp_agt.sqr STREAM:1204}
  CREATE_STREAM @0 {NAME:seq T:Transactions SCOPE:uvm_test_top.env.rknp_agt.sqr STREAM:1204}
  CREATE_STREAM @0 {NAME:seq T:Transactions SCOPE:uvm_test_top.env.rknp_agt.sqr STREAM:1204}
  CREATE_STREAM @0 {NAME:seq T:Transactions SCOPE:uvm_test_top.env.rknp_agt.sqr STREAM:1204}
  CREATE_STREAM @0 {NAME:seq T:Transactions SCOPE:uvm_test_top.env.rknp_agt.sqr STREAM:1204}
  CREATE_STREAM @0 {NAME:rd_seq T:Transactions SCOPE:uvm_test_top.env.rknp_agt.sqr STREAM:1204}
  CREATE_STREAM @0 {NAME:rd_seq T:Transactions SCOPE:uvm_test_top.env.rknp_agt.sqr STREAM:1204}
  CREATE_STREAM @0 {NAME:rd_seq T:Transactions SCOPE:uvm_test_top.env.rknp_agt.sqr STREAM:1204}
  CREATE_STREAM @0 {NAME:timeout_seq T:Transactions SCOPE:uvm_test_top.env.rknp_agt.sqr STREAM:1204}
  CREATE_STREAM @55000 {NAME:normal_seq T:Transactions SCOPE:uvm_test_top.env.rknp_agt.sqr STREAM:1276}
  CREATE_STREAM @0 {NAME:seq T:Transactions SCOPE:uvm_test_top.env.rknp_agt.sqr STREAM:1204}
  CREATE_STREAM @0 {NAME:seq T:Transactions SCOPE:uvm_test_top.env.rknp_agt.sqr STREAM:1204}
  CREATE_STREAM @0 {NAME:seq T:Transactions SCOPE:uvm_test_top.env.rknp_agt.sqr STREAM:1204}
  CREATE_STREAM @0 {NAME:seq T:Transactions SCOPE:uvm_test_top.env.rknp_agt.sqr STREAM:1204}
  CREATE_STREAM @0 {NAME:seq T:Transactions SCOPE:uvm_test_top.env.rknp_agt.sqr STREAM:1204}
  CREATE_STREAM @0 {NAME:seq T:Transactions SCOPE:uvm_test_top.env.rknp_agt.sqr STREAM:1204}
  CREATE_STREAM @0 {NAME:seq T:Transactions SCOPE:uvm_test_top.env.rknp_agt.sqr STREAM:1204}
  CREATE_STREAM @0 {NAME:seq T:Transactions SCOPE:uvm_test_top.env.rknp_agt.sqr STREAM:1204}
  CREATE_STREAM @0 {NAME:seq T:Transactions SCOPE:uvm_test_top.env.rknp_agt.sqr STREAM:1204}
  CREATE_STREAM @0 {NAME:rd_seq T:Transactions SCOPE:uvm_test_top.env.rknp_agt.sqr STREAM:1204}
  CREATE_STREAM @0 {NAME:rd_seq T:Transactions SCOPE:uvm_test_top.env.rknp_agt.sqr STREAM:1204}
  CREATE_STREAM @0 {NAME:rd_seq T:Transactions SCOPE:uvm_test_top.env.rknp_agt.sqr STREAM:1204}
  CREATE_STREAM @0 {NAME:timeout_seq T:Transactions SCOPE:uvm_test_top.env.rknp_agt.sqr STREAM:1204}
  CREATE_STREAM @55000 {NAME:normal_seq T:Transactions SCOPE:uvm_test_top.env.rknp_agt.sqr STREAM:1276}
  CREATE_STREAM @0 {NAME:seq T:Transactions SCOPE:uvm_test_top.env.rknp_agt.sqr STREAM:1204}
  CREATE_STREAM @0 {NAME:seq T:Transactions SCOPE:uvm_test_top.env.rknp_agt.sqr STREAM:1204}
  CREATE_STREAM @0 {NAME:seq T:Transactions SCOPE:uvm_test_top.env.rknp_agt.sqr STREAM:1204}
  CREATE_STREAM @0 {NAME:seq T:Transactions SCOPE:uvm_test_top.env.rknp_agt.sqr STREAM:1204}
  CREATE_STREAM @0 {NAME:seq T:Transactions SCOPE:uvm_test_top.env.rknp_agt.sqr STREAM:1204}
  CREATE_STREAM @0 {NAME:seq T:Transactions SCOPE:uvm_test_top.env.rknp_agt.sqr STREAM:1204}
  CREATE_STREAM @0 {NAME:seq T:Transactions SCOPE:uvm_test_top.env.rknp_agt.sqr STREAM:1204}
  CREATE_STREAM @0 {NAME:seq T:Transactions SCOPE:uvm_test_top.env.rknp_agt.sqr STREAM:1204}
  CREATE_STREAM @0 {NAME:seq T:Transactions SCOPE:uvm_test_top.env.rknp_agt.sqr STREAM:1204}
  CREATE_STREAM @0 {NAME:rd_seq T:Transactions SCOPE:uvm_test_top.env.rknp_agt.sqr STREAM:1204}
  CREATE_STREAM @0 {NAME:rd_seq T:Transactions SCOPE:uvm_test_top.env.rknp_agt.sqr STREAM:1204}
  CREATE_STREAM @0 {NAME:rd_seq T:Transactions SCOPE:uvm_test_top.env.rknp_agt.sqr STREAM:1204}
  CREATE_STREAM @0 {NAME:timeout_seq T:Transactions SCOPE:uvm_test_top.env.rknp_agt.sqr STREAM:1204}
  CREATE_STREAM @55000 {NAME:normal_seq T:Transactions SCOPE:uvm_test_top.env.rknp_agt.sqr STREAM:1276}
  CREATE_STREAM @0 {NAME:seq T:Transactions SCOPE:uvm_test_top.env.rknp_agt.sqr STREAM:1204}
  CREATE_STREAM @0 {NAME:seq T:Transactions SCOPE:uvm_test_top.env.rknp_agt.sqr STREAM:1204}
  CREATE_STREAM @0 {NAME:seq T:Transactions SCOPE:uvm_test_top.env.rknp_agt.sqr STREAM:1204}
  CREATE_STREAM @0 {NAME:seq T:Transactions SCOPE:uvm_test_top.env.rknp_agt.sqr STREAM:1204}
  CREATE_STREAM @0 {NAME:seq T:Transactions SCOPE:uvm_test_top.env.rknp_agt.sqr STREAM:1204}
  CREATE_STREAM @0 {NAME:seq T:Transactions SCOPE:uvm_test_top.env.rknp_agt.sqr STREAM:1204}
  CREATE_STREAM @0 {NAME:seq T:Transactions SCOPE:uvm_test_top.env.rknp_agt.sqr STREAM:1204}
  CREATE_STREAM @0 {NAME:seq T:Transactions SCOPE:uvm_test_top.env.rknp_agt.sqr STREAM:1204}
  CREATE_STREAM @0 {NAME:seq T:Transactions SCOPE:uvm_test_top.env.rknp_agt.sqr STREAM:1204}
  CREATE_STREAM @0 {NAME:rd_seq T:Transactions SCOPE:uvm_test_top.env.rknp_agt.sqr STREAM:1204}
  CREATE_STREAM @0 {NAME:rd_seq T:Transactions SCOPE:uvm_test_top.env.rknp_agt.sqr STREAM:1204}
  CREATE_STREAM @0 {NAME:rd_seq T:Transactions SCOPE:uvm_test_top.env.rknp_agt.sqr STREAM:1204}
  CREATE_STREAM @0 {NAME:timeout_seq T:Transactions SCOPE:uvm_test_top.env.rknp_agt.sqr STREAM:1204}
  CREATE_STREAM @55000 {NAME:normal_seq T:Transactions SCOPE:uvm_test_top.env.rknp_agt.sqr STREAM:1276}
  CREATE_STREAM @0 {NAME:seq T:Transactions SCOPE:uvm_test_top.env.rknp_agt.sqr STREAM:1204}
  CREATE_STREAM @0 {NAME:seq T:Transactions SCOPE:uvm_test_top.env.rknp_agt.sqr STREAM:1204}
  CREATE_STREAM @0 {NAME:seq T:Transactions SCOPE:uvm_test_top.env.rknp_agt.sqr STREAM:1204}
  CREATE_STREAM @0 {NAME:seq T:Transactions SCOPE:uvm_test_top.env.rknp_agt.sqr STREAM:1204}
  CREATE_STREAM @0 {NAME:seq T:Transactions SCOPE:uvm_test_top.env.rknp_agt.sqr STREAM:1204}
  CREATE_STREAM @0 {NAME:seq T:Transactions SCOPE:uvm_test_top.env.rknp_agt.sqr STREAM:1204}
  CREATE_STREAM @0 {NAME:seq T:Transactions SCOPE:uvm_test_top.env.rknp_agt.sqr STREAM:1204}
  CREATE_STREAM @0 {NAME:seq T:Transactions SCOPE:uvm_test_top.env.rknp_agt.sqr STREAM:1204}
  CREATE_STREAM @0 {NAME:seq T:Transactions SCOPE:uvm_test_top.env.rknp_agt.sqr STREAM:1204}
  CREATE_STREAM @0 {NAME:rd_seq T:Transactions SCOPE:uvm_test_top.env.rknp_agt.sqr STREAM:1204}
  CREATE_STREAM @0 {NAME:rd_seq T:Transactions SCOPE:uvm_test_top.env.rknp_agt.sqr STREAM:1204}
  CREATE_STREAM @0 {NAME:rd_seq T:Transactions SCOPE:uvm_test_top.env.rknp_agt.sqr STREAM:1204}
  CREATE_STREAM @0 {NAME:timeout_seq T:Transactions SCOPE:uvm_test_top.env.rknp_agt.sqr STREAM:1204}
  CREATE_STREAM @55000 {NAME:normal_seq T:Transactions SCOPE:uvm_test_top.env.rknp_agt.sqr STREAM:1276}
  CREATE_STREAM @0 {NAME:seq T:Transactions SCOPE:uvm_test_top.env.rknp_agt.sqr STREAM:1204}
  CREATE_STREAM @0 {NAME:seq T:Transactions SCOPE:uvm_test_top.env.rknp_agt.sqr STREAM:1204}
  CREATE_STREAM @0 {NAME:seq T:Transactions SCOPE:uvm_test_top.env.rknp_agt.sqr STREAM:1204}
  CREATE_STREAM @0 {NAME:seq T:Transactions SCOPE:uvm_test_top.env.rknp_agt.sqr STREAM:1204}
  CREATE_STREAM @0 {NAME:seq T:Transactions SCOPE:uvm_test_top.env.rknp_agt.sqr STREAM:1204}
  CREATE_STREAM @0 {NAME:seq T:Transactions SCOPE:uvm_test_top.env.rknp_agt.sqr STREAM:1204}
  CREATE_STREAM @0 {NAME:seq T:Transactions SCOPE:uvm_test_top.env.rknp_agt.sqr STREAM:1204}
  CREATE_STREAM @0 {NAME:seq T:Transactions SCOPE:uvm_test_top.env.rknp_agt.sqr STREAM:1204}
  CREATE_STREAM @0 {NAME:seq T:Transactions SCOPE:uvm_test_top.env.rknp_agt.sqr STREAM:1204}
  CREATE_STREAM @0 {NAME:seq T:Transactions SCOPE:uvm_test_top.env.rknp_agt.sqr STREAM:1204}
  CREATE_STREAM @0 {NAME:rd_seq T:Transactions SCOPE:uvm_test_top.env.rknp_agt.sqr STREAM:1204}
  CREATE_STREAM @0 {NAME:rd_seq T:Transactions SCOPE:uvm_test_top.env.rknp_agt.sqr STREAM:1204}
  CREATE_STREAM @0 {NAME:rd_seq T:Transactions SCOPE:uvm_test_top.env.rknp_agt.sqr STREAM:1204}
  CREATE_STREAM @0 {NAME:timeout_seq T:Transactions SCOPE:uvm_test_top.env.rknp_agt.sqr STREAM:1204}
  CREATE_STREAM @55000 {NAME:normal_seq T:Transactions SCOPE:uvm_test_top.env.rknp_agt.sqr STREAM:1276}
  CREATE_STREAM @0 {NAME:seq T:Transactions SCOPE:uvm_test_top.env.rknp_agt.sqr STREAM:1204}
  CREATE_STREAM @0 {NAME:seq T:Transactions SCOPE:uvm_test_top.env.rknp_agt.sqr STREAM:1204}
  CREATE_STREAM @0 {NAME:seq T:Transactions SCOPE:uvm_test_top.env.rknp_agt.sqr STREAM:1204}
  CREATE_STREAM @0 {NAME:seq T:Transactions SCOPE:uvm_test_top.env.rknp_agt.sqr STREAM:1204}
  CREATE_STREAM @0 {NAME:seq T:Transactions SCOPE:uvm_test_top.env.rknp_agt.sqr STREAM:1204}
  CREATE_STREAM @0 {NAME:seq T:Transactions SCOPE:uvm_test_top.env.rknp_agt.sqr STREAM:1204}
  CREATE_STREAM @0 {NAME:seq T:Transactions SCOPE:uvm_test_top.env.rknp_agt.sqr STREAM:1204}
  CREATE_STREAM @0 {NAME:seq T:Transactions SCOPE:uvm_test_top.env.rknp_agt.sqr STREAM:1204}
  CREATE_STREAM @0 {NAME:seq T:Transactions SCOPE:uvm_test_top.env.rknp_agt.sqr STREAM:1204}
  CREATE_STREAM @0 {NAME:seq T:Transactions SCOPE:uvm_test_top.env.rknp_agt.sqr STREAM:1204}
  CREATE_STREAM @0 {NAME:seq T:Transactions SCOPE:uvm_test_top.env.rknp_agt.sqr STREAM:1204}
  CREATE_STREAM @0 {NAME:seq T:Transactions SCOPE:uvm_test_top.env.rknp_agt.sqr STREAM:1204}
  CREATE_STREAM @0 {NAME:seq T:Transactions SCOPE:uvm_test_top.env.rknp_agt.sqr STREAM:1204}
  CREATE_STREAM @0 {NAME:seq T:Transactions SCOPE:uvm_test_top.env.rknp_agt.sqr STREAM:1204}
  CREATE_STREAM @0 {NAME:seq T:Transactions SCOPE:uvm_test_top.env.rknp_agt.sqr STREAM:1204}
  CREATE_STREAM @0 {NAME:seq T:Transactions SCOPE:uvm_test_top.env.rknp_agt.sqr STREAM:1204}
  CREATE_STREAM @0 {NAME:seq T:Transactions SCOPE:uvm_test_top.env.rknp_agt.sqr STREAM:1204}
  CREATE_STREAM @0 {NAME:seq T:Transactions SCOPE:uvm_test_top.env.rknp_agt.sqr STREAM:1204}
  CREATE_STREAM @0 {NAME:seq T:Transactions SCOPE:uvm_test_top.env.rknp_agt.sqr STREAM:1204}
  CREATE_STREAM @0 {NAME:seq T:Transactions SCOPE:uvm_test_top.env.rknp_agt.sqr STREAM:1204}
  CREATE_STREAM @0 {NAME:seq T:Transactions SCOPE:uvm_test_top.env.rknp_agt.sqr STREAM:1204}
  CREATE_STREAM @0 {NAME:seq T:Transactions SCOPE:uvm_test_top.env.rknp_agt.sqr STREAM:1204}
  CREATE_STREAM @0 {NAME:seq T:Transactions SCOPE:uvm_test_top.env.rknp_agt.sqr STREAM:1204}
  CREATE_STREAM @0 {NAME:rd_seq T:Transactions SCOPE:uvm_test_top.env.rknp_agt.sqr STREAM:1204}
  CREATE_STREAM @0 {NAME:rd_seq T:Transactions SCOPE:uvm_test_top.env.rknp_agt.sqr STREAM:1204}
  CREATE_STREAM @0 {NAME:rd_seq T:Transactions SCOPE:uvm_test_top.env.rknp_agt.sqr STREAM:1204}
  CREATE_STREAM @0 {NAME:timeout_seq T:Transactions SCOPE:uvm_test_top.env.rknp_agt.sqr STREAM:1204}
  CREATE_STREAM @55000 {NAME:normal_seq T:Transactions SCOPE:uvm_test_top.env.rknp_agt.sqr STREAM:1276}
  CREATE_STREAM @0 {NAME:seq T:Transactions SCOPE:uvm_test_top.env.rknp_agt.sqr STREAM:1204}
  CREATE_STREAM @0 {NAME:seq T:Transactions SCOPE:uvm_test_top.env.rknp_agt.sqr STREAM:1204}
  CREATE_STREAM @0 {NAME:seq T:Transactions SCOPE:uvm_test_top.env.rknp_agt.sqr STREAM:1204}
  CREATE_STREAM @0 {NAME:seq T:Transactions SCOPE:uvm_test_top.env.rknp_agt.sqr STREAM:1204}
  CREATE_STREAM @0 {NAME:seq T:Transactions SCOPE:uvm_test_top.env.rknp_agt.sqr STREAM:1204}
  CREATE_STREAM @0 {NAME:seq T:Transactions SCOPE:uvm_test_top.env.rknp_agt.sqr STREAM:1204}
  CREATE_STREAM @0 {NAME:seq T:Transactions SCOPE:uvm_test_top.env.rknp_agt.sqr STREAM:1204}
  CREATE_STREAM @0 {NAME:seq T:Transactions SCOPE:uvm_test_top.env.rknp_agt.sqr STREAM:1204}
  CREATE_STREAM @0 {NAME:seq T:Transactions SCOPE:uvm_test_top.env.rknp_agt.sqr STREAM:1204}
  CREATE_STREAM @0 {NAME:seq T:Transactions SCOPE:uvm_test_top.env.rknp_agt.sqr STREAM:1204}
  CREATE_STREAM @0 {NAME:seq T:Transactions SCOPE:uvm_test_top.env.rknp_agt.sqr STREAM:1204}
  CREATE_STREAM @0 {NAME:seq T:Transactions SCOPE:uvm_test_top.env.rknp_agt.sqr STREAM:1204}
  CREATE_STREAM @0 {NAME:seq T:Transactions SCOPE:uvm_test_top.env.rknp_agt.sqr STREAM:1204}
  CREATE_STREAM @0 {NAME:seq T:Transactions SCOPE:uvm_test_top.env.rknp_agt.sqr STREAM:1204}
  CREATE_STREAM @0 {NAME:seq T:Transactions SCOPE:uvm_test_top.env.rknp_agt.sqr STREAM:1204}
  CREATE_STREAM @0 {NAME:seq T:Transactions SCOPE:uvm_test_top.env.rknp_agt.sqr STREAM:1204}
  CREATE_STREAM @0 {NAME:seq T:Transactions SCOPE:uvm_test_top.env.rknp_agt.sqr STREAM:1204}
  CREATE_STREAM @0 {NAME:seq T:Transactions SCOPE:uvm_test_top.env.rknp_agt.sqr STREAM:1204}
  CREATE_STREAM @0 {NAME:seq T:Transactions SCOPE:uvm_test_top.env.rknp_agt.sqr STREAM:1204}
  CREATE_STREAM @0 {NAME:seq T:Transactions SCOPE:uvm_test_top.env.rknp_agt.sqr STREAM:1204}
  CREATE_STREAM @0 {NAME:seq T:Transactions SCOPE:uvm_test_top.env.rknp_agt.sqr STREAM:1204}
  CREATE_STREAM @0 {NAME:seq T:Transactions SCOPE:uvm_test_top.env.rknp_agt.sqr STREAM:1204}
  CREATE_STREAM @0 {NAME:seq T:Transactions SCOPE:uvm_test_top.env.rknp_agt.sqr STREAM:1204}
  CREATE_STREAM @0 {NAME:rd_seq T:Transactions SCOPE:uvm_test_top.env.rknp_agt.sqr STREAM:1204}
  CREATE_STREAM @0 {NAME:rd_seq T:Transactions SCOPE:uvm_test_top.env.rknp_agt.sqr STREAM:1204}
  CREATE_STREAM @0 {NAME:rd_seq T:Transactions SCOPE:uvm_test_top.env.rknp_agt.sqr STREAM:1204}
  CREATE_STREAM @0 {NAME:timeout_seq T:Transactions SCOPE:uvm_test_top.env.rknp_agt.sqr STREAM:1204}
  CREATE_STREAM @55000 {NAME:normal_seq T:Transactions SCOPE:uvm_test_top.env.rknp_agt.sqr STREAM:1276}
  CREATE_STREAM @0 {NAME:seq T:Transactions SCOPE:uvm_test_top.env.rknp_agt.sqr STREAM:1204}
  CREATE_STREAM @0 {NAME:seq T:Transactions SCOPE:uvm_test_top.env.rknp_agt.sqr STREAM:1204}
  CREATE_STREAM @0 {NAME:seq T:Transactions SCOPE:uvm_test_top.env.rknp_agt.sqr STREAM:1204}
  CREATE_STREAM @0 {NAME:seq T:Transactions SCOPE:uvm_test_top.env.rknp_agt.sqr STREAM:1204}
  CREATE_STREAM @0 {NAME:seq T:Transactions SCOPE:uvm_test_top.env.rknp_agt.sqr STREAM:1204}
  CREATE_STREAM @0 {NAME:seq T:Transactions SCOPE:uvm_test_top.env.rknp_agt.sqr STREAM:1204}
  CREATE_STREAM @0 {NAME:seq T:Transactions SCOPE:uvm_test_top.env.rknp_agt.sqr STREAM:1204}
  CREATE_STREAM @0 {NAME:rd_seq T:Transactions SCOPE:uvm_test_top.env.rknp_agt.sqr STREAM:1204}
  CREATE_STREAM @0 {NAME:rd_seq T:Transactions SCOPE:uvm_test_top.env.rknp_agt.sqr STREAM:1204}
  CREATE_STREAM @0 {NAME:rd_seq T:Transactions SCOPE:uvm_test_top.env.rknp_agt.sqr STREAM:1204}
  CREATE_STREAM @0 {NAME:timeout_seq T:Transactions SCOPE:uvm_test_top.env.rknp_agt.sqr STREAM:1204}
  CREATE_STREAM @55000 {NAME:normal_seq T:Transactions SCOPE:uvm_test_top.env.rknp_agt.sqr STREAM:1276}
  CREATE_STREAM @0 {NAME:seq T:Transactions SCOPE:uvm_test_top.env.rknp_agt.sqr STREAM:1204}
  CREATE_STREAM @0 {NAME:seq T:Transactions SCOPE:uvm_test_top.env.rknp_agt.sqr STREAM:1204}
  CREATE_STREAM @0 {NAME:seq T:Transactions SCOPE:uvm_test_top.env.rknp_agt.sqr STREAM:1204}
  CREATE_STREAM @0 {NAME:seq T:Transactions SCOPE:uvm_test_top.env.rknp_agt.sqr STREAM:1204}
  CREATE_STREAM @0 {NAME:seq T:Transactions SCOPE:uvm_test_top.env.rknp_agt.sqr STREAM:1204}
  CREATE_STREAM @0 {NAME:seq T:Transactions SCOPE:uvm_test_top.env.rknp_agt.sqr STREAM:1204}
  CREATE_STREAM @0 {NAME:seq T:Transactions SCOPE:uvm_test_top.env.rknp_agt.sqr STREAM:1204}
  CREATE_STREAM @0 {NAME:seq T:Transactions SCOPE:uvm_test_top.env.rknp_agt.sqr STREAM:1204}
  CREATE_STREAM @0 {NAME:seq T:Transactions SCOPE:uvm_test_top.env.rknp_agt.sqr STREAM:1204}
  CREATE_STREAM @0 {NAME:seq T:Transactions SCOPE:uvm_test_top.env.rknp_agt.sqr STREAM:1204}
  CREATE_STREAM @0 {NAME:seq T:Transactions SCOPE:uvm_test_top.env.rknp_agt.sqr STREAM:1204}
  CREATE_STREAM @0 {NAME:seq T:Transactions SCOPE:uvm_test_top.env.rknp_agt.sqr STREAM:1204}
  CREATE_STREAM @0 {NAME:seq T:Transactions SCOPE:uvm_test_top.env.rknp_agt.sqr STREAM:1204}
  CREATE_STREAM @0 {NAME:seq T:Transactions SCOPE:uvm_test_top.env.rknp_agt.sqr STREAM:1204}
  CREATE_STREAM @0 {NAME:seq T:Transactions SCOPE:uvm_test_top.env.rknp_agt.sqr STREAM:1204}
  CREATE_STREAM @0 {NAME:seq T:Transactions SCOPE:uvm_test_top.env.rknp_agt.sqr STREAM:1204}
  CREATE_STREAM @0 {NAME:seq T:Transactions SCOPE:uvm_test_top.env.rknp_agt.sqr STREAM:1204}
  CREATE_STREAM @0 {NAME:seq T:Transactions SCOPE:uvm_test_top.env.rknp_agt.sqr STREAM:1204}
  CREATE_STREAM @0 {NAME:seq T:Transactions SCOPE:uvm_test_top.env.rknp_agt.sqr STREAM:1204}
  CREATE_STREAM @0 {NAME:seq T:Transactions SCOPE:uvm_test_top.env.rknp_agt.sqr STREAM:1204}
  CREATE_STREAM @0 {NAME:seq T:Transactions SCOPE:uvm_test_top.env.rknp_agt.sqr STREAM:1204}
  CREATE_STREAM @0 {NAME:seq T:Transactions SCOPE:uvm_test_top.env.rknp_agt.sqr STREAM:1204}
  CREATE_STREAM @0 {NAME:seq T:Transactions SCOPE:uvm_test_top.env.rknp_agt.sqr STREAM:1204}
  CREATE_STREAM @0 {NAME:rd_seq T:Transactions SCOPE:uvm_test_top.env.rknp_agt.sqr STREAM:1204}
  CREATE_STREAM @0 {NAME:rd_seq T:Transactions SCOPE:uvm_test_top.env.rknp_agt.sqr STREAM:1204}
  CREATE_STREAM @0 {NAME:rd_seq T:Transactions SCOPE:uvm_test_top.env.rknp_agt.sqr STREAM:1204}
  CREATE_STREAM @0 {NAME:timeout_seq T:Transactions SCOPE:uvm_test_top.env.rknp_agt.sqr STREAM:1204}
  CREATE_STREAM @55000 {NAME:normal_seq T:Transactions SCOPE:uvm_test_top.env.rknp_agt.sqr STREAM:1276}
  CREATE_STREAM @0 {NAME:seq T:Transactions SCOPE:uvm_test_top.env.rknp_agt.sqr STREAM:1204}
  CREATE_STREAM @0 {NAME:seq T:Transactions SCOPE:uvm_test_top.env.rknp_agt.sqr STREAM:1204}
  CREATE_STREAM @0 {NAME:seq T:Transactions SCOPE:uvm_test_top.env.rknp_agt.sqr STREAM:1204}
  CREATE_STREAM @0 {NAME:seq T:Transactions SCOPE:uvm_test_top.env.rknp_agt.sqr STREAM:1204}
  CREATE_STREAM @0 {NAME:seq T:Transactions SCOPE:uvm_test_top.env.rknp_agt.sqr STREAM:1204}
  CREATE_STREAM @0 {NAME:seq T:Transactions SCOPE:uvm_test_top.env.rknp_agt.sqr STREAM:1204}
  CREATE_STREAM @0 {NAME:seq T:Transactions SCOPE:uvm_test_top.env.rknp_agt.sqr STREAM:1204}
  CREATE_STREAM @0 {NAME:seq T:Transactions SCOPE:uvm_test_top.env.rknp_agt.sqr STREAM:1204}
  CREATE_STREAM @0 {NAME:seq T:Transactions SCOPE:uvm_test_top.env.rknp_agt.sqr STREAM:1204}
  CREATE_STREAM @0 {NAME:seq T:Transactions SCOPE:uvm_test_top.env.rknp_agt.sqr STREAM:1204}
  CREATE_STREAM @0 {NAME:seq T:Transactions SCOPE:uvm_test_top.env.rknp_agt.sqr STREAM:1204}
  CREATE_STREAM @0 {NAME:seq T:Transactions SCOPE:uvm_test_top.env.rknp_agt.sqr STREAM:1204}
  CREATE_STREAM @0 {NAME:seq T:Transactions SCOPE:uvm_test_top.env.rknp_agt.sqr STREAM:1204}
  CREATE_STREAM @0 {NAME:seq T:Transactions SCOPE:uvm_test_top.env.rknp_agt.sqr STREAM:1204}
  CREATE_STREAM @0 {NAME:seq T:Transactions SCOPE:uvm_test_top.env.rknp_agt.sqr STREAM:1204}
  CREATE_STREAM @0 {NAME:seq T:Transactions SCOPE:uvm_test_top.env.rknp_agt.sqr STREAM:1204}
  CREATE_STREAM @0 {NAME:seq T:Transactions SCOPE:uvm_test_top.env.rknp_agt.sqr STREAM:1204}
  CREATE_STREAM @0 {NAME:seq T:Transactions SCOPE:uvm_test_top.env.rknp_agt.sqr STREAM:1204}
  CREATE_STREAM @0 {NAME:seq T:Transactions SCOPE:uvm_test_top.env.rknp_agt.sqr STREAM:1204}
  CREATE_STREAM @0 {NAME:seq T:Transactions SCOPE:uvm_test_top.env.rknp_agt.sqr STREAM:1204}
  CREATE_STREAM @0 {NAME:seq T:Transactions SCOPE:uvm_test_top.env.rknp_agt.sqr STREAM:1204}
  CREATE_STREAM @0 {NAME:seq T:Transactions SCOPE:uvm_test_top.env.rknp_agt.sqr STREAM:1204}
  CREATE_STREAM @0 {NAME:seq T:Transactions SCOPE:uvm_test_top.env.rknp_agt.sqr STREAM:1204}
  CREATE_STREAM @0 {NAME:rd_seq T:Transactions SCOPE:uvm_test_top.env.rknp_agt.sqr STREAM:1204}
  CREATE_STREAM @0 {NAME:rd_seq T:Transactions SCOPE:uvm_test_top.env.rknp_agt.sqr STREAM:1204}
  CREATE_STREAM @0 {NAME:rd_seq T:Transactions SCOPE:uvm_test_top.env.rknp_agt.sqr STREAM:1204}
  CREATE_STREAM @0 {NAME:timeout_seq T:Transactions SCOPE:uvm_test_top.env.rknp_agt.sqr STREAM:1204}
  CREATE_STREAM @55000 {NAME:normal_seq T:Transactions SCOPE:uvm_test_top.env.rknp_agt.sqr STREAM:1276}
  CREATE_STREAM @0 {NAME:seq T:Transactions SCOPE:uvm_test_top.env.rknp_agt.sqr STREAM:1204}
  CREATE_STREAM @0 {NAME:seq T:Transactions SCOPE:uvm_test_top.env.rknp_agt.sqr STREAM:1204}
  CREATE_STREAM @0 {NAME:seq T:Transactions SCOPE:uvm_test_top.env.rknp_agt.sqr STREAM:1204}
  CREATE_STREAM @0 {NAME:seq T:Transactions SCOPE:uvm_test_top.env.rknp_agt.sqr STREAM:1204}
  CREATE_STREAM @0 {NAME:seq T:Transactions SCOPE:uvm_test_top.env.rknp_agt.sqr STREAM:1204}
  CREATE_STREAM @0 {NAME:seq T:Transactions SCOPE:uvm_test_top.env.rknp_agt.sqr STREAM:1204}
  CREATE_STREAM @0 {NAME:seq T:Transactions SCOPE:uvm_test_top.env.rknp_agt.sqr STREAM:1204}
  CREATE_STREAM @0 {NAME:seq T:Transactions SCOPE:uvm_test_top.env.rknp_agt.sqr STREAM:1204}
  CREATE_STREAM @0 {NAME:seq T:Transactions SCOPE:uvm_test_top.env.rknp_agt.sqr STREAM:1204}
  CREATE_STREAM @0 {NAME:seq T:Transactions SCOPE:uvm_test_top.env.rknp_agt.sqr STREAM:1204}
  CREATE_STREAM @0 {NAME:seq T:Transactions SCOPE:uvm_test_top.env.rknp_agt.sqr STREAM:1204}
  CREATE_STREAM @0 {NAME:seq T:Transactions SCOPE:uvm_test_top.env.rknp_agt.sqr STREAM:1204}
  CREATE_STREAM @0 {NAME:seq T:Transactions SCOPE:uvm_test_top.env.rknp_agt.sqr STREAM:1204}
  CREATE_STREAM @0 {NAME:seq T:Transactions SCOPE:uvm_test_top.env.rknp_agt.sqr STREAM:1204}
  CREATE_STREAM @0 {NAME:seq T:Transactions SCOPE:uvm_test_top.env.rknp_agt.sqr STREAM:1204}
  CREATE_STREAM @0 {NAME:seq T:Transactions SCOPE:uvm_test_top.env.rknp_agt.sqr STREAM:1204}
  CREATE_STREAM @0 {NAME:seq T:Transactions SCOPE:uvm_test_top.env.rknp_agt.sqr STREAM:1204}
  CREATE_STREAM @0 {NAME:seq T:Transactions SCOPE:uvm_test_top.env.rknp_agt.sqr STREAM:1204}
  CREATE_STREAM @0 {NAME:seq T:Transactions SCOPE:uvm_test_top.env.rknp_agt.sqr STREAM:1204}
  CREATE_STREAM @0 {NAME:seq T:Transactions SCOPE:uvm_test_top.env.rknp_agt.sqr STREAM:1204}
  CREATE_STREAM @0 {NAME:seq T:Transactions SCOPE:uvm_test_top.env.rknp_agt.sqr STREAM:1204}
  CREATE_STREAM @0 {NAME:seq T:Transactions SCOPE:uvm_test_top.env.rknp_agt.sqr STREAM:1204}
  CREATE_STREAM @0 {NAME:seq T:Transactions SCOPE:uvm_test_top.env.rknp_agt.sqr STREAM:1204}
  CREATE_STREAM @0 {NAME:rd_seq T:Transactions SCOPE:uvm_test_top.env.rknp_agt.sqr STREAM:1204}
  CREATE_STREAM @0 {NAME:rd_seq T:Transactions SCOPE:uvm_test_top.env.rknp_agt.sqr STREAM:1204}
  CREATE_STREAM @0 {NAME:rd_seq T:Transactions SCOPE:uvm_test_top.env.rknp_agt.sqr STREAM:1204}
  CREATE_STREAM @0 {NAME:timeout_seq T:Transactions SCOPE:uvm_test_top.env.rknp_agt.sqr STREAM:1204}
  CREATE_STREAM @55000 {NAME:normal_seq T:Transactions SCOPE:uvm_test_top.env.rknp_agt.sqr STREAM:1276}
  CREATE_STREAM @0 {NAME:seq T:Transactions SCOPE:uvm_test_top.env.rknp_agt.sqr STREAM:1204}
  CREATE_STREAM @0 {NAME:seq T:Transactions SCOPE:uvm_test_top.env.rknp_agt.sqr STREAM:1204}
  CREATE_STREAM @0 {NAME:seq T:Transactions SCOPE:uvm_test_top.env.rknp_agt.sqr STREAM:1204}
  CREATE_STREAM @0 {NAME:seq T:Transactions SCOPE:uvm_test_top.env.rknp_agt.sqr STREAM:1204}
  CREATE_STREAM @0 {NAME:seq T:Transactions SCOPE:uvm_test_top.env.rknp_agt.sqr STREAM:1204}
  CREATE_STREAM @0 {NAME:seq T:Transactions SCOPE:uvm_test_top.env.rknp_agt.sqr STREAM:1204}
  CREATE_STREAM @0 {NAME:seq T:Transactions SCOPE:uvm_test_top.env.rknp_agt.sqr STREAM:1204}
  CREATE_STREAM @0 {NAME:seq T:Transactions SCOPE:uvm_test_top.env.rknp_agt.sqr STREAM:1204}
  CREATE_STREAM @0 {NAME:seq T:Transactions SCOPE:uvm_test_top.env.rknp_agt.sqr STREAM:1204}
  CREATE_STREAM @0 {NAME:seq T:Transactions SCOPE:uvm_test_top.env.rknp_agt.sqr STREAM:1204}
  CREATE_STREAM @0 {NAME:rd_seq T:Transactions SCOPE:uvm_test_top.env.rknp_agt.sqr STREAM:1204}
  CREATE_STREAM @0 {NAME:rd_seq T:Transactions SCOPE:uvm_test_top.env.rknp_agt.sqr STREAM:1204}
  CREATE_STREAM @0 {NAME:rd_seq T:Transactions SCOPE:uvm_test_top.env.rknp_agt.sqr STREAM:1204}
  CREATE_STREAM @0 {NAME:timeout_seq T:Transactions SCOPE:uvm_test_top.env.rknp_agt.sqr STREAM:1204}
  CREATE_STREAM @55000 {NAME:normal_seq T:Transactions SCOPE:uvm_test_top.env.rknp_agt.sqr STREAM:1276}
  CREATE_STREAM @0 {NAME:seq T:Transactions SCOPE:uvm_test_top.env.rknp_agt.sqr STREAM:1204}
  CREATE_STREAM @0 {NAME:seq T:Transactions SCOPE:uvm_test_top.env.rknp_agt.sqr STREAM:1204}
  CREATE_STREAM @0 {NAME:seq T:Transactions SCOPE:uvm_test_top.env.rknp_agt.sqr STREAM:1204}
  CREATE_STREAM @0 {NAME:seq T:Transactions SCOPE:uvm_test_top.env.rknp_agt.sqr STREAM:1204}
  CREATE_STREAM @0 {NAME:seq T:Transactions SCOPE:uvm_test_top.env.rknp_agt.sqr STREAM:1204}
  CREATE_STREAM @0 {NAME:seq T:Transactions SCOPE:uvm_test_top.env.rknp_agt.sqr STREAM:1204}
  CREATE_STREAM @0 {NAME:seq T:Transactions SCOPE:uvm_test_top.env.rknp_agt.sqr STREAM:1204}
  CREATE_STREAM @0 {NAME:seq T:Transactions SCOPE:uvm_test_top.env.rknp_agt.sqr STREAM:1204}
  CREATE_STREAM @0 {NAME:seq T:Transactions SCOPE:uvm_test_top.env.rknp_agt.sqr STREAM:1204}
  CREATE_STREAM @0 {NAME:rd_seq T:Transactions SCOPE:uvm_test_top.env.rknp_agt.sqr STREAM:1204}
  CREATE_STREAM @0 {NAME:rd_seq T:Transactions SCOPE:uvm_test_top.env.rknp_agt.sqr STREAM:1204}
  CREATE_STREAM @0 {NAME:rd_seq T:Transactions SCOPE:uvm_test_top.env.rknp_agt.sqr STREAM:1204}
  CREATE_STREAM @0 {NAME:timeout_seq T:Transactions SCOPE:uvm_test_top.env.rknp_agt.sqr STREAM:1204}
  CREATE_STREAM @55000 {NAME:normal_seq T:Transactions SCOPE:uvm_test_top.env.rknp_agt.sqr STREAM:1276}
  CREATE_STREAM @0 {NAME:seq T:Transactions SCOPE:uvm_test_top.env.rknp_agt.sqr STREAM:1204}
  CREATE_STREAM @0 {NAME:seq T:Transactions SCOPE:uvm_test_top.env.rknp_agt.sqr STREAM:1204}
  CREATE_STREAM @0 {NAME:seq T:Transactions SCOPE:uvm_test_top.env.rknp_agt.sqr STREAM:1204}
  CREATE_STREAM @0 {NAME:seq T:Transactions SCOPE:uvm_test_top.env.rknp_agt.sqr STREAM:1204}
  CREATE_STREAM @0 {NAME:seq T:Transactions SCOPE:uvm_test_top.env.rknp_agt.sqr STREAM:1204}
  CREATE_STREAM @0 {NAME:seq T:Transactions SCOPE:uvm_test_top.env.rknp_agt.sqr STREAM:1204}
  CREATE_STREAM @0 {NAME:seq T:Transactions SCOPE:uvm_test_top.env.rknp_agt.sqr STREAM:1204}
  CREATE_STREAM @0 {NAME:seq T:Transactions SCOPE:uvm_test_top.env.rknp_agt.sqr STREAM:1204}
  CREATE_STREAM @0 {NAME:seq T:Transactions SCOPE:uvm_test_top.env.rknp_agt.sqr STREAM:1204}
  CREATE_STREAM @0 {NAME:rd_seq T:Transactions SCOPE:uvm_test_top.env.rknp_agt.sqr STREAM:1204}
  CREATE_STREAM @0 {NAME:rd_seq T:Transactions SCOPE:uvm_test_top.env.rknp_agt.sqr STREAM:1204}
  CREATE_STREAM @0 {NAME:rd_seq T:Transactions SCOPE:uvm_test_top.env.rknp_agt.sqr STREAM:1204}
  CREATE_STREAM @0 {NAME:timeout_seq T:Transactions SCOPE:uvm_test_top.env.rknp_agt.sqr STREAM:1204}
  CREATE_STREAM @55000 {NAME:normal_seq T:Transactions SCOPE:uvm_test_top.env.rknp_agt.sqr STREAM:1276}
  CREATE_STREAM @0 {NAME:seq T:Transactions SCOPE:uvm_test_top.env.rknp_agt.sqr STREAM:1204}
  CREATE_STREAM @0 {NAME:seq T:Transactions SCOPE:uvm_test_top.env.rknp_agt.sqr STREAM:1204}
  CREATE_STREAM @0 {NAME:seq T:Transactions SCOPE:uvm_test_top.env.rknp_agt.sqr STREAM:1204}
  CREATE_STREAM @0 {NAME:seq T:Transactions SCOPE:uvm_test_top.env.rknp_agt.sqr STREAM:1204}
  CREATE_STREAM @0 {NAME:seq T:Transactions SCOPE:uvm_test_top.env.rknp_agt.sqr STREAM:1204}
  CREATE_STREAM @0 {NAME:seq T:Transactions SCOPE:uvm_test_top.env.rknp_agt.sqr STREAM:1204}
  CREATE_STREAM @0 {NAME:seq T:Transactions SCOPE:uvm_test_top.env.rknp_agt.sqr STREAM:1204}
  CREATE_STREAM @0 {NAME:seq T:Transactions SCOPE:uvm_test_top.env.rknp_agt.sqr STREAM:1204}
  CREATE_STREAM @0 {NAME:seq T:Transactions SCOPE:uvm_test_top.env.rknp_agt.sqr STREAM:1204}
  CREATE_STREAM @0 {NAME:seq T:Transactions SCOPE:uvm_test_top.env.rknp_agt.sqr STREAM:1204}
  CREATE_STREAM @0 {NAME:seq T:Transactions SCOPE:uvm_test_top.env.rknp_agt.sqr STREAM:1204}
  CREATE_STREAM @0 {NAME:seq T:Transactions SCOPE:uvm_test_top.env.rknp_agt.sqr STREAM:1204}
  CREATE_STREAM @0 {NAME:seq T:Transactions SCOPE:uvm_test_top.env.rknp_agt.sqr STREAM:1204}
  CREATE_STREAM @0 {NAME:seq T:Transactions SCOPE:uvm_test_top.env.rknp_agt.sqr STREAM:1204}
  CREATE_STREAM @0 {NAME:seq T:Transactions SCOPE:uvm_test_top.env.rknp_agt.sqr STREAM:1204}
  CREATE_STREAM @0 {NAME:seq T:Transactions SCOPE:uvm_test_top.env.rknp_agt.sqr STREAM:1204}
  CREATE_STREAM @0 {NAME:seq T:Transactions SCOPE:uvm_test_top.env.rknp_agt.sqr STREAM:1204}
  CREATE_STREAM @0 {NAME:rd_seq T:Transactions SCOPE:uvm_test_top.env.rknp_agt.sqr STREAM:1204}
  CREATE_STREAM @0 {NAME:rd_seq T:Transactions SCOPE:uvm_test_top.env.rknp_agt.sqr STREAM:1204}
  CREATE_STREAM @0 {NAME:rd_seq T:Transactions SCOPE:uvm_test_top.env.rknp_agt.sqr STREAM:1204}
  CREATE_STREAM @0 {NAME:timeout_seq T:Transactions SCOPE:uvm_test_top.env.rknp_agt.sqr STREAM:1204}
  CREATE_STREAM @55000 {NAME:normal_seq T:Transactions SCOPE:uvm_test_top.env.rknp_agt.sqr STREAM:1276}
  CREATE_STREAM @0 {NAME:seq T:Transactions SCOPE:uvm_test_top.env.rknp_agt.sqr STREAM:1204}
  CREATE_STREAM @0 {NAME:seq T:Transactions SCOPE:uvm_test_top.env.rknp_agt.sqr STREAM:1204}
  CREATE_STREAM @0 {NAME:seq T:Transactions SCOPE:uvm_test_top.env.rknp_agt.sqr STREAM:1204}
  CREATE_STREAM @0 {NAME:seq T:Transactions SCOPE:uvm_test_top.env.rknp_agt.sqr STREAM:1204}
  CREATE_STREAM @0 {NAME:seq T:Transactions SCOPE:uvm_test_top.env.rknp_agt.sqr STREAM:1204}
  CREATE_STREAM @0 {NAME:seq T:Transactions SCOPE:uvm_test_top.env.rknp_agt.sqr STREAM:1204}
  CREATE_STREAM @0 {NAME:seq T:Transactions SCOPE:uvm_test_top.env.rknp_agt.sqr STREAM:1204}
  CREATE_STREAM @0 {NAME:seq T:Transactions SCOPE:uvm_test_top.env.rknp_agt.sqr STREAM:1204}
  CREATE_STREAM @0 {NAME:seq T:Transactions SCOPE:uvm_test_top.env.rknp_agt.sqr STREAM:1204}
  CREATE_STREAM @0 {NAME:seq T:Transactions SCOPE:uvm_test_top.env.rknp_agt.sqr STREAM:1204}
  CREATE_STREAM @0 {NAME:seq T:Transactions SCOPE:uvm_test_top.env.rknp_agt.sqr STREAM:1204}
  CREATE_STREAM @0 {NAME:seq T:Transactions SCOPE:uvm_test_top.env.rknp_agt.sqr STREAM:1204}
  CREATE_STREAM @0 {NAME:seq T:Transactions SCOPE:uvm_test_top.env.rknp_agt.sqr STREAM:1204}
  CREATE_STREAM @0 {NAME:seq T:Transactions SCOPE:uvm_test_top.env.rknp_agt.sqr STREAM:1204}
  CREATE_STREAM @0 {NAME:seq T:Transactions SCOPE:uvm_test_top.env.rknp_agt.sqr STREAM:1204}
  CREATE_STREAM @0 {NAME:seq T:Transactions SCOPE:uvm_test_top.env.rknp_agt.sqr STREAM:1204}
  CREATE_STREAM @0 {NAME:seq T:Transactions SCOPE:uvm_test_top.env.rknp_agt.sqr STREAM:1204}
  CREATE_STREAM @0 {NAME:rd_seq T:Transactions SCOPE:uvm_test_top.env.rknp_agt.sqr STREAM:1204}
  CREATE_STREAM @0 {NAME:rd_seq T:Transactions SCOPE:uvm_test_top.env.rknp_agt.sqr STREAM:1204}
  CREATE_STREAM @0 {NAME:rd_seq T:Transactions SCOPE:uvm_test_top.env.rknp_agt.sqr STREAM:1204}
  CREATE_STREAM @0 {NAME:timeout_seq T:Transactions SCOPE:uvm_test_top.env.rknp_agt.sqr STREAM:1204}
  CREATE_STREAM @55000 {NAME:normal_seq T:Transactions SCOPE:uvm_test_top.env.rknp_agt.sqr STREAM:1276}
  CREATE_STREAM @0 {NAME:seq T:Transactions SCOPE:uvm_test_top.env.rknp_agt.sqr STREAM:1204}
  CREATE_STREAM @0 {NAME:seq T:Transactions SCOPE:uvm_test_top.env.rknp_agt.sqr STREAM:1204}
  CREATE_STREAM @0 {NAME:seq T:Transactions SCOPE:uvm_test_top.env.rknp_agt.sqr STREAM:1204}
  CREATE_STREAM @0 {NAME:seq T:Transactions SCOPE:uvm_test_top.env.rknp_agt.sqr STREAM:1204}
  CREATE_STREAM @0 {NAME:seq T:Transactions SCOPE:uvm_test_top.env.rknp_agt.sqr STREAM:1204}
  CREATE_STREAM @0 {NAME:seq T:Transactions SCOPE:uvm_test_top.env.rknp_agt.sqr STREAM:1204}
  CREATE_STREAM @0 {NAME:seq T:Transactions SCOPE:uvm_test_top.env.rknp_agt.sqr STREAM:1204}
  CREATE_STREAM @0 {NAME:seq T:Transactions SCOPE:uvm_test_top.env.rknp_agt.sqr STREAM:1204}
  CREATE_STREAM @0 {NAME:seq T:Transactions SCOPE:uvm_test_top.env.rknp_agt.sqr STREAM:1204}
  CREATE_STREAM @0 {NAME:seq T:Transactions SCOPE:uvm_test_top.env.rknp_agt.sqr STREAM:1204}
  CREATE_STREAM @0 {NAME:seq T:Transactions SCOPE:uvm_test_top.env.rknp_agt.sqr STREAM:1204}
  CREATE_STREAM @0 {NAME:seq T:Transactions SCOPE:uvm_test_top.env.rknp_agt.sqr STREAM:1204}
  CREATE_STREAM @0 {NAME:seq T:Transactions SCOPE:uvm_test_top.env.rknp_agt.sqr STREAM:1204}
  CREATE_STREAM @0 {NAME:seq T:Transactions SCOPE:uvm_test_top.env.rknp_agt.sqr STREAM:1204}
  CREATE_STREAM @0 {NAME:seq T:Transactions SCOPE:uvm_test_top.env.rknp_agt.sqr STREAM:1204}
  CREATE_STREAM @0 {NAME:seq T:Transactions SCOPE:uvm_test_top.env.rknp_agt.sqr STREAM:1204}
  CREATE_STREAM @0 {NAME:seq T:Transactions SCOPE:uvm_test_top.env.rknp_agt.sqr STREAM:1204}
  CREATE_STREAM @0 {NAME:seq T:Transactions SCOPE:uvm_test_top.env.rknp_agt.sqr STREAM:1204}
  CREATE_STREAM @0 {NAME:seq T:Transactions SCOPE:uvm_test_top.env.rknp_agt.sqr STREAM:1204}
  CREATE_STREAM @0 {NAME:seq T:Transactions SCOPE:uvm_test_top.env.rknp_agt.sqr STREAM:1204}
  CREATE_STREAM @0 {NAME:seq T:Transactions SCOPE:uvm_test_top.env.rknp_agt.sqr STREAM:1204}
  CREATE_STREAM @0 {NAME:seq T:Transactions SCOPE:uvm_test_top.env.rknp_agt.sqr STREAM:1204}
  CREATE_STREAM @0 {NAME:seq T:Transactions SCOPE:uvm_test_top.env.rknp_agt.sqr STREAM:1204}
  CREATE_STREAM @0 {NAME:rd_seq T:Transactions SCOPE:uvm_test_top.env.rknp_agt.sqr STREAM:1204}
  CREATE_STREAM @0 {NAME:rd_seq T:Transactions SCOPE:uvm_test_top.env.rknp_agt.sqr STREAM:1204}
  CREATE_STREAM @0 {NAME:rd_seq T:Transactions SCOPE:uvm_test_top.env.rknp_agt.sqr STREAM:1204}
  CREATE_STREAM @0 {NAME:timeout_seq T:Transactions SCOPE:uvm_test_top.env.rknp_agt.sqr STREAM:1204}
  CREATE_STREAM @55000 {NAME:normal_seq T:Transactions SCOPE:uvm_test_top.env.rknp_agt.sqr STREAM:1276}
  CREATE_STREAM @0 {NAME:seq T:Transactions SCOPE:uvm_test_top.env.rknp_agt.sqr STREAM:1204}
  CREATE_STREAM @0 {NAME:seq T:Transactions SCOPE:uvm_test_top.env.rknp_agt.sqr STREAM:1204}
  CREATE_STREAM @0 {NAME:seq T:Transactions SCOPE:uvm_test_top.env.rknp_agt.sqr STREAM:1204}
  CREATE_STREAM @0 {NAME:seq T:Transactions SCOPE:uvm_test_top.env.rknp_agt.sqr STREAM:1204}
  CREATE_STREAM @0 {NAME:seq T:Transactions SCOPE:uvm_test_top.env.rknp_agt.sqr STREAM:1204}
  CREATE_STREAM @0 {NAME:seq T:Transactions SCOPE:uvm_test_top.env.rknp_agt.sqr STREAM:1204}
  CREATE_STREAM @0 {NAME:seq T:Transactions SCOPE:uvm_test_top.env.rknp_agt.sqr STREAM:1204}
  CREATE_STREAM @0 {NAME:seq T:Transactions SCOPE:uvm_test_top.env.rknp_agt.sqr STREAM:1204}
  CREATE_STREAM @0 {NAME:seq T:Transactions SCOPE:uvm_test_top.env.rknp_agt.sqr STREAM:1204}
  CREATE_STREAM @0 {NAME:seq T:Transactions SCOPE:uvm_test_top.env.rknp_agt.sqr STREAM:1204}
  CREATE_STREAM @0 {NAME:seq T:Transactions SCOPE:uvm_test_top.env.rknp_agt.sqr STREAM:1204}
  CREATE_STREAM @0 {NAME:seq T:Transactions SCOPE:uvm_test_top.env.rknp_agt.sqr STREAM:1204}
  CREATE_STREAM @0 {NAME:seq T:Transactions SCOPE:uvm_test_top.env.rknp_agt.sqr STREAM:1204}
  CREATE_STREAM @0 {NAME:seq T:Transactions SCOPE:uvm_test_top.env.rknp_agt.sqr STREAM:1204}
  CREATE_STREAM @0 {NAME:seq T:Transactions SCOPE:uvm_test_top.env.rknp_agt.sqr STREAM:1204}
  CREATE_STREAM @0 {NAME:seq T:Transactions SCOPE:uvm_test_top.env.rknp_agt.sqr STREAM:1204}
  CREATE_STREAM @0 {NAME:seq T:Transactions SCOPE:uvm_test_top.env.rknp_agt.sqr STREAM:1204}
  CREATE_STREAM @0 {NAME:seq T:Transactions SCOPE:uvm_test_top.env.rknp_agt.sqr STREAM:1204}
  CREATE_STREAM @0 {NAME:seq T:Transactions SCOPE:uvm_test_top.env.rknp_agt.sqr STREAM:1204}
  CREATE_STREAM @0 {NAME:seq T:Transactions SCOPE:uvm_test_top.env.rknp_agt.sqr STREAM:1204}
  CREATE_STREAM @0 {NAME:seq T:Transactions SCOPE:uvm_test_top.env.rknp_agt.sqr STREAM:1204}
  CREATE_STREAM @0 {NAME:seq T:Transactions SCOPE:uvm_test_top.env.rknp_agt.sqr STREAM:1204}
  CREATE_STREAM @0 {NAME:seq T:Transactions SCOPE:uvm_test_top.env.rknp_agt.sqr STREAM:1204}
  CREATE_STREAM @0 {NAME:rd_seq T:Transactions SCOPE:uvm_test_top.env.rknp_agt.sqr STREAM:1204}
  CREATE_STREAM @0 {NAME:rd_seq T:Transactions SCOPE:uvm_test_top.env.rknp_agt.sqr STREAM:1204}
  CREATE_STREAM @0 {NAME:rd_seq T:Transactions SCOPE:uvm_test_top.env.rknp_agt.sqr STREAM:1204}
  CREATE_STREAM @0 {NAME:timeout_seq T:Transactions SCOPE:uvm_test_top.env.rknp_agt.sqr STREAM:1204}
  CREATE_STREAM @55000 {NAME:normal_seq T:Transactions SCOPE:uvm_test_top.env.rknp_agt.sqr STREAM:1276}
  CREATE_STREAM @0 {NAME:seq T:Transactions SCOPE:uvm_test_top.env.rknp_agt.sqr STREAM:1204}
  CREATE_STREAM @0 {NAME:seq T:Transactions SCOPE:uvm_test_top.env.rknp_agt.sqr STREAM:1204}
  CREATE_STREAM @0 {NAME:seq T:Transactions SCOPE:uvm_test_top.env.rknp_agt.sqr STREAM:1204}
  CREATE_STREAM @0 {NAME:seq T:Transactions SCOPE:uvm_test_top.env.rknp_agt.sqr STREAM:1204}
  CREATE_STREAM @0 {NAME:seq T:Transactions SCOPE:uvm_test_top.env.rknp_agt.sqr STREAM:1204}
  CREATE_STREAM @0 {NAME:seq T:Transactions SCOPE:uvm_test_top.env.rknp_agt.sqr STREAM:1204}
  CREATE_STREAM @0 {NAME:seq T:Transactions SCOPE:uvm_test_top.env.rknp_agt.sqr STREAM:1204}
  CREATE_STREAM @0 {NAME:seq T:Transactions SCOPE:uvm_test_top.env.rknp_agt.sqr STREAM:1204}
  CREATE_STREAM @0 {NAME:seq T:Transactions SCOPE:uvm_test_top.env.rknp_agt.sqr STREAM:1204}
  CREATE_STREAM @0 {NAME:seq T:Transactions SCOPE:uvm_test_top.env.rknp_agt.sqr STREAM:1204}
  CREATE_STREAM @0 {NAME:seq T:Transactions SCOPE:uvm_test_top.env.rknp_agt.sqr STREAM:1204}
  CREATE_STREAM @0 {NAME:seq T:Transactions SCOPE:uvm_test_top.env.rknp_agt.sqr STREAM:1204}
  CREATE_STREAM @0 {NAME:seq T:Transactions SCOPE:uvm_test_top.env.rknp_agt.sqr STREAM:1204}
  CREATE_STREAM @0 {NAME:seq T:Transactions SCOPE:uvm_test_top.env.rknp_agt.sqr STREAM:1204}
  CREATE_STREAM @0 {NAME:seq T:Transactions SCOPE:uvm_test_top.env.rknp_agt.sqr STREAM:1204}
  CREATE_STREAM @0 {NAME:seq T:Transactions SCOPE:uvm_test_top.env.rknp_agt.sqr STREAM:1204}
  CREATE_STREAM @0 {NAME:seq T:Transactions SCOPE:uvm_test_top.env.rknp_agt.sqr STREAM:1206}
  CREATE_STREAM @0 {NAME:seq T:Transactions SCOPE:uvm_test_top.env.rknp_agt.sqr STREAM:1206}
  CREATE_STREAM @0 {NAME:seq T:Transactions SCOPE:uvm_test_top.env.rknp_agt.sqr STREAM:1206}
  CREATE_STREAM @0 {NAME:seq T:Transactions SCOPE:uvm_test_top.env.rknp_agt.sqr STREAM:1206}
  CREATE_STREAM @0 {NAME:seq T:Transactions SCOPE:uvm_test_top.env.rknp_agt.sqr STREAM:1206}
  CREATE_STREAM @0 {NAME:seq T:Transactions SCOPE:uvm_test_top.env.rknp_agt.sqr STREAM:1206}
  CREATE_STREAM @0 {NAME:seq T:Transactions SCOPE:uvm_test_top.env.rknp_agt.sqr STREAM:1206}
  CREATE_STREAM @0 {NAME:rd_seq T:Transactions SCOPE:uvm_test_top.env.rknp_agt.sqr STREAM:1206}
  CREATE_STREAM @0 {NAME:rd_seq T:Transactions SCOPE:uvm_test_top.env.rknp_agt.sqr STREAM:1206}
  CREATE_STREAM @0 {NAME:rd_seq T:Transactions SCOPE:uvm_test_top.env.rknp_agt.sqr STREAM:1206}
  CREATE_STREAM @0 {NAME:timeout_seq T:Transactions SCOPE:uvm_test_top.env.rknp_agt.sqr STREAM:1206}
  CREATE_STREAM @55000 {NAME:normal_seq T:Transactions SCOPE:uvm_test_top.env.rknp_agt.sqr STREAM:1278}
  CREATE_STREAM @0 {NAME:seq T:Transactions SCOPE:uvm_test_top.env.rknp_agt.sqr STREAM:1206}
  CREATE_STREAM @0 {NAME:seq T:Transactions SCOPE:uvm_test_top.env.rknp_agt.sqr STREAM:1206}
  CREATE_STREAM @0 {NAME:seq T:Transactions SCOPE:uvm_test_top.env.rknp_agt.sqr STREAM:1206}
  CREATE_STREAM @0 {NAME:seq T:Transactions SCOPE:uvm_test_top.env.rknp_agt.sqr STREAM:1206}
  CREATE_STREAM @0 {NAME:seq T:Transactions SCOPE:uvm_test_top.env.rknp_agt.sqr STREAM:1206}
  CREATE_STREAM @0 {NAME:seq T:Transactions SCOPE:uvm_test_top.env.rknp_agt.sqr STREAM:1206}
  CREATE_STREAM @0 {NAME:seq T:Transactions SCOPE:uvm_test_top.env.rknp_agt.sqr STREAM:1206}
  CREATE_STREAM @0 {NAME:seq T:Transactions SCOPE:uvm_test_top.env.rknp_agt.sqr STREAM:1206}
  CREATE_STREAM @0 {NAME:seq T:Transactions SCOPE:uvm_test_top.env.rknp_agt.sqr STREAM:1206}
  CREATE_STREAM @0 {NAME:seq T:Transactions SCOPE:uvm_test_top.env.rknp_agt.sqr STREAM:1206}
  CREATE_STREAM @0 {NAME:seq T:Transactions SCOPE:uvm_test_top.env.rknp_agt.sqr STREAM:1206}
  CREATE_STREAM @0 {NAME:seq T:Transactions SCOPE:uvm_test_top.env.rknp_agt.sqr STREAM:1206}
  CREATE_STREAM @0 {NAME:seq T:Transactions SCOPE:uvm_test_top.env.rknp_agt.sqr STREAM:1206}
  CREATE_STREAM @0 {NAME:seq T:Transactions SCOPE:uvm_test_top.env.rknp_agt.sqr STREAM:1206}
  CREATE_STREAM @0 {NAME:seq T:Transactions SCOPE:uvm_test_top.env.rknp_agt.sqr STREAM:1206}
  CREATE_STREAM @0 {NAME:seq T:Transactions SCOPE:uvm_test_top.env.rknp_agt.sqr STREAM:1206}
  CREATE_STREAM @0 {NAME:seq T:Transactions SCOPE:uvm_test_top.env.rknp_agt.sqr STREAM:1206}
  CREATE_STREAM @0 {NAME:seq T:Transactions SCOPE:uvm_test_top.env.rknp_agt.sqr STREAM:1206}
  CREATE_STREAM @0 {NAME:seq T:Transactions SCOPE:uvm_test_top.env.rknp_agt.sqr STREAM:1206}
  CREATE_STREAM @0 {NAME:seq T:Transactions SCOPE:uvm_test_top.env.rknp_agt.sqr STREAM:1206}
  CREATE_STREAM @0 {NAME:seq T:Transactions SCOPE:uvm_test_top.env.rknp_agt.sqr STREAM:1206}
  CREATE_STREAM @0 {NAME:seq T:Transactions SCOPE:uvm_test_top.env.rknp_agt.sqr STREAM:1206}
  CREATE_STREAM @0 {NAME:seq T:Transactions SCOPE:uvm_test_top.env.rknp_agt.sqr STREAM:1206}
  CREATE_STREAM @0 {NAME:rd_seq T:Transactions SCOPE:uvm_test_top.env.rknp_agt.sqr STREAM:1206}
  CREATE_STREAM @0 {NAME:rd_seq T:Transactions SCOPE:uvm_test_top.env.rknp_agt.sqr STREAM:1206}
  CREATE_STREAM @0 {NAME:rd_seq T:Transactions SCOPE:uvm_test_top.env.rknp_agt.sqr STREAM:1206}
  CREATE_STREAM @0 {NAME:timeout_seq T:Transactions SCOPE:uvm_test_top.env.rknp_agt.sqr STREAM:1206}
  CREATE_STREAM @55000 {NAME:normal_seq T:Transactions SCOPE:uvm_test_top.env.rknp_agt.sqr STREAM:1278}
  CREATE_STREAM @0 {NAME:seq T:Transactions SCOPE:uvm_test_top.env.rknp_agt.sqr STREAM:1206}
  CREATE_STREAM @0 {NAME:seq T:Transactions SCOPE:uvm_test_top.env.rknp_agt.sqr STREAM:1206}
  CREATE_STREAM @0 {NAME:seq T:Transactions SCOPE:uvm_test_top.env.rknp_agt.sqr STREAM:1206}
  CREATE_STREAM @0 {NAME:seq T:Transactions SCOPE:uvm_test_top.env.rknp_agt.sqr STREAM:1206}
  CREATE_STREAM @0 {NAME:seq T:Transactions SCOPE:uvm_test_top.env.rknp_agt.sqr STREAM:1206}
  CREATE_STREAM @0 {NAME:seq T:Transactions SCOPE:uvm_test_top.env.rknp_agt.sqr STREAM:1206}
  CREATE_STREAM @0 {NAME:seq T:Transactions SCOPE:uvm_test_top.env.rknp_agt.sqr STREAM:1206}
  CREATE_STREAM @0 {NAME:seq T:Transactions SCOPE:uvm_test_top.env.rknp_agt.sqr STREAM:1206}
  CREATE_STREAM @0 {NAME:seq T:Transactions SCOPE:uvm_test_top.env.rknp_agt.sqr STREAM:1206}
  CREATE_STREAM @0 {NAME:seq T:Transactions SCOPE:uvm_test_top.env.rknp_agt.sqr STREAM:1206}
  CREATE_STREAM @0 {NAME:seq T:Transactions SCOPE:uvm_test_top.env.rknp_agt.sqr STREAM:1206}
  CREATE_STREAM @0 {NAME:seq T:Transactions SCOPE:uvm_test_top.env.rknp_agt.sqr STREAM:1206}
  CREATE_STREAM @0 {NAME:seq T:Transactions SCOPE:uvm_test_top.env.rknp_agt.sqr STREAM:1206}
  CREATE_STREAM @0 {NAME:seq T:Transactions SCOPE:uvm_test_top.env.rknp_agt.sqr STREAM:1206}
  CREATE_STREAM @0 {NAME:seq T:Transactions SCOPE:uvm_test_top.env.rknp_agt.sqr STREAM:1206}
  CREATE_STREAM @0 {NAME:seq T:Transactions SCOPE:uvm_test_top.env.rknp_agt.sqr STREAM:1206}
  CREATE_STREAM @0 {NAME:seq T:Transactions SCOPE:uvm_test_top.env.rknp_agt.sqr STREAM:1206}
  CREATE_STREAM @0 {NAME:seq T:Transactions SCOPE:uvm_test_top.env.rknp_agt.sqr STREAM:1206}
  CREATE_STREAM @0 {NAME:seq T:Transactions SCOPE:uvm_test_top.env.rknp_agt.sqr STREAM:1206}
  CREATE_STREAM @0 {NAME:seq T:Transactions SCOPE:uvm_test_top.env.rknp_agt.sqr STREAM:1206}
  CREATE_STREAM @0 {NAME:seq T:Transactions SCOPE:uvm_test_top.env.rknp_agt.sqr STREAM:1206}
  CREATE_STREAM @0 {NAME:seq T:Transactions SCOPE:uvm_test_top.env.rknp_agt.sqr STREAM:1206}
  CREATE_STREAM @0 {NAME:seq T:Transactions SCOPE:uvm_test_top.env.rknp_agt.sqr STREAM:1206}
  CREATE_STREAM @0 {NAME:seq T:Transactions SCOPE:uvm_test_top.env.rknp_agt.sqr STREAM:1206}
  CREATE_STREAM @0 {NAME:rd_seq T:Transactions SCOPE:uvm_test_top.env.rknp_agt.sqr STREAM:1206}
  CREATE_STREAM @0 {NAME:rd_seq T:Transactions SCOPE:uvm_test_top.env.rknp_agt.sqr STREAM:1206}
  CREATE_STREAM @0 {NAME:rd_seq T:Transactions SCOPE:uvm_test_top.env.rknp_agt.sqr STREAM:1206}
  CREATE_STREAM @0 {NAME:timeout_seq T:Transactions SCOPE:uvm_test_top.env.rknp_agt.sqr STREAM:1206}
  CREATE_STREAM @55000 {NAME:normal_seq T:Transactions SCOPE:uvm_test_top.env.rknp_agt.sqr STREAM:1278}
  CREATE_STREAM @0 {NAME:seq T:Transactions SCOPE:uvm_test_top.env.rknp_agt.sqr STREAM:1206}
  CREATE_STREAM @0 {NAME:seq T:Transactions SCOPE:uvm_test_top.env.rknp_agt.sqr STREAM:1206}
  CREATE_STREAM @0 {NAME:seq T:Transactions SCOPE:uvm_test_top.env.rknp_agt.sqr STREAM:1206}
  CREATE_STREAM @0 {NAME:seq T:Transactions SCOPE:uvm_test_top.env.rknp_agt.sqr STREAM:1206}
  CREATE_STREAM @0 {NAME:seq T:Transactions SCOPE:uvm_test_top.env.rknp_agt.sqr STREAM:1206}
  CREATE_STREAM @0 {NAME:seq T:Transactions SCOPE:uvm_test_top.env.rknp_agt.sqr STREAM:1206}
  CREATE_STREAM @0 {NAME:seq T:Transactions SCOPE:uvm_test_top.env.rknp_agt.sqr STREAM:1206}
  CREATE_STREAM @0 {NAME:seq T:Transactions SCOPE:uvm_test_top.env.rknp_agt.sqr STREAM:1206}
  CREATE_STREAM @0 {NAME:seq T:Transactions SCOPE:uvm_test_top.env.rknp_agt.sqr STREAM:1206}
  CREATE_STREAM @0 {NAME:seq T:Transactions SCOPE:uvm_test_top.env.rknp_agt.sqr STREAM:1206}
  CREATE_STREAM @0 {NAME:seq T:Transactions SCOPE:uvm_test_top.env.rknp_agt.sqr STREAM:1206}
  CREATE_STREAM @0 {NAME:seq T:Transactions SCOPE:uvm_test_top.env.rknp_agt.sqr STREAM:1206}
  CREATE_STREAM @0 {NAME:seq T:Transactions SCOPE:uvm_test_top.env.rknp_agt.sqr STREAM:1206}
  CREATE_STREAM @0 {NAME:seq T:Transactions SCOPE:uvm_test_top.env.rknp_agt.sqr STREAM:1206}
  CREATE_STREAM @0 {NAME:seq T:Transactions SCOPE:uvm_test_top.env.rknp_agt.sqr STREAM:1206}
  CREATE_STREAM @0 {NAME:seq T:Transactions SCOPE:uvm_test_top.env.rknp_agt.sqr STREAM:1206}
  CREATE_STREAM @0 {NAME:seq T:Transactions SCOPE:uvm_test_top.env.rknp_agt.sqr STREAM:1206}
  CREATE_STREAM @0 {NAME:seq T:Transactions SCOPE:uvm_test_top.env.rknp_agt.sqr STREAM:1206}
  CREATE_STREAM @0 {NAME:seq T:Transactions SCOPE:uvm_test_top.env.rknp_agt.sqr STREAM:1206}
  CREATE_STREAM @0 {NAME:seq T:Transactions SCOPE:uvm_test_top.env.rknp_agt.sqr STREAM:1206}
  CREATE_STREAM @0 {NAME:seq T:Transactions SCOPE:uvm_test_top.env.rknp_agt.sqr STREAM:1206}
  CREATE_STREAM @0 {NAME:seq T:Transactions SCOPE:uvm_test_top.env.rknp_agt.sqr STREAM:1206}
  CREATE_STREAM @0 {NAME:seq T:Transactions SCOPE:uvm_test_top.env.rknp_agt.sqr STREAM:1206}
  CREATE_STREAM @0 {NAME:seq T:Transactions SCOPE:uvm_test_top.env.rknp_agt.sqr STREAM:1206}
  CREATE_STREAM @0 {NAME:seq T:Transactions SCOPE:uvm_test_top.env.rknp_agt.sqr STREAM:1206}
  CREATE_STREAM @0 {NAME:rd_seq T:Transactions SCOPE:uvm_test_top.env.rknp_agt.sqr STREAM:1206}
  CREATE_STREAM @0 {NAME:rd_seq T:Transactions SCOPE:uvm_test_top.env.rknp_agt.sqr STREAM:1206}
  CREATE_STREAM @0 {NAME:rd_seq T:Transactions SCOPE:uvm_test_top.env.rknp_agt.sqr STREAM:1206}
  CREATE_STREAM @0 {NAME:timeout_seq T:Transactions SCOPE:uvm_test_top.env.rknp_agt.sqr STREAM:1206}
  CREATE_STREAM @55000 {NAME:normal_seq T:Transactions SCOPE:uvm_test_top.env.rknp_agt.sqr STREAM:1278}
  CREATE_STREAM @0 {NAME:seq T:Transactions SCOPE:uvm_test_top.env.rknp_agt.sqr STREAM:1206}
  CREATE_STREAM @0 {NAME:seq T:Transactions SCOPE:uvm_test_top.env.rknp_agt.sqr STREAM:1206}
  CREATE_STREAM @0 {NAME:seq T:Transactions SCOPE:uvm_test_top.env.rknp_agt.sqr STREAM:1206}
  CREATE_STREAM @0 {NAME:seq T:Transactions SCOPE:uvm_test_top.env.rknp_agt.sqr STREAM:1206}
  CREATE_STREAM @0 {NAME:seq T:Transactions SCOPE:uvm_test_top.env.rknp_agt.sqr STREAM:1206}
  CREATE_STREAM @0 {NAME:seq T:Transactions SCOPE:uvm_test_top.env.rknp_agt.sqr STREAM:1206}
  CREATE_STREAM @0 {NAME:seq T:Transactions SCOPE:uvm_test_top.env.rknp_agt.sqr STREAM:1206}
  CREATE_STREAM @0 {NAME:seq T:Transactions SCOPE:uvm_test_top.env.rknp_agt.sqr STREAM:1206}
  CREATE_STREAM @0 {NAME:seq T:Transactions SCOPE:uvm_test_top.env.rknp_agt.sqr STREAM:1206}
  CREATE_STREAM @0 {NAME:seq T:Transactions SCOPE:uvm_test_top.env.rknp_agt.sqr STREAM:1206}
  CREATE_STREAM @0 {NAME:seq T:Transactions SCOPE:uvm_test_top.env.rknp_agt.sqr STREAM:1206}
  CREATE_STREAM @0 {NAME:seq T:Transactions SCOPE:uvm_test_top.env.rknp_agt.sqr STREAM:1206}
  CREATE_STREAM @0 {NAME:seq T:Transactions SCOPE:uvm_test_top.env.rknp_agt.sqr STREAM:1206}
  CREATE_STREAM @0 {NAME:seq T:Transactions SCOPE:uvm_test_top.env.rknp_agt.sqr STREAM:1206}
  CREATE_STREAM @0 {NAME:seq T:Transactions SCOPE:uvm_test_top.env.rknp_agt.sqr STREAM:1206}
  CREATE_STREAM @0 {NAME:seq T:Transactions SCOPE:uvm_test_top.env.rknp_agt.sqr STREAM:1206}
  CREATE_STREAM @0 {NAME:seq T:Transactions SCOPE:uvm_test_top.env.rknp_agt.sqr STREAM:1206}
  CREATE_STREAM @0 {NAME:seq T:Transactions SCOPE:uvm_test_top.env.rknp_agt.sqr STREAM:1206}
  CREATE_STREAM @0 {NAME:seq T:Transactions SCOPE:uvm_test_top.env.rknp_agt.sqr STREAM:1206}
  CREATE_STREAM @0 {NAME:seq T:Transactions SCOPE:uvm_test_top.env.rknp_agt.sqr STREAM:1206}
  CREATE_STREAM @0 {NAME:seq T:Transactions SCOPE:uvm_test_top.env.rknp_agt.sqr STREAM:1206}
  CREATE_STREAM @0 {NAME:seq T:Transactions SCOPE:uvm_test_top.env.rknp_agt.sqr STREAM:1206}
  CREATE_STREAM @0 {NAME:seq T:Transactions SCOPE:uvm_test_top.env.rknp_agt.sqr STREAM:1206}
  CREATE_STREAM @0 {NAME:seq T:Transactions SCOPE:uvm_test_top.env.rknp_agt.sqr STREAM:1206}
  CREATE_STREAM @0 {NAME:rd_seq T:Transactions SCOPE:uvm_test_top.env.rknp_agt.sqr STREAM:1206}
  CREATE_STREAM @0 {NAME:rd_seq T:Transactions SCOPE:uvm_test_top.env.rknp_agt.sqr STREAM:1206}
  CREATE_STREAM @0 {NAME:rd_seq T:Transactions SCOPE:uvm_test_top.env.rknp_agt.sqr STREAM:1206}
  CREATE_STREAM @0 {NAME:timeout_seq T:Transactions SCOPE:uvm_test_top.env.rknp_agt.sqr STREAM:1206}
  CREATE_STREAM @55000 {NAME:normal_seq T:Transactions SCOPE:uvm_test_top.env.rknp_agt.sqr STREAM:1278}
  CREATE_STREAM @0 {NAME:seq T:Transactions SCOPE:uvm_test_top.env.rknp_agt.sqr STREAM:1206}
  CREATE_STREAM @0 {NAME:seq T:Transactions SCOPE:uvm_test_top.env.rknp_agt.sqr STREAM:1206}
  CREATE_STREAM @0 {NAME:seq T:Transactions SCOPE:uvm_test_top.env.rknp_agt.sqr STREAM:1206}
  CREATE_STREAM @0 {NAME:seq T:Transactions SCOPE:uvm_test_top.env.rknp_agt.sqr STREAM:1206}
  CREATE_STREAM @0 {NAME:seq T:Transactions SCOPE:uvm_test_top.env.rknp_agt.sqr STREAM:1206}
  CREATE_STREAM @0 {NAME:seq T:Transactions SCOPE:uvm_test_top.env.rknp_agt.sqr STREAM:1206}
  CREATE_STREAM @0 {NAME:seq T:Transactions SCOPE:uvm_test_top.env.rknp_agt.sqr STREAM:1206}
  CREATE_STREAM @0 {NAME:seq T:Transactions SCOPE:uvm_test_top.env.rknp_agt.sqr STREAM:1206}
  CREATE_STREAM @0 {NAME:seq T:Transactions SCOPE:uvm_test_top.env.rknp_agt.sqr STREAM:1206}
  CREATE_STREAM @0 {NAME:seq T:Transactions SCOPE:uvm_test_top.env.rknp_agt.sqr STREAM:1206}
  CREATE_STREAM @0 {NAME:seq T:Transactions SCOPE:uvm_test_top.env.rknp_agt.sqr STREAM:1206}
  CREATE_STREAM @0 {NAME:seq T:Transactions SCOPE:uvm_test_top.env.rknp_agt.sqr STREAM:1206}
  CREATE_STREAM @0 {NAME:seq T:Transactions SCOPE:uvm_test_top.env.rknp_agt.sqr STREAM:1206}
  CREATE_STREAM @0 {NAME:seq T:Transactions SCOPE:uvm_test_top.env.rknp_agt.sqr STREAM:1206}
  CREATE_STREAM @0 {NAME:seq T:Transactions SCOPE:uvm_test_top.env.rknp_agt.sqr STREAM:1206}
  CREATE_STREAM @0 {NAME:seq T:Transactions SCOPE:uvm_test_top.env.rknp_agt.sqr STREAM:1206}
  CREATE_STREAM @0 {NAME:before_reset_seq T:Transactions SCOPE:uvm_test_top.env.rknp_agt.sqr STREAM:1206}
  CREATE_STREAM @725000 {NAME:reset_seq T:Transactions SCOPE:uvm_test_top.env.vseqr STREAM:1298}
  CREATE_STREAM @785000 {NAME:after_reset_seq T:Transactions SCOPE:uvm_test_top.env.rknp_agt.sqr STREAM:1314}
  CREATE_STREAM @0 {NAME:seq T:Transactions SCOPE:uvm_test_top.env.rknp_agt.sqr STREAM:1206}
  CREATE_STREAM @0 {NAME:seq T:Transactions SCOPE:uvm_test_top.env.rknp_agt.sqr STREAM:1206}
  CREATE_STREAM @0 {NAME:seq T:Transactions SCOPE:uvm_test_top.env.rknp_agt.sqr STREAM:1206}
  CREATE_STREAM @0 {NAME:seq T:Transactions SCOPE:uvm_test_top.env.rknp_agt.sqr STREAM:1206}
  CREATE_STREAM @0 {NAME:seq T:Transactions SCOPE:uvm_test_top.env.rknp_agt.sqr STREAM:1206}
  CREATE_STREAM @0 {NAME:seq T:Transactions SCOPE:uvm_test_top.env.rknp_agt.sqr STREAM:1206}
  CREATE_STREAM @0 {NAME:seq T:Transactions SCOPE:uvm_test_top.env.rknp_agt.sqr STREAM:1206}
  CREATE_STREAM @0 {NAME:rd_seq T:Transactions SCOPE:uvm_test_top.env.rknp_agt.sqr STREAM:1206}
  CREATE_STREAM @0 {NAME:rd_seq T:Transactions SCOPE:uvm_test_top.env.rknp_agt.sqr STREAM:1206}
  CREATE_STREAM @0 {NAME:rd_seq T:Transactions SCOPE:uvm_test_top.env.rknp_agt.sqr STREAM:1206}
  CREATE_STREAM @0 {NAME:timeout_seq T:Transactions SCOPE:uvm_test_top.env.rknp_agt.sqr STREAM:1206}
  CREATE_STREAM @55000 {NAME:normal_seq T:Transactions SCOPE:uvm_test_top.env.rknp_agt.sqr STREAM:1278}
  CREATE_STREAM @0 {NAME:seq T:Transactions SCOPE:uvm_test_top.env.rknp_agt.sqr STREAM:1206}
  CREATE_STREAM @0 {NAME:seq T:Transactions SCOPE:uvm_test_top.env.rknp_agt.sqr STREAM:1206}
  CREATE_STREAM @0 {NAME:seq T:Transactions SCOPE:uvm_test_top.env.rknp_agt.sqr STREAM:1206}
  CREATE_STREAM @0 {NAME:seq T:Transactions SCOPE:uvm_test_top.env.rknp_agt.sqr STREAM:1206}
  CREATE_STREAM @0 {NAME:seq T:Transactions SCOPE:uvm_test_top.env.rknp_agt.sqr STREAM:1206}
  CREATE_STREAM @0 {NAME:seq T:Transactions SCOPE:uvm_test_top.env.rknp_agt.sqr STREAM:1206}
  CREATE_STREAM @0 {NAME:seq T:Transactions SCOPE:uvm_test_top.env.rknp_agt.sqr STREAM:1206}
  CREATE_STREAM @0 {NAME:seq T:Transactions SCOPE:uvm_test_top.env.rknp_agt.sqr STREAM:1206}
  CREATE_STREAM @0 {NAME:seq T:Transactions SCOPE:uvm_test_top.env.rknp_agt.sqr STREAM:1206}
  CREATE_STREAM @0 {NAME:seq T:Transactions SCOPE:uvm_test_top.env.rknp_agt.sqr STREAM:1206}
  CREATE_STREAM @0 {NAME:seq T:Transactions SCOPE:uvm_test_top.env.rknp_agt.sqr STREAM:1206}
  CREATE_STREAM @0 {NAME:seq T:Transactions SCOPE:uvm_test_top.env.rknp_agt.sqr STREAM:1206}
  CREATE_STREAM @0 {NAME:seq T:Transactions SCOPE:uvm_test_top.env.rknp_agt.sqr STREAM:1206}
  CREATE_STREAM @0 {NAME:seq T:Transactions SCOPE:uvm_test_top.env.rknp_agt.sqr STREAM:1206}
  CREATE_STREAM @0 {NAME:seq T:Transactions SCOPE:uvm_test_top.env.rknp_agt.sqr STREAM:1206}
  CREATE_STREAM @0 {NAME:seq T:Transactions SCOPE:uvm_test_top.env.rknp_agt.sqr STREAM:1206}
  CREATE_STREAM @0 {NAME:before_reset_seq T:Transactions SCOPE:uvm_test_top.env.rknp_agt.sqr STREAM:1206}
  CREATE_STREAM @725000 {NAME:reset_seq T:Transactions SCOPE:uvm_test_top.env.vseqr STREAM:1298}
  CREATE_STREAM @785000 {NAME:after_reset_seq T:Transactions SCOPE:uvm_test_top.env.rknp_agt.sqr STREAM:1314}
  CREATE_STREAM @0 {NAME:seq T:Transactions SCOPE:uvm_test_top.env.rknp_agt.sqr STREAM:1206}
  CREATE_STREAM @0 {NAME:seq T:Transactions SCOPE:uvm_test_top.env.rknp_agt.sqr STREAM:1206}
  CREATE_STREAM @0 {NAME:seq T:Transactions SCOPE:uvm_test_top.env.rknp_agt.sqr STREAM:1206}
  CREATE_STREAM @0 {NAME:seq T:Transactions SCOPE:uvm_test_top.env.rknp_agt.sqr STREAM:1206}
  CREATE_STREAM @0 {NAME:seq T:Transactions SCOPE:uvm_test_top.env.rknp_agt.sqr STREAM:1206}
  CREATE_STREAM @0 {NAME:seq T:Transactions SCOPE:uvm_test_top.env.rknp_agt.sqr STREAM:1206}
  CREATE_STREAM @0 {NAME:seq T:Transactions SCOPE:uvm_test_top.env.rknp_agt.sqr STREAM:1206}
  CREATE_STREAM @0 {NAME:rd_seq T:Transactions SCOPE:uvm_test_top.env.rknp_agt.sqr STREAM:1206}
  CREATE_STREAM @0 {NAME:rd_seq T:Transactions SCOPE:uvm_test_top.env.rknp_agt.sqr STREAM:1206}
  CREATE_STREAM @0 {NAME:rd_seq T:Transactions SCOPE:uvm_test_top.env.rknp_agt.sqr STREAM:1206}
  CREATE_STREAM @0 {NAME:timeout_seq T:Transactions SCOPE:uvm_test_top.env.rknp_agt.sqr STREAM:1206}
  CREATE_STREAM @55000 {NAME:normal_seq T:Transactions SCOPE:uvm_test_top.env.rknp_agt.sqr STREAM:1278}
  CREATE_STREAM @0 {NAME:seq T:Transactions SCOPE:uvm_test_top.env.rknp_agt.sqr STREAM:1206}
  CREATE_STREAM @0 {NAME:seq T:Transactions SCOPE:uvm_test_top.env.rknp_agt.sqr STREAM:1206}
  CREATE_STREAM @0 {NAME:seq T:Transactions SCOPE:uvm_test_top.env.rknp_agt.sqr STREAM:1206}
  CREATE_STREAM @0 {NAME:seq T:Transactions SCOPE:uvm_test_top.env.rknp_agt.sqr STREAM:1206}
  CREATE_STREAM @0 {NAME:seq T:Transactions SCOPE:uvm_test_top.env.rknp_agt.sqr STREAM:1206}
  CREATE_STREAM @0 {NAME:seq T:Transactions SCOPE:uvm_test_top.env.rknp_agt.sqr STREAM:1206}
  CREATE_STREAM @0 {NAME:seq T:Transactions SCOPE:uvm_test_top.env.rknp_agt.sqr STREAM:1206}
  CREATE_STREAM @0 {NAME:seq T:Transactions SCOPE:uvm_test_top.env.rknp_agt.sqr STREAM:1206}
  CREATE_STREAM @0 {NAME:seq T:Transactions SCOPE:uvm_test_top.env.rknp_agt.sqr STREAM:1206}
  CREATE_STREAM @0 {NAME:seq T:Transactions SCOPE:uvm_test_top.env.rknp_agt.sqr STREAM:1206}
  CREATE_STREAM @0 {NAME:seq T:Transactions SCOPE:uvm_test_top.env.rknp_agt.sqr STREAM:1206}
  CREATE_STREAM @0 {NAME:seq T:Transactions SCOPE:uvm_test_top.env.rknp_agt.sqr STREAM:1206}
  CREATE_STREAM @0 {NAME:seq T:Transactions SCOPE:uvm_test_top.env.rknp_agt.sqr STREAM:1206}
  CREATE_STREAM @0 {NAME:seq T:Transactions SCOPE:uvm_test_top.env.rknp_agt.sqr STREAM:1206}
  CREATE_STREAM @0 {NAME:seq T:Transactions SCOPE:uvm_test_top.env.rknp_agt.sqr STREAM:1206}
  CREATE_STREAM @0 {NAME:seq_normal_read T:Transactions SCOPE:uvm_test_top.env.rknp_agt.sqr STREAM:1385}
  CREATE_STREAM @205000 {NAME:seq_slverr_write T:Transactions SCOPE:uvm_test_top.env.rknp_agt.sqr STREAM:1479}
  CREATE_STREAM @285000 {NAME:seq_decerr_read T:Transactions SCOPE:uvm_test_top.env.rknp_agt.sqr STREAM:1534}
  CREATE_STREAM @405000 {NAME:seq_normal_write T:Transactions SCOPE:uvm_test_top.env.rknp_agt.sqr STREAM:1581}
  CREATE_STREAM @495000 {NAME:seq_slverr_read T:Transactions SCOPE:uvm_test_top.env.rknp_agt.sqr STREAM:1632}
  CREATE_STREAM @625000 {NAME:seq_decerr_write T:Transactions SCOPE:uvm_test_top.env.rknp_agt.sqr STREAM:1679}
  CREATE_STREAM @0 {NAME:before_reset_seq T:Transactions SCOPE:uvm_test_top.env.rknp_agt.sqr STREAM:1206}
  CREATE_STREAM @725000 {NAME:reset_seq T:Transactions SCOPE:uvm_test_top.env.vseqr STREAM:1298}
  CREATE_STREAM @785000 {NAME:after_reset_seq T:Transactions SCOPE:uvm_test_top.env.rknp_agt.sqr STREAM:1314}
  CREATE_STREAM @0 {NAME:seq T:Transactions SCOPE:uvm_test_top.env.rknp_agt.sqr STREAM:1206}
  CREATE_STREAM @0 {NAME:seq T:Transactions SCOPE:uvm_test_top.env.rknp_agt.sqr STREAM:1206}
  CREATE_STREAM @0 {NAME:seq T:Transactions SCOPE:uvm_test_top.env.rknp_agt.sqr STREAM:1206}
  CREATE_STREAM @0 {NAME:seq T:Transactions SCOPE:uvm_test_top.env.rknp_agt.sqr STREAM:1206}
  CREATE_STREAM @0 {NAME:seq T:Transactions SCOPE:uvm_test_top.env.rknp_agt.sqr STREAM:1206}
  CREATE_STREAM @0 {NAME:seq T:Transactions SCOPE:uvm_test_top.env.rknp_agt.sqr STREAM:1206}
  CREATE_STREAM @0 {NAME:seq T:Transactions SCOPE:uvm_test_top.env.rknp_agt.sqr STREAM:1206}
  CREATE_STREAM @0 {NAME:rd_seq T:Transactions SCOPE:uvm_test_top.env.rknp_agt.sqr STREAM:1206}
  CREATE_STREAM @0 {NAME:rd_seq T:Transactions SCOPE:uvm_test_top.env.rknp_agt.sqr STREAM:1206}
  CREATE_STREAM @0 {NAME:rd_seq T:Transactions SCOPE:uvm_test_top.env.rknp_agt.sqr STREAM:1206}
  CREATE_STREAM @0 {NAME:timeout_seq T:Transactions SCOPE:uvm_test_top.env.rknp_agt.sqr STREAM:1206}
  CREATE_STREAM @55000 {NAME:normal_seq T:Transactions SCOPE:uvm_test_top.env.rknp_agt.sqr STREAM:1278}
  CREATE_STREAM @0 {NAME:seq T:Transactions SCOPE:uvm_test_top.env.rknp_agt.sqr STREAM:1206}
  CREATE_STREAM @0 {NAME:seq T:Transactions SCOPE:uvm_test_top.env.rknp_agt.sqr STREAM:1206}
  CREATE_STREAM @0 {NAME:seq T:Transactions SCOPE:uvm_test_top.env.rknp_agt.sqr STREAM:1206}
  CREATE_STREAM @0 {NAME:seq T:Transactions SCOPE:uvm_test_top.env.rknp_agt.sqr STREAM:1206}
  CREATE_STREAM @0 {NAME:seq T:Transactions SCOPE:uvm_test_top.env.rknp_agt.sqr STREAM:1206}
  CREATE_STREAM @0 {NAME:seq T:Transactions SCOPE:uvm_test_top.env.rknp_agt.sqr STREAM:1206}
  CREATE_STREAM @0 {NAME:seq T:Transactions SCOPE:uvm_test_top.env.rknp_agt.sqr STREAM:1206}
  CREATE_STREAM @0 {NAME:seq T:Transactions SCOPE:uvm_test_top.env.rknp_agt.sqr STREAM:1206}
  CREATE_STREAM @0 {NAME:seq T:Transactions SCOPE:uvm_test_top.env.rknp_agt.sqr STREAM:1206}
  CREATE_STREAM @0 {NAME:seq T:Transactions SCOPE:uvm_test_top.env.rknp_agt.sqr STREAM:1206}
  CREATE_STREAM @0 {NAME:seq T:Transactions SCOPE:uvm_test_top.env.rknp_agt.sqr STREAM:1206}
  CREATE_STREAM @0 {NAME:seq T:Transactions SCOPE:uvm_test_top.env.rknp_agt.sqr STREAM:1206}
  CREATE_STREAM @0 {NAME:seq T:Transactions SCOPE:uvm_test_top.env.rknp_agt.sqr STREAM:1206}
  CREATE_STREAM @0 {NAME:seq T:Transactions SCOPE:uvm_test_top.env.rknp_agt.sqr STREAM:1206}
  CREATE_STREAM @0 {NAME:seq T:Transactions SCOPE:uvm_test_top.env.rknp_agt.sqr STREAM:1206}
  CREATE_STREAM @0 {NAME:seq_normal_read T:Transactions SCOPE:uvm_test_top.env.rknp_agt.sqr STREAM:1385}
  CREATE_STREAM @205000 {NAME:seq_slverr_write T:Transactions SCOPE:uvm_test_top.env.rknp_agt.sqr STREAM:1479}
  CREATE_STREAM @285000 {NAME:seq_decerr_read T:Transactions SCOPE:uvm_test_top.env.rknp_agt.sqr STREAM:1530}
  CREATE_STREAM @405000 {NAME:seq_normal_write T:Transactions SCOPE:uvm_test_top.env.rknp_agt.sqr STREAM:1573}
  CREATE_STREAM @495000 {NAME:seq_slverr_read T:Transactions SCOPE:uvm_test_top.env.rknp_agt.sqr STREAM:1624}
  CREATE_STREAM @625000 {NAME:seq_decerr_write T:Transactions SCOPE:uvm_test_top.env.rknp_agt.sqr STREAM:1667}
  CREATE_STREAM @0 {NAME:seq T:Transactions SCOPE:uvm_test_top.env.rknp_agt.sqr STREAM:1206}
  CREATE_STREAM @0 {NAME:before_reset_seq T:Transactions SCOPE:uvm_test_top.env.rknp_agt.sqr STREAM:1206}
  CREATE_STREAM @725000 {NAME:reset_seq T:Transactions SCOPE:uvm_test_top.env.vseqr STREAM:1298}
  CREATE_STREAM @785000 {NAME:after_reset_seq T:Transactions SCOPE:uvm_test_top.env.rknp_agt.sqr STREAM:1314}
  CREATE_STREAM @0 {NAME:seq T:Transactions SCOPE:uvm_test_top.env.rknp_agt.sqr STREAM:1206}
  CREATE_STREAM @0 {NAME:seq T:Transactions SCOPE:uvm_test_top.env.rknp_agt.sqr STREAM:1206}
  CREATE_STREAM @0 {NAME:seq T:Transactions SCOPE:uvm_test_top.env.rknp_agt.sqr STREAM:1206}
  CREATE_STREAM @0 {NAME:seq T:Transactions SCOPE:uvm_test_top.env.rknp_agt.sqr STREAM:1206}
  CREATE_STREAM @0 {NAME:seq T:Transactions SCOPE:uvm_test_top.env.rknp_agt.sqr STREAM:1206}
  CREATE_STREAM @0 {NAME:seq T:Transactions SCOPE:uvm_test_top.env.rknp_agt.sqr STREAM:1206}
  CREATE_STREAM @0 {NAME:seq T:Transactions SCOPE:uvm_test_top.env.rknp_agt.sqr STREAM:1206}
  CREATE_STREAM @0 {NAME:rd_seq T:Transactions SCOPE:uvm_test_top.env.rknp_agt.sqr STREAM:1206}
  CREATE_STREAM @0 {NAME:rd_seq T:Transactions SCOPE:uvm_test_top.env.rknp_agt.sqr STREAM:1206}
  CREATE_STREAM @0 {NAME:rd_seq T:Transactions SCOPE:uvm_test_top.env.rknp_agt.sqr STREAM:1206}
  CREATE_STREAM @0 {NAME:timeout_seq T:Transactions SCOPE:uvm_test_top.env.rknp_agt.sqr STREAM:1206}
  CREATE_STREAM @55000 {NAME:normal_seq T:Transactions SCOPE:uvm_test_top.env.rknp_agt.sqr STREAM:1278}
  CREATE_STREAM @0 {NAME:seq T:Transactions SCOPE:uvm_test_top.env.rknp_agt.sqr STREAM:1206}
  CREATE_STREAM @0 {NAME:seq T:Transactions SCOPE:uvm_test_top.env.rknp_agt.sqr STREAM:1206}
  CREATE_STREAM @0 {NAME:seq T:Transactions SCOPE:uvm_test_top.env.rknp_agt.sqr STREAM:1206}
  CREATE_STREAM @0 {NAME:seq T:Transactions SCOPE:uvm_test_top.env.rknp_agt.sqr STREAM:1206}
  CREATE_STREAM @0 {NAME:seq T:Transactions SCOPE:uvm_test_top.env.rknp_agt.sqr STREAM:1206}
  CREATE_STREAM @0 {NAME:seq T:Transactions SCOPE:uvm_test_top.env.rknp_agt.sqr STREAM:1206}
  CREATE_STREAM @0 {NAME:seq T:Transactions SCOPE:uvm_test_top.env.rknp_agt.sqr STREAM:1206}
  CREATE_STREAM @0 {NAME:seq T:Transactions SCOPE:uvm_test_top.env.rknp_agt.sqr STREAM:1206}
  CREATE_STREAM @0 {NAME:seq T:Transactions SCOPE:uvm_test_top.env.rknp_agt.sqr STREAM:1206}
  CREATE_STREAM @0 {NAME:seq T:Transactions SCOPE:uvm_test_top.env.rknp_agt.sqr STREAM:1206}
  CREATE_STREAM @0 {NAME:seq T:Transactions SCOPE:uvm_test_top.env.rknp_agt.sqr STREAM:1206}
  CREATE_STREAM @0 {NAME:seq T:Transactions SCOPE:uvm_test_top.env.rknp_agt.sqr STREAM:1206}
  CREATE_STREAM @0 {NAME:seq T:Transactions SCOPE:uvm_test_top.env.rknp_agt.sqr STREAM:1206}
  CREATE_STREAM @0 {NAME:seq T:Transactions SCOPE:uvm_test_top.env.rknp_agt.sqr STREAM:1206}
  CREATE_STREAM @0 {NAME:seq T:Transactions SCOPE:uvm_test_top.env.rknp_agt.sqr STREAM:1206}
  CREATE_STREAM @0 {NAME:seq_normal_read T:Transactions SCOPE:uvm_test_top.env.rknp_agt.sqr STREAM:1385}
  CREATE_STREAM @205000 {NAME:seq_slverr_write T:Transactions SCOPE:uvm_test_top.env.rknp_agt.sqr STREAM:1479}
  CREATE_STREAM @285000 {NAME:seq_decerr_read T:Transactions SCOPE:uvm_test_top.env.rknp_agt.sqr STREAM:1530}
  CREATE_STREAM @405000 {NAME:seq_normal_write T:Transactions SCOPE:uvm_test_top.env.rknp_agt.sqr STREAM:1573}
  CREATE_STREAM @495000 {NAME:seq_slverr_read T:Transactions SCOPE:uvm_test_top.env.rknp_agt.sqr STREAM:1624}
  CREATE_STREAM @625000 {NAME:seq_decerr_write T:Transactions SCOPE:uvm_test_top.env.rknp_agt.sqr STREAM:1667}
  CREATE_STREAM @0 {NAME:seq T:Transactions SCOPE:uvm_test_top.env.rknp_agt.sqr STREAM:1206}
  CREATE_STREAM @0 {NAME:before_reset_seq T:Transactions SCOPE:uvm_test_top.env.rknp_agt.sqr STREAM:1206}
  CREATE_STREAM @725000 {NAME:reset_seq T:Transactions SCOPE:uvm_test_top.env.vseqr STREAM:1298}
  CREATE_STREAM @785000 {NAME:after_reset_seq T:Transactions SCOPE:uvm_test_top.env.rknp_agt.sqr STREAM:1314}
  CREATE_STREAM @0 {NAME:seq T:Transactions SCOPE:uvm_test_top.env.rknp_agt.sqr STREAM:1206}
  CREATE_STREAM @0 {NAME:seq T:Transactions SCOPE:uvm_test_top.env.rknp_agt.sqr STREAM:1206}
  CREATE_STREAM @0 {NAME:seq T:Transactions SCOPE:uvm_test_top.env.rknp_agt.sqr STREAM:1206}
  CREATE_STREAM @0 {NAME:seq T:Transactions SCOPE:uvm_test_top.env.rknp_agt.sqr STREAM:1206}
  CREATE_STREAM @0 {NAME:seq T:Transactions SCOPE:uvm_test_top.env.rknp_agt.sqr STREAM:1206}
  CREATE_STREAM @0 {NAME:seq T:Transactions SCOPE:uvm_test_top.env.rknp_agt.sqr STREAM:1206}
  CREATE_STREAM @0 {NAME:seq T:Transactions SCOPE:uvm_test_top.env.rknp_agt.sqr STREAM:1206}
  CREATE_STREAM @0 {NAME:rd_seq T:Transactions SCOPE:uvm_test_top.env.rknp_agt.sqr STREAM:1206}
  CREATE_STREAM @0 {NAME:rd_seq T:Transactions SCOPE:uvm_test_top.env.rknp_agt.sqr STREAM:1206}
  CREATE_STREAM @0 {NAME:rd_seq T:Transactions SCOPE:uvm_test_top.env.rknp_agt.sqr STREAM:1206}
  CREATE_STREAM @0 {NAME:timeout_seq T:Transactions SCOPE:uvm_test_top.env.rknp_agt.sqr STREAM:1206}
  CREATE_STREAM @55000 {NAME:normal_seq T:Transactions SCOPE:uvm_test_top.env.rknp_agt.sqr STREAM:1278}
  CREATE_STREAM @0 {NAME:seq T:Transactions SCOPE:uvm_test_top.env.rknp_agt.sqr STREAM:1206}
  CREATE_STREAM @0 {NAME:seq T:Transactions SCOPE:uvm_test_top.env.rknp_agt.sqr STREAM:1206}
  CREATE_STREAM @0 {NAME:seq T:Transactions SCOPE:uvm_test_top.env.rknp_agt.sqr STREAM:1206}
  CREATE_STREAM @0 {NAME:seq T:Transactions SCOPE:uvm_test_top.env.rknp_agt.sqr STREAM:1206}
  CREATE_STREAM @0 {NAME:seq T:Transactions SCOPE:uvm_test_top.env.rknp_agt.sqr STREAM:1206}
  CREATE_STREAM @0 {NAME:seq T:Transactions SCOPE:uvm_test_top.env.rknp_agt.sqr STREAM:1206}
  CREATE_STREAM @0 {NAME:seq T:Transactions SCOPE:uvm_test_top.env.rknp_agt.sqr STREAM:1206}
  CREATE_STREAM @0 {NAME:seq T:Transactions SCOPE:uvm_test_top.env.rknp_agt.sqr STREAM:1206}
  CREATE_STREAM @0 {NAME:seq T:Transactions SCOPE:uvm_test_top.env.rknp_agt.sqr STREAM:1206}
  CREATE_STREAM @0 {NAME:seq T:Transactions SCOPE:uvm_test_top.env.rknp_agt.sqr STREAM:1206}
  CREATE_STREAM @0 {NAME:seq T:Transactions SCOPE:uvm_test_top.env.rknp_agt.sqr STREAM:1206}
  CREATE_STREAM @0 {NAME:seq T:Transactions SCOPE:uvm_test_top.env.rknp_agt.sqr STREAM:1206}
  CREATE_STREAM @0 {NAME:seq T:Transactions SCOPE:uvm_test_top.env.rknp_agt.sqr STREAM:1206}
  CREATE_STREAM @0 {NAME:seq T:Transactions SCOPE:uvm_test_top.env.rknp_agt.sqr STREAM:1206}
  CREATE_STREAM @0 {NAME:seq T:Transactions SCOPE:uvm_test_top.env.rknp_agt.sqr STREAM:1206}
  CREATE_STREAM @0 {NAME:seq_normal_read T:Transactions SCOPE:uvm_test_top.env.rknp_agt.sqr STREAM:1385}
  CREATE_STREAM @205000 {NAME:seq_slverr_write T:Transactions SCOPE:uvm_test_top.env.rknp_agt.sqr STREAM:1479}
  CREATE_STREAM @285000 {NAME:seq_decerr_read T:Transactions SCOPE:uvm_test_top.env.rknp_agt.sqr STREAM:1530}
  CREATE_STREAM @405000 {NAME:seq_normal_write T:Transactions SCOPE:uvm_test_top.env.rknp_agt.sqr STREAM:1573}
  CREATE_STREAM @495000 {NAME:seq_slverr_read T:Transactions SCOPE:uvm_test_top.env.rknp_agt.sqr STREAM:1624}
  CREATE_STREAM @625000 {NAME:seq_decerr_write T:Transactions SCOPE:uvm_test_top.env.rknp_agt.sqr STREAM:1667}
  CREATE_STREAM @0 {NAME:seq T:Transactions SCOPE:uvm_test_top.env.rknp_agt.sqr STREAM:1206}
  CREATE_STREAM @0 {NAME:before_reset_seq T:Transactions SCOPE:uvm_test_top.env.rknp_agt.sqr STREAM:1206}
  CREATE_STREAM @725000 {NAME:reset_seq T:Transactions SCOPE:uvm_test_top.env.vseqr STREAM:1298}
  CREATE_STREAM @785000 {NAME:after_reset_seq T:Transactions SCOPE:uvm_test_top.env.rknp_agt.sqr STREAM:1314}
  CREATE_STREAM @0 {NAME:seq T:Transactions SCOPE:uvm_test_top.env.rknp_agt.sqr STREAM:1206}
  CREATE_STREAM @0 {NAME:seq T:Transactions SCOPE:uvm_test_top.env.rknp_agt.sqr STREAM:1206}
  CREATE_STREAM @0 {NAME:seq T:Transactions SCOPE:uvm_test_top.env.rknp_agt.sqr STREAM:1206}
  CREATE_STREAM @0 {NAME:seq T:Transactions SCOPE:uvm_test_top.env.rknp_agt.sqr STREAM:1206}
  CREATE_STREAM @0 {NAME:seq T:Transactions SCOPE:uvm_test_top.env.rknp_agt.sqr STREAM:1206}
  CREATE_STREAM @0 {NAME:seq T:Transactions SCOPE:uvm_test_top.env.rknp_agt.sqr STREAM:1206}
  CREATE_STREAM @0 {NAME:seq T:Transactions SCOPE:uvm_test_top.env.rknp_agt.sqr STREAM:1206}
  CREATE_STREAM @0 {NAME:rd_seq T:Transactions SCOPE:uvm_test_top.env.rknp_agt.sqr STREAM:1206}
  CREATE_STREAM @0 {NAME:rd_seq T:Transactions SCOPE:uvm_test_top.env.rknp_agt.sqr STREAM:1206}
  CREATE_STREAM @0 {NAME:rd_seq T:Transactions SCOPE:uvm_test_top.env.rknp_agt.sqr STREAM:1206}
  CREATE_STREAM @0 {NAME:timeout_seq T:Transactions SCOPE:uvm_test_top.env.rknp_agt.sqr STREAM:1206}
  CREATE_STREAM @55000 {NAME:normal_seq T:Transactions SCOPE:uvm_test_top.env.rknp_agt.sqr STREAM:1278}
  CREATE_STREAM @0 {NAME:seq T:Transactions SCOPE:uvm_test_top.env.rknp_agt.sqr STREAM:1206}
  CREATE_STREAM @0 {NAME:seq T:Transactions SCOPE:uvm_test_top.env.rknp_agt.sqr STREAM:1206}
  CREATE_STREAM @0 {NAME:seq T:Transactions SCOPE:uvm_test_top.env.rknp_agt.sqr STREAM:1206}
  CREATE_STREAM @0 {NAME:seq T:Transactions SCOPE:uvm_test_top.env.rknp_agt.sqr STREAM:1206}
  CREATE_STREAM @0 {NAME:seq T:Transactions SCOPE:uvm_test_top.env.rknp_agt.sqr STREAM:1206}
  CREATE_STREAM @0 {NAME:seq T:Transactions SCOPE:uvm_test_top.env.rknp_agt.sqr STREAM:1206}
  CREATE_STREAM @0 {NAME:seq T:Transactions SCOPE:uvm_test_top.env.rknp_agt.sqr STREAM:1206}
  CREATE_STREAM @0 {NAME:seq T:Transactions SCOPE:uvm_test_top.env.rknp_agt.sqr STREAM:1206}
  CREATE_STREAM @0 {NAME:seq T:Transactions SCOPE:uvm_test_top.env.rknp_agt.sqr STREAM:1206}
  CREATE_STREAM @0 {NAME:seq T:Transactions SCOPE:uvm_test_top.env.rknp_agt.sqr STREAM:1206}
  CREATE_STREAM @0 {NAME:seq T:Transactions SCOPE:uvm_test_top.env.rknp_agt.sqr STREAM:1206}
  CREATE_STREAM @0 {NAME:seq T:Transactions SCOPE:uvm_test_top.env.rknp_agt.sqr STREAM:1206}
  CREATE_STREAM @0 {NAME:seq T:Transactions SCOPE:uvm_test_top.env.rknp_agt.sqr STREAM:1206}
  CREATE_STREAM @0 {NAME:seq T:Transactions SCOPE:uvm_test_top.env.rknp_agt.sqr STREAM:1206}
  CREATE_STREAM @0 {NAME:seq T:Transactions SCOPE:uvm_test_top.env.rknp_agt.sqr STREAM:1206}
  CREATE_STREAM @0 {NAME:seq_normal_read T:Transactions SCOPE:uvm_test_top.env.rknp_agt.sqr STREAM:1385}
  CREATE_STREAM @205000 {NAME:seq_slverr_write T:Transactions SCOPE:uvm_test_top.env.rknp_agt.sqr STREAM:1479}
  CREATE_STREAM @285000 {NAME:seq_decerr_read T:Transactions SCOPE:uvm_test_top.env.rknp_agt.sqr STREAM:1530}
  CREATE_STREAM @405000 {NAME:seq_normal_write T:Transactions SCOPE:uvm_test_top.env.rknp_agt.sqr STREAM:1573}
  CREATE_STREAM @495000 {NAME:seq_slverr_read T:Transactions SCOPE:uvm_test_top.env.rknp_agt.sqr STREAM:1624}
  CREATE_STREAM @625000 {NAME:seq_decerr_write T:Transactions SCOPE:uvm_test_top.env.rknp_agt.sqr STREAM:1667}
  CREATE_STREAM @0 {NAME:seq T:Transactions SCOPE:uvm_test_top.env.rknp_agt.sqr STREAM:1206}
  CREATE_STREAM @0 {NAME:before_reset_seq T:Transactions SCOPE:uvm_test_top.env.rknp_agt.sqr STREAM:1206}
  CREATE_STREAM @725000 {NAME:reset_seq T:Transactions SCOPE:uvm_test_top.env.vseqr STREAM:1298}
  CREATE_STREAM @785000 {NAME:after_reset_seq T:Transactions SCOPE:uvm_test_top.env.rknp_agt.sqr STREAM:1314}
  CREATE_STREAM @0 {NAME:seq T:Transactions SCOPE:uvm_test_top.env.rknp_agt.sqr STREAM:1206}
  CREATE_STREAM @0 {NAME:seq T:Transactions SCOPE:uvm_test_top.env.rknp_agt.sqr STREAM:1206}
  CREATE_STREAM @0 {NAME:seq T:Transactions SCOPE:uvm_test_top.env.rknp_agt.sqr STREAM:1206}
  CREATE_STREAM @0 {NAME:seq T:Transactions SCOPE:uvm_test_top.env.rknp_agt.sqr STREAM:1206}
  CREATE_STREAM @0 {NAME:seq T:Transactions SCOPE:uvm_test_top.env.rknp_agt.sqr STREAM:1206}
  CREATE_STREAM @0 {NAME:seq T:Transactions SCOPE:uvm_test_top.env.rknp_agt.sqr STREAM:1206}
  CREATE_STREAM @0 {NAME:seq T:Transactions SCOPE:uvm_test_top.env.rknp_agt.sqr STREAM:1206}
  CREATE_STREAM @0 {NAME:rd_seq T:Transactions SCOPE:uvm_test_top.env.rknp_agt.sqr STREAM:1206}
  CREATE_STREAM @0 {NAME:rd_seq T:Transactions SCOPE:uvm_test_top.env.rknp_agt.sqr STREAM:1206}
  CREATE_STREAM @0 {NAME:rd_seq T:Transactions SCOPE:uvm_test_top.env.rknp_agt.sqr STREAM:1206}
  CREATE_STREAM @0 {NAME:timeout_seq T:Transactions SCOPE:uvm_test_top.env.rknp_agt.sqr STREAM:1206}
  CREATE_STREAM @55000 {NAME:normal_seq T:Transactions SCOPE:uvm_test_top.env.rknp_agt.sqr STREAM:1278}
  CREATE_STREAM @0 {NAME:seq T:Transactions SCOPE:uvm_test_top.env.rknp_agt.sqr STREAM:1206}
  CREATE_STREAM @0 {NAME:seq T:Transactions SCOPE:uvm_test_top.env.rknp_agt.sqr STREAM:1206}
  CREATE_STREAM @0 {NAME:seq T:Transactions SCOPE:uvm_test_top.env.rknp_agt.sqr STREAM:1206}
  CREATE_STREAM @0 {NAME:seq T:Transactions SCOPE:uvm_test_top.env.rknp_agt.sqr STREAM:1206}
  CREATE_STREAM @0 {NAME:seq T:Transactions SCOPE:uvm_test_top.env.rknp_agt.sqr STREAM:1206}
  CREATE_STREAM @0 {NAME:seq T:Transactions SCOPE:uvm_test_top.env.rknp_agt.sqr STREAM:1206}
  CREATE_STREAM @0 {NAME:seq T:Transactions SCOPE:uvm_test_top.env.rknp_agt.sqr STREAM:1206}
  CREATE_STREAM @0 {NAME:seq T:Transactions SCOPE:uvm_test_top.env.rknp_agt.sqr STREAM:1206}
  CREATE_STREAM @0 {NAME:seq T:Transactions SCOPE:uvm_test_top.env.rknp_agt.sqr STREAM:1206}
  CREATE_STREAM @0 {NAME:seq T:Transactions SCOPE:uvm_test_top.env.rknp_agt.sqr STREAM:1206}
  CREATE_STREAM @0 {NAME:seq T:Transactions SCOPE:uvm_test_top.env.rknp_agt.sqr STREAM:1206}
  CREATE_STREAM @0 {NAME:seq T:Transactions SCOPE:uvm_test_top.env.rknp_agt.sqr STREAM:1206}
  CREATE_STREAM @0 {NAME:seq T:Transactions SCOPE:uvm_test_top.env.rknp_agt.sqr STREAM:1206}
  CREATE_STREAM @0 {NAME:seq T:Transactions SCOPE:uvm_test_top.env.rknp_agt.sqr STREAM:1206}
  CREATE_STREAM @0 {NAME:seq T:Transactions SCOPE:uvm_test_top.env.rknp_agt.sqr STREAM:1206}
  CREATE_STREAM @0 {NAME:seq_read_okay_1 T:Transactions SCOPE:uvm_test_top.env.rknp_agt.sqr STREAM:1385}
  CREATE_STREAM @205000 {NAME:seq_read_slverr T:Transactions SCOPE:uvm_test_top.env.rknp_agt.sqr STREAM:1479}
  CREATE_STREAM @325000 {NAME:seq_read_okay_2 T:Transactions SCOPE:uvm_test_top.env.rknp_agt.sqr STREAM:1522}
  CREATE_STREAM @455000 {NAME:seq_read_decerr T:Transactions SCOPE:uvm_test_top.env.rknp_agt.sqr STREAM:1565}
  CREATE_STREAM @615000 {NAME:seq_read_okay_3 T:Transactions SCOPE:uvm_test_top.env.rknp_agt.sqr STREAM:1608}
  CREATE_STREAM @725000 {NAME:seq_write_okay_1 T:Transactions SCOPE:uvm_test_top.env.rknp_agt.sqr STREAM:1651}
  CREATE_STREAM @805000 {NAME:seq_write_slverr T:Transactions SCOPE:uvm_test_top.env.rknp_agt.sqr STREAM:1702}
  CREATE_STREAM @885000 {NAME:seq_write_okay_2 T:Transactions SCOPE:uvm_test_top.env.rknp_agt.sqr STREAM:1753}
  CREATE_STREAM @985000 {NAME:seq_write_decerr T:Transactions SCOPE:uvm_test_top.env.rknp_agt.sqr STREAM:1804}
  CREATE_STREAM @1095000 {NAME:seq_write_okay_3 T:Transactions SCOPE:uvm_test_top.env.rknp_agt.sqr STREAM:1855}
  CREATE_STREAM @0 {NAME:seq T:Transactions SCOPE:uvm_test_top.env.rknp_agt.sqr STREAM:1206}
  CREATE_STREAM @0 {NAME:before_reset_seq T:Transactions SCOPE:uvm_test_top.env.rknp_agt.sqr STREAM:1206}
  CREATE_STREAM @725000 {NAME:reset_seq T:Transactions SCOPE:uvm_test_top.env.vseqr STREAM:1298}
  CREATE_STREAM @785000 {NAME:after_reset_seq T:Transactions SCOPE:uvm_test_top.env.rknp_agt.sqr STREAM:1314}
  CREATE_STREAM @0 {NAME:seq T:Transactions SCOPE:uvm_test_top.env.rknp_agt.sqr STREAM:1206}
  CREATE_STREAM @0 {NAME:seq T:Transactions SCOPE:uvm_test_top.env.rknp_agt.sqr STREAM:1206}
  CREATE_STREAM @0 {NAME:seq T:Transactions SCOPE:uvm_test_top.env.rknp_agt.sqr STREAM:1206}
  CREATE_STREAM @0 {NAME:seq T:Transactions SCOPE:uvm_test_top.env.rknp_agt.sqr STREAM:1206}
  CREATE_STREAM @0 {NAME:seq T:Transactions SCOPE:uvm_test_top.env.rknp_agt.sqr STREAM:1206}
  CREATE_STREAM @0 {NAME:seq T:Transactions SCOPE:uvm_test_top.env.rknp_agt.sqr STREAM:1206}
  CREATE_STREAM @0 {NAME:seq T:Transactions SCOPE:uvm_test_top.env.rknp_agt.sqr STREAM:1206}
  CREATE_STREAM @0 {NAME:rd_seq T:Transactions SCOPE:uvm_test_top.env.rknp_agt.sqr STREAM:1206}
  CREATE_STREAM @0 {NAME:rd_seq T:Transactions SCOPE:uvm_test_top.env.rknp_agt.sqr STREAM:1206}
  CREATE_STREAM @0 {NAME:rd_seq T:Transactions SCOPE:uvm_test_top.env.rknp_agt.sqr STREAM:1206}
  CREATE_STREAM @0 {NAME:timeout_seq T:Transactions SCOPE:uvm_test_top.env.rknp_agt.sqr STREAM:1206}
  CREATE_STREAM @55000 {NAME:normal_seq T:Transactions SCOPE:uvm_test_top.env.rknp_agt.sqr STREAM:1278}
  CREATE_STREAM @0 {NAME:seq T:Transactions SCOPE:uvm_test_top.env.rknp_agt.sqr STREAM:1206}
  CREATE_STREAM @0 {NAME:seq T:Transactions SCOPE:uvm_test_top.env.rknp_agt.sqr STREAM:1206}
  CREATE_STREAM @0 {NAME:seq T:Transactions SCOPE:uvm_test_top.env.rknp_agt.sqr STREAM:1206}
  CREATE_STREAM @0 {NAME:seq T:Transactions SCOPE:uvm_test_top.env.rknp_agt.sqr STREAM:1206}
  CREATE_STREAM @0 {NAME:seq T:Transactions SCOPE:uvm_test_top.env.rknp_agt.sqr STREAM:1206}
  CREATE_STREAM @0 {NAME:seq T:Transactions SCOPE:uvm_test_top.env.rknp_agt.sqr STREAM:1206}
  CREATE_STREAM @0 {NAME:seq T:Transactions SCOPE:uvm_test_top.env.rknp_agt.sqr STREAM:1206}
  CREATE_STREAM @0 {NAME:seq T:Transactions SCOPE:uvm_test_top.env.rknp_agt.sqr STREAM:1206}
  CREATE_STREAM @0 {NAME:seq T:Transactions SCOPE:uvm_test_top.env.rknp_agt.sqr STREAM:1206}
  CREATE_STREAM @0 {NAME:seq T:Transactions SCOPE:uvm_test_top.env.rknp_agt.sqr STREAM:1206}
  CREATE_STREAM @0 {NAME:seq T:Transactions SCOPE:uvm_test_top.env.rknp_agt.sqr STREAM:1206}
  CREATE_STREAM @0 {NAME:seq T:Transactions SCOPE:uvm_test_top.env.rknp_agt.sqr STREAM:1206}
  CREATE_STREAM @0 {NAME:seq T:Transactions SCOPE:uvm_test_top.env.rknp_agt.sqr STREAM:1206}
  CREATE_STREAM @0 {NAME:seq T:Transactions SCOPE:uvm_test_top.env.rknp_agt.sqr STREAM:1206}
  CREATE_STREAM @0 {NAME:seq T:Transactions SCOPE:uvm_test_top.env.rknp_agt.sqr STREAM:1206}
  CREATE_STREAM @0 {NAME:seq_read_okay_1 T:Transactions SCOPE:uvm_test_top.env.rknp_agt.sqr STREAM:1385}
  CREATE_STREAM @205000 {NAME:seq_read_slverr T:Transactions SCOPE:uvm_test_top.env.rknp_agt.sqr STREAM:1479}
  CREATE_STREAM @325000 {NAME:seq_read_okay_2 T:Transactions SCOPE:uvm_test_top.env.rknp_agt.sqr STREAM:1522}
  CREATE_STREAM @455000 {NAME:seq_read_decerr T:Transactions SCOPE:uvm_test_top.env.rknp_agt.sqr STREAM:1565}
  CREATE_STREAM @615000 {NAME:seq_read_okay_3 T:Transactions SCOPE:uvm_test_top.env.rknp_agt.sqr STREAM:1608}
  CREATE_STREAM @725000 {NAME:seq_write_okay_1 T:Transactions SCOPE:uvm_test_top.env.rknp_agt.sqr STREAM:1651}
  CREATE_STREAM @805000 {NAME:seq_write_slverr T:Transactions SCOPE:uvm_test_top.env.rknp_agt.sqr STREAM:1702}
  CREATE_STREAM @885000 {NAME:seq_write_okay_2 T:Transactions SCOPE:uvm_test_top.env.rknp_agt.sqr STREAM:1753}
  CREATE_STREAM @985000 {NAME:seq_write_decerr T:Transactions SCOPE:uvm_test_top.env.rknp_agt.sqr STREAM:1804}
  CREATE_STREAM @1095000 {NAME:seq_write_okay_3 T:Transactions SCOPE:uvm_test_top.env.rknp_agt.sqr STREAM:1855}
  CREATE_STREAM @0 {NAME:seq T:Transactions SCOPE:uvm_test_top.env.rknp_agt.sqr STREAM:1206}
  CREATE_STREAM @0 {NAME:before_reset_seq T:Transactions SCOPE:uvm_test_top.env.rknp_agt.sqr STREAM:1206}
  CREATE_STREAM @725000 {NAME:reset_seq T:Transactions SCOPE:uvm_test_top.env.vseqr STREAM:1298}
  CREATE_STREAM @785000 {NAME:after_reset_seq T:Transactions SCOPE:uvm_test_top.env.rknp_agt.sqr STREAM:1314}
  CREATE_STREAM @0 {NAME:seq T:Transactions SCOPE:uvm_test_top.env.rknp_agt.sqr STREAM:1206}
  CREATE_STREAM @0 {NAME:seq T:Transactions SCOPE:uvm_test_top.env.rknp_agt.sqr STREAM:1206}
  CREATE_STREAM @0 {NAME:seq T:Transactions SCOPE:uvm_test_top.env.rknp_agt.sqr STREAM:1206}
  CREATE_STREAM @0 {NAME:seq T:Transactions SCOPE:uvm_test_top.env.rknp_agt.sqr STREAM:1206}
  CREATE_STREAM @0 {NAME:seq T:Transactions SCOPE:uvm_test_top.env.rknp_agt.sqr STREAM:1206}
  CREATE_STREAM @0 {NAME:seq T:Transactions SCOPE:uvm_test_top.env.rknp_agt.sqr STREAM:1206}
  CREATE_STREAM @0 {NAME:seq T:Transactions SCOPE:uvm_test_top.env.rknp_agt.sqr STREAM:1206}
  CREATE_STREAM @0 {NAME:rd_seq T:Transactions SCOPE:uvm_test_top.env.rknp_agt.sqr STREAM:1206}
  CREATE_STREAM @0 {NAME:rd_seq T:Transactions SCOPE:uvm_test_top.env.rknp_agt.sqr STREAM:1206}
  CREATE_STREAM @0 {NAME:rd_seq T:Transactions SCOPE:uvm_test_top.env.rknp_agt.sqr STREAM:1206}
  CREATE_STREAM @0 {NAME:timeout_seq T:Transactions SCOPE:uvm_test_top.env.rknp_agt.sqr STREAM:1206}
  CREATE_STREAM @55000 {NAME:normal_seq T:Transactions SCOPE:uvm_test_top.env.rknp_agt.sqr STREAM:1278}
  CREATE_STREAM @0 {NAME:seq T:Transactions SCOPE:uvm_test_top.env.rknp_agt.sqr STREAM:1206}
  CREATE_STREAM @0 {NAME:seq T:Transactions SCOPE:uvm_test_top.env.rknp_agt.sqr STREAM:1206}
  CREATE_STREAM @0 {NAME:seq T:Transactions SCOPE:uvm_test_top.env.rknp_agt.sqr STREAM:1206}
  CREATE_STREAM @0 {NAME:seq T:Transactions SCOPE:uvm_test_top.env.rknp_agt.sqr STREAM:1206}
  CREATE_STREAM @0 {NAME:seq T:Transactions SCOPE:uvm_test_top.env.rknp_agt.sqr STREAM:1206}
  CREATE_STREAM @0 {NAME:seq T:Transactions SCOPE:uvm_test_top.env.rknp_agt.sqr STREAM:1206}
  CREATE_STREAM @0 {NAME:seq T:Transactions SCOPE:uvm_test_top.env.rknp_agt.sqr STREAM:1206}
  CREATE_STREAM @0 {NAME:seq T:Transactions SCOPE:uvm_test_top.env.rknp_agt.sqr STREAM:1206}
  CREATE_STREAM @0 {NAME:seq T:Transactions SCOPE:uvm_test_top.env.rknp_agt.sqr STREAM:1206}
  CREATE_STREAM @0 {NAME:seq T:Transactions SCOPE:uvm_test_top.env.rknp_agt.sqr STREAM:1206}
  CREATE_STREAM @0 {NAME:seq T:Transactions SCOPE:uvm_test_top.env.rknp_agt.sqr STREAM:1206}
  CREATE_STREAM @0 {NAME:seq T:Transactions SCOPE:uvm_test_top.env.rknp_agt.sqr STREAM:1206}
  CREATE_STREAM @0 {NAME:seq T:Transactions SCOPE:uvm_test_top.env.rknp_agt.sqr STREAM:1206}
  CREATE_STREAM @0 {NAME:seq T:Transactions SCOPE:uvm_test_top.env.rknp_agt.sqr STREAM:1206}
  CREATE_STREAM @0 {NAME:seq T:Transactions SCOPE:uvm_test_top.env.rknp_agt.sqr STREAM:1206}
  CREATE_STREAM @0 {NAME:seq_read_okay_1 T:Transactions SCOPE:uvm_test_top.env.rknp_agt.sqr STREAM:1385}
  CREATE_STREAM @205000 {NAME:seq_read_slverr T:Transactions SCOPE:uvm_test_top.env.rknp_agt.sqr STREAM:1479}
  CREATE_STREAM @325000 {NAME:seq_read_okay_2 T:Transactions SCOPE:uvm_test_top.env.rknp_agt.sqr STREAM:1522}
  CREATE_STREAM @455000 {NAME:seq_read_decerr T:Transactions SCOPE:uvm_test_top.env.rknp_agt.sqr STREAM:1565}
  CREATE_STREAM @615000 {NAME:seq_read_okay_3 T:Transactions SCOPE:uvm_test_top.env.rknp_agt.sqr STREAM:1608}
  CREATE_STREAM @725000 {NAME:seq_write_okay_1 T:Transactions SCOPE:uvm_test_top.env.rknp_agt.sqr STREAM:1651}
  CREATE_STREAM @805000 {NAME:seq_write_slverr T:Transactions SCOPE:uvm_test_top.env.rknp_agt.sqr STREAM:1702}
  CREATE_STREAM @885000 {NAME:seq_write_okay_2 T:Transactions SCOPE:uvm_test_top.env.rknp_agt.sqr STREAM:1753}
  CREATE_STREAM @985000 {NAME:seq_write_decerr T:Transactions SCOPE:uvm_test_top.env.rknp_agt.sqr STREAM:1804}
  CREATE_STREAM @1095000 {NAME:seq_write_okay_3 T:Transactions SCOPE:uvm_test_top.env.rknp_agt.sqr STREAM:1855}
  CREATE_STREAM @0 {NAME:seq T:Transactions SCOPE:uvm_test_top.env.rknp_agt.sqr STREAM:1206}
  CREATE_STREAM @0 {NAME:before_reset_seq T:Transactions SCOPE:uvm_test_top.env.rknp_agt.sqr STREAM:1206}
  CREATE_STREAM @725000 {NAME:reset_seq T:Transactions SCOPE:uvm_test_top.env.vseqr STREAM:1298}
  CREATE_STREAM @785000 {NAME:after_reset_seq T:Transactions SCOPE:uvm_test_top.env.rknp_agt.sqr STREAM:1314}
  CREATE_STREAM @0 {NAME:seq T:Transactions SCOPE:uvm_test_top.env.rknp_agt.sqr STREAM:1206}
  CREATE_STREAM @0 {NAME:seq T:Transactions SCOPE:uvm_test_top.env.rknp_agt.sqr STREAM:1206}
  CREATE_STREAM @0 {NAME:seq T:Transactions SCOPE:uvm_test_top.env.rknp_agt.sqr STREAM:1206}
  CREATE_STREAM @0 {NAME:seq T:Transactions SCOPE:uvm_test_top.env.rknp_agt.sqr STREAM:1206}
  CREATE_STREAM @0 {NAME:seq T:Transactions SCOPE:uvm_test_top.env.rknp_agt.sqr STREAM:1206}
  CREATE_STREAM @0 {NAME:seq T:Transactions SCOPE:uvm_test_top.env.rknp_agt.sqr STREAM:1206}
  CREATE_STREAM @0 {NAME:seq T:Transactions SCOPE:uvm_test_top.env.rknp_agt.sqr STREAM:1206}
  CREATE_STREAM @0 {NAME:rd_seq T:Transactions SCOPE:uvm_test_top.env.rknp_agt.sqr STREAM:1206}
  CREATE_STREAM @0 {NAME:rd_seq T:Transactions SCOPE:uvm_test_top.env.rknp_agt.sqr STREAM:1206}
  CREATE_STREAM @0 {NAME:rd_seq T:Transactions SCOPE:uvm_test_top.env.rknp_agt.sqr STREAM:1206}
  CREATE_STREAM @0 {NAME:timeout_seq T:Transactions SCOPE:uvm_test_top.env.rknp_agt.sqr STREAM:1206}
  CREATE_STREAM @55000 {NAME:normal_seq T:Transactions SCOPE:uvm_test_top.env.rknp_agt.sqr STREAM:1278}
  CREATE_STREAM @0 {NAME:seq T:Transactions SCOPE:uvm_test_top.env.rknp_agt.sqr STREAM:1206}
  CREATE_STREAM @0 {NAME:seq T:Transactions SCOPE:uvm_test_top.env.rknp_agt.sqr STREAM:1206}
  CREATE_STREAM @0 {NAME:before_reset_seq T:Transactions SCOPE:uvm_test_top.env.rknp_agt.sqr STREAM:1206}
  CREATE_STREAM @725000 {NAME:reset_seq T:Transactions SCOPE:uvm_test_top.env.vseqr STREAM:1298}
  CREATE_STREAM @785000 {NAME:after_reset_seq T:Transactions SCOPE:uvm_test_top.env.rknp_agt.sqr STREAM:1314}
  CREATE_STREAM @0 {NAME:seq T:Transactions SCOPE:uvm_test_top.env.rknp_agt.sqr STREAM:1206}
  CREATE_STREAM @0 {NAME:seq T:Transactions SCOPE:uvm_test_top.env.rknp_agt.sqr STREAM:1206}
  CREATE_STREAM @0 {NAME:seq T:Transactions SCOPE:uvm_test_top.env.rknp_agt.sqr STREAM:1206}
  CREATE_STREAM @0 {NAME:seq T:Transactions SCOPE:uvm_test_top.env.rknp_agt.sqr STREAM:1206}
  CREATE_STREAM @0 {NAME:seq T:Transactions SCOPE:uvm_test_top.env.rknp_agt.sqr STREAM:1206}
  CREATE_STREAM @0 {NAME:seq T:Transactions SCOPE:uvm_test_top.env.rknp_agt.sqr STREAM:1206}
  CREATE_STREAM @0 {NAME:seq T:Transactions SCOPE:uvm_test_top.env.rknp_agt.sqr STREAM:1206}
  CREATE_STREAM @0 {NAME:rd_seq T:Transactions SCOPE:uvm_test_top.env.rknp_agt.sqr STREAM:1206}
  CREATE_STREAM @0 {NAME:rd_seq T:Transactions SCOPE:uvm_test_top.env.rknp_agt.sqr STREAM:1206}
  CREATE_STREAM @0 {NAME:rd_seq T:Transactions SCOPE:uvm_test_top.env.rknp_agt.sqr STREAM:1206}
  CREATE_STREAM @0 {NAME:timeout_seq T:Transactions SCOPE:uvm_test_top.env.rknp_agt.sqr STREAM:1206}
  CREATE_STREAM @55000 {NAME:normal_seq T:Transactions SCOPE:uvm_test_top.env.rknp_agt.sqr STREAM:1278}
  CREATE_STREAM @0 {NAME:seq T:Transactions SCOPE:uvm_test_top.env.rknp_agt.sqr STREAM:1206}
  CREATE_STREAM @0 {NAME:seq T:Transactions SCOPE:uvm_test_top.env.rknp_agt.sqr STREAM:1206}
  CREATE_STREAM @0 {NAME:seq T:Transactions SCOPE:uvm_test_top.env.rknp_agt.sqr STREAM:1206}
  CREATE_STREAM @0 {NAME:seq T:Transactions SCOPE:uvm_test_top.env.rknp_agt.sqr STREAM:1206}
  CREATE_STREAM @0 {NAME:seq T:Transactions SCOPE:uvm_test_top.env.rknp_agt.sqr STREAM:1206}
  CREATE_STREAM @0 {NAME:seq T:Transactions SCOPE:uvm_test_top.env.rknp_agt.sqr STREAM:1206}
  CREATE_STREAM @0 {NAME:seq T:Transactions SCOPE:uvm_test_top.env.rknp_agt.sqr STREAM:1206}
  CREATE_STREAM @0 {NAME:seq T:Transactions SCOPE:uvm_test_top.env.rknp_agt.sqr STREAM:1206}
  CREATE_STREAM @0 {NAME:seq T:Transactions SCOPE:uvm_test_top.env.rknp_agt.sqr STREAM:1206}
  CREATE_STREAM @0 {NAME:seq T:Transactions SCOPE:uvm_test_top.env.rknp_agt.sqr STREAM:1206}
  CREATE_STREAM @0 {NAME:seq T:Transactions SCOPE:uvm_test_top.env.rknp_agt.sqr STREAM:1206}
  CREATE_STREAM @0 {NAME:seq T:Transactions SCOPE:uvm_test_top.env.rknp_agt.sqr STREAM:1206}
  CREATE_STREAM @0 {NAME:seq T:Transactions SCOPE:uvm_test_top.env.rknp_agt.sqr STREAM:1206}
  CREATE_STREAM @0 {NAME:seq T:Transactions SCOPE:uvm_test_top.env.rknp_agt.sqr STREAM:1206}
  CREATE_STREAM @0 {NAME:seq T:Transactions SCOPE:uvm_test_top.env.rknp_agt.sqr STREAM:1206}
  CREATE_STREAM @0 {NAME:seq_read_okay_1 T:Transactions SCOPE:uvm_test_top.env.rknp_agt.sqr STREAM:1385}
  CREATE_STREAM @205000 {NAME:seq_read_slverr T:Transactions SCOPE:uvm_test_top.env.rknp_agt.sqr STREAM:1479}
  CREATE_STREAM @325000 {NAME:seq_read_okay_2 T:Transactions SCOPE:uvm_test_top.env.rknp_agt.sqr STREAM:1522}
  CREATE_STREAM @455000 {NAME:seq_read_decerr T:Transactions SCOPE:uvm_test_top.env.rknp_agt.sqr STREAM:1565}
  CREATE_STREAM @615000 {NAME:seq_read_okay_3 T:Transactions SCOPE:uvm_test_top.env.rknp_agt.sqr STREAM:1608}
  CREATE_STREAM @725000 {NAME:seq_write_okay_1 T:Transactions SCOPE:uvm_test_top.env.rknp_agt.sqr STREAM:1651}
  CREATE_STREAM @805000 {NAME:seq_write_slverr T:Transactions SCOPE:uvm_test_top.env.rknp_agt.sqr STREAM:1702}
  CREATE_STREAM @885000 {NAME:seq_write_okay_2 T:Transactions SCOPE:uvm_test_top.env.rknp_agt.sqr STREAM:1753}
  CREATE_STREAM @985000 {NAME:seq_write_decerr T:Transactions SCOPE:uvm_test_top.env.rknp_agt.sqr STREAM:1804}
  CREATE_STREAM @1095000 {NAME:seq_write_okay_3 T:Transactions SCOPE:uvm_test_top.env.rknp_agt.sqr STREAM:1855}
  CREATE_STREAM @0 {NAME:seq T:Transactions SCOPE:uvm_test_top.env.rknp_agt.sqr STREAM:1206}
  CREATE_STREAM @0 {NAME:before_reset_seq T:Transactions SCOPE:uvm_test_top.env.rknp_agt.sqr STREAM:1206}
  CREATE_STREAM @725000 {NAME:reset_seq T:Transactions SCOPE:uvm_test_top.env.vseqr STREAM:1298}
  CREATE_STREAM @785000 {NAME:after_reset_seq T:Transactions SCOPE:uvm_test_top.env.rknp_agt.sqr STREAM:1314}
  CREATE_STREAM @0 {NAME:seq T:Transactions SCOPE:uvm_test_top.env.rknp_agt.sqr STREAM:1206}
  CREATE_STREAM @0 {NAME:seq T:Transactions SCOPE:uvm_test_top.env.rknp_agt.sqr STREAM:1206}
  CREATE_STREAM @0 {NAME:seq T:Transactions SCOPE:uvm_test_top.env.rknp_agt.sqr STREAM:1206}
  CREATE_STREAM @0 {NAME:seq T:Transactions SCOPE:uvm_test_top.env.rknp_agt.sqr STREAM:1206}
  CREATE_STREAM @0 {NAME:seq T:Transactions SCOPE:uvm_test_top.env.rknp_agt.sqr STREAM:1206}
  CREATE_STREAM @0 {NAME:seq T:Transactions SCOPE:uvm_test_top.env.rknp_agt.sqr STREAM:1206}
  CREATE_STREAM @0 {NAME:seq T:Transactions SCOPE:uvm_test_top.env.rknp_agt.sqr STREAM:1206}
  CREATE_STREAM @0 {NAME:rd_seq T:Transactions SCOPE:uvm_test_top.env.rknp_agt.sqr STREAM:1206}
  CREATE_STREAM @0 {NAME:rd_seq T:Transactions SCOPE:uvm_test_top.env.rknp_agt.sqr STREAM:1206}
  CREATE_STREAM @0 {NAME:rd_seq T:Transactions SCOPE:uvm_test_top.env.rknp_agt.sqr STREAM:1206}
  CREATE_STREAM @0 {NAME:timeout_seq T:Transactions SCOPE:uvm_test_top.env.rknp_agt.sqr STREAM:1206}
  CREATE_STREAM @55000 {NAME:normal_seq T:Transactions SCOPE:uvm_test_top.env.rknp_agt.sqr STREAM:1278}
  CREATE_STREAM @0 {NAME:seq T:Transactions SCOPE:uvm_test_top.env.rknp_agt.sqr STREAM:1206}
  CREATE_STREAM @0 {NAME:seq T:Transactions SCOPE:uvm_test_top.env.rknp_agt.sqr STREAM:1206}
  CREATE_STREAM @0 {NAME:seq T:Transactions SCOPE:uvm_test_top.env.rknp_agt.sqr STREAM:1206}
  CREATE_STREAM @0 {NAME:seq T:Transactions SCOPE:uvm_test_top.env.rknp_agt.sqr STREAM:1206}
  CREATE_STREAM @0 {NAME:seq T:Transactions SCOPE:uvm_test_top.env.rknp_agt.sqr STREAM:1206}
  CREATE_STREAM @0 {NAME:seq T:Transactions SCOPE:uvm_test_top.env.rknp_agt.sqr STREAM:1206}
  CREATE_STREAM @0 {NAME:seq T:Transactions SCOPE:uvm_test_top.env.rknp_agt.sqr STREAM:1206}
  CREATE_STREAM @0 {NAME:seq T:Transactions SCOPE:uvm_test_top.env.rknp_agt.sqr STREAM:1206}
  CREATE_STREAM @0 {NAME:seq T:Transactions SCOPE:uvm_test_top.env.rknp_agt.sqr STREAM:1206}
  CREATE_STREAM @0 {NAME:seq T:Transactions SCOPE:uvm_test_top.env.rknp_agt.sqr STREAM:1206}
  CREATE_STREAM @0 {NAME:seq T:Transactions SCOPE:uvm_test_top.env.rknp_agt.sqr STREAM:1206}
  CREATE_STREAM @0 {NAME:seq T:Transactions SCOPE:uvm_test_top.env.rknp_agt.sqr STREAM:1206}
  CREATE_STREAM @0 {NAME:seq T:Transactions SCOPE:uvm_test_top.env.rknp_agt.sqr STREAM:1206}
  CREATE_STREAM @0 {NAME:seq T:Transactions SCOPE:uvm_test_top.env.rknp_agt.sqr STREAM:1206}
  CREATE_STREAM @0 {NAME:seq T:Transactions SCOPE:uvm_test_top.env.rknp_agt.sqr STREAM:1206}
  CREATE_STREAM @0 {NAME:seq_read_okay_1 T:Transactions SCOPE:uvm_test_top.env.rknp_agt.sqr STREAM:1385}
  CREATE_STREAM @205000 {NAME:seq_read_slverr T:Transactions SCOPE:uvm_test_top.env.rknp_agt.sqr STREAM:1479}
  CREATE_STREAM @325000 {NAME:seq_read_okay_2 T:Transactions SCOPE:uvm_test_top.env.rknp_agt.sqr STREAM:1522}
  CREATE_STREAM @455000 {NAME:seq_read_decerr T:Transactions SCOPE:uvm_test_top.env.rknp_agt.sqr STREAM:1565}
  CREATE_STREAM @615000 {NAME:seq_read_okay_3 T:Transactions SCOPE:uvm_test_top.env.rknp_agt.sqr STREAM:1608}
  CREATE_STREAM @725000 {NAME:seq_write_okay_1 T:Transactions SCOPE:uvm_test_top.env.rknp_agt.sqr STREAM:1651}
  CREATE_STREAM @805000 {NAME:seq_write_slverr T:Transactions SCOPE:uvm_test_top.env.rknp_agt.sqr STREAM:1702}
  CREATE_STREAM @885000 {NAME:seq_write_okay_2 T:Transactions SCOPE:uvm_test_top.env.rknp_agt.sqr STREAM:1753}
  CREATE_STREAM @985000 {NAME:seq_write_decerr T:Transactions SCOPE:uvm_test_top.env.rknp_agt.sqr STREAM:1804}
  CREATE_STREAM @1095000 {NAME:seq_write_okay_3 T:Transactions SCOPE:uvm_test_top.env.rknp_agt.sqr STREAM:1855}
  CREATE_STREAM @0 {NAME:seq T:Transactions SCOPE:uvm_test_top.env.rknp_agt.sqr STREAM:1206}
  CREATE_STREAM @0 {NAME:before_reset_seq T:Transactions SCOPE:uvm_test_top.env.rknp_agt.sqr STREAM:1206}
  CREATE_STREAM @725000 {NAME:reset_seq T:Transactions SCOPE:uvm_test_top.env.vseqr STREAM:1298}
  CREATE_STREAM @785000 {NAME:after_reset_seq T:Transactions SCOPE:uvm_test_top.env.rknp_agt.sqr STREAM:1314}
  CREATE_STREAM @0 {NAME:seq T:Transactions SCOPE:uvm_test_top.env.rknp_agt.sqr STREAM:1206}
  CREATE_STREAM @0 {NAME:seq T:Transactions SCOPE:uvm_test_top.env.rknp_agt.sqr STREAM:1206}
  CREATE_STREAM @0 {NAME:seq T:Transactions SCOPE:uvm_test_top.env.rknp_agt.sqr STREAM:1206}
  CREATE_STREAM @0 {NAME:seq T:Transactions SCOPE:uvm_test_top.env.rknp_agt.sqr STREAM:1206}
  CREATE_STREAM @0 {NAME:seq T:Transactions SCOPE:uvm_test_top.env.rknp_agt.sqr STREAM:1206}
  CREATE_STREAM @0 {NAME:seq T:Transactions SCOPE:uvm_test_top.env.rknp_agt.sqr STREAM:1206}
  CREATE_STREAM @0 {NAME:seq T:Transactions SCOPE:uvm_test_top.env.rknp_agt.sqr STREAM:1206}
  CREATE_STREAM @0 {NAME:rd_seq T:Transactions SCOPE:uvm_test_top.env.rknp_agt.sqr STREAM:1206}
  CREATE_STREAM @0 {NAME:rd_seq T:Transactions SCOPE:uvm_test_top.env.rknp_agt.sqr STREAM:1206}
  CREATE_STREAM @0 {NAME:rd_seq T:Transactions SCOPE:uvm_test_top.env.rknp_agt.sqr STREAM:1206}
  CREATE_STREAM @0 {NAME:timeout_seq T:Transactions SCOPE:uvm_test_top.env.rknp_agt.sqr STREAM:1206}
  CREATE_STREAM @55000 {NAME:normal_seq T:Transactions SCOPE:uvm_test_top.env.rknp_agt.sqr STREAM:1278}
  CREATE_STREAM @0 {NAME:seq T:Transactions SCOPE:uvm_test_top.env.rknp_agt.sqr STREAM:1206}
  CREATE_STREAM @0 {NAME:seq T:Transactions SCOPE:uvm_test_top.env.rknp_agt.sqr STREAM:1206}
  CREATE_STREAM @0 {NAME:seq T:Transactions SCOPE:uvm_test_top.env.rknp_agt.sqr STREAM:1206}
  CREATE_STREAM @0 {NAME:seq T:Transactions SCOPE:uvm_test_top.env.rknp_agt.sqr STREAM:1206}
  CREATE_STREAM @0 {NAME:seq T:Transactions SCOPE:uvm_test_top.env.rknp_agt.sqr STREAM:1206}
  CREATE_STREAM @0 {NAME:seq T:Transactions SCOPE:uvm_test_top.env.rknp_agt.sqr STREAM:1206}
  CREATE_STREAM @0 {NAME:seq T:Transactions SCOPE:uvm_test_top.env.rknp_agt.sqr STREAM:1206}
  CREATE_STREAM @0 {NAME:seq T:Transactions SCOPE:uvm_test_top.env.rknp_agt.sqr STREAM:1206}
  CREATE_STREAM @0 {NAME:seq T:Transactions SCOPE:uvm_test_top.env.rknp_agt.sqr STREAM:1206}
  CREATE_STREAM @0 {NAME:seq T:Transactions SCOPE:uvm_test_top.env.rknp_agt.sqr STREAM:1206}
  CREATE_STREAM @0 {NAME:seq T:Transactions SCOPE:uvm_test_top.env.rknp_agt.sqr STREAM:1206}
  CREATE_STREAM @0 {NAME:seq T:Transactions SCOPE:uvm_test_top.env.rknp_agt.sqr STREAM:1206}
  CREATE_STREAM @0 {NAME:seq T:Transactions SCOPE:uvm_test_top.env.rknp_agt.sqr STREAM:1206}
  CREATE_STREAM @0 {NAME:seq T:Transactions SCOPE:uvm_test_top.env.rknp_agt.sqr STREAM:1206}
  CREATE_STREAM @0 {NAME:seq T:Transactions SCOPE:uvm_test_top.env.rknp_agt.sqr STREAM:1206}
  CREATE_STREAM @0 {NAME:seq_read_okay_1 T:Transactions SCOPE:uvm_test_top.env.rknp_agt.sqr STREAM:1385}
  CREATE_STREAM @205000 {NAME:seq_read_slverr T:Transactions SCOPE:uvm_test_top.env.rknp_agt.sqr STREAM:1479}
  CREATE_STREAM @325000 {NAME:seq_read_okay_2 T:Transactions SCOPE:uvm_test_top.env.rknp_agt.sqr STREAM:1522}
  CREATE_STREAM @455000 {NAME:seq_read_decerr T:Transactions SCOPE:uvm_test_top.env.rknp_agt.sqr STREAM:1565}
  CREATE_STREAM @615000 {NAME:seq_read_okay_3 T:Transactions SCOPE:uvm_test_top.env.rknp_agt.sqr STREAM:1608}
  CREATE_STREAM @725000 {NAME:seq_write_okay_1 T:Transactions SCOPE:uvm_test_top.env.rknp_agt.sqr STREAM:1651}
  CREATE_STREAM @805000 {NAME:seq_write_slverr T:Transactions SCOPE:uvm_test_top.env.rknp_agt.sqr STREAM:1702}
  CREATE_STREAM @885000 {NAME:seq_write_okay_2 T:Transactions SCOPE:uvm_test_top.env.rknp_agt.sqr STREAM:1753}
  CREATE_STREAM @985000 {NAME:seq_write_decerr T:Transactions SCOPE:uvm_test_top.env.rknp_agt.sqr STREAM:1804}
  CREATE_STREAM @1095000 {NAME:seq_write_okay_3 T:Transactions SCOPE:uvm_test_top.env.rknp_agt.sqr STREAM:1855}
  CREATE_STREAM @0 {NAME:seq T:Transactions SCOPE:uvm_test_top.env.rknp_agt.sqr STREAM:1206}
  CREATE_STREAM @0 {NAME:before_reset_seq T:Transactions SCOPE:uvm_test_top.env.rknp_agt.sqr STREAM:1206}
  CREATE_STREAM @725000 {NAME:reset_seq T:Transactions SCOPE:uvm_test_top.env.vseqr STREAM:1298}
  CREATE_STREAM @785000 {NAME:after_reset_seq T:Transactions SCOPE:uvm_test_top.env.rknp_agt.sqr STREAM:1314}
  CREATE_STREAM @0 {NAME:seq T:Transactions SCOPE:uvm_test_top.env.rknp_agt.sqr STREAM:1206}
  CREATE_STREAM @0 {NAME:seq T:Transactions SCOPE:uvm_test_top.env.rknp_agt.sqr STREAM:1206}
  CREATE_STREAM @0 {NAME:seq T:Transactions SCOPE:uvm_test_top.env.rknp_agt.sqr STREAM:1206}
  CREATE_STREAM @0 {NAME:seq T:Transactions SCOPE:uvm_test_top.env.rknp_agt.sqr STREAM:1206}
  CREATE_STREAM @0 {NAME:seq T:Transactions SCOPE:uvm_test_top.env.rknp_agt.sqr STREAM:1206}
  CREATE_STREAM @0 {NAME:seq T:Transactions SCOPE:uvm_test_top.env.rknp_agt.sqr STREAM:1206}
  CREATE_STREAM @0 {NAME:seq T:Transactions SCOPE:uvm_test_top.env.rknp_agt.sqr STREAM:1206}
  CREATE_STREAM @0 {NAME:rd_seq T:Transactions SCOPE:uvm_test_top.env.rknp_agt.sqr STREAM:1206}
  CREATE_STREAM @0 {NAME:rd_seq T:Transactions SCOPE:uvm_test_top.env.rknp_agt.sqr STREAM:1206}
  CREATE_STREAM @0 {NAME:rd_seq T:Transactions SCOPE:uvm_test_top.env.rknp_agt.sqr STREAM:1206}
  CREATE_STREAM @0 {NAME:timeout_seq T:Transactions SCOPE:uvm_test_top.env.rknp_agt.sqr STREAM:1206}
  CREATE_STREAM @55000 {NAME:normal_seq T:Transactions SCOPE:uvm_test_top.env.rknp_agt.sqr STREAM:1278}
  CREATE_STREAM @0 {NAME:seq T:Transactions SCOPE:uvm_test_top.env.rknp_agt.sqr STREAM:1206}
  CREATE_STREAM @0 {NAME:seq T:Transactions SCOPE:uvm_test_top.env.rknp_agt.sqr STREAM:1206}
  CREATE_STREAM @0 {NAME:seq T:Transactions SCOPE:uvm_test_top.env.rknp_agt.sqr STREAM:1206}
  CREATE_STREAM @0 {NAME:seq T:Transactions SCOPE:uvm_test_top.env.rknp_agt.sqr STREAM:1206}
  CREATE_STREAM @0 {NAME:seq T:Transactions SCOPE:uvm_test_top.env.rknp_agt.sqr STREAM:1206}
  CREATE_STREAM @0 {NAME:seq T:Transactions SCOPE:uvm_test_top.env.rknp_agt.sqr STREAM:1206}
  CREATE_STREAM @0 {NAME:seq T:Transactions SCOPE:uvm_test_top.env.rknp_agt.sqr STREAM:1206}
  CREATE_STREAM @0 {NAME:seq T:Transactions SCOPE:uvm_test_top.env.rknp_agt.sqr STREAM:1206}
  CREATE_STREAM @0 {NAME:seq T:Transactions SCOPE:uvm_test_top.env.rknp_agt.sqr STREAM:1206}
  CREATE_STREAM @0 {NAME:seq T:Transactions SCOPE:uvm_test_top.env.rknp_agt.sqr STREAM:1206}
  CREATE_STREAM @0 {NAME:seq T:Transactions SCOPE:uvm_test_top.env.rknp_agt.sqr STREAM:1206}
  CREATE_STREAM @0 {NAME:seq T:Transactions SCOPE:uvm_test_top.env.rknp_agt.sqr STREAM:1206}
  CREATE_STREAM @0 {NAME:seq T:Transactions SCOPE:uvm_test_top.env.rknp_agt.sqr STREAM:1206}
  CREATE_STREAM @0 {NAME:seq T:Transactions SCOPE:uvm_test_top.env.rknp_agt.sqr STREAM:1206}
  CREATE_STREAM @0 {NAME:seq T:Transactions SCOPE:uvm_test_top.env.rknp_agt.sqr STREAM:1206}
  CREATE_STREAM @0 {NAME:seq_read_okay_1 T:Transactions SCOPE:uvm_test_top.env.rknp_agt.sqr STREAM:1385}
  CREATE_STREAM @205000 {NAME:seq_read_slverr T:Transactions SCOPE:uvm_test_top.env.rknp_agt.sqr STREAM:1479}
  CREATE_STREAM @325000 {NAME:seq_read_okay_2 T:Transactions SCOPE:uvm_test_top.env.rknp_agt.sqr STREAM:1522}
  CREATE_STREAM @455000 {NAME:seq_read_decerr T:Transactions SCOPE:uvm_test_top.env.rknp_agt.sqr STREAM:1565}
  CREATE_STREAM @615000 {NAME:seq_read_okay_3 T:Transactions SCOPE:uvm_test_top.env.rknp_agt.sqr STREAM:1608}
  CREATE_STREAM @725000 {NAME:seq_write_okay_1 T:Transactions SCOPE:uvm_test_top.env.rknp_agt.sqr STREAM:1651}
  CREATE_STREAM @805000 {NAME:seq_write_slverr T:Transactions SCOPE:uvm_test_top.env.rknp_agt.sqr STREAM:1702}
  CREATE_STREAM @885000 {NAME:seq_write_okay_2 T:Transactions SCOPE:uvm_test_top.env.rknp_agt.sqr STREAM:1753}
  CREATE_STREAM @985000 {NAME:seq_write_decerr T:Transactions SCOPE:uvm_test_top.env.rknp_agt.sqr STREAM:1804}
  CREATE_STREAM @1095000 {NAME:seq_write_okay_3 T:Transactions SCOPE:uvm_test_top.env.rknp_agt.sqr STREAM:1855}
  CREATE_STREAM @0 {NAME:seq T:Transactions SCOPE:uvm_test_top.env.rknp_agt.sqr STREAM:1206}
  CREATE_STREAM @0 {NAME:before_reset_seq T:Transactions SCOPE:uvm_test_top.env.rknp_agt.sqr STREAM:1206}
  CREATE_STREAM @725000 {NAME:reset_seq T:Transactions SCOPE:uvm_test_top.env.vseqr STREAM:1298}
  CREATE_STREAM @785000 {NAME:after_reset_seq T:Transactions SCOPE:uvm_test_top.env.rknp_agt.sqr STREAM:1314}
  CREATE_STREAM @0 {NAME:seq T:Transactions SCOPE:uvm_test_top.env.rknp_agt.sqr STREAM:1206}
  CREATE_STREAM @0 {NAME:seq T:Transactions SCOPE:uvm_test_top.env.rknp_agt.sqr STREAM:1206}
  CREATE_STREAM @0 {NAME:seq T:Transactions SCOPE:uvm_test_top.env.rknp_agt.sqr STREAM:1206}
  CREATE_STREAM @0 {NAME:seq T:Transactions SCOPE:uvm_test_top.env.rknp_agt.sqr STREAM:1206}
  CREATE_STREAM @0 {NAME:seq T:Transactions SCOPE:uvm_test_top.env.rknp_agt.sqr STREAM:1206}
  CREATE_STREAM @0 {NAME:seq T:Transactions SCOPE:uvm_test_top.env.rknp_agt.sqr STREAM:1206}
  CREATE_STREAM @0 {NAME:seq T:Transactions SCOPE:uvm_test_top.env.rknp_agt.sqr STREAM:1206}
  CREATE_STREAM @0 {NAME:rd_seq T:Transactions SCOPE:uvm_test_top.env.rknp_agt.sqr STREAM:1206}
  CREATE_STREAM @0 {NAME:rd_seq T:Transactions SCOPE:uvm_test_top.env.rknp_agt.sqr STREAM:1206}
  CREATE_STREAM @0 {NAME:rd_seq T:Transactions SCOPE:uvm_test_top.env.rknp_agt.sqr STREAM:1206}
  CREATE_STREAM @0 {NAME:timeout_seq T:Transactions SCOPE:uvm_test_top.env.rknp_agt.sqr STREAM:1206}
  CREATE_STREAM @55000 {NAME:normal_seq T:Transactions SCOPE:uvm_test_top.env.rknp_agt.sqr STREAM:1278}
  CREATE_STREAM @0 {NAME:seq T:Transactions SCOPE:uvm_test_top.env.rknp_agt.sqr STREAM:1206}
  CREATE_STREAM @0 {NAME:seq T:Transactions SCOPE:uvm_test_top.env.rknp_agt.sqr STREAM:1206}
  CREATE_STREAM @0 {NAME:seq T:Transactions SCOPE:uvm_test_top.env.rknp_agt.sqr STREAM:1206}
  CREATE_STREAM @0 {NAME:seq T:Transactions SCOPE:uvm_test_top.env.rknp_agt.sqr STREAM:1206}
  CREATE_STREAM @0 {NAME:seq T:Transactions SCOPE:uvm_test_top.env.rknp_agt.sqr STREAM:1206}
  CREATE_STREAM @0 {NAME:seq T:Transactions SCOPE:uvm_test_top.env.rknp_agt.sqr STREAM:1206}
  CREATE_STREAM @0 {NAME:seq T:Transactions SCOPE:uvm_test_top.env.rknp_agt.sqr STREAM:1206}
  CREATE_STREAM @0 {NAME:seq T:Transactions SCOPE:uvm_test_top.env.rknp_agt.sqr STREAM:1206}
  CREATE_STREAM @0 {NAME:seq T:Transactions SCOPE:uvm_test_top.env.rknp_agt.sqr STREAM:1206}
  CREATE_STREAM @0 {NAME:seq T:Transactions SCOPE:uvm_test_top.env.rknp_agt.sqr STREAM:1206}
  CREATE_STREAM @0 {NAME:seq T:Transactions SCOPE:uvm_test_top.env.rknp_agt.sqr STREAM:1206}
  CREATE_STREAM @0 {NAME:seq T:Transactions SCOPE:uvm_test_top.env.rknp_agt.sqr STREAM:1206}
  CREATE_STREAM @0 {NAME:seq T:Transactions SCOPE:uvm_test_top.env.rknp_agt.sqr STREAM:1206}
  CREATE_STREAM @0 {NAME:seq T:Transactions SCOPE:uvm_test_top.env.rknp_agt.sqr STREAM:1206}
  CREATE_STREAM @0 {NAME:seq T:Transactions SCOPE:uvm_test_top.env.rknp_agt.sqr STREAM:1206}
  CREATE_STREAM @0 {NAME:seq_read_okay_1 T:Transactions SCOPE:uvm_test_top.env.rknp_agt.sqr STREAM:1385}
  CREATE_STREAM @205000 {NAME:seq_read_slverr T:Transactions SCOPE:uvm_test_top.env.rknp_agt.sqr STREAM:1479}
  CREATE_STREAM @325000 {NAME:seq_read_okay_2 T:Transactions SCOPE:uvm_test_top.env.rknp_agt.sqr STREAM:1522}
  CREATE_STREAM @455000 {NAME:seq_read_decerr T:Transactions SCOPE:uvm_test_top.env.rknp_agt.sqr STREAM:1565}
  CREATE_STREAM @615000 {NAME:seq_read_okay_3 T:Transactions SCOPE:uvm_test_top.env.rknp_agt.sqr STREAM:1608}
  CREATE_STREAM @725000 {NAME:seq_write_okay_1 T:Transactions SCOPE:uvm_test_top.env.rknp_agt.sqr STREAM:1651}
  CREATE_STREAM @805000 {NAME:seq_write_slverr T:Transactions SCOPE:uvm_test_top.env.rknp_agt.sqr STREAM:1702}
  CREATE_STREAM @885000 {NAME:seq_write_okay_2 T:Transactions SCOPE:uvm_test_top.env.rknp_agt.sqr STREAM:1753}
  CREATE_STREAM @985000 {NAME:seq_write_decerr T:Transactions SCOPE:uvm_test_top.env.rknp_agt.sqr STREAM:1804}
  CREATE_STREAM @1095000 {NAME:seq_write_okay_3 T:Transactions SCOPE:uvm_test_top.env.rknp_agt.sqr STREAM:1855}
  CREATE_STREAM @0 {NAME:seq T:Transactions SCOPE:uvm_test_top.env.rknp_agt.sqr STREAM:1206}
  CREATE_STREAM @0 {NAME:before_reset_seq T:Transactions SCOPE:uvm_test_top.env.rknp_agt.sqr STREAM:1206}
  CREATE_STREAM @725000 {NAME:reset_seq T:Transactions SCOPE:uvm_test_top.env.vseqr STREAM:1298}
  CREATE_STREAM @785000 {NAME:after_reset_seq T:Transactions SCOPE:uvm_test_top.env.rknp_agt.sqr STREAM:1314}
  CREATE_STREAM @0 {NAME:seq T:Transactions SCOPE:uvm_test_top.env.rknp_agt.sqr STREAM:1206}
  CREATE_STREAM @0 {NAME:seq T:Transactions SCOPE:uvm_test_top.env.rknp_agt.sqr STREAM:1206}
  CREATE_STREAM @0 {NAME:seq T:Transactions SCOPE:uvm_test_top.env.rknp_agt.sqr STREAM:1206}
  CREATE_STREAM @0 {NAME:seq T:Transactions SCOPE:uvm_test_top.env.rknp_agt.sqr STREAM:1206}
  CREATE_STREAM @0 {NAME:seq T:Transactions SCOPE:uvm_test_top.env.rknp_agt.sqr STREAM:1206}
  CREATE_STREAM @0 {NAME:seq T:Transactions SCOPE:uvm_test_top.env.rknp_agt.sqr STREAM:1206}
  CREATE_STREAM @0 {NAME:seq T:Transactions SCOPE:uvm_test_top.env.rknp_agt.sqr STREAM:1206}
  CREATE_STREAM @0 {NAME:rd_seq T:Transactions SCOPE:uvm_test_top.env.rknp_agt.sqr STREAM:1206}
  CREATE_STREAM @0 {NAME:rd_seq T:Transactions SCOPE:uvm_test_top.env.rknp_agt.sqr STREAM:1206}
  CREATE_STREAM @0 {NAME:rd_seq T:Transactions SCOPE:uvm_test_top.env.rknp_agt.sqr STREAM:1206}
  CREATE_STREAM @0 {NAME:timeout_seq T:Transactions SCOPE:uvm_test_top.env.rknp_agt.sqr STREAM:1206}
  CREATE_STREAM @55000 {NAME:normal_seq T:Transactions SCOPE:uvm_test_top.env.rknp_agt.sqr STREAM:1278}
  CREATE_STREAM @0 {NAME:seq T:Transactions SCOPE:uvm_test_top.env.rknp_agt.sqr STREAM:1206}
  CREATE_STREAM @0 {NAME:seq T:Transactions SCOPE:uvm_test_top.env.rknp_agt.sqr STREAM:1206}
  CREATE_STREAM @0 {NAME:seq T:Transactions SCOPE:uvm_test_top.env.rknp_agt.sqr STREAM:1206}
  CREATE_STREAM @0 {NAME:seq T:Transactions SCOPE:uvm_test_top.env.rknp_agt.sqr STREAM:1206}
  CREATE_STREAM @0 {NAME:seq T:Transactions SCOPE:uvm_test_top.env.rknp_agt.sqr STREAM:1206}
  CREATE_STREAM @0 {NAME:seq T:Transactions SCOPE:uvm_test_top.env.rknp_agt.sqr STREAM:1206}
  CREATE_STREAM @0 {NAME:seq T:Transactions SCOPE:uvm_test_top.env.rknp_agt.sqr STREAM:1206}
  CREATE_STREAM @0 {NAME:seq T:Transactions SCOPE:uvm_test_top.env.rknp_agt.sqr STREAM:1206}
  CREATE_STREAM @0 {NAME:seq T:Transactions SCOPE:uvm_test_top.env.rknp_agt.sqr STREAM:1206}
  CREATE_STREAM @0 {NAME:seq T:Transactions SCOPE:uvm_test_top.env.rknp_agt.sqr STREAM:1206}
  CREATE_STREAM @0 {NAME:seq T:Transactions SCOPE:uvm_test_top.env.rknp_agt.sqr STREAM:1206}
  CREATE_STREAM @0 {NAME:seq T:Transactions SCOPE:uvm_test_top.env.rknp_agt.sqr STREAM:1206}
  CREATE_STREAM @0 {NAME:seq T:Transactions SCOPE:uvm_test_top.env.rknp_agt.sqr STREAM:1206}
  CREATE_STREAM @0 {NAME:seq T:Transactions SCOPE:uvm_test_top.env.rknp_agt.sqr STREAM:1206}
  CREATE_STREAM @0 {NAME:seq T:Transactions SCOPE:uvm_test_top.env.rknp_agt.sqr STREAM:1206}
  CREATE_STREAM @0 {NAME:seq_read_okay_1 T:Transactions SCOPE:uvm_test_top.env.rknp_agt.sqr STREAM:1385}
  CREATE_STREAM @205000 {NAME:seq_read_slverr T:Transactions SCOPE:uvm_test_top.env.rknp_agt.sqr STREAM:1479}
  CREATE_STREAM @325000 {NAME:seq_read_okay_2 T:Transactions SCOPE:uvm_test_top.env.rknp_agt.sqr STREAM:1522}
  CREATE_STREAM @455000 {NAME:seq_read_decerr T:Transactions SCOPE:uvm_test_top.env.rknp_agt.sqr STREAM:1565}
  CREATE_STREAM @615000 {NAME:seq_read_okay_3 T:Transactions SCOPE:uvm_test_top.env.rknp_agt.sqr STREAM:1608}
  CREATE_STREAM @725000 {NAME:seq_write_okay_1 T:Transactions SCOPE:uvm_test_top.env.rknp_agt.sqr STREAM:1651}
  CREATE_STREAM @805000 {NAME:seq_write_slverr T:Transactions SCOPE:uvm_test_top.env.rknp_agt.sqr STREAM:1702}
  CREATE_STREAM @885000 {NAME:seq_write_okay_2 T:Transactions SCOPE:uvm_test_top.env.rknp_agt.sqr STREAM:1753}
  CREATE_STREAM @985000 {NAME:seq_write_decerr T:Transactions SCOPE:uvm_test_top.env.rknp_agt.sqr STREAM:1804}
  CREATE_STREAM @1095000 {NAME:seq_write_okay_3 T:Transactions SCOPE:uvm_test_top.env.rknp_agt.sqr STREAM:1855}
  CREATE_STREAM @0 {NAME:seq T:Transactions SCOPE:uvm_test_top.env.rknp_agt.sqr STREAM:1206}
  CREATE_STREAM @0 {NAME:before_reset_seq T:Transactions SCOPE:uvm_test_top.env.rknp_agt.sqr STREAM:1206}
  CREATE_STREAM @725000 {NAME:reset_seq T:Transactions SCOPE:uvm_test_top.env.vseqr STREAM:1298}
  CREATE_STREAM @785000 {NAME:after_reset_seq T:Transactions SCOPE:uvm_test_top.env.rknp_agt.sqr STREAM:1314}
  CREATE_STREAM @0 {NAME:seq T:Transactions SCOPE:uvm_test_top.env.rknp_agt.sqr STREAM:1206}
  CREATE_STREAM @0 {NAME:seq T:Transactions SCOPE:uvm_test_top.env.rknp_agt.sqr STREAM:1206}
  CREATE_STREAM @0 {NAME:seq T:Transactions SCOPE:uvm_test_top.env.rknp_agt.sqr STREAM:1206}
  CREATE_STREAM @0 {NAME:seq T:Transactions SCOPE:uvm_test_top.env.rknp_agt.sqr STREAM:1206}
  CREATE_STREAM @0 {NAME:before_reset_seq T:Transactions SCOPE:uvm_test_top.env.rknp_agt.sqr STREAM:1206}
  CREATE_STREAM @725000 {NAME:reset_seq T:Transactions SCOPE:uvm_test_top.env.vseqr STREAM:1298}
  CREATE_STREAM @785000 {NAME:after_reset_seq T:Transactions SCOPE:uvm_test_top.env.rknp_agt.sqr STREAM:1314}
  CREATE_STREAM @0 {NAME:seq T:Transactions SCOPE:uvm_test_top.env.rknp_agt.sqr STREAM:1206}
  CREATE_STREAM @0 {NAME:seq T:Transactions SCOPE:uvm_test_top.env.rknp_agt.sqr STREAM:1206}
  CREATE_STREAM @0 {NAME:seq T:Transactions SCOPE:uvm_test_top.env.rknp_agt.sqr STREAM:1206}
  CREATE_STREAM @0 {NAME:seq T:Transactions SCOPE:uvm_test_top.env.rknp_agt.sqr STREAM:1206}
  CREATE_STREAM @0 {NAME:seq T:Transactions SCOPE:uvm_test_top.env.rknp_agt.sqr STREAM:1206}
  CREATE_STREAM @0 {NAME:seq T:Transactions SCOPE:uvm_test_top.env.rknp_agt.sqr STREAM:1206}
  CREATE_STREAM @0 {NAME:seq T:Transactions SCOPE:uvm_test_top.env.rknp_agt.sqr STREAM:1206}
  CREATE_STREAM @0 {NAME:rd_seq T:Transactions SCOPE:uvm_test_top.env.rknp_agt.sqr STREAM:1206}
  CREATE_STREAM @0 {NAME:rd_seq T:Transactions SCOPE:uvm_test_top.env.rknp_agt.sqr STREAM:1206}
  CREATE_STREAM @0 {NAME:rd_seq T:Transactions SCOPE:uvm_test_top.env.rknp_agt.sqr STREAM:1206}
  CREATE_STREAM @0 {NAME:timeout_seq T:Transactions SCOPE:uvm_test_top.env.rknp_agt.sqr STREAM:1206}
  CREATE_STREAM @55000 {NAME:normal_seq T:Transactions SCOPE:uvm_test_top.env.rknp_agt.sqr STREAM:1278}
  CREATE_STREAM @0 {NAME:seq T:Transactions SCOPE:uvm_test_top.env.rknp_agt.sqr STREAM:1206}
  CREATE_STREAM @0 {NAME:seq T:Transactions SCOPE:uvm_test_top.env.rknp_agt.sqr STREAM:1206}
  CREATE_STREAM @0 {NAME:seq T:Transactions SCOPE:uvm_test_top.env.rknp_agt.sqr STREAM:1206}
  CREATE_STREAM @0 {NAME:seq T:Transactions SCOPE:uvm_test_top.env.rknp_agt.sqr STREAM:1206}
  CREATE_STREAM @0 {NAME:seq T:Transactions SCOPE:uvm_test_top.env.rknp_agt.sqr STREAM:1206}
  CREATE_STREAM @0 {NAME:seq T:Transactions SCOPE:uvm_test_top.env.rknp_agt.sqr STREAM:1206}
  CREATE_STREAM @0 {NAME:seq T:Transactions SCOPE:uvm_test_top.env.rknp_agt.sqr STREAM:1206}
  CREATE_STREAM @0 {NAME:seq T:Transactions SCOPE:uvm_test_top.env.rknp_agt.sqr STREAM:1206}
  CREATE_STREAM @0 {NAME:seq T:Transactions SCOPE:uvm_test_top.env.rknp_agt.sqr STREAM:1206}
  CREATE_STREAM @0 {NAME:seq T:Transactions SCOPE:uvm_test_top.env.rknp_agt.sqr STREAM:1206}
  CREATE_STREAM @0 {NAME:seq T:Transactions SCOPE:uvm_test_top.env.rknp_agt.sqr STREAM:1206}
  CREATE_STREAM @0 {NAME:seq T:Transactions SCOPE:uvm_test_top.env.rknp_agt.sqr STREAM:1206}
  CREATE_STREAM @0 {NAME:seq T:Transactions SCOPE:uvm_test_top.env.rknp_agt.sqr STREAM:1206}
  CREATE_STREAM @0 {NAME:seq T:Transactions SCOPE:uvm_test_top.env.rknp_agt.sqr STREAM:1206}
  CREATE_STREAM @0 {NAME:seq T:Transactions SCOPE:uvm_test_top.env.rknp_agt.sqr STREAM:1206}
  CREATE_STREAM @0 {NAME:seq_read_okay_1 T:Transactions SCOPE:uvm_test_top.env.rknp_agt.sqr STREAM:1385}
  CREATE_STREAM @205000 {NAME:seq_read_slverr T:Transactions SCOPE:uvm_test_top.env.rknp_agt.sqr STREAM:1479}
  CREATE_STREAM @325000 {NAME:seq_read_okay_2 T:Transactions SCOPE:uvm_test_top.env.rknp_agt.sqr STREAM:1522}
  CREATE_STREAM @455000 {NAME:seq_read_decerr T:Transactions SCOPE:uvm_test_top.env.rknp_agt.sqr STREAM:1565}
  CREATE_STREAM @615000 {NAME:seq_read_okay_3 T:Transactions SCOPE:uvm_test_top.env.rknp_agt.sqr STREAM:1608}
  CREATE_STREAM @725000 {NAME:seq_write_okay_1 T:Transactions SCOPE:uvm_test_top.env.rknp_agt.sqr STREAM:1651}
  CREATE_STREAM @805000 {NAME:seq_write_slverr T:Transactions SCOPE:uvm_test_top.env.rknp_agt.sqr STREAM:1702}
  CREATE_STREAM @885000 {NAME:seq_write_okay_2 T:Transactions SCOPE:uvm_test_top.env.rknp_agt.sqr STREAM:1753}
  CREATE_STREAM @985000 {NAME:seq_write_decerr T:Transactions SCOPE:uvm_test_top.env.rknp_agt.sqr STREAM:1804}
  CREATE_STREAM @1095000 {NAME:seq_write_okay_3 T:Transactions SCOPE:uvm_test_top.env.rknp_agt.sqr STREAM:1855}
  CREATE_STREAM @0 {NAME:seq T:Transactions SCOPE:uvm_test_top.env.rknp_agt.sqr STREAM:1206}
  CREATE_STREAM @0 {NAME:before_reset_seq T:Transactions SCOPE:uvm_test_top.env.rknp_agt.sqr STREAM:1206}
  CREATE_STREAM @725000 {NAME:reset_seq T:Transactions SCOPE:uvm_test_top.env.vseqr STREAM:1298}
  CREATE_STREAM @785000 {NAME:after_reset_seq T:Transactions SCOPE:uvm_test_top.env.rknp_agt.sqr STREAM:1314}
  CREATE_STREAM @0 {NAME:seq T:Transactions SCOPE:uvm_test_top.env.rknp_agt.sqr STREAM:1206}
  CREATE_STREAM @0 {NAME:before_reset_seq T:Transactions SCOPE:uvm_test_top.env.rknp_agt.sqr STREAM:1206}
  CREATE_STREAM @725000 {NAME:reset_seq T:Transactions SCOPE:uvm_test_top.env.vseqr STREAM:1298}
  CREATE_STREAM @785000 {NAME:after_reset_seq T:Transactions SCOPE:uvm_test_top.env.rknp_agt.sqr STREAM:1314}
  CREATE_STREAM @0 {NAME:seq T:Transactions SCOPE:uvm_test_top.env.rknp_agt.sqr STREAM:1206}
  CREATE_STREAM @0 {NAME:seq T:Transactions SCOPE:uvm_test_top.env.rknp_agt.sqr STREAM:1206}
  CREATE_STREAM @0 {NAME:seq T:Transactions SCOPE:uvm_test_top.env.rknp_agt.sqr STREAM:1206}
  CREATE_STREAM @0 {NAME:seq T:Transactions SCOPE:uvm_test_top.env.rknp_agt.sqr STREAM:1206}
  CREATE_STREAM @0 {NAME:seq T:Transactions SCOPE:uvm_test_top.env.rknp_agt.sqr STREAM:1206}
  CREATE_STREAM @0 {NAME:seq T:Transactions SCOPE:uvm_test_top.env.rknp_agt.sqr STREAM:1206}
  CREATE_STREAM @0 {NAME:seq T:Transactions SCOPE:uvm_test_top.env.rknp_agt.sqr STREAM:1206}
  CREATE_STREAM @0 {NAME:rd_seq T:Transactions SCOPE:uvm_test_top.env.rknp_agt.sqr STREAM:1206}
  CREATE_STREAM @0 {NAME:rd_seq T:Transactions SCOPE:uvm_test_top.env.rknp_agt.sqr STREAM:1206}
  CREATE_STREAM @0 {NAME:rd_seq T:Transactions SCOPE:uvm_test_top.env.rknp_agt.sqr STREAM:1206}
  CREATE_STREAM @0 {NAME:timeout_seq T:Transactions SCOPE:uvm_test_top.env.rknp_agt.sqr STREAM:1206}
  CREATE_STREAM @55000 {NAME:normal_seq T:Transactions SCOPE:uvm_test_top.env.rknp_agt.sqr STREAM:1278}
  CREATE_STREAM @0 {NAME:seq T:Transactions SCOPE:uvm_test_top.env.rknp_agt.sqr STREAM:1206}
  CREATE_STREAM @0 {NAME:seq T:Transactions SCOPE:uvm_test_top.env.rknp_agt.sqr STREAM:1206}
  CREATE_STREAM @0 {NAME:seq T:Transactions SCOPE:uvm_test_top.env.rknp_agt.sqr STREAM:1206}
  CREATE_STREAM @0 {NAME:seq T:Transactions SCOPE:uvm_test_top.env.rknp_agt.sqr STREAM:1206}
  CREATE_STREAM @0 {NAME:seq T:Transactions SCOPE:uvm_test_top.env.rknp_agt.sqr STREAM:1206}
  CREATE_STREAM @0 {NAME:seq T:Transactions SCOPE:uvm_test_top.env.rknp_agt.sqr STREAM:1206}
  CREATE_STREAM @0 {NAME:seq T:Transactions SCOPE:uvm_test_top.env.rknp_agt.sqr STREAM:1206}
  CREATE_STREAM @0 {NAME:seq T:Transactions SCOPE:uvm_test_top.env.rknp_agt.sqr STREAM:1206}
  CREATE_STREAM @0 {NAME:seq T:Transactions SCOPE:uvm_test_top.env.rknp_agt.sqr STREAM:1206}
  CREATE_STREAM @0 {NAME:seq T:Transactions SCOPE:uvm_test_top.env.rknp_agt.sqr STREAM:1206}
  CREATE_STREAM @0 {NAME:seq T:Transactions SCOPE:uvm_test_top.env.rknp_agt.sqr STREAM:1206}
  CREATE_STREAM @0 {NAME:seq T:Transactions SCOPE:uvm_test_top.env.rknp_agt.sqr STREAM:1206}
  CREATE_STREAM @0 {NAME:seq T:Transactions SCOPE:uvm_test_top.env.rknp_agt.sqr STREAM:1206}
  CREATE_STREAM @0 {NAME:seq T:Transactions SCOPE:uvm_test_top.env.rknp_agt.sqr STREAM:1206}
  CREATE_STREAM @0 {NAME:seq T:Transactions SCOPE:uvm_test_top.env.rknp_agt.sqr STREAM:1206}
  CREATE_STREAM @0 {NAME:seq_read_okay_1 T:Transactions SCOPE:uvm_test_top.env.rknp_agt.sqr STREAM:1385}
  CREATE_STREAM @205000 {NAME:seq_read_slverr T:Transactions SCOPE:uvm_test_top.env.rknp_agt.sqr STREAM:1479}
  CREATE_STREAM @325000 {NAME:seq_read_okay_2 T:Transactions SCOPE:uvm_test_top.env.rknp_agt.sqr STREAM:1522}
  CREATE_STREAM @455000 {NAME:seq_read_decerr T:Transactions SCOPE:uvm_test_top.env.rknp_agt.sqr STREAM:1565}
  CREATE_STREAM @615000 {NAME:seq_read_okay_3 T:Transactions SCOPE:uvm_test_top.env.rknp_agt.sqr STREAM:1608}
  CREATE_STREAM @725000 {NAME:seq_write_okay_1 T:Transactions SCOPE:uvm_test_top.env.rknp_agt.sqr STREAM:1651}
  CREATE_STREAM @805000 {NAME:seq_write_slverr T:Transactions SCOPE:uvm_test_top.env.rknp_agt.sqr STREAM:1702}
  CREATE_STREAM @885000 {NAME:seq_write_okay_2 T:Transactions SCOPE:uvm_test_top.env.rknp_agt.sqr STREAM:1753}
  CREATE_STREAM @985000 {NAME:seq_write_decerr T:Transactions SCOPE:uvm_test_top.env.rknp_agt.sqr STREAM:1804}
  CREATE_STREAM @1095000 {NAME:seq_write_okay_3 T:Transactions SCOPE:uvm_test_top.env.rknp_agt.sqr STREAM:1855}
  CREATE_STREAM @0 {NAME:seq T:Transactions SCOPE:uvm_test_top.env.rknp_agt.sqr STREAM:1206}
  CREATE_STREAM @0 {NAME:before_reset_seq T:Transactions SCOPE:uvm_test_top.env.rknp_agt.sqr STREAM:1206}
  CREATE_STREAM @725000 {NAME:reset_seq T:Transactions SCOPE:uvm_test_top.env.vseqr STREAM:1298}
  CREATE_STREAM @785000 {NAME:after_reset_seq T:Transactions SCOPE:uvm_test_top.env.rknp_agt.sqr STREAM:1314}
  CREATE_STREAM @0 {NAME:seq T:Transactions SCOPE:uvm_test_top.env.rknp_agt.sqr STREAM:1206}
  CREATE_STREAM @0 {NAME:seq T:Transactions SCOPE:uvm_test_top.env.rknp_agt.sqr STREAM:1206}
  CREATE_STREAM @0 {NAME:seq T:Transactions SCOPE:uvm_test_top.env.rknp_agt.sqr STREAM:1206}
  CREATE_STREAM @0 {NAME:seq T:Transactions SCOPE:uvm_test_top.env.rknp_agt.sqr STREAM:1206}
  CREATE_STREAM @0 {NAME:seq T:Transactions SCOPE:uvm_test_top.env.rknp_agt.sqr STREAM:1206}
  CREATE_STREAM @0 {NAME:seq T:Transactions SCOPE:uvm_test_top.env.rknp_agt.sqr STREAM:1206}
  CREATE_STREAM @0 {NAME:seq T:Transactions SCOPE:uvm_test_top.env.rknp_agt.sqr STREAM:1206}
  CREATE_STREAM @0 {NAME:rd_seq T:Transactions SCOPE:uvm_test_top.env.rknp_agt.sqr STREAM:1206}
  CREATE_STREAM @0 {NAME:rd_seq T:Transactions SCOPE:uvm_test_top.env.rknp_agt.sqr STREAM:1206}
  CREATE_STREAM @0 {NAME:rd_seq T:Transactions SCOPE:uvm_test_top.env.rknp_agt.sqr STREAM:1206}
  CREATE_STREAM @0 {NAME:timeout_seq T:Transactions SCOPE:uvm_test_top.env.rknp_agt.sqr STREAM:1206}
  CREATE_STREAM @55000 {NAME:normal_seq T:Transactions SCOPE:uvm_test_top.env.rknp_agt.sqr STREAM:1278}
  CREATE_STREAM @0 {NAME:seq T:Transactions SCOPE:uvm_test_top.env.rknp_agt.sqr STREAM:1206}
  CREATE_STREAM @0 {NAME:seq T:Transactions SCOPE:uvm_test_top.env.rknp_agt.sqr STREAM:1206}
  CREATE_STREAM @0 {NAME:seq T:Transactions SCOPE:uvm_test_top.env.rknp_agt.sqr STREAM:1206}
  CREATE_STREAM @0 {NAME:seq T:Transactions SCOPE:uvm_test_top.env.rknp_agt.sqr STREAM:1206}
  CREATE_STREAM @0 {NAME:seq T:Transactions SCOPE:uvm_test_top.env.rknp_agt.sqr STREAM:1206}
  CREATE_STREAM @0 {NAME:seq T:Transactions SCOPE:uvm_test_top.env.rknp_agt.sqr STREAM:1206}
  CREATE_STREAM @0 {NAME:seq T:Transactions SCOPE:uvm_test_top.env.rknp_agt.sqr STREAM:1206}
  CREATE_STREAM @0 {NAME:seq T:Transactions SCOPE:uvm_test_top.env.rknp_agt.sqr STREAM:1206}
  CREATE_STREAM @0 {NAME:seq T:Transactions SCOPE:uvm_test_top.env.rknp_agt.sqr STREAM:1206}
  CREATE_STREAM @0 {NAME:seq T:Transactions SCOPE:uvm_test_top.env.rknp_agt.sqr STREAM:1206}
  CREATE_STREAM @0 {NAME:seq T:Transactions SCOPE:uvm_test_top.env.rknp_agt.sqr STREAM:1206}
  CREATE_STREAM @0 {NAME:seq T:Transactions SCOPE:uvm_test_top.env.rknp_agt.sqr STREAM:1206}
  CREATE_STREAM @0 {NAME:seq T:Transactions SCOPE:uvm_test_top.env.rknp_agt.sqr STREAM:1206}
  CREATE_STREAM @0 {NAME:seq T:Transactions SCOPE:uvm_test_top.env.rknp_agt.sqr STREAM:1206}
  CREATE_STREAM @0 {NAME:seq T:Transactions SCOPE:uvm_test_top.env.rknp_agt.sqr STREAM:1206}
  CREATE_STREAM @0 {NAME:seq_read_okay_1 T:Transactions SCOPE:uvm_test_top.env.rknp_agt.sqr STREAM:1385}
  CREATE_STREAM @205000 {NAME:seq_read_slverr T:Transactions SCOPE:uvm_test_top.env.rknp_agt.sqr STREAM:1479}
  CREATE_STREAM @325000 {NAME:seq_read_okay_2 T:Transactions SCOPE:uvm_test_top.env.rknp_agt.sqr STREAM:1522}
  CREATE_STREAM @455000 {NAME:seq_read_decerr T:Transactions SCOPE:uvm_test_top.env.rknp_agt.sqr STREAM:1565}
  CREATE_STREAM @615000 {NAME:seq_read_okay_3 T:Transactions SCOPE:uvm_test_top.env.rknp_agt.sqr STREAM:1608}
  CREATE_STREAM @725000 {NAME:seq_write_okay_1 T:Transactions SCOPE:uvm_test_top.env.rknp_agt.sqr STREAM:1651}
  CREATE_STREAM @805000 {NAME:seq_write_slverr T:Transactions SCOPE:uvm_test_top.env.rknp_agt.sqr STREAM:1702}
  CREATE_STREAM @885000 {NAME:seq_write_okay_2 T:Transactions SCOPE:uvm_test_top.env.rknp_agt.sqr STREAM:1753}
  CREATE_STREAM @985000 {NAME:seq_write_decerr T:Transactions SCOPE:uvm_test_top.env.rknp_agt.sqr STREAM:1804}
  CREATE_STREAM @1095000 {NAME:seq_write_okay_3 T:Transactions SCOPE:uvm_test_top.env.rknp_agt.sqr STREAM:1855}
  CREATE_STREAM @0 {NAME:seq T:Transactions SCOPE:uvm_test_top.env.rknp_agt.sqr STREAM:1206}
  CREATE_STREAM @0 {NAME:before_reset_seq T:Transactions SCOPE:uvm_test_top.env.rknp_agt.sqr STREAM:1206}
  CREATE_STREAM @725000 {NAME:reset_seq T:Transactions SCOPE:uvm_test_top.env.vseqr STREAM:1298}
  CREATE_STREAM @785000 {NAME:after_reset_seq T:Transactions SCOPE:uvm_test_top.env.rknp_agt.sqr STREAM:1314}
  CREATE_STREAM @0 {NAME:seq T:Transactions SCOPE:uvm_test_top.env.rknp_agt.sqr STREAM:1206}
  CREATE_STREAM @0 {NAME:seq T:Transactions SCOPE:uvm_test_top.env.rknp_agt.sqr STREAM:1206}
  CREATE_STREAM @0 {NAME:seq T:Transactions SCOPE:uvm_test_top.env.rknp_agt.sqr STREAM:1206}
  CREATE_STREAM @0 {NAME:seq T:Transactions SCOPE:uvm_test_top.env.rknp_agt.sqr STREAM:1206}
  CREATE_STREAM @0 {NAME:seq T:Transactions SCOPE:uvm_test_top.env.rknp_agt.sqr STREAM:1206}
  CREATE_STREAM @0 {NAME:seq T:Transactions SCOPE:uvm_test_top.env.rknp_agt.sqr STREAM:1206}
  CREATE_STREAM @0 {NAME:seq T:Transactions SCOPE:uvm_test_top.env.rknp_agt.sqr STREAM:1206}
  CREATE_STREAM @0 {NAME:rd_seq T:Transactions SCOPE:uvm_test_top.env.rknp_agt.sqr STREAM:1206}
  CREATE_STREAM @0 {NAME:rd_seq T:Transactions SCOPE:uvm_test_top.env.rknp_agt.sqr STREAM:1206}
  CREATE_STREAM @0 {NAME:rd_seq T:Transactions SCOPE:uvm_test_top.env.rknp_agt.sqr STREAM:1206}
  CREATE_STREAM @0 {NAME:timeout_seq T:Transactions SCOPE:uvm_test_top.env.rknp_agt.sqr STREAM:1206}
  CREATE_STREAM @55000 {NAME:normal_seq T:Transactions SCOPE:uvm_test_top.env.rknp_agt.sqr STREAM:1278}
  CREATE_STREAM @0 {NAME:seq T:Transactions SCOPE:uvm_test_top.env.rknp_agt.sqr STREAM:1206}
  CREATE_STREAM @0 {NAME:seq T:Transactions SCOPE:uvm_test_top.env.rknp_agt.sqr STREAM:1206}
  CREATE_STREAM @0 {NAME:seq_round_a_write T:Transactions SCOPE:uvm_test_top.env.rknp_agt.sqr STREAM:1208}
  CREATE_STREAM @2235000 {NAME:seq_round_b_read T:Transactions SCOPE:uvm_test_top.env.rknp_agt.sqr STREAM:1567}
  CREATE_STREAM @4355000 {NAME:seq_round_c_write T:Transactions SCOPE:uvm_test_top.env.rknp_agt.sqr STREAM:1811}
  CREATE_STREAM @0 {NAME:seq T:Transactions SCOPE:uvm_test_top.env.rknp_agt.sqr STREAM:1206}
  CREATE_STREAM @0 {NAME:seq T:Transactions SCOPE:uvm_test_top.env.rknp_agt.sqr STREAM:1206}
  CREATE_STREAM @0 {NAME:seq T:Transactions SCOPE:uvm_test_top.env.rknp_agt.sqr STREAM:1206}
  CREATE_STREAM @0 {NAME:seq T:Transactions SCOPE:uvm_test_top.env.rknp_agt.sqr STREAM:1206}
  CREATE_STREAM @0 {NAME:seq T:Transactions SCOPE:uvm_test_top.env.rknp_agt.sqr STREAM:1206}
  CREATE_STREAM @0 {NAME:seq T:Transactions SCOPE:uvm_test_top.env.rknp_agt.sqr STREAM:1206}
  CREATE_STREAM @0 {NAME:seq T:Transactions SCOPE:uvm_test_top.env.rknp_agt.sqr STREAM:1206}
  CREATE_STREAM @0 {NAME:seq T:Transactions SCOPE:uvm_test_top.env.rknp_agt.sqr STREAM:1206}
  CREATE_STREAM @0 {NAME:seq T:Transactions SCOPE:uvm_test_top.env.rknp_agt.sqr STREAM:1206}
  CREATE_STREAM @0 {NAME:seq T:Transactions SCOPE:uvm_test_top.env.rknp_agt.sqr STREAM:1206}
  CREATE_STREAM @0 {NAME:seq T:Transactions SCOPE:uvm_test_top.env.rknp_agt.sqr STREAM:1206}
  CREATE_STREAM @0 {NAME:seq T:Transactions SCOPE:uvm_test_top.env.rknp_agt.sqr STREAM:1206}
  CREATE_STREAM @0 {NAME:seq T:Transactions SCOPE:uvm_test_top.env.rknp_agt.sqr STREAM:1206}
  CREATE_STREAM @0 {NAME:seq_read_okay_1 T:Transactions SCOPE:uvm_test_top.env.rknp_agt.sqr STREAM:1385}
  CREATE_STREAM @205000 {NAME:seq_read_slverr T:Transactions SCOPE:uvm_test_top.env.rknp_agt.sqr STREAM:1479}
  CREATE_STREAM @325000 {NAME:seq_read_okay_2 T:Transactions SCOPE:uvm_test_top.env.rknp_agt.sqr STREAM:1522}
  CREATE_STREAM @455000 {NAME:seq_read_decerr T:Transactions SCOPE:uvm_test_top.env.rknp_agt.sqr STREAM:1565}
  CREATE_STREAM @615000 {NAME:seq_read_okay_3 T:Transactions SCOPE:uvm_test_top.env.rknp_agt.sqr STREAM:1608}
  CREATE_STREAM @725000 {NAME:seq_write_okay_1 T:Transactions SCOPE:uvm_test_top.env.rknp_agt.sqr STREAM:1651}
  CREATE_STREAM @805000 {NAME:seq_write_slverr T:Transactions SCOPE:uvm_test_top.env.rknp_agt.sqr STREAM:1702}
  CREATE_STREAM @885000 {NAME:seq_write_okay_2 T:Transactions SCOPE:uvm_test_top.env.rknp_agt.sqr STREAM:1753}
  CREATE_STREAM @985000 {NAME:seq_write_decerr T:Transactions SCOPE:uvm_test_top.env.rknp_agt.sqr STREAM:1804}
  CREATE_STREAM @1095000 {NAME:seq_write_okay_3 T:Transactions SCOPE:uvm_test_top.env.rknp_agt.sqr STREAM:1855}
  CREATE_STREAM @0 {NAME:seq T:Transactions SCOPE:uvm_test_top.env.rknp_agt.sqr STREAM:1206}
  CREATE_STREAM @0 {NAME:before_reset_seq T:Transactions SCOPE:uvm_test_top.env.rknp_agt.sqr STREAM:1206}
  CREATE_STREAM @725000 {NAME:reset_seq T:Transactions SCOPE:uvm_test_top.env.vseqr STREAM:1298}
  CREATE_STREAM @785000 {NAME:after_reset_seq T:Transactions SCOPE:uvm_test_top.env.rknp_agt.sqr STREAM:1314}
  CREATE_STREAM @0 {NAME:seq T:Transactions SCOPE:uvm_test_top.env.rknp_agt.sqr STREAM:1206}
  CREATE_STREAM @0 {NAME:seq T:Transactions SCOPE:uvm_test_top.env.rknp_agt.sqr STREAM:1206}
  CREATE_STREAM @0 {NAME:seq T:Transactions SCOPE:uvm_test_top.env.rknp_agt.sqr STREAM:1206}
  CREATE_STREAM @0 {NAME:seq T:Transactions SCOPE:uvm_test_top.env.rknp_agt.sqr STREAM:1206}
  CREATE_STREAM @0 {NAME:seq T:Transactions SCOPE:uvm_test_top.env.rknp_agt.sqr STREAM:1206}
  CREATE_STREAM @0 {NAME:seq T:Transactions SCOPE:uvm_test_top.env.rknp_agt.sqr STREAM:1206}
  CREATE_STREAM @0 {NAME:seq T:Transactions SCOPE:uvm_test_top.env.rknp_agt.sqr STREAM:1206}
  CREATE_STREAM @0 {NAME:rd_seq T:Transactions SCOPE:uvm_test_top.env.rknp_agt.sqr STREAM:1206}
  CREATE_STREAM @0 {NAME:rd_seq T:Transactions SCOPE:uvm_test_top.env.rknp_agt.sqr STREAM:1206}
  CREATE_STREAM @0 {NAME:rd_seq T:Transactions SCOPE:uvm_test_top.env.rknp_agt.sqr STREAM:1206}
  CREATE_STREAM @0 {NAME:timeout_seq T:Transactions SCOPE:uvm_test_top.env.rknp_agt.sqr STREAM:1206}
  CREATE_STREAM @55000 {NAME:normal_seq T:Transactions SCOPE:uvm_test_top.env.rknp_agt.sqr STREAM:1278}
  CREATE_STREAM @0 {NAME:seq T:Transactions SCOPE:uvm_test_top.env.rknp_agt.sqr STREAM:1206}
  CREATE_STREAM @0 {NAME:seq T:Transactions SCOPE:uvm_test_top.env.rknp_agt.sqr STREAM:1206}
  CREATE_STREAM @0 {NAME:seq_round_a_write T:Transactions SCOPE:uvm_test_top.env.rknp_agt.sqr STREAM:1208}
  CREATE_STREAM @2235000 {NAME:seq_round_b_read T:Transactions SCOPE:uvm_test_top.env.rknp_agt.sqr STREAM:1567}
  CREATE_STREAM @4355000 {NAME:seq_round_c_write T:Transactions SCOPE:uvm_test_top.env.rknp_agt.sqr STREAM:1811}
  CREATE_STREAM @0 {NAME:seq T:Transactions SCOPE:uvm_test_top.env.rknp_agt.sqr STREAM:1206}
  CREATE_STREAM @0 {NAME:seq T:Transactions SCOPE:uvm_test_top.env.rknp_agt.sqr STREAM:1206}
  CREATE_STREAM @0 {NAME:seq T:Transactions SCOPE:uvm_test_top.env.rknp_agt.sqr STREAM:1206}
  CREATE_STREAM @0 {NAME:seq T:Transactions SCOPE:uvm_test_top.env.rknp_agt.sqr STREAM:1206}
  CREATE_STREAM @0 {NAME:seq T:Transactions SCOPE:uvm_test_top.env.rknp_agt.sqr STREAM:1206}
  CREATE_STREAM @0 {NAME:seq T:Transactions SCOPE:uvm_test_top.env.rknp_agt.sqr STREAM:1206}
  CREATE_STREAM @0 {NAME:seq T:Transactions SCOPE:uvm_test_top.env.rknp_agt.sqr STREAM:1206}
  CREATE_STREAM @0 {NAME:seq T:Transactions SCOPE:uvm_test_top.env.rknp_agt.sqr STREAM:1206}
  CREATE_STREAM @0 {NAME:seq T:Transactions SCOPE:uvm_test_top.env.rknp_agt.sqr STREAM:1206}
  CREATE_STREAM @0 {NAME:seq T:Transactions SCOPE:uvm_test_top.env.rknp_agt.sqr STREAM:1206}
  CREATE_STREAM @0 {NAME:seq T:Transactions SCOPE:uvm_test_top.env.rknp_agt.sqr STREAM:1206}
  CREATE_STREAM @0 {NAME:seq T:Transactions SCOPE:uvm_test_top.env.rknp_agt.sqr STREAM:1206}
  CREATE_STREAM @0 {NAME:seq T:Transactions SCOPE:uvm_test_top.env.rknp_agt.sqr STREAM:1206}
  CREATE_STREAM @0 {NAME:seq_read_okay_1 T:Transactions SCOPE:uvm_test_top.env.rknp_agt.sqr STREAM:1385}
  CREATE_STREAM @205000 {NAME:seq_read_slverr T:Transactions SCOPE:uvm_test_top.env.rknp_agt.sqr STREAM:1479}
  CREATE_STREAM @325000 {NAME:seq_read_okay_2 T:Transactions SCOPE:uvm_test_top.env.rknp_agt.sqr STREAM:1522}
  CREATE_STREAM @455000 {NAME:seq_read_decerr T:Transactions SCOPE:uvm_test_top.env.rknp_agt.sqr STREAM:1565}
  CREATE_STREAM @615000 {NAME:seq_read_okay_3 T:Transactions SCOPE:uvm_test_top.env.rknp_agt.sqr STREAM:1608}
  CREATE_STREAM @725000 {NAME:seq_write_okay_1 T:Transactions SCOPE:uvm_test_top.env.rknp_agt.sqr STREAM:1651}
  CREATE_STREAM @805000 {NAME:seq_write_slverr T:Transactions SCOPE:uvm_test_top.env.rknp_agt.sqr STREAM:1702}
  CREATE_STREAM @885000 {NAME:seq_write_okay_2 T:Transactions SCOPE:uvm_test_top.env.rknp_agt.sqr STREAM:1753}
  CREATE_STREAM @985000 {NAME:seq_write_decerr T:Transactions SCOPE:uvm_test_top.env.rknp_agt.sqr STREAM:1804}
  CREATE_STREAM @1095000 {NAME:seq_write_okay_3 T:Transactions SCOPE:uvm_test_top.env.rknp_agt.sqr STREAM:1855}
  CREATE_STREAM @0 {NAME:seq T:Transactions SCOPE:uvm_test_top.env.rknp_agt.sqr STREAM:1206}
  CREATE_STREAM @0 {NAME:before_reset_seq T:Transactions SCOPE:uvm_test_top.env.rknp_agt.sqr STREAM:1206}
  CREATE_STREAM @725000 {NAME:reset_seq T:Transactions SCOPE:uvm_test_top.env.vseqr STREAM:1298}
  CREATE_STREAM @785000 {NAME:after_reset_seq T:Transactions SCOPE:uvm_test_top.env.rknp_agt.sqr STREAM:1314}
  CREATE_STREAM @0 {NAME:seq T:Transactions SCOPE:uvm_test_top.env.rknp_agt.sqr STREAM:1206}
  CREATE_STREAM @0 {NAME:seq T:Transactions SCOPE:uvm_test_top.env.rknp_agt.sqr STREAM:1206}
  CREATE_STREAM @0 {NAME:seq T:Transactions SCOPE:uvm_test_top.env.rknp_agt.sqr STREAM:1206}
  CREATE_STREAM @0 {NAME:seq T:Transactions SCOPE:uvm_test_top.env.rknp_agt.sqr STREAM:1206}
  CREATE_STREAM @0 {NAME:seq T:Transactions SCOPE:uvm_test_top.env.rknp_agt.sqr STREAM:1206}
  CREATE_STREAM @0 {NAME:seq T:Transactions SCOPE:uvm_test_top.env.rknp_agt.sqr STREAM:1206}
  CREATE_STREAM @0 {NAME:seq T:Transactions SCOPE:uvm_test_top.env.rknp_agt.sqr STREAM:1206}
  CREATE_STREAM @0 {NAME:rd_seq T:Transactions SCOPE:uvm_test_top.env.rknp_agt.sqr STREAM:1206}
  CREATE_STREAM @0 {NAME:rd_seq T:Transactions SCOPE:uvm_test_top.env.rknp_agt.sqr STREAM:1206}
  CREATE_STREAM @0 {NAME:rd_seq T:Transactions SCOPE:uvm_test_top.env.rknp_agt.sqr STREAM:1206}
  CREATE_STREAM @0 {NAME:timeout_seq T:Transactions SCOPE:uvm_test_top.env.rknp_agt.sqr STREAM:1206}
  CREATE_STREAM @100055000 {NAME:normal_seq T:Transactions SCOPE:uvm_test_top.env.rknp_agt.sqr STREAM:1296}
  CREATE_STREAM @0 {NAME:before_reset_seq T:Transactions SCOPE:uvm_test_top.env.rknp_agt.sqr STREAM:1206}
  CREATE_STREAM @725000 {NAME:reset_seq T:Transactions SCOPE:uvm_test_top.env.vseqr STREAM:1298}
  CREATE_STREAM @785000 {NAME:after_reset_seq T:Transactions SCOPE:uvm_test_top.env.rknp_agt.sqr STREAM:1314}
  CREATE_STREAM @0 {NAME:seq T:Transactions SCOPE:uvm_test_top.env.rknp_agt.sqr STREAM:1206}
  CREATE_STREAM @0 {NAME:seq T:Transactions SCOPE:uvm_test_top.env.rknp_agt.sqr STREAM:1206}
  CREATE_STREAM @0 {NAME:seq T:Transactions SCOPE:uvm_test_top.env.rknp_agt.sqr STREAM:1206}
  CREATE_STREAM @0 {NAME:seq T:Transactions SCOPE:uvm_test_top.env.rknp_agt.sqr STREAM:1206}
  CREATE_STREAM @0 {NAME:seq T:Transactions SCOPE:uvm_test_top.env.rknp_agt.sqr STREAM:1206}
  CREATE_STREAM @0 {NAME:seq T:Transactions SCOPE:uvm_test_top.env.rknp_agt.sqr STREAM:1206}
  CREATE_STREAM @0 {NAME:seq T:Transactions SCOPE:uvm_test_top.env.rknp_agt.sqr STREAM:1206}
  CREATE_STREAM @0 {NAME:rd_seq T:Transactions SCOPE:uvm_test_top.env.rknp_agt.sqr STREAM:1206}
  CREATE_STREAM @0 {NAME:rd_seq T:Transactions SCOPE:uvm_test_top.env.rknp_agt.sqr STREAM:1206}
  CREATE_STREAM @0 {NAME:rd_seq T:Transactions SCOPE:uvm_test_top.env.rknp_agt.sqr STREAM:1206}
  CREATE_STREAM @0 {NAME:timeout_seq T:Transactions SCOPE:uvm_test_top.env.rknp_agt.sqr STREAM:1206}
  CREATE_STREAM @100055000 {NAME:normal_seq T:Transactions SCOPE:uvm_test_top.env.rknp_agt.sqr STREAM:1286}
  CREATE_STREAM @0 {NAME:before_reset_seq T:Transactions SCOPE:uvm_test_top.env.rknp_agt.sqr STREAM:1206}
  CREATE_STREAM @725000 {NAME:reset_seq T:Transactions SCOPE:uvm_test_top.env.vseqr STREAM:1298}
  CREATE_STREAM @785000 {NAME:after_reset_seq T:Transactions SCOPE:uvm_test_top.env.rknp_agt.sqr STREAM:1314}
  CREATE_STREAM @0 {NAME:seq T:Transactions SCOPE:uvm_test_top.env.rknp_agt.sqr STREAM:1206}
  CREATE_STREAM @0 {NAME:seq T:Transactions SCOPE:uvm_test_top.env.rknp_agt.sqr STREAM:1206}
  CREATE_STREAM @0 {NAME:seq T:Transactions SCOPE:uvm_test_top.env.rknp_agt.sqr STREAM:1206}
  CREATE_STREAM @0 {NAME:seq T:Transactions SCOPE:uvm_test_top.env.rknp_agt.sqr STREAM:1206}
  CREATE_STREAM @0 {NAME:seq T:Transactions SCOPE:uvm_test_top.env.rknp_agt.sqr STREAM:1206}
  CREATE_STREAM @0 {NAME:seq T:Transactions SCOPE:uvm_test_top.env.rknp_agt.sqr STREAM:1206}
  CREATE_STREAM @0 {NAME:seq T:Transactions SCOPE:uvm_test_top.env.rknp_agt.sqr STREAM:1206}
  CREATE_STREAM @0 {NAME:rd_seq T:Transactions SCOPE:uvm_test_top.env.rknp_agt.sqr STREAM:1206}
  CREATE_STREAM @0 {NAME:rd_seq T:Transactions SCOPE:uvm_test_top.env.rknp_agt.sqr STREAM:1206}
  CREATE_STREAM @0 {NAME:rd_seq T:Transactions SCOPE:uvm_test_top.env.rknp_agt.sqr STREAM:1206}
  CREATE_STREAM @0 {NAME:timeout_seq T:Transactions SCOPE:uvm_test_top.env.rknp_agt.sqr STREAM:1206}
  CREATE_STREAM @100060000 {NAME:normal_seq T:Transactions SCOPE:uvm_test_top.env.rknp_agt.sqr STREAM:1286}
  CREATE_STREAM @0 {NAME:before_reset_seq T:Transactions SCOPE:uvm_test_top.env.rknp_agt.sqr STREAM:1206}
  CREATE_STREAM @725000 {NAME:reset_seq T:Transactions SCOPE:uvm_test_top.env.vseqr STREAM:1298}
  CREATE_STREAM @785000 {NAME:after_reset_seq T:Transactions SCOPE:uvm_test_top.env.rknp_agt.sqr STREAM:1314}
  CREATE_STREAM @0 {NAME:seq T:Transactions SCOPE:uvm_test_top.env.rknp_agt.sqr STREAM:1206}
  CREATE_STREAM @0 {NAME:seq T:Transactions SCOPE:uvm_test_top.env.rknp_agt.sqr STREAM:1206}
  CREATE_STREAM @0 {NAME:seq T:Transactions SCOPE:uvm_test_top.env.rknp_agt.sqr STREAM:1206}
  CREATE_STREAM @0 {NAME:seq T:Transactions SCOPE:uvm_test_top.env.rknp_agt.sqr STREAM:1206}
  CREATE_STREAM @0 {NAME:seq T:Transactions SCOPE:uvm_test_top.env.rknp_agt.sqr STREAM:1206}
  CREATE_STREAM @0 {NAME:seq T:Transactions SCOPE:uvm_test_top.env.rknp_agt.sqr STREAM:1206}
  CREATE_STREAM @0 {NAME:seq T:Transactions SCOPE:uvm_test_top.env.rknp_agt.sqr STREAM:1206}
  CREATE_STREAM @0 {NAME:rd_seq T:Transactions SCOPE:uvm_test_top.env.rknp_agt.sqr STREAM:1206}
  CREATE_STREAM @0 {NAME:rd_seq T:Transactions SCOPE:uvm_test_top.env.rknp_agt.sqr STREAM:1206}
  CREATE_STREAM @0 {NAME:rd_seq T:Transactions SCOPE:uvm_test_top.env.rknp_agt.sqr STREAM:1206}
  CREATE_STREAM @0 {NAME:timeout_seq T:Transactions SCOPE:uvm_test_top.env.rknp_agt.sqr STREAM:1206}
  CREATE_STREAM @100060000 {NAME:normal_seq T:Transactions SCOPE:uvm_test_top.env.rknp_agt.sqr STREAM:1286}
  CREATE_STREAM @0 {NAME:seq T:Transactions SCOPE:uvm_test_top.env.rknp_agt.sqr STREAM:1206}
  CREATE_STREAM @0 {NAME:seq T:Transactions SCOPE:uvm_test_top.env.rknp_agt.sqr STREAM:1206}
  CREATE_STREAM @0 {NAME:seq_round_a_write T:Transactions SCOPE:uvm_test_top.env.rknp_agt.sqr STREAM:1208}
  CREATE_STREAM @2235000 {NAME:seq_round_b_read T:Transactions SCOPE:uvm_test_top.env.rknp_agt.sqr STREAM:1567}
  CREATE_STREAM @4435000 {NAME:seq_round_c_write T:Transactions SCOPE:uvm_test_top.env.rknp_agt.sqr STREAM:1811}
  CREATE_STREAM @0 {NAME:seq T:Transactions SCOPE:uvm_test_top.env.rknp_agt.sqr STREAM:1206}
  CREATE_STREAM @0 {NAME:seq T:Transactions SCOPE:uvm_test_top.env.rknp_agt.sqr STREAM:1206}
  CREATE_STREAM @0 {NAME:seq T:Transactions SCOPE:uvm_test_top.env.rknp_agt.sqr STREAM:1206}
  CREATE_STREAM @0 {NAME:seq T:Transactions SCOPE:uvm_test_top.env.rknp_agt.sqr STREAM:1206}
  CREATE_STREAM @0 {NAME:seq T:Transactions SCOPE:uvm_test_top.env.rknp_agt.sqr STREAM:1206}
  CREATE_STREAM @0 {NAME:seq T:Transactions SCOPE:uvm_test_top.env.rknp_agt.sqr STREAM:1206}
  CREATE_STREAM @0 {NAME:seq T:Transactions SCOPE:uvm_test_top.env.rknp_agt.sqr STREAM:1206}
  CREATE_STREAM @0 {NAME:seq T:Transactions SCOPE:uvm_test_top.env.rknp_agt.sqr STREAM:1206}
  CREATE_STREAM @0 {NAME:seq T:Transactions SCOPE:uvm_test_top.env.rknp_agt.sqr STREAM:1206}
  CREATE_STREAM @0 {NAME:seq T:Transactions SCOPE:uvm_test_top.env.rknp_agt.sqr STREAM:1206}
  CREATE_STREAM @0 {NAME:seq T:Transactions SCOPE:uvm_test_top.env.rknp_agt.sqr STREAM:1206}
  CREATE_STREAM @0 {NAME:seq T:Transactions SCOPE:uvm_test_top.env.rknp_agt.sqr STREAM:1206}
  CREATE_STREAM @0 {NAME:seq T:Transactions SCOPE:uvm_test_top.env.rknp_agt.sqr STREAM:1206}
  CREATE_STREAM @0 {NAME:seq_read_okay_1 T:Transactions SCOPE:uvm_test_top.env.rknp_agt.sqr STREAM:1385}
  CREATE_STREAM @205000 {NAME:seq_read_slverr T:Transactions SCOPE:uvm_test_top.env.rknp_agt.sqr STREAM:1479}
  CREATE_STREAM @335000 {NAME:seq_read_okay_2 T:Transactions SCOPE:uvm_test_top.env.rknp_agt.sqr STREAM:1522}
  CREATE_STREAM @475000 {NAME:seq_read_decerr T:Transactions SCOPE:uvm_test_top.env.rknp_agt.sqr STREAM:1565}
  CREATE_STREAM @645000 {NAME:seq_read_okay_3 T:Transactions SCOPE:uvm_test_top.env.rknp_agt.sqr STREAM:1608}
  CREATE_STREAM @765000 {NAME:seq_write_okay_1 T:Transactions SCOPE:uvm_test_top.env.rknp_agt.sqr STREAM:1651}
  CREATE_STREAM @855000 {NAME:seq_write_slverr T:Transactions SCOPE:uvm_test_top.env.rknp_agt.sqr STREAM:1702}
  CREATE_STREAM @945000 {NAME:seq_write_okay_2 T:Transactions SCOPE:uvm_test_top.env.rknp_agt.sqr STREAM:1753}
  CREATE_STREAM @1055000 {NAME:seq_write_decerr T:Transactions SCOPE:uvm_test_top.env.rknp_agt.sqr STREAM:1804}
  CREATE_STREAM @1175000 {NAME:seq_write_okay_3 T:Transactions SCOPE:uvm_test_top.env.rknp_agt.sqr STREAM:1855}
  CREATE_STREAM @0 {NAME:seq T:Transactions SCOPE:uvm_test_top.env.rknp_agt.sqr STREAM:1206}
  CREATE_STREAM @0 {NAME:before_reset_seq T:Transactions SCOPE:uvm_test_top.env.rknp_agt.sqr STREAM:1206}
  CREATE_STREAM @725000 {NAME:reset_seq T:Transactions SCOPE:uvm_test_top.env.vseqr STREAM:1298}
  CREATE_STREAM @785000 {NAME:after_reset_seq T:Transactions SCOPE:uvm_test_top.env.rknp_agt.sqr STREAM:1314}
  CREATE_STREAM @0 {NAME:seq T:Transactions SCOPE:uvm_test_top.env.rknp_agt.sqr STREAM:1206}
  CREATE_STREAM @0 {NAME:seq T:Transactions SCOPE:uvm_test_top.env.rknp_agt.sqr STREAM:1206}
  CREATE_STREAM @0 {NAME:seq T:Transactions SCOPE:uvm_test_top.env.rknp_agt.sqr STREAM:1206}
  CREATE_STREAM @0 {NAME:seq T:Transactions SCOPE:uvm_test_top.env.rknp_agt.sqr STREAM:1206}
  CREATE_STREAM @0 {NAME:seq T:Transactions SCOPE:uvm_test_top.env.rknp_agt.sqr STREAM:1206}
  CREATE_STREAM @0 {NAME:seq T:Transactions SCOPE:uvm_test_top.env.rknp_agt.sqr STREAM:1206}
  CREATE_STREAM @0 {NAME:seq T:Transactions SCOPE:uvm_test_top.env.rknp_agt.sqr STREAM:1206}
  CREATE_STREAM @0 {NAME:rd_seq T:Transactions SCOPE:uvm_test_top.env.rknp_agt.sqr STREAM:1206}
  CREATE_STREAM @0 {NAME:rd_seq T:Transactions SCOPE:uvm_test_top.env.rknp_agt.sqr STREAM:1206}
  CREATE_STREAM @0 {NAME:rd_seq T:Transactions SCOPE:uvm_test_top.env.rknp_agt.sqr STREAM:1206}
  CREATE_STREAM @0 {NAME:timeout_seq T:Transactions SCOPE:uvm_test_top.env.rknp_agt.sqr STREAM:1206}
  CREATE_STREAM @90060000 {NAME:normal_seq T:Transactions SCOPE:uvm_test_top.env.rknp_agt.sqr STREAM:1286}
  CREATE_STREAM @0 {NAME:seq T:Transactions SCOPE:uvm_test_top.env.rknp_agt.sqr STREAM:1206}
  CREATE_STREAM @0 {NAME:seq T:Transactions SCOPE:uvm_test_top.env.rknp_agt.sqr STREAM:1206}
  CREATE_STREAM @0 {NAME:seq_round_a_write T:Transactions SCOPE:uvm_test_top.env.rknp_agt.sqr STREAM:1208}
  CREATE_STREAM @2235000 {NAME:seq_round_b_read T:Transactions SCOPE:uvm_test_top.env.rknp_agt.sqr STREAM:1567}
  CREATE_STREAM @4435000 {NAME:seq_round_c_write T:Transactions SCOPE:uvm_test_top.env.rknp_agt.sqr STREAM:1811}
  CREATE_STREAM @0 {NAME:seq T:Transactions SCOPE:uvm_test_top.env.rknp_agt.sqr STREAM:1206}
  CREATE_STREAM @0 {NAME:seq T:Transactions SCOPE:uvm_test_top.env.rknp_agt.sqr STREAM:1206}
  CREATE_STREAM @0 {NAME:seq T:Transactions SCOPE:uvm_test_top.env.rknp_agt.sqr STREAM:1206}
  CREATE_STREAM @0 {NAME:seq T:Transactions SCOPE:uvm_test_top.env.rknp_agt.sqr STREAM:1206}
  CREATE_STREAM @0 {NAME:seq T:Transactions SCOPE:uvm_test_top.env.rknp_agt.sqr STREAM:1206}
  CREATE_STREAM @0 {NAME:seq T:Transactions SCOPE:uvm_test_top.env.rknp_agt.sqr STREAM:1206}
  CREATE_STREAM @0 {NAME:seq T:Transactions SCOPE:uvm_test_top.env.rknp_agt.sqr STREAM:1206}
  CREATE_STREAM @0 {NAME:seq T:Transactions SCOPE:uvm_test_top.env.rknp_agt.sqr STREAM:1206}
  CREATE_STREAM @0 {NAME:seq T:Transactions SCOPE:uvm_test_top.env.rknp_agt.sqr STREAM:1206}
  CREATE_STREAM @0 {NAME:seq T:Transactions SCOPE:uvm_test_top.env.rknp_agt.sqr STREAM:1206}
  CREATE_STREAM @0 {NAME:seq T:Transactions SCOPE:uvm_test_top.env.rknp_agt.sqr STREAM:1206}
  CREATE_STREAM @0 {NAME:seq T:Transactions SCOPE:uvm_test_top.env.rknp_agt.sqr STREAM:1206}
  CREATE_STREAM @0 {NAME:seq T:Transactions SCOPE:uvm_test_top.env.rknp_agt.sqr STREAM:1206}
  CREATE_STREAM @0 {NAME:seq_read_okay_1 T:Transactions SCOPE:uvm_test_top.env.rknp_agt.sqr STREAM:1385}
  CREATE_STREAM @205000 {NAME:seq_read_slverr T:Transactions SCOPE:uvm_test_top.env.rknp_agt.sqr STREAM:1479}
  CREATE_STREAM @335000 {NAME:seq_read_okay_2 T:Transactions SCOPE:uvm_test_top.env.rknp_agt.sqr STREAM:1522}
  CREATE_STREAM @475000 {NAME:seq_read_decerr T:Transactions SCOPE:uvm_test_top.env.rknp_agt.sqr STREAM:1565}
  CREATE_STREAM @645000 {NAME:seq_read_okay_3 T:Transactions SCOPE:uvm_test_top.env.rknp_agt.sqr STREAM:1608}
  CREATE_STREAM @765000 {NAME:seq_write_okay_1 T:Transactions SCOPE:uvm_test_top.env.rknp_agt.sqr STREAM:1651}
  CREATE_STREAM @855000 {NAME:seq_write_slverr T:Transactions SCOPE:uvm_test_top.env.rknp_agt.sqr STREAM:1702}
  CREATE_STREAM @945000 {NAME:seq_write_okay_2 T:Transactions SCOPE:uvm_test_top.env.rknp_agt.sqr STREAM:1753}
  CREATE_STREAM @1055000 {NAME:seq_write_decerr T:Transactions SCOPE:uvm_test_top.env.rknp_agt.sqr STREAM:1804}
  CREATE_STREAM @1175000 {NAME:seq_write_okay_3 T:Transactions SCOPE:uvm_test_top.env.rknp_agt.sqr STREAM:1855}
  CREATE_STREAM @0 {NAME:seq T:Transactions SCOPE:uvm_test_top.env.rknp_agt.sqr STREAM:1206}
  CREATE_STREAM @0 {NAME:before_reset_seq T:Transactions SCOPE:uvm_test_top.env.rknp_agt.sqr STREAM:1206}
  CREATE_STREAM @725000 {NAME:reset_seq T:Transactions SCOPE:uvm_test_top.env.vseqr STREAM:1298}
  CREATE_STREAM @785000 {NAME:after_reset_seq T:Transactions SCOPE:uvm_test_top.env.rknp_agt.sqr STREAM:1314}
  CREATE_STREAM @0 {NAME:seq T:Transactions SCOPE:uvm_test_top.env.rknp_agt.sqr STREAM:1206}
  CREATE_STREAM @0 {NAME:seq T:Transactions SCOPE:uvm_test_top.env.rknp_agt.sqr STREAM:1206}
  CREATE_STREAM @0 {NAME:seq T:Transactions SCOPE:uvm_test_top.env.rknp_agt.sqr STREAM:1206}
  CREATE_STREAM @0 {NAME:seq T:Transactions SCOPE:uvm_test_top.env.rknp_agt.sqr STREAM:1206}
  CREATE_STREAM @0 {NAME:seq T:Transactions SCOPE:uvm_test_top.env.rknp_agt.sqr STREAM:1206}
  CREATE_STREAM @0 {NAME:seq T:Transactions SCOPE:uvm_test_top.env.rknp_agt.sqr STREAM:1206}
  CREATE_STREAM @0 {NAME:seq T:Transactions SCOPE:uvm_test_top.env.rknp_agt.sqr STREAM:1206}
  CREATE_STREAM @0 {NAME:rd_seq T:Transactions SCOPE:uvm_test_top.env.rknp_agt.sqr STREAM:1206}
  CREATE_STREAM @0 {NAME:rd_seq T:Transactions SCOPE:uvm_test_top.env.rknp_agt.sqr STREAM:1206}
  CREATE_STREAM @0 {NAME:rd_seq T:Transactions SCOPE:uvm_test_top.env.rknp_agt.sqr STREAM:1206}
  CREATE_STREAM @0 {NAME:timeout_seq T:Transactions SCOPE:uvm_test_top.env.rknp_agt.sqr STREAM:1206}
  CREATE_STREAM @80060000 {NAME:normal_seq T:Transactions SCOPE:uvm_test_top.env.rknp_agt.sqr STREAM:1286}
  CREATE_STREAM @0 {NAME:seq T:Transactions SCOPE:uvm_test_top.env.rknp_agt.sqr STREAM:1206}
  CREATE_STREAM @0 {NAME:seq T:Transactions SCOPE:uvm_test_top.env.rknp_agt.sqr STREAM:1206}
  CREATE_STREAM @0 {NAME:seq_round_a_write T:Transactions SCOPE:uvm_test_top.env.rknp_agt.sqr STREAM:1208}
  CREATE_STREAM @2235000 {NAME:seq_round_b_read T:Transactions SCOPE:uvm_test_top.env.rknp_agt.sqr STREAM:1567}
  CREATE_STREAM @4435000 {NAME:seq_round_c_write T:Transactions SCOPE:uvm_test_top.env.rknp_agt.sqr STREAM:1811}
  CREATE_STREAM @0 {NAME:seq T:Transactions SCOPE:uvm_test_top.env.rknp_agt.sqr STREAM:1206}
  CREATE_STREAM @0 {NAME:seq T:Transactions SCOPE:uvm_test_top.env.rknp_agt.sqr STREAM:1206}
  CREATE_STREAM @0 {NAME:seq T:Transactions SCOPE:uvm_test_top.env.rknp_agt.sqr STREAM:1206}
  CREATE_STREAM @0 {NAME:seq T:Transactions SCOPE:uvm_test_top.env.rknp_agt.sqr STREAM:1206}
  CREATE_STREAM @0 {NAME:seq T:Transactions SCOPE:uvm_test_top.env.rknp_agt.sqr STREAM:1206}
  CREATE_STREAM @0 {NAME:seq T:Transactions SCOPE:uvm_test_top.env.rknp_agt.sqr STREAM:1206}
  CREATE_STREAM @0 {NAME:seq T:Transactions SCOPE:uvm_test_top.env.rknp_agt.sqr STREAM:1206}
  CREATE_STREAM @0 {NAME:seq T:Transactions SCOPE:uvm_test_top.env.rknp_agt.sqr STREAM:1206}
  CREATE_STREAM @0 {NAME:seq T:Transactions SCOPE:uvm_test_top.env.rknp_agt.sqr STREAM:1206}
  CREATE_STREAM @0 {NAME:seq T:Transactions SCOPE:uvm_test_top.env.rknp_agt.sqr STREAM:1206}
  CREATE_STREAM @0 {NAME:seq T:Transactions SCOPE:uvm_test_top.env.rknp_agt.sqr STREAM:1206}
  CREATE_STREAM @0 {NAME:seq T:Transactions SCOPE:uvm_test_top.env.rknp_agt.sqr STREAM:1206}
  CREATE_STREAM @0 {NAME:seq T:Transactions SCOPE:uvm_test_top.env.rknp_agt.sqr STREAM:1206}
  CREATE_STREAM @0 {NAME:seq_read_okay_1 T:Transactions SCOPE:uvm_test_top.env.rknp_agt.sqr STREAM:1385}
  CREATE_STREAM @205000 {NAME:seq_read_slverr T:Transactions SCOPE:uvm_test_top.env.rknp_agt.sqr STREAM:1479}
  CREATE_STREAM @335000 {NAME:seq_read_okay_2 T:Transactions SCOPE:uvm_test_top.env.rknp_agt.sqr STREAM:1522}
  CREATE_STREAM @475000 {NAME:seq_read_decerr T:Transactions SCOPE:uvm_test_top.env.rknp_agt.sqr STREAM:1565}
  CREATE_STREAM @645000 {NAME:seq_read_okay_3 T:Transactions SCOPE:uvm_test_top.env.rknp_agt.sqr STREAM:1608}
  CREATE_STREAM @765000 {NAME:seq_write_okay_1 T:Transactions SCOPE:uvm_test_top.env.rknp_agt.sqr STREAM:1651}
  CREATE_STREAM @855000 {NAME:seq_write_slverr T:Transactions SCOPE:uvm_test_top.env.rknp_agt.sqr STREAM:1702}
  CREATE_STREAM @945000 {NAME:seq_write_okay_2 T:Transactions SCOPE:uvm_test_top.env.rknp_agt.sqr STREAM:1753}
  CREATE_STREAM @1055000 {NAME:seq_write_decerr T:Transactions SCOPE:uvm_test_top.env.rknp_agt.sqr STREAM:1804}
  CREATE_STREAM @1175000 {NAME:seq_write_okay_3 T:Transactions SCOPE:uvm_test_top.env.rknp_agt.sqr STREAM:1855}
  CREATE_STREAM @0 {NAME:seq T:Transactions SCOPE:uvm_test_top.env.rknp_agt.sqr STREAM:1206}
  CREATE_STREAM @0 {NAME:before_reset_seq T:Transactions SCOPE:uvm_test_top.env.rknp_agt.sqr STREAM:1206}
  CREATE_STREAM @725000 {NAME:reset_seq T:Transactions SCOPE:uvm_test_top.env.vseqr STREAM:1298}
  CREATE_STREAM @785000 {NAME:after_reset_seq T:Transactions SCOPE:uvm_test_top.env.rknp_agt.sqr STREAM:1314}
  CREATE_STREAM @0 {NAME:seq T:Transactions SCOPE:uvm_test_top.env.rknp_agt.sqr STREAM:1206}
  CREATE_STREAM @0 {NAME:seq T:Transactions SCOPE:uvm_test_top.env.rknp_agt.sqr STREAM:1206}
  CREATE_STREAM @0 {NAME:seq T:Transactions SCOPE:uvm_test_top.env.rknp_agt.sqr STREAM:1206}
  CREATE_STREAM @0 {NAME:seq T:Transactions SCOPE:uvm_test_top.env.rknp_agt.sqr STREAM:1206}
  CREATE_STREAM @0 {NAME:seq T:Transactions SCOPE:uvm_test_top.env.rknp_agt.sqr STREAM:1206}
  CREATE_STREAM @0 {NAME:seq T:Transactions SCOPE:uvm_test_top.env.rknp_agt.sqr STREAM:1206}
  CREATE_STREAM @0 {NAME:seq T:Transactions SCOPE:uvm_test_top.env.rknp_agt.sqr STREAM:1206}
  CREATE_STREAM @0 {NAME:rd_seq T:Transactions SCOPE:uvm_test_top.env.rknp_agt.sqr STREAM:1206}
  CREATE_STREAM @0 {NAME:rd_seq T:Transactions SCOPE:uvm_test_top.env.rknp_agt.sqr STREAM:1206}
  CREATE_STREAM @0 {NAME:rd_seq T:Transactions SCOPE:uvm_test_top.env.rknp_agt.sqr STREAM:1206}
  CREATE_STREAM @0 {NAME:timeout_seq T:Transactions SCOPE:uvm_test_top.env.rknp_agt.sqr STREAM:1206}
  CREATE_STREAM @100060000 {NAME:normal_seq T:Transactions SCOPE:uvm_test_top.env.rknp_agt.sqr STREAM:1286}
  CREATE_STREAM @0 {NAME:seq T:Transactions SCOPE:uvm_test_top.env.rknp_agt.sqr STREAM:1206}
  CREATE_STREAM @0 {NAME:seq T:Transactions SCOPE:uvm_test_top.env.rknp_agt.sqr STREAM:1206}
  CREATE_STREAM @0 {NAME:seq_round_a_write T:Transactions SCOPE:uvm_test_top.env.rknp_agt.sqr STREAM:1208}
  CREATE_STREAM @2235000 {NAME:seq_round_b_read T:Transactions SCOPE:uvm_test_top.env.rknp_agt.sqr STREAM:1567}
  CREATE_STREAM @4435000 {NAME:seq_round_c_write T:Transactions SCOPE:uvm_test_top.env.rknp_agt.sqr STREAM:1811}
  CREATE_STREAM @0 {NAME:seq T:Transactions SCOPE:uvm_test_top.env.rknp_agt.sqr STREAM:1206}
  CREATE_STREAM @0 {NAME:seq T:Transactions SCOPE:uvm_test_top.env.rknp_agt.sqr STREAM:1206}
  CREATE_STREAM @0 {NAME:seq T:Transactions SCOPE:uvm_test_top.env.rknp_agt.sqr STREAM:1206}
  CREATE_STREAM @0 {NAME:seq T:Transactions SCOPE:uvm_test_top.env.rknp_agt.sqr STREAM:1206}
  CREATE_STREAM @0 {NAME:seq T:Transactions SCOPE:uvm_test_top.env.rknp_agt.sqr STREAM:1206}
  CREATE_STREAM @0 {NAME:seq T:Transactions SCOPE:uvm_test_top.env.rknp_agt.sqr STREAM:1206}
  CREATE_STREAM @0 {NAME:seq T:Transactions SCOPE:uvm_test_top.env.rknp_agt.sqr STREAM:1206}
  CREATE_STREAM @0 {NAME:seq T:Transactions SCOPE:uvm_test_top.env.rknp_agt.sqr STREAM:1206}
  CREATE_STREAM @0 {NAME:seq T:Transactions SCOPE:uvm_test_top.env.rknp_agt.sqr STREAM:1206}
  CREATE_STREAM @0 {NAME:seq T:Transactions SCOPE:uvm_test_top.env.rknp_agt.sqr STREAM:1206}
  CREATE_STREAM @0 {NAME:seq T:Transactions SCOPE:uvm_test_top.env.rknp_agt.sqr STREAM:1206}
  CREATE_STREAM @0 {NAME:seq T:Transactions SCOPE:uvm_test_top.env.rknp_agt.sqr STREAM:1206}
  CREATE_STREAM @0 {NAME:seq T:Transactions SCOPE:uvm_test_top.env.rknp_agt.sqr STREAM:1206}
  CREATE_STREAM @0 {NAME:seq_read_okay_1 T:Transactions SCOPE:uvm_test_top.env.rknp_agt.sqr STREAM:1385}
  CREATE_STREAM @205000 {NAME:seq_read_slverr T:Transactions SCOPE:uvm_test_top.env.rknp_agt.sqr STREAM:1479}
  CREATE_STREAM @335000 {NAME:seq_read_okay_2 T:Transactions SCOPE:uvm_test_top.env.rknp_agt.sqr STREAM:1522}
  CREATE_STREAM @475000 {NAME:seq_read_decerr T:Transactions SCOPE:uvm_test_top.env.rknp_agt.sqr STREAM:1565}
  CREATE_STREAM @645000 {NAME:seq_read_okay_3 T:Transactions SCOPE:uvm_test_top.env.rknp_agt.sqr STREAM:1608}
  CREATE_STREAM @765000 {NAME:seq_write_okay_1 T:Transactions SCOPE:uvm_test_top.env.rknp_agt.sqr STREAM:1651}
  CREATE_STREAM @855000 {NAME:seq_write_slverr T:Transactions SCOPE:uvm_test_top.env.rknp_agt.sqr STREAM:1702}
  CREATE_STREAM @945000 {NAME:seq_write_okay_2 T:Transactions SCOPE:uvm_test_top.env.rknp_agt.sqr STREAM:1753}
  CREATE_STREAM @1055000 {NAME:seq_write_decerr T:Transactions SCOPE:uvm_test_top.env.rknp_agt.sqr STREAM:1804}
  CREATE_STREAM @1175000 {NAME:seq_write_okay_3 T:Transactions SCOPE:uvm_test_top.env.rknp_agt.sqr STREAM:1855}
  CREATE_STREAM @0 {NAME:seq T:Transactions SCOPE:uvm_test_top.env.rknp_agt.sqr STREAM:1206}
  CREATE_STREAM @0 {NAME:before_reset_seq T:Transactions SCOPE:uvm_test_top.env.rknp_agt.sqr STREAM:1206}
  CREATE_STREAM @725000 {NAME:reset_seq T:Transactions SCOPE:uvm_test_top.env.vseqr STREAM:1298}
  CREATE_STREAM @785000 {NAME:after_reset_seq T:Transactions SCOPE:uvm_test_top.env.rknp_agt.sqr STREAM:1314}
  CREATE_STREAM @0 {NAME:seq T:Transactions SCOPE:uvm_test_top.env.rknp_agt.sqr STREAM:1206}
  CREATE_STREAM @0 {NAME:seq T:Transactions SCOPE:uvm_test_top.env.rknp_agt.sqr STREAM:1206}
  CREATE_STREAM @0 {NAME:seq T:Transactions SCOPE:uvm_test_top.env.rknp_agt.sqr STREAM:1206}
  CREATE_STREAM @0 {NAME:seq T:Transactions SCOPE:uvm_test_top.env.rknp_agt.sqr STREAM:1206}
  CREATE_STREAM @0 {NAME:seq T:Transactions SCOPE:uvm_test_top.env.rknp_agt.sqr STREAM:1206}
  CREATE_STREAM @0 {NAME:seq T:Transactions SCOPE:uvm_test_top.env.rknp_agt.sqr STREAM:1206}
  CREATE_STREAM @0 {NAME:seq T:Transactions SCOPE:uvm_test_top.env.rknp_agt.sqr STREAM:1206}
  CREATE_STREAM @0 {NAME:rd_seq T:Transactions SCOPE:uvm_test_top.env.rknp_agt.sqr STREAM:1206}
  CREATE_STREAM @0 {NAME:rd_seq T:Transactions SCOPE:uvm_test_top.env.rknp_agt.sqr STREAM:1206}
  CREATE_STREAM @0 {NAME:rd_seq T:Transactions SCOPE:uvm_test_top.env.rknp_agt.sqr STREAM:1206}
  CREATE_STREAM @0 {NAME:timeout_seq T:Transactions SCOPE:uvm_test_top.env.rknp_agt.sqr STREAM:1206}
  CREATE_STREAM @100060000 {NAME:normal_seq T:Transactions SCOPE:uvm_test_top.env.rknp_agt.sqr STREAM:1286}
  CREATE_STREAM @0 {NAME:seq T:Transactions SCOPE:uvm_test_top.env.rknp_agt.sqr STREAM:1206}
  CREATE_STREAM @0 {NAME:seq T:Transactions SCOPE:uvm_test_top.env.rknp_agt.sqr STREAM:1206}
  CREATE_STREAM @0 {NAME:seq_round_0_write T:Transactions SCOPE:uvm_test_top.env.rknp_agt.sqr STREAM:1208}
  CREATE_STREAM @2235000 {NAME:seq_round_1_ read T:Transactions SCOPE:uvm_test_top.env.rknp_agt.sqr STREAM:1567}
  CREATE_STREAM @4435000 {NAME:seq_round_2_write T:Transactions SCOPE:uvm_test_top.env.rknp_agt.sqr STREAM:1811}
  CREATE_STREAM @6635000 {NAME:seq_round_3_ read T:Transactions SCOPE:uvm_test_top.env.rknp_agt.sqr STREAM:2119}
  CREATE_STREAM @8835000 {NAME:seq_round_4_write T:Transactions SCOPE:uvm_test_top.env.rknp_agt.sqr STREAM:2363}
  CREATE_STREAM @11035000 {NAME:seq_round_5_ read T:Transactions SCOPE:uvm_test_top.env.rknp_agt.sqr STREAM:2671}
  CREATE_STREAM @13235000 {NAME:seq_round_6_write T:Transactions SCOPE:uvm_test_top.env.rknp_agt.sqr STREAM:2915}
  CREATE_STREAM @15435000 {NAME:seq_round_7_ read T:Transactions SCOPE:uvm_test_top.env.rknp_agt.sqr STREAM:3223}
  CREATE_STREAM @17635000 {NAME:seq_round_8_write T:Transactions SCOPE:uvm_test_top.env.rknp_agt.sqr STREAM:3467}
  CREATE_STREAM @0 {NAME:seq T:Transactions SCOPE:uvm_test_top.env.rknp_agt.sqr STREAM:1206}
  CREATE_STREAM @0 {NAME:seq T:Transactions SCOPE:uvm_test_top.env.rknp_agt.sqr STREAM:1206}
  CREATE_STREAM @0 {NAME:seq T:Transactions SCOPE:uvm_test_top.env.rknp_agt.sqr STREAM:1206}
  CREATE_STREAM @0 {NAME:seq T:Transactions SCOPE:uvm_test_top.env.rknp_agt.sqr STREAM:1206}
  CREATE_STREAM @0 {NAME:seq T:Transactions SCOPE:uvm_test_top.env.rknp_agt.sqr STREAM:1206}
  CREATE_STREAM @0 {NAME:seq T:Transactions SCOPE:uvm_test_top.env.rknp_agt.sqr STREAM:1206}
  CREATE_STREAM @0 {NAME:seq T:Transactions SCOPE:uvm_test_top.env.rknp_agt.sqr STREAM:1206}
  CREATE_STREAM @0 {NAME:seq T:Transactions SCOPE:uvm_test_top.env.rknp_agt.sqr STREAM:1206}
  CREATE_STREAM @0 {NAME:seq T:Transactions SCOPE:uvm_test_top.env.rknp_agt.sqr STREAM:1206}
  CREATE_STREAM @0 {NAME:seq T:Transactions SCOPE:uvm_test_top.env.rknp_agt.sqr STREAM:1206}
  CREATE_STREAM @0 {NAME:seq T:Transactions SCOPE:uvm_test_top.env.rknp_agt.sqr STREAM:1206}
  CREATE_STREAM @0 {NAME:seq T:Transactions SCOPE:uvm_test_top.env.rknp_agt.sqr STREAM:1206}
  CREATE_STREAM @0 {NAME:seq T:Transactions SCOPE:uvm_test_top.env.rknp_agt.sqr STREAM:1206}
  CREATE_STREAM @0 {NAME:seq_read_okay_1 T:Transactions SCOPE:uvm_test_top.env.rknp_agt.sqr STREAM:1385}
  CREATE_STREAM @205000 {NAME:seq_read_slverr T:Transactions SCOPE:uvm_test_top.env.rknp_agt.sqr STREAM:1479}
  CREATE_STREAM @335000 {NAME:seq_read_okay_2 T:Transactions SCOPE:uvm_test_top.env.rknp_agt.sqr STREAM:1522}
  CREATE_STREAM @475000 {NAME:seq_read_decerr T:Transactions SCOPE:uvm_test_top.env.rknp_agt.sqr STREAM:1565}
  CREATE_STREAM @645000 {NAME:seq_read_okay_3 T:Transactions SCOPE:uvm_test_top.env.rknp_agt.sqr STREAM:1608}
  CREATE_STREAM @765000 {NAME:seq_write_okay_1 T:Transactions SCOPE:uvm_test_top.env.rknp_agt.sqr STREAM:1651}
  CREATE_STREAM @855000 {NAME:seq_write_slverr T:Transactions SCOPE:uvm_test_top.env.rknp_agt.sqr STREAM:1702}
  CREATE_STREAM @945000 {NAME:seq_write_okay_2 T:Transactions SCOPE:uvm_test_top.env.rknp_agt.sqr STREAM:1753}
  CREATE_STREAM @1055000 {NAME:seq_write_decerr T:Transactions SCOPE:uvm_test_top.env.rknp_agt.sqr STREAM:1804}
  CREATE_STREAM @1175000 {NAME:seq_write_okay_3 T:Transactions SCOPE:uvm_test_top.env.rknp_agt.sqr STREAM:1855}
  CREATE_STREAM @0 {NAME:seq T:Transactions SCOPE:uvm_test_top.env.rknp_agt.sqr STREAM:1206}
  CREATE_STREAM @0 {NAME:before_reset_seq T:Transactions SCOPE:uvm_test_top.env.rknp_agt.sqr STREAM:1206}
  CREATE_STREAM @725000 {NAME:reset_seq T:Transactions SCOPE:uvm_test_top.env.vseqr STREAM:1298}
  CREATE_STREAM @785000 {NAME:after_reset_seq T:Transactions SCOPE:uvm_test_top.env.rknp_agt.sqr STREAM:1314}
  CREATE_STREAM @0 {NAME:seq T:Transactions SCOPE:uvm_test_top.env.rknp_agt.sqr STREAM:1206}
  CREATE_STREAM @0 {NAME:seq T:Transactions SCOPE:uvm_test_top.env.rknp_agt.sqr STREAM:1206}
  CREATE_STREAM @0 {NAME:seq T:Transactions SCOPE:uvm_test_top.env.rknp_agt.sqr STREAM:1206}
  CREATE_STREAM @0 {NAME:seq T:Transactions SCOPE:uvm_test_top.env.rknp_agt.sqr STREAM:1206}
  CREATE_STREAM @0 {NAME:seq T:Transactions SCOPE:uvm_test_top.env.rknp_agt.sqr STREAM:1206}
  CREATE_STREAM @0 {NAME:seq T:Transactions SCOPE:uvm_test_top.env.rknp_agt.sqr STREAM:1206}
  CREATE_STREAM @0 {NAME:seq T:Transactions SCOPE:uvm_test_top.env.rknp_agt.sqr STREAM:1206}
  CREATE_STREAM @0 {NAME:rd_seq T:Transactions SCOPE:uvm_test_top.env.rknp_agt.sqr STREAM:1206}
  CREATE_STREAM @0 {NAME:rd_seq T:Transactions SCOPE:uvm_test_top.env.rknp_agt.sqr STREAM:1206}
  CREATE_STREAM @0 {NAME:rd_seq T:Transactions SCOPE:uvm_test_top.env.rknp_agt.sqr STREAM:1206}
  CREATE_STREAM @0 {NAME:timeout_seq T:Transactions SCOPE:uvm_test_top.env.rknp_agt.sqr STREAM:1206}
  CREATE_STREAM @100060000 {NAME:normal_seq T:Transactions SCOPE:uvm_test_top.env.rknp_agt.sqr STREAM:1286}
  CREATE_STREAM @0 {NAME:seq T:Transactions SCOPE:uvm_test_top.env.rknp_agt.sqr STREAM:1206}
  CREATE_STREAM @0 {NAME:seq T:Transactions SCOPE:uvm_test_top.env.rknp_agt.sqr STREAM:1206}
  CREATE_STREAM @0 {NAME:seq T:Transactions SCOPE:uvm_test_top.env.rknp_agt.sqr STREAM:1206}
  CREATE_STREAM @0 {NAME:seq_round_0_write T:Transactions SCOPE:uvm_test_top.env.rknp_agt.sqr STREAM:1208}
  CREATE_STREAM @2235000 {NAME:seq_round_1_ read T:Transactions SCOPE:uvm_test_top.env.rknp_agt.sqr STREAM:1567}
  CREATE_STREAM @4435000 {NAME:seq_round_2_write T:Transactions SCOPE:uvm_test_top.env.rknp_agt.sqr STREAM:1811}
  CREATE_STREAM @6635000 {NAME:seq_round_3_ read T:Transactions SCOPE:uvm_test_top.env.rknp_agt.sqr STREAM:2119}
  CREATE_STREAM @8835000 {NAME:seq_round_4_write T:Transactions SCOPE:uvm_test_top.env.rknp_agt.sqr STREAM:2363}
  CREATE_STREAM @11035000 {NAME:seq_round_5_ read T:Transactions SCOPE:uvm_test_top.env.rknp_agt.sqr STREAM:2671}
  CREATE_STREAM @13235000 {NAME:seq_round_6_write T:Transactions SCOPE:uvm_test_top.env.rknp_agt.sqr STREAM:2915}
  CREATE_STREAM @15435000 {NAME:seq_round_7_ read T:Transactions SCOPE:uvm_test_top.env.rknp_agt.sqr STREAM:3223}
  CREATE_STREAM @17635000 {NAME:seq_round_8_write T:Transactions SCOPE:uvm_test_top.env.rknp_agt.sqr STREAM:3467}
  CREATE_STREAM @0 {NAME:seq T:Transactions SCOPE:uvm_test_top.env.rknp_agt.sqr STREAM:1206}
  CREATE_STREAM @0 {NAME:seq T:Transactions SCOPE:uvm_test_top.env.rknp_agt.sqr STREAM:1206}
  CREATE_STREAM @0 {NAME:seq T:Transactions SCOPE:uvm_test_top.env.rknp_agt.sqr STREAM:1206}
  CREATE_STREAM @0 {NAME:seq T:Transactions SCOPE:uvm_test_top.env.rknp_agt.sqr STREAM:1206}
  CREATE_STREAM @0 {NAME:seq T:Transactions SCOPE:uvm_test_top.env.rknp_agt.sqr STREAM:1206}
  CREATE_STREAM @0 {NAME:seq T:Transactions SCOPE:uvm_test_top.env.rknp_agt.sqr STREAM:1206}
  CREATE_STREAM @0 {NAME:seq T:Transactions SCOPE:uvm_test_top.env.rknp_agt.sqr STREAM:1206}
  CREATE_STREAM @0 {NAME:seq T:Transactions SCOPE:uvm_test_top.env.rknp_agt.sqr STREAM:1206}
  CREATE_STREAM @0 {NAME:seq T:Transactions SCOPE:uvm_test_top.env.rknp_agt.sqr STREAM:1206}
  CREATE_STREAM @0 {NAME:seq T:Transactions SCOPE:uvm_test_top.env.rknp_agt.sqr STREAM:1206}
  CREATE_STREAM @0 {NAME:seq T:Transactions SCOPE:uvm_test_top.env.rknp_agt.sqr STREAM:1206}
  CREATE_STREAM @0 {NAME:seq T:Transactions SCOPE:uvm_test_top.env.rknp_agt.sqr STREAM:1206}
  CREATE_STREAM @0 {NAME:seq T:Transactions SCOPE:uvm_test_top.env.rknp_agt.sqr STREAM:1206}
  CREATE_STREAM @0 {NAME:seq_read_okay_1 T:Transactions SCOPE:uvm_test_top.env.rknp_agt.sqr STREAM:1385}
  CREATE_STREAM @205000 {NAME:seq_read_slverr T:Transactions SCOPE:uvm_test_top.env.rknp_agt.sqr STREAM:1479}
  CREATE_STREAM @335000 {NAME:seq_read_okay_2 T:Transactions SCOPE:uvm_test_top.env.rknp_agt.sqr STREAM:1522}
  CREATE_STREAM @475000 {NAME:seq_read_decerr T:Transactions SCOPE:uvm_test_top.env.rknp_agt.sqr STREAM:1565}
  CREATE_STREAM @645000 {NAME:seq_read_okay_3 T:Transactions SCOPE:uvm_test_top.env.rknp_agt.sqr STREAM:1608}
  CREATE_STREAM @765000 {NAME:seq_write_okay_1 T:Transactions SCOPE:uvm_test_top.env.rknp_agt.sqr STREAM:1651}
  CREATE_STREAM @855000 {NAME:seq_write_slverr T:Transactions SCOPE:uvm_test_top.env.rknp_agt.sqr STREAM:1702}
  CREATE_STREAM @945000 {NAME:seq_write_okay_2 T:Transactions SCOPE:uvm_test_top.env.rknp_agt.sqr STREAM:1753}
  CREATE_STREAM @1055000 {NAME:seq_write_decerr T:Transactions SCOPE:uvm_test_top.env.rknp_agt.sqr STREAM:1804}
  CREATE_STREAM @1175000 {NAME:seq_write_okay_3 T:Transactions SCOPE:uvm_test_top.env.rknp_agt.sqr STREAM:1855}
  CREATE_STREAM @0 {NAME:seq T:Transactions SCOPE:uvm_test_top.env.rknp_agt.sqr STREAM:1206}
  CREATE_STREAM @0 {NAME:seq T:Transactions SCOPE:uvm_test_top.env.rknp_agt.sqr STREAM:1206}
  CREATE_STREAM @0 {NAME:before_reset_seq T:Transactions SCOPE:uvm_test_top.env.rknp_agt.sqr STREAM:1206}
  CREATE_STREAM @725000 {NAME:reset_seq T:Transactions SCOPE:uvm_test_top.env.vseqr STREAM:1298}
  CREATE_STREAM @785000 {NAME:after_reset_seq T:Transactions SCOPE:uvm_test_top.env.rknp_agt.sqr STREAM:1314}
  CREATE_STREAM @0 {NAME:seq T:Transactions SCOPE:uvm_test_top.env.rknp_agt.sqr STREAM:1206}
  CREATE_STREAM @0 {NAME:seq T:Transactions SCOPE:uvm_test_top.env.rknp_agt.sqr STREAM:1206}
  CREATE_STREAM @0 {NAME:seq T:Transactions SCOPE:uvm_test_top.env.rknp_agt.sqr STREAM:1206}
  CREATE_STREAM @0 {NAME:seq T:Transactions SCOPE:uvm_test_top.env.rknp_agt.sqr STREAM:1206}
  CREATE_STREAM @0 {NAME:seq T:Transactions SCOPE:uvm_test_top.env.rknp_agt.sqr STREAM:1206}
  CREATE_STREAM @0 {NAME:seq T:Transactions SCOPE:uvm_test_top.env.rknp_agt.sqr STREAM:1206}
  CREATE_STREAM @0 {NAME:seq T:Transactions SCOPE:uvm_test_top.env.rknp_agt.sqr STREAM:1206}
  CREATE_STREAM @0 {NAME:rd_seq T:Transactions SCOPE:uvm_test_top.env.rknp_agt.sqr STREAM:1206}
  CREATE_STREAM @0 {NAME:rd_seq T:Transactions SCOPE:uvm_test_top.env.rknp_agt.sqr STREAM:1206}
  CREATE_STREAM @0 {NAME:rd_seq T:Transactions SCOPE:uvm_test_top.env.rknp_agt.sqr STREAM:1206}
  CREATE_STREAM @0 {NAME:timeout_seq T:Transactions SCOPE:uvm_test_top.env.rknp_agt.sqr STREAM:1206}
  CREATE_STREAM @100060000 {NAME:normal_seq T:Transactions SCOPE:uvm_test_top.env.rknp_agt.sqr STREAM:1286}
  CREATE_STREAM @0 {NAME:seq T:Transactions SCOPE:uvm_test_top.env.rknp_agt.sqr STREAM:1206}
  CREATE_STREAM @0 {NAME:seq T:Transactions SCOPE:uvm_test_top.env.rknp_agt.sqr STREAM:1206}
  CREATE_STREAM @0 {NAME:seq T:Transactions SCOPE:uvm_test_top.env.rknp_agt.sqr STREAM:1206}
  CREATE_STREAM @0 {NAME:seq_round_0_write T:Transactions SCOPE:uvm_test_top.env.rknp_agt.sqr STREAM:1208}
  CREATE_STREAM @2235000 {NAME:seq_round_1_ read T:Transactions SCOPE:uvm_test_top.env.rknp_agt.sqr STREAM:1567}
  CREATE_STREAM @4435000 {NAME:seq_round_2_write T:Transactions SCOPE:uvm_test_top.env.rknp_agt.sqr STREAM:1811}
  CREATE_STREAM @6635000 {NAME:seq_round_3_ read T:Transactions SCOPE:uvm_test_top.env.rknp_agt.sqr STREAM:2119}
  CREATE_STREAM @8835000 {NAME:seq_round_4_write T:Transactions SCOPE:uvm_test_top.env.rknp_agt.sqr STREAM:2363}
  CREATE_STREAM @11035000 {NAME:seq_round_5_ read T:Transactions SCOPE:uvm_test_top.env.rknp_agt.sqr STREAM:2671}
  CREATE_STREAM @13235000 {NAME:seq_round_6_write T:Transactions SCOPE:uvm_test_top.env.rknp_agt.sqr STREAM:2915}
  CREATE_STREAM @15435000 {NAME:seq_round_7_ read T:Transactions SCOPE:uvm_test_top.env.rknp_agt.sqr STREAM:3223}
  CREATE_STREAM @17635000 {NAME:seq_round_8_write T:Transactions SCOPE:uvm_test_top.env.rknp_agt.sqr STREAM:3467}
  CREATE_STREAM @0 {NAME:seq T:Transactions SCOPE:uvm_test_top.env.rknp_agt.sqr STREAM:1206}
  CREATE_STREAM @0 {NAME:seq T:Transactions SCOPE:uvm_test_top.env.rknp_agt.sqr STREAM:1206}
  CREATE_STREAM @0 {NAME:seq T:Transactions SCOPE:uvm_test_top.env.rknp_agt.sqr STREAM:1206}
  CREATE_STREAM @0 {NAME:seq T:Transactions SCOPE:uvm_test_top.env.rknp_agt.sqr STREAM:1206}
  CREATE_STREAM @0 {NAME:seq T:Transactions SCOPE:uvm_test_top.env.rknp_agt.sqr STREAM:1206}
  CREATE_STREAM @0 {NAME:seq T:Transactions SCOPE:uvm_test_top.env.rknp_agt.sqr STREAM:1206}
  CREATE_STREAM @0 {NAME:seq T:Transactions SCOPE:uvm_test_top.env.rknp_agt.sqr STREAM:1206}
  CREATE_STREAM @0 {NAME:seq T:Transactions SCOPE:uvm_test_top.env.rknp_agt.sqr STREAM:1206}
  CREATE_STREAM @0 {NAME:seq T:Transactions SCOPE:uvm_test_top.env.rknp_agt.sqr STREAM:1206}
  CREATE_STREAM @0 {NAME:seq T:Transactions SCOPE:uvm_test_top.env.rknp_agt.sqr STREAM:1206}
  CREATE_STREAM @0 {NAME:seq T:Transactions SCOPE:uvm_test_top.env.rknp_agt.sqr STREAM:1206}
  CREATE_STREAM @0 {NAME:seq T:Transactions SCOPE:uvm_test_top.env.rknp_agt.sqr STREAM:1206}
  CREATE_STREAM @0 {NAME:seq T:Transactions SCOPE:uvm_test_top.env.rknp_agt.sqr STREAM:1206}
  CREATE_STREAM @0 {NAME:seq_read_okay_1 T:Transactions SCOPE:uvm_test_top.env.rknp_agt.sqr STREAM:1385}
  CREATE_STREAM @205000 {NAME:seq_read_slverr T:Transactions SCOPE:uvm_test_top.env.rknp_agt.sqr STREAM:1479}
  CREATE_STREAM @335000 {NAME:seq_read_okay_2 T:Transactions SCOPE:uvm_test_top.env.rknp_agt.sqr STREAM:1522}
  CREATE_STREAM @475000 {NAME:seq_read_decerr T:Transactions SCOPE:uvm_test_top.env.rknp_agt.sqr STREAM:1565}
  CREATE_STREAM @645000 {NAME:seq_read_okay_3 T:Transactions SCOPE:uvm_test_top.env.rknp_agt.sqr STREAM:1608}
  CREATE_STREAM @765000 {NAME:seq_write_okay_1 T:Transactions SCOPE:uvm_test_top.env.rknp_agt.sqr STREAM:1651}
  CREATE_STREAM @855000 {NAME:seq_write_slverr T:Transactions SCOPE:uvm_test_top.env.rknp_agt.sqr STREAM:1702}
  CREATE_STREAM @945000 {NAME:seq_write_okay_2 T:Transactions SCOPE:uvm_test_top.env.rknp_agt.sqr STREAM:1753}
  CREATE_STREAM @1055000 {NAME:seq_write_decerr T:Transactions SCOPE:uvm_test_top.env.rknp_agt.sqr STREAM:1804}
  CREATE_STREAM @1175000 {NAME:seq_write_okay_3 T:Transactions SCOPE:uvm_test_top.env.rknp_agt.sqr STREAM:1855}
  CREATE_STREAM @0 {NAME:seq T:Transactions SCOPE:uvm_test_top.env.rknp_agt.sqr STREAM:1206}
  CREATE_STREAM @0 {NAME:before_reset_seq T:Transactions SCOPE:uvm_test_top.env.rknp_agt.sqr STREAM:1206}
  CREATE_STREAM @725000 {NAME:reset_seq T:Transactions SCOPE:uvm_test_top.env.vseqr STREAM:1298}
  CREATE_STREAM @785000 {NAME:after_reset_seq T:Transactions SCOPE:uvm_test_top.env.rknp_agt.sqr STREAM:1314}
  CREATE_STREAM @0 {NAME:seq T:Transactions SCOPE:uvm_test_top.env.rknp_agt.sqr STREAM:1206}
  CREATE_STREAM @0 {NAME:seq T:Transactions SCOPE:uvm_test_top.env.rknp_agt.sqr STREAM:1206}
  CREATE_STREAM @0 {NAME:seq T:Transactions SCOPE:uvm_test_top.env.rknp_agt.sqr STREAM:1206}
  CREATE_STREAM @0 {NAME:seq T:Transactions SCOPE:uvm_test_top.env.rknp_agt.sqr STREAM:1206}
  CREATE_STREAM @0 {NAME:seq T:Transactions SCOPE:uvm_test_top.env.rknp_agt.sqr STREAM:1206}
  CREATE_STREAM @0 {NAME:seq T:Transactions SCOPE:uvm_test_top.env.rknp_agt.sqr STREAM:1206}
  CREATE_STREAM @0 {NAME:seq T:Transactions SCOPE:uvm_test_top.env.rknp_agt.sqr STREAM:1206}
  CREATE_STREAM @0 {NAME:rd_seq T:Transactions SCOPE:uvm_test_top.env.rknp_agt.sqr STREAM:1206}
  CREATE_STREAM @0 {NAME:rd_seq T:Transactions SCOPE:uvm_test_top.env.rknp_agt.sqr STREAM:1206}
  CREATE_STREAM @0 {NAME:rd_seq T:Transactions SCOPE:uvm_test_top.env.rknp_agt.sqr STREAM:1206}
  CREATE_STREAM @0 {NAME:timeout_seq T:Transactions SCOPE:uvm_test_top.env.rknp_agt.sqr STREAM:1206}
  CREATE_STREAM @100060000 {NAME:normal_seq T:Transactions SCOPE:uvm_test_top.env.rknp_agt.sqr STREAM:1286}
  CREATE_STREAM @0 {NAME:seq T:Transactions SCOPE:uvm_test_top.env.rknp_agt.sqr STREAM:1206}
  CREATE_STREAM @0 {NAME:seq T:Transactions SCOPE:uvm_test_top.env.rknp_agt.sqr STREAM:1206}
  CREATE_STREAM @0 {NAME:seq T:Transactions SCOPE:uvm_test_top.env.rknp_agt.sqr STREAM:1206}
  CREATE_STREAM @0 {NAME:seq_round_0_write T:Transactions SCOPE:uvm_test_top.env.rknp_agt.sqr STREAM:1208}
  CREATE_STREAM @2235000 {NAME:seq_round_1_ read T:Transactions SCOPE:uvm_test_top.env.rknp_agt.sqr STREAM:1567}
  CREATE_STREAM @4435000 {NAME:seq_round_2_write T:Transactions SCOPE:uvm_test_top.env.rknp_agt.sqr STREAM:1811}
  CREATE_STREAM @6635000 {NAME:seq_round_3_ read T:Transactions SCOPE:uvm_test_top.env.rknp_agt.sqr STREAM:2119}
  CREATE_STREAM @8835000 {NAME:seq_round_4_write T:Transactions SCOPE:uvm_test_top.env.rknp_agt.sqr STREAM:2363}
  CREATE_STREAM @11035000 {NAME:seq_round_5_ read T:Transactions SCOPE:uvm_test_top.env.rknp_agt.sqr STREAM:2671}
  CREATE_STREAM @13235000 {NAME:seq_round_6_write T:Transactions SCOPE:uvm_test_top.env.rknp_agt.sqr STREAM:2915}
  CREATE_STREAM @15435000 {NAME:seq_round_7_ read T:Transactions SCOPE:uvm_test_top.env.rknp_agt.sqr STREAM:3223}
  CREATE_STREAM @17635000 {NAME:seq_round_8_write T:Transactions SCOPE:uvm_test_top.env.rknp_agt.sqr STREAM:3467}
  CREATE_STREAM @0 {NAME:seq T:Transactions SCOPE:uvm_test_top.env.rknp_agt.sqr STREAM:1206}
  CREATE_STREAM @0 {NAME:seq T:Transactions SCOPE:uvm_test_top.env.rknp_agt.sqr STREAM:1206}
  CREATE_STREAM @0 {NAME:seq T:Transactions SCOPE:uvm_test_top.env.rknp_agt.sqr STREAM:1206}
  CREATE_STREAM @0 {NAME:seq T:Transactions SCOPE:uvm_test_top.env.rknp_agt.sqr STREAM:1206}
  CREATE_STREAM @0 {NAME:seq T:Transactions SCOPE:uvm_test_top.env.rknp_agt.sqr STREAM:1206}
  CREATE_STREAM @0 {NAME:seq T:Transactions SCOPE:uvm_test_top.env.rknp_agt.sqr STREAM:1206}
  CREATE_STREAM @0 {NAME:seq T:Transactions SCOPE:uvm_test_top.env.rknp_agt.sqr STREAM:1206}
  CREATE_STREAM @0 {NAME:seq T:Transactions SCOPE:uvm_test_top.env.rknp_agt.sqr STREAM:1206}
  CREATE_STREAM @0 {NAME:seq T:Transactions SCOPE:uvm_test_top.env.rknp_agt.sqr STREAM:1206}
  CREATE_STREAM @0 {NAME:seq T:Transactions SCOPE:uvm_test_top.env.rknp_agt.sqr STREAM:1206}
  CREATE_STREAM @0 {NAME:seq T:Transactions SCOPE:uvm_test_top.env.rknp_agt.sqr STREAM:1206}
  CREATE_STREAM @0 {NAME:seq T:Transactions SCOPE:uvm_test_top.env.rknp_agt.sqr STREAM:1206}
  CREATE_STREAM @0 {NAME:seq T:Transactions SCOPE:uvm_test_top.env.rknp_agt.sqr STREAM:1206}
  CREATE_STREAM @0 {NAME:seq_read_okay_1 T:Transactions SCOPE:uvm_test_top.env.rknp_agt.sqr STREAM:1385}
  CREATE_STREAM @205000 {NAME:seq_read_slverr T:Transactions SCOPE:uvm_test_top.env.rknp_agt.sqr STREAM:1479}
  CREATE_STREAM @335000 {NAME:seq_read_okay_2 T:Transactions SCOPE:uvm_test_top.env.rknp_agt.sqr STREAM:1522}
  CREATE_STREAM @475000 {NAME:seq_read_decerr T:Transactions SCOPE:uvm_test_top.env.rknp_agt.sqr STREAM:1565}
  CREATE_STREAM @645000 {NAME:seq_read_okay_3 T:Transactions SCOPE:uvm_test_top.env.rknp_agt.sqr STREAM:1608}
  CREATE_STREAM @765000 {NAME:seq_write_okay_1 T:Transactions SCOPE:uvm_test_top.env.rknp_agt.sqr STREAM:1651}
  CREATE_STREAM @855000 {NAME:seq_write_slverr T:Transactions SCOPE:uvm_test_top.env.rknp_agt.sqr STREAM:1702}
  CREATE_STREAM @945000 {NAME:seq_write_okay_2 T:Transactions SCOPE:uvm_test_top.env.rknp_agt.sqr STREAM:1753}
  CREATE_STREAM @1055000 {NAME:seq_write_decerr T:Transactions SCOPE:uvm_test_top.env.rknp_agt.sqr STREAM:1804}
  CREATE_STREAM @1175000 {NAME:seq_write_okay_3 T:Transactions SCOPE:uvm_test_top.env.rknp_agt.sqr STREAM:1855}
  CREATE_STREAM @0 {NAME:seq T:Transactions SCOPE:uvm_test_top.env.rknp_agt.sqr STREAM:1206}
  CREATE_STREAM @0 {NAME:before_reset_seq T:Transactions SCOPE:uvm_test_top.env.rknp_agt.sqr STREAM:1206}
  CREATE_STREAM @725000 {NAME:reset_seq T:Transactions SCOPE:uvm_test_top.env.vseqr STREAM:1298}
  CREATE_STREAM @785000 {NAME:after_reset_seq T:Transactions SCOPE:uvm_test_top.env.rknp_agt.sqr STREAM:1314}
  CREATE_STREAM @0 {NAME:seq T:Transactions SCOPE:uvm_test_top.env.rknp_agt.sqr STREAM:1206}
  CREATE_STREAM @0 {NAME:seq T:Transactions SCOPE:uvm_test_top.env.rknp_agt.sqr STREAM:1206}
  CREATE_STREAM @0 {NAME:seq T:Transactions SCOPE:uvm_test_top.env.rknp_agt.sqr STREAM:1206}
  CREATE_STREAM @0 {NAME:seq T:Transactions SCOPE:uvm_test_top.env.rknp_agt.sqr STREAM:1206}
  CREATE_STREAM @0 {NAME:seq T:Transactions SCOPE:uvm_test_top.env.rknp_agt.sqr STREAM:1206}
  CREATE_STREAM @0 {NAME:seq T:Transactions SCOPE:uvm_test_top.env.rknp_agt.sqr STREAM:1206}
  CREATE_STREAM @0 {NAME:seq T:Transactions SCOPE:uvm_test_top.env.rknp_agt.sqr STREAM:1206}
  CREATE_STREAM @0 {NAME:rd_seq T:Transactions SCOPE:uvm_test_top.env.rknp_agt.sqr STREAM:1206}
  CREATE_STREAM @0 {NAME:rd_seq T:Transactions SCOPE:uvm_test_top.env.rknp_agt.sqr STREAM:1206}
  CREATE_STREAM @0 {NAME:rd_seq T:Transactions SCOPE:uvm_test_top.env.rknp_agt.sqr STREAM:1206}
  CREATE_STREAM @0 {NAME:timeout_seq T:Transactions SCOPE:uvm_test_top.env.rknp_agt.sqr STREAM:1206}
  CREATE_STREAM @100060000 {NAME:normal_seq T:Transactions SCOPE:uvm_test_top.env.rknp_agt.sqr STREAM:1286}
  CREATE_STREAM @0 {NAME:seq T:Transactions SCOPE:uvm_test_top.env.rknp_agt.sqr STREAM:1206}
  CREATE_STREAM @0 {NAME:seq T:Transactions SCOPE:uvm_test_top.env.rknp_agt.sqr STREAM:1206}
  CREATE_STREAM @0 {NAME:seq T:Transactions SCOPE:uvm_test_top.env.rknp_agt.sqr STREAM:1206}
  CREATE_STREAM @0 {NAME:seq_round_0_write T:Transactions SCOPE:uvm_test_top.env.rknp_agt.sqr STREAM:1208}
  CREATE_STREAM @2235000 {NAME:seq_round_1_ read T:Transactions SCOPE:uvm_test_top.env.rknp_agt.sqr STREAM:1567}
  CREATE_STREAM @4435000 {NAME:seq_round_2_write T:Transactions SCOPE:uvm_test_top.env.rknp_agt.sqr STREAM:1811}
  CREATE_STREAM @6635000 {NAME:seq_round_3_ read T:Transactions SCOPE:uvm_test_top.env.rknp_agt.sqr STREAM:2119}
  CREATE_STREAM @8835000 {NAME:seq_round_4_write T:Transactions SCOPE:uvm_test_top.env.rknp_agt.sqr STREAM:2363}
  CREATE_STREAM @11035000 {NAME:seq_round_5_ read T:Transactions SCOPE:uvm_test_top.env.rknp_agt.sqr STREAM:2671}
  CREATE_STREAM @13235000 {NAME:seq_round_6_write T:Transactions SCOPE:uvm_test_top.env.rknp_agt.sqr STREAM:2915}
  CREATE_STREAM @15435000 {NAME:seq_round_7_ read T:Transactions SCOPE:uvm_test_top.env.rknp_agt.sqr STREAM:3223}
  CREATE_STREAM @17635000 {NAME:seq_round_8_write T:Transactions SCOPE:uvm_test_top.env.rknp_agt.sqr STREAM:3467}
  CREATE_STREAM @0 {NAME:seq T:Transactions SCOPE:uvm_test_top.env.rknp_agt.sqr STREAM:1206}
  CREATE_STREAM @0 {NAME:seq T:Transactions SCOPE:uvm_test_top.env.rknp_agt.sqr STREAM:1206}
  CREATE_STREAM @0 {NAME:seq T:Transactions SCOPE:uvm_test_top.env.rknp_agt.sqr STREAM:1206}
  CREATE_STREAM @0 {NAME:seq T:Transactions SCOPE:uvm_test_top.env.rknp_agt.sqr STREAM:1206}
  CREATE_STREAM @0 {NAME:seq T:Transactions SCOPE:uvm_test_top.env.rknp_agt.sqr STREAM:1206}
  CREATE_STREAM @0 {NAME:seq T:Transactions SCOPE:uvm_test_top.env.rknp_agt.sqr STREAM:1206}
  CREATE_STREAM @0 {NAME:seq T:Transactions SCOPE:uvm_test_top.env.rknp_agt.sqr STREAM:1206}
  CREATE_STREAM @0 {NAME:seq T:Transactions SCOPE:uvm_test_top.env.rknp_agt.sqr STREAM:1206}
  CREATE_STREAM @0 {NAME:seq T:Transactions SCOPE:uvm_test_top.env.rknp_agt.sqr STREAM:1206}
  CREATE_STREAM @0 {NAME:seq T:Transactions SCOPE:uvm_test_top.env.rknp_agt.sqr STREAM:1206}
  CREATE_STREAM @0 {NAME:seq T:Transactions SCOPE:uvm_test_top.env.rknp_agt.sqr STREAM:1206}
  CREATE_STREAM @0 {NAME:seq T:Transactions SCOPE:uvm_test_top.env.rknp_agt.sqr STREAM:1206}
  CREATE_STREAM @0 {NAME:seq T:Transactions SCOPE:uvm_test_top.env.rknp_agt.sqr STREAM:1206}
  CREATE_STREAM @0 {NAME:seq_read_okay_1 T:Transactions SCOPE:uvm_test_top.env.rknp_agt.sqr STREAM:1385}
  CREATE_STREAM @205000 {NAME:seq_read_slverr T:Transactions SCOPE:uvm_test_top.env.rknp_agt.sqr STREAM:1479}
  CREATE_STREAM @335000 {NAME:seq_read_okay_2 T:Transactions SCOPE:uvm_test_top.env.rknp_agt.sqr STREAM:1522}
  CREATE_STREAM @475000 {NAME:seq_read_decerr T:Transactions SCOPE:uvm_test_top.env.rknp_agt.sqr STREAM:1565}
  CREATE_STREAM @645000 {NAME:seq_read_okay_3 T:Transactions SCOPE:uvm_test_top.env.rknp_agt.sqr STREAM:1608}
  CREATE_STREAM @765000 {NAME:seq_write_okay_1 T:Transactions SCOPE:uvm_test_top.env.rknp_agt.sqr STREAM:1651}
  CREATE_STREAM @855000 {NAME:seq_write_slverr T:Transactions SCOPE:uvm_test_top.env.rknp_agt.sqr STREAM:1702}
  CREATE_STREAM @945000 {NAME:seq_write_okay_2 T:Transactions SCOPE:uvm_test_top.env.rknp_agt.sqr STREAM:1753}
  CREATE_STREAM @1055000 {NAME:seq_write_decerr T:Transactions SCOPE:uvm_test_top.env.rknp_agt.sqr STREAM:1804}
  CREATE_STREAM @1175000 {NAME:seq_write_okay_3 T:Transactions SCOPE:uvm_test_top.env.rknp_agt.sqr STREAM:1855}
  CREATE_STREAM @0 {NAME:seq T:Transactions SCOPE:uvm_test_top.env.rknp_agt.sqr STREAM:1206}
  CREATE_STREAM @0 {NAME:before_reset_seq T:Transactions SCOPE:uvm_test_top.env.rknp_agt.sqr STREAM:1206}
  CREATE_STREAM @725000 {NAME:reset_seq T:Transactions SCOPE:uvm_test_top.env.vseqr STREAM:1298}
  CREATE_STREAM @785000 {NAME:after_reset_seq T:Transactions SCOPE:uvm_test_top.env.rknp_agt.sqr STREAM:1314}
  CREATE_STREAM @0 {NAME:seq T:Transactions SCOPE:uvm_test_top.env.rknp_agt.sqr STREAM:1206}
  CREATE_STREAM @0 {NAME:seq T:Transactions SCOPE:uvm_test_top.env.rknp_agt.sqr STREAM:1206}
  CREATE_STREAM @0 {NAME:seq T:Transactions SCOPE:uvm_test_top.env.rknp_agt.sqr STREAM:1206}
  CREATE_STREAM @0 {NAME:seq T:Transactions SCOPE:uvm_test_top.env.rknp_agt.sqr STREAM:1206}
  CREATE_STREAM @0 {NAME:seq T:Transactions SCOPE:uvm_test_top.env.rknp_agt.sqr STREAM:1206}
  CREATE_STREAM @0 {NAME:seq T:Transactions SCOPE:uvm_test_top.env.rknp_agt.sqr STREAM:1206}
  CREATE_STREAM @0 {NAME:seq T:Transactions SCOPE:uvm_test_top.env.rknp_agt.sqr STREAM:1206}
  CREATE_STREAM @0 {NAME:rd_seq T:Transactions SCOPE:uvm_test_top.env.rknp_agt.sqr STREAM:1206}
  CREATE_STREAM @0 {NAME:rd_seq T:Transactions SCOPE:uvm_test_top.env.rknp_agt.sqr STREAM:1206}
  CREATE_STREAM @0 {NAME:rd_seq T:Transactions SCOPE:uvm_test_top.env.rknp_agt.sqr STREAM:1206}
  CREATE_STREAM @0 {NAME:timeout_seq T:Transactions SCOPE:uvm_test_top.env.rknp_agt.sqr STREAM:1206}
  CREATE_STREAM @100060000 {NAME:normal_seq T:Transactions SCOPE:uvm_test_top.env.rknp_agt.sqr STREAM:1286}
  CREATE_STREAM @0 {NAME:seq T:Transactions SCOPE:uvm_test_top.env.rknp_agt.sqr STREAM:1206}
  CREATE_STREAM @0 {NAME:seq T:Transactions SCOPE:uvm_test_top.env.rknp_agt.sqr STREAM:1206}
  CREATE_STREAM @0 {NAME:seq T:Transactions SCOPE:uvm_test_top.env.rknp_agt.sqr STREAM:1206}
  CREATE_STREAM @0 {NAME:seq_round_0_write T:Transactions SCOPE:uvm_test_top.env.rknp_agt.sqr STREAM:1208}
  CREATE_STREAM @2235000 {NAME:seq_round_1_ read T:Transactions SCOPE:uvm_test_top.env.rknp_agt.sqr STREAM:1567}
  CREATE_STREAM @4435000 {NAME:seq_round_2_write T:Transactions SCOPE:uvm_test_top.env.rknp_agt.sqr STREAM:1811}
  CREATE_STREAM @6635000 {NAME:seq_round_3_ read T:Transactions SCOPE:uvm_test_top.env.rknp_agt.sqr STREAM:2119}
  CREATE_STREAM @8835000 {NAME:seq_round_4_write T:Transactions SCOPE:uvm_test_top.env.rknp_agt.sqr STREAM:2363}
  CREATE_STREAM @11035000 {NAME:seq_round_5_ read T:Transactions SCOPE:uvm_test_top.env.rknp_agt.sqr STREAM:2671}
  CREATE_STREAM @13235000 {NAME:seq_round_6_write T:Transactions SCOPE:uvm_test_top.env.rknp_agt.sqr STREAM:2915}
  CREATE_STREAM @15435000 {NAME:seq_round_7_ read T:Transactions SCOPE:uvm_test_top.env.rknp_agt.sqr STREAM:3223}
  CREATE_STREAM @17635000 {NAME:seq_round_8_write T:Transactions SCOPE:uvm_test_top.env.rknp_agt.sqr STREAM:3467}
  CREATE_STREAM @0 {NAME:seq T:Transactions SCOPE:uvm_test_top.env.rknp_agt.sqr STREAM:1206}
  CREATE_STREAM @0 {NAME:seq T:Transactions SCOPE:uvm_test_top.env.rknp_agt.sqr STREAM:1206}
  CREATE_STREAM @0 {NAME:seq T:Transactions SCOPE:uvm_test_top.env.rknp_agt.sqr STREAM:1206}
  CREATE_STREAM @0 {NAME:seq T:Transactions SCOPE:uvm_test_top.env.rknp_agt.sqr STREAM:1206}
  CREATE_STREAM @0 {NAME:seq T:Transactions SCOPE:uvm_test_top.env.rknp_agt.sqr STREAM:1206}
  CREATE_STREAM @0 {NAME:seq T:Transactions SCOPE:uvm_test_top.env.rknp_agt.sqr STREAM:1206}
  CREATE_STREAM @0 {NAME:seq T:Transactions SCOPE:uvm_test_top.env.rknp_agt.sqr STREAM:1206}
  CREATE_STREAM @0 {NAME:seq T:Transactions SCOPE:uvm_test_top.env.rknp_agt.sqr STREAM:1206}
  CREATE_STREAM @0 {NAME:seq T:Transactions SCOPE:uvm_test_top.env.rknp_agt.sqr STREAM:1206}
  CREATE_STREAM @0 {NAME:seq T:Transactions SCOPE:uvm_test_top.env.rknp_agt.sqr STREAM:1206}
  CREATE_STREAM @0 {NAME:seq T:Transactions SCOPE:uvm_test_top.env.rknp_agt.sqr STREAM:1206}
  CREATE_STREAM @0 {NAME:seq T:Transactions SCOPE:uvm_test_top.env.rknp_agt.sqr STREAM:1206}
  CREATE_STREAM @0 {NAME:seq T:Transactions SCOPE:uvm_test_top.env.rknp_agt.sqr STREAM:1206}
  CREATE_STREAM @0 {NAME:seq_read_okay_1 T:Transactions SCOPE:uvm_test_top.env.rknp_agt.sqr STREAM:1385}
  CREATE_STREAM @205000 {NAME:seq_read_slverr T:Transactions SCOPE:uvm_test_top.env.rknp_agt.sqr STREAM:1479}
  CREATE_STREAM @335000 {NAME:seq_read_okay_2 T:Transactions SCOPE:uvm_test_top.env.rknp_agt.sqr STREAM:1522}
  CREATE_STREAM @475000 {NAME:seq_read_decerr T:Transactions SCOPE:uvm_test_top.env.rknp_agt.sqr STREAM:1565}
  CREATE_STREAM @645000 {NAME:seq_read_okay_3 T:Transactions SCOPE:uvm_test_top.env.rknp_agt.sqr STREAM:1608}
  CREATE_STREAM @765000 {NAME:seq_write_okay_1 T:Transactions SCOPE:uvm_test_top.env.rknp_agt.sqr STREAM:1651}
  CREATE_STREAM @855000 {NAME:seq_write_slverr T:Transactions SCOPE:uvm_test_top.env.rknp_agt.sqr STREAM:1702}
  CREATE_STREAM @945000 {NAME:seq_write_okay_2 T:Transactions SCOPE:uvm_test_top.env.rknp_agt.sqr STREAM:1753}
  CREATE_STREAM @1055000 {NAME:seq_write_decerr T:Transactions SCOPE:uvm_test_top.env.rknp_agt.sqr STREAM:1804}
  CREATE_STREAM @1175000 {NAME:seq_write_okay_3 T:Transactions SCOPE:uvm_test_top.env.rknp_agt.sqr STREAM:1855}
  CREATE_STREAM @0 {NAME:seq T:Transactions SCOPE:uvm_test_top.env.rknp_agt.sqr STREAM:1206}
  CREATE_STREAM @0 {NAME:before_reset_seq T:Transactions SCOPE:uvm_test_top.env.rknp_agt.sqr STREAM:1206}
  CREATE_STREAM @565000 {NAME:reset_seq T:Transactions SCOPE:uvm_test_top.env.vseqr STREAM:1298}
  CREATE_STREAM @625000 {NAME:after_reset_seq T:Transactions SCOPE:uvm_test_top.env.rknp_agt.sqr STREAM:1314}
  CREATE_STREAM @0 {NAME:seq T:Transactions SCOPE:uvm_test_top.env.rknp_agt.sqr STREAM:1206}
  CREATE_STREAM @0 {NAME:seq T:Transactions SCOPE:uvm_test_top.env.rknp_agt.sqr STREAM:1206}
  CREATE_STREAM @0 {NAME:seq T:Transactions SCOPE:uvm_test_top.env.rknp_agt.sqr STREAM:1206}
  CREATE_STREAM @0 {NAME:seq T:Transactions SCOPE:uvm_test_top.env.rknp_agt.sqr STREAM:1206}
  CREATE_STREAM @0 {NAME:seq T:Transactions SCOPE:uvm_test_top.env.rknp_agt.sqr STREAM:1206}
  CREATE_STREAM @0 {NAME:seq T:Transactions SCOPE:uvm_test_top.env.rknp_agt.sqr STREAM:1206}
  CREATE_STREAM @0 {NAME:seq T:Transactions SCOPE:uvm_test_top.env.rknp_agt.sqr STREAM:1206}
  CREATE_STREAM @0 {NAME:rd_seq T:Transactions SCOPE:uvm_test_top.env.rknp_agt.sqr STREAM:1206}
  CREATE_STREAM @0 {NAME:rd_seq T:Transactions SCOPE:uvm_test_top.env.rknp_agt.sqr STREAM:1206}
  CREATE_STREAM @0 {NAME:rd_seq T:Transactions SCOPE:uvm_test_top.env.rknp_agt.sqr STREAM:1206}
  CREATE_STREAM @0 {NAME:timeout_seq T:Transactions SCOPE:uvm_test_top.env.rknp_agt.sqr STREAM:1206}
  CREATE_STREAM @100060000 {NAME:normal_seq T:Transactions SCOPE:uvm_test_top.env.rknp_agt.sqr STREAM:1286}
  CREATE_STREAM @0 {NAME:seq T:Transactions SCOPE:uvm_test_top.env.rknp_agt.sqr STREAM:1206}
  CREATE_STREAM @0 {NAME:seq T:Transactions SCOPE:uvm_test_top.env.rknp_agt.sqr STREAM:1206}
  CREATE_STREAM @0 {NAME:seq T:Transactions SCOPE:uvm_test_top.env.rknp_agt.sqr STREAM:1206}
  CREATE_STREAM @0 {NAME:seq_round_0_write T:Transactions SCOPE:uvm_test_top.env.rknp_agt.sqr STREAM:1208}
  CREATE_STREAM @2235000 {NAME:seq_round_1_ read T:Transactions SCOPE:uvm_test_top.env.rknp_agt.sqr STREAM:1567}
  CREATE_STREAM @4435000 {NAME:seq_round_2_write T:Transactions SCOPE:uvm_test_top.env.rknp_agt.sqr STREAM:1811}
  CREATE_STREAM @6635000 {NAME:seq_round_3_ read T:Transactions SCOPE:uvm_test_top.env.rknp_agt.sqr STREAM:2119}
  CREATE_STREAM @8835000 {NAME:seq_round_4_write T:Transactions SCOPE:uvm_test_top.env.rknp_agt.sqr STREAM:2363}
  CREATE_STREAM @11035000 {NAME:seq_round_5_ read T:Transactions SCOPE:uvm_test_top.env.rknp_agt.sqr STREAM:2671}
  CREATE_STREAM @13235000 {NAME:seq_round_6_write T:Transactions SCOPE:uvm_test_top.env.rknp_agt.sqr STREAM:2915}
  CREATE_STREAM @15435000 {NAME:seq_round_7_ read T:Transactions SCOPE:uvm_test_top.env.rknp_agt.sqr STREAM:3223}
  CREATE_STREAM @17635000 {NAME:seq_round_8_write T:Transactions SCOPE:uvm_test_top.env.rknp_agt.sqr STREAM:3467}
  CREATE_STREAM @0 {NAME:seq T:Transactions SCOPE:uvm_test_top.env.rknp_agt.sqr STREAM:1206}
  CREATE_STREAM @0 {NAME:seq T:Transactions SCOPE:uvm_test_top.env.rknp_agt.sqr STREAM:1206}
  CREATE_STREAM @0 {NAME:seq T:Transactions SCOPE:uvm_test_top.env.rknp_agt.sqr STREAM:1206}
  CREATE_STREAM @0 {NAME:seq T:Transactions SCOPE:uvm_test_top.env.rknp_agt.sqr STREAM:1206}
  CREATE_STREAM @0 {NAME:seq T:Transactions SCOPE:uvm_test_top.env.rknp_agt.sqr STREAM:1206}
  CREATE_STREAM @0 {NAME:seq T:Transactions SCOPE:uvm_test_top.env.rknp_agt.sqr STREAM:1206}
  CREATE_STREAM @0 {NAME:seq T:Transactions SCOPE:uvm_test_top.env.rknp_agt.sqr STREAM:1206}
  CREATE_STREAM @0 {NAME:seq T:Transactions SCOPE:uvm_test_top.env.rknp_agt.sqr STREAM:1206}
  CREATE_STREAM @0 {NAME:seq T:Transactions SCOPE:uvm_test_top.env.rknp_agt.sqr STREAM:1206}
  CREATE_STREAM @0 {NAME:seq T:Transactions SCOPE:uvm_test_top.env.rknp_agt.sqr STREAM:1206}
  CREATE_STREAM @0 {NAME:seq T:Transactions SCOPE:uvm_test_top.env.rknp_agt.sqr STREAM:1206}
  CREATE_STREAM @0 {NAME:seq T:Transactions SCOPE:uvm_test_top.env.rknp_agt.sqr STREAM:1206}
  CREATE_STREAM @0 {NAME:seq T:Transactions SCOPE:uvm_test_top.env.rknp_agt.sqr STREAM:1206}
  CREATE_STREAM @0 {NAME:seq_read_okay_1 T:Transactions SCOPE:uvm_test_top.env.rknp_agt.sqr STREAM:1385}
  CREATE_STREAM @185000 {NAME:seq_read_slverr T:Transactions SCOPE:uvm_test_top.env.rknp_agt.sqr STREAM:1479}
  CREATE_STREAM @285000 {NAME:seq_read_okay_2 T:Transactions SCOPE:uvm_test_top.env.rknp_agt.sqr STREAM:1522}
  CREATE_STREAM @415000 {NAME:seq_read_decerr T:Transactions SCOPE:uvm_test_top.env.rknp_agt.sqr STREAM:1565}
  CREATE_STREAM @565000 {NAME:seq_read_okay_3 T:Transactions SCOPE:uvm_test_top.env.rknp_agt.sqr STREAM:1608}
  CREATE_STREAM @665000 {NAME:seq_write_okay_1 T:Transactions SCOPE:uvm_test_top.env.rknp_agt.sqr STREAM:1651}
  CREATE_STREAM @755000 {NAME:seq_write_slverr T:Transactions SCOPE:uvm_test_top.env.rknp_agt.sqr STREAM:1702}
  CREATE_STREAM @845000 {NAME:seq_write_okay_2 T:Transactions SCOPE:uvm_test_top.env.rknp_agt.sqr STREAM:1753}
  CREATE_STREAM @955000 {NAME:seq_write_decerr T:Transactions SCOPE:uvm_test_top.env.rknp_agt.sqr STREAM:1804}
  CREATE_STREAM @1075000 {NAME:seq_write_okay_3 T:Transactions SCOPE:uvm_test_top.env.rknp_agt.sqr STREAM:1855}
  CREATE_STREAM @0 {NAME:seq T:Transactions SCOPE:uvm_test_top.env.rknp_agt.sqr STREAM:1206}
  CREATE_STREAM @0 {NAME:before_reset_seq T:Transactions SCOPE:uvm_test_top.env.rknp_agt.sqr STREAM:1206}
  CREATE_STREAM @565000 {NAME:reset_seq T:Transactions SCOPE:uvm_test_top.env.vseqr STREAM:1298}
  CREATE_STREAM @625000 {NAME:after_reset_seq T:Transactions SCOPE:uvm_test_top.env.rknp_agt.sqr STREAM:1314}
  CREATE_STREAM @0 {NAME:seq T:Transactions SCOPE:uvm_test_top.env.rknp_agt.sqr STREAM:1206}
  CREATE_STREAM @0 {NAME:seq T:Transactions SCOPE:uvm_test_top.env.rknp_agt.sqr STREAM:1206}
  CREATE_STREAM @0 {NAME:seq T:Transactions SCOPE:uvm_test_top.env.rknp_agt.sqr STREAM:1206}
  CREATE_STREAM @0 {NAME:seq T:Transactions SCOPE:uvm_test_top.env.rknp_agt.sqr STREAM:1206}
  CREATE_STREAM @0 {NAME:seq T:Transactions SCOPE:uvm_test_top.env.rknp_agt.sqr STREAM:1206}
  CREATE_STREAM @0 {NAME:seq T:Transactions SCOPE:uvm_test_top.env.rknp_agt.sqr STREAM:1206}
  CREATE_STREAM @0 {NAME:seq T:Transactions SCOPE:uvm_test_top.env.rknp_agt.sqr STREAM:1206}
  CREATE_STREAM @0 {NAME:rd_seq T:Transactions SCOPE:uvm_test_top.env.rknp_agt.sqr STREAM:1206}
  CREATE_STREAM @0 {NAME:rd_seq T:Transactions SCOPE:uvm_test_top.env.rknp_agt.sqr STREAM:1206}
  CREATE_STREAM @0 {NAME:rd_seq T:Transactions SCOPE:uvm_test_top.env.rknp_agt.sqr STREAM:1206}
  CREATE_STREAM @0 {NAME:timeout_seq T:Transactions SCOPE:uvm_test_top.env.rknp_agt.sqr STREAM:1206}
  CREATE_STREAM @100060000 {NAME:normal_seq T:Transactions SCOPE:uvm_test_top.env.rknp_agt.sqr STREAM:1286}
  CREATE_STREAM @0 {NAME:seq T:Transactions SCOPE:uvm_test_top.env.rknp_agt.sqr STREAM:1206}
  CREATE_STREAM @0 {NAME:seq T:Transactions SCOPE:uvm_test_top.env.rknp_agt.sqr STREAM:1206}
  CREATE_STREAM @0 {NAME:seq T:Transactions SCOPE:uvm_test_top.env.rknp_agt.sqr STREAM:1206}
  CREATE_STREAM @0 {NAME:seq_round_0_write T:Transactions SCOPE:uvm_test_top.env.rknp_agt.sqr STREAM:1208}
  CREATE_STREAM @2235000 {NAME:seq_round_1_ read T:Transactions SCOPE:uvm_test_top.env.rknp_agt.sqr STREAM:1567}
  CREATE_STREAM @4435000 {NAME:seq_round_2_write T:Transactions SCOPE:uvm_test_top.env.rknp_agt.sqr STREAM:1811}
  CREATE_STREAM @6635000 {NAME:seq_round_3_ read T:Transactions SCOPE:uvm_test_top.env.rknp_agt.sqr STREAM:2119}
  CREATE_STREAM @8835000 {NAME:seq_round_4_write T:Transactions SCOPE:uvm_test_top.env.rknp_agt.sqr STREAM:2363}
  CREATE_STREAM @11035000 {NAME:seq_round_5_ read T:Transactions SCOPE:uvm_test_top.env.rknp_agt.sqr STREAM:2671}
  CREATE_STREAM @13235000 {NAME:seq_round_6_write T:Transactions SCOPE:uvm_test_top.env.rknp_agt.sqr STREAM:2915}
  CREATE_STREAM @15435000 {NAME:seq_round_7_ read T:Transactions SCOPE:uvm_test_top.env.rknp_agt.sqr STREAM:3223}
  CREATE_STREAM @17635000 {NAME:seq_round_8_write T:Transactions SCOPE:uvm_test_top.env.rknp_agt.sqr STREAM:3467}
  CREATE_STREAM @0 {NAME:seq T:Transactions SCOPE:uvm_test_top.env.rknp_agt.sqr STREAM:1206}
  CREATE_STREAM @0 {NAME:seq T:Transactions SCOPE:uvm_test_top.env.rknp_agt.sqr STREAM:1206}
  CREATE_STREAM @0 {NAME:seq T:Transactions SCOPE:uvm_test_top.env.rknp_agt.sqr STREAM:1206}
  CREATE_STREAM @0 {NAME:seq T:Transactions SCOPE:uvm_test_top.env.rknp_agt.sqr STREAM:1206}
  CREATE_STREAM @0 {NAME:seq T:Transactions SCOPE:uvm_test_top.env.rknp_agt.sqr STREAM:1206}
  CREATE_STREAM @0 {NAME:seq T:Transactions SCOPE:uvm_test_top.env.rknp_agt.sqr STREAM:1206}
  CREATE_STREAM @0 {NAME:seq T:Transactions SCOPE:uvm_test_top.env.rknp_agt.sqr STREAM:1206}
  CREATE_STREAM @0 {NAME:seq T:Transactions SCOPE:uvm_test_top.env.rknp_agt.sqr STREAM:1206}
  CREATE_STREAM @0 {NAME:seq T:Transactions SCOPE:uvm_test_top.env.rknp_agt.sqr STREAM:1206}
  CREATE_STREAM @0 {NAME:seq T:Transactions SCOPE:uvm_test_top.env.rknp_agt.sqr STREAM:1206}
  CREATE_STREAM @0 {NAME:seq T:Transactions SCOPE:uvm_test_top.env.rknp_agt.sqr STREAM:1206}
  CREATE_STREAM @0 {NAME:seq T:Transactions SCOPE:uvm_test_top.env.rknp_agt.sqr STREAM:1206}
  CREATE_STREAM @0 {NAME:seq T:Transactions SCOPE:uvm_test_top.env.rknp_agt.sqr STREAM:1206}
  CREATE_STREAM @0 {NAME:seq_read_okay_1 T:Transactions SCOPE:uvm_test_top.env.rknp_agt.sqr STREAM:1385}
  CREATE_STREAM @185000 {NAME:seq_read_slverr T:Transactions SCOPE:uvm_test_top.env.rknp_agt.sqr STREAM:1479}
  CREATE_STREAM @285000 {NAME:seq_read_okay_2 T:Transactions SCOPE:uvm_test_top.env.rknp_agt.sqr STREAM:1522}
  CREATE_STREAM @415000 {NAME:seq_read_decerr T:Transactions SCOPE:uvm_test_top.env.rknp_agt.sqr STREAM:1565}
  CREATE_STREAM @565000 {NAME:seq_read_okay_3 T:Transactions SCOPE:uvm_test_top.env.rknp_agt.sqr STREAM:1608}
  CREATE_STREAM @665000 {NAME:seq_write_okay_1 T:Transactions SCOPE:uvm_test_top.env.rknp_agt.sqr STREAM:1651}
  CREATE_STREAM @755000 {NAME:seq_write_slverr T:Transactions SCOPE:uvm_test_top.env.rknp_agt.sqr STREAM:1702}
  CREATE_STREAM @845000 {NAME:seq_write_okay_2 T:Transactions SCOPE:uvm_test_top.env.rknp_agt.sqr STREAM:1753}
  CREATE_STREAM @955000 {NAME:seq_write_decerr T:Transactions SCOPE:uvm_test_top.env.rknp_agt.sqr STREAM:1804}
  CREATE_STREAM @1075000 {NAME:seq_write_okay_3 T:Transactions SCOPE:uvm_test_top.env.rknp_agt.sqr STREAM:1855}
  CREATE_STREAM @0 {NAME:before_reset_seq T:Transactions SCOPE:uvm_test_top.env.rknp_agt.sqr STREAM:1206}
  CREATE_STREAM @565000 {NAME:reset_seq T:Transactions SCOPE:uvm_test_top.env.vseqr STREAM:1298}
  CREATE_STREAM @625000 {NAME:after_reset_seq T:Transactions SCOPE:uvm_test_top.env.rknp_agt.sqr STREAM:1314}
  CREATE_STREAM @0 {NAME:seq T:Transactions SCOPE:uvm_test_top.env.rknp_agt.sqr STREAM:1206}
  CREATE_STREAM @0 {NAME:seq T:Transactions SCOPE:uvm_test_top.env.rknp_agt.sqr STREAM:1206}
  CREATE_STREAM @0 {NAME:seq T:Transactions SCOPE:uvm_test_top.env.rknp_agt.sqr STREAM:1206}
  CREATE_STREAM @0 {NAME:seq T:Transactions SCOPE:uvm_test_top.env.rknp_agt.sqr STREAM:1206}
  CREATE_STREAM @0 {NAME:seq T:Transactions SCOPE:uvm_test_top.env.rknp_agt.sqr STREAM:1206}
  CREATE_STREAM @0 {NAME:seq T:Transactions SCOPE:uvm_test_top.env.rknp_agt.sqr STREAM:1206}
  CREATE_STREAM @0 {NAME:seq T:Transactions SCOPE:uvm_test_top.env.rknp_agt.sqr STREAM:1206}
  CREATE_STREAM @0 {NAME:rd_seq T:Transactions SCOPE:uvm_test_top.env.rknp_agt.sqr STREAM:1206}
  CREATE_STREAM @0 {NAME:rd_seq T:Transactions SCOPE:uvm_test_top.env.rknp_agt.sqr STREAM:1206}
  CREATE_STREAM @0 {NAME:rd_seq T:Transactions SCOPE:uvm_test_top.env.rknp_agt.sqr STREAM:1206}
  CREATE_STREAM @0 {NAME:timeout_seq T:Transactions SCOPE:uvm_test_top.env.rknp_agt.sqr STREAM:1206}
  CREATE_STREAM @100060000 {NAME:normal_seq T:Transactions SCOPE:uvm_test_top.env.rknp_agt.sqr STREAM:1286}
  CREATE_STREAM @0 {NAME:seq T:Transactions SCOPE:uvm_test_top.env.rknp_agt.sqr STREAM:1206}
  CREATE_STREAM @0 {NAME:seq T:Transactions SCOPE:uvm_test_top.env.rknp_agt.sqr STREAM:1206}
  CREATE_STREAM @0 {NAME:seq T:Transactions SCOPE:uvm_test_top.env.rknp_agt.sqr STREAM:1206}
  CREATE_STREAM @0 {NAME:seq_round_0_write T:Transactions SCOPE:uvm_test_top.env.rknp_agt.sqr STREAM:1208}
  CREATE_STREAM @2235000 {NAME:seq_round_1_ read T:Transactions SCOPE:uvm_test_top.env.rknp_agt.sqr STREAM:1567}
  CREATE_STREAM @4435000 {NAME:seq_round_2_write T:Transactions SCOPE:uvm_test_top.env.rknp_agt.sqr STREAM:1811}
  CREATE_STREAM @6635000 {NAME:seq_round_3_ read T:Transactions SCOPE:uvm_test_top.env.rknp_agt.sqr STREAM:2119}
  CREATE_STREAM @8835000 {NAME:seq_round_4_write T:Transactions SCOPE:uvm_test_top.env.rknp_agt.sqr STREAM:2363}
  CREATE_STREAM @11035000 {NAME:seq_round_5_ read T:Transactions SCOPE:uvm_test_top.env.rknp_agt.sqr STREAM:2671}
  CREATE_STREAM @13235000 {NAME:seq_round_6_write T:Transactions SCOPE:uvm_test_top.env.rknp_agt.sqr STREAM:2915}
  CREATE_STREAM @15435000 {NAME:seq_round_7_ read T:Transactions SCOPE:uvm_test_top.env.rknp_agt.sqr STREAM:3223}
  CREATE_STREAM @17635000 {NAME:seq_round_8_write T:Transactions SCOPE:uvm_test_top.env.rknp_agt.sqr STREAM:3467}
  CREATE_STREAM @0 {NAME:seq T:Transactions SCOPE:uvm_test_top.env.rknp_agt.sqr STREAM:1206}
  CREATE_STREAM @0 {NAME:seq T:Transactions SCOPE:uvm_test_top.env.rknp_agt.sqr STREAM:1206}
  CREATE_STREAM @0 {NAME:seq T:Transactions SCOPE:uvm_test_top.env.rknp_agt.sqr STREAM:1206}
  CREATE_STREAM @0 {NAME:seq T:Transactions SCOPE:uvm_test_top.env.rknp_agt.sqr STREAM:1206}
  CREATE_STREAM @0 {NAME:seq T:Transactions SCOPE:uvm_test_top.env.rknp_agt.sqr STREAM:1206}
  CREATE_STREAM @0 {NAME:seq T:Transactions SCOPE:uvm_test_top.env.rknp_agt.sqr STREAM:1206}
  CREATE_STREAM @0 {NAME:seq T:Transactions SCOPE:uvm_test_top.env.rknp_agt.sqr STREAM:1206}
  CREATE_STREAM @0 {NAME:seq T:Transactions SCOPE:uvm_test_top.env.rknp_agt.sqr STREAM:1206}
  CREATE_STREAM @0 {NAME:seq T:Transactions SCOPE:uvm_test_top.env.rknp_agt.sqr STREAM:1206}
  CREATE_STREAM @0 {NAME:seq T:Transactions SCOPE:uvm_test_top.env.rknp_agt.sqr STREAM:1206}
  CREATE_STREAM @0 {NAME:seq T:Transactions SCOPE:uvm_test_top.env.rknp_agt.sqr STREAM:1206}
  CREATE_STREAM @0 {NAME:seq T:Transactions SCOPE:uvm_test_top.env.rknp_agt.sqr STREAM:1206}
  CREATE_STREAM @0 {NAME:seq T:Transactions SCOPE:uvm_test_top.env.rknp_agt.sqr STREAM:1206}
  CREATE_STREAM @0 {NAME:seq_read_okay_1 T:Transactions SCOPE:uvm_test_top.env.rknp_agt.sqr STREAM:1385}
  CREATE_STREAM @185000 {NAME:seq_read_slverr T:Transactions SCOPE:uvm_test_top.env.rknp_agt.sqr STREAM:1479}
  CREATE_STREAM @285000 {NAME:seq_read_okay_2 T:Transactions SCOPE:uvm_test_top.env.rknp_agt.sqr STREAM:1522}
  CREATE_STREAM @415000 {NAME:seq_read_decerr T:Transactions SCOPE:uvm_test_top.env.rknp_agt.sqr STREAM:1565}
  CREATE_STREAM @565000 {NAME:seq_read_okay_3 T:Transactions SCOPE:uvm_test_top.env.rknp_agt.sqr STREAM:1608}
  CREATE_STREAM @665000 {NAME:seq_write_okay_1 T:Transactions SCOPE:uvm_test_top.env.rknp_agt.sqr STREAM:1651}
  CREATE_STREAM @755000 {NAME:seq_write_slverr T:Transactions SCOPE:uvm_test_top.env.rknp_agt.sqr STREAM:1702}
  CREATE_STREAM @845000 {NAME:seq_write_okay_2 T:Transactions SCOPE:uvm_test_top.env.rknp_agt.sqr STREAM:1753}
  CREATE_STREAM @955000 {NAME:seq_write_decerr T:Transactions SCOPE:uvm_test_top.env.rknp_agt.sqr STREAM:1804}
  CREATE_STREAM @1075000 {NAME:seq_write_okay_3 T:Transactions SCOPE:uvm_test_top.env.rknp_agt.sqr STREAM:1855}
  CREATE_STREAM @0 {NAME:seq_mix_inst T:Transactions SCOPE:uvm_test_top.env.rknp_agt.sqr STREAM:1206}
  CREATE_STREAM @0 {NAME:before_reset_seq T:Transactions SCOPE:uvm_test_top.env.rknp_agt.sqr STREAM:1206}
  CREATE_STREAM @565000 {NAME:reset_seq T:Transactions SCOPE:uvm_test_top.env.vseqr STREAM:1298}
  CREATE_STREAM @625000 {NAME:after_reset_seq T:Transactions SCOPE:uvm_test_top.env.rknp_agt.sqr STREAM:1314}
  CREATE_STREAM @0 {NAME:seq T:Transactions SCOPE:uvm_test_top.env.rknp_agt.sqr STREAM:1206}
  CREATE_STREAM @0 {NAME:seq T:Transactions SCOPE:uvm_test_top.env.rknp_agt.sqr STREAM:1206}
  CREATE_STREAM @0 {NAME:seq T:Transactions SCOPE:uvm_test_top.env.rknp_agt.sqr STREAM:1206}
  CREATE_STREAM @0 {NAME:seq T:Transactions SCOPE:uvm_test_top.env.rknp_agt.sqr STREAM:1206}
  CREATE_STREAM @0 {NAME:seq T:Transactions SCOPE:uvm_test_top.env.rknp_agt.sqr STREAM:1206}
  CREATE_STREAM @0 {NAME:seq T:Transactions SCOPE:uvm_test_top.env.rknp_agt.sqr STREAM:1206}
  CREATE_STREAM @0 {NAME:seq T:Transactions SCOPE:uvm_test_top.env.rknp_agt.sqr STREAM:1206}
  CREATE_STREAM @0 {NAME:rd_seq T:Transactions SCOPE:uvm_test_top.env.rknp_agt.sqr STREAM:1206}
  CREATE_STREAM @0 {NAME:rd_seq T:Transactions SCOPE:uvm_test_top.env.rknp_agt.sqr STREAM:1206}
  CREATE_STREAM @0 {NAME:rd_seq T:Transactions SCOPE:uvm_test_top.env.rknp_agt.sqr STREAM:1206}
  CREATE_STREAM @0 {NAME:timeout_seq T:Transactions SCOPE:uvm_test_top.env.rknp_agt.sqr STREAM:1206}
  CREATE_STREAM @100060000 {NAME:normal_seq T:Transactions SCOPE:uvm_test_top.env.rknp_agt.sqr STREAM:1286}
  CREATE_STREAM @0 {NAME:seq T:Transactions SCOPE:uvm_test_top.env.rknp_agt.sqr STREAM:1206}
  CREATE_STREAM @0 {NAME:seq T:Transactions SCOPE:uvm_test_top.env.rknp_agt.sqr STREAM:1206}
  CREATE_STREAM @0 {NAME:seq T:Transactions SCOPE:uvm_test_top.env.rknp_agt.sqr STREAM:1206}
  CREATE_STREAM @0 {NAME:seq_round_0_write T:Transactions SCOPE:uvm_test_top.env.rknp_agt.sqr STREAM:1208}
  CREATE_STREAM @2235000 {NAME:seq_round_1_ read T:Transactions SCOPE:uvm_test_top.env.rknp_agt.sqr STREAM:1567}
  CREATE_STREAM @4435000 {NAME:seq_round_2_write T:Transactions SCOPE:uvm_test_top.env.rknp_agt.sqr STREAM:1811}
  CREATE_STREAM @6635000 {NAME:seq_round_3_ read T:Transactions SCOPE:uvm_test_top.env.rknp_agt.sqr STREAM:2119}
  CREATE_STREAM @8835000 {NAME:seq_round_4_write T:Transactions SCOPE:uvm_test_top.env.rknp_agt.sqr STREAM:2363}
  CREATE_STREAM @11035000 {NAME:seq_round_5_ read T:Transactions SCOPE:uvm_test_top.env.rknp_agt.sqr STREAM:2671}
  CREATE_STREAM @13235000 {NAME:seq_round_6_write T:Transactions SCOPE:uvm_test_top.env.rknp_agt.sqr STREAM:2915}
  CREATE_STREAM @15435000 {NAME:seq_round_7_ read T:Transactions SCOPE:uvm_test_top.env.rknp_agt.sqr STREAM:3223}
  CREATE_STREAM @17635000 {NAME:seq_round_8_write T:Transactions SCOPE:uvm_test_top.env.rknp_agt.sqr STREAM:3467}
  CREATE_STREAM @0 {NAME:seq T:Transactions SCOPE:uvm_test_top.env.rknp_agt.sqr STREAM:1206}
  CREATE_STREAM @0 {NAME:seq T:Transactions SCOPE:uvm_test_top.env.rknp_agt.sqr STREAM:1206}
  CREATE_STREAM @0 {NAME:seq T:Transactions SCOPE:uvm_test_top.env.rknp_agt.sqr STREAM:1206}
  CREATE_STREAM @0 {NAME:seq T:Transactions SCOPE:uvm_test_top.env.rknp_agt.sqr STREAM:1206}
  CREATE_STREAM @0 {NAME:seq T:Transactions SCOPE:uvm_test_top.env.rknp_agt.sqr STREAM:1206}
  CREATE_STREAM @0 {NAME:seq T:Transactions SCOPE:uvm_test_top.env.rknp_agt.sqr STREAM:1206}
  CREATE_STREAM @0 {NAME:seq T:Transactions SCOPE:uvm_test_top.env.rknp_agt.sqr STREAM:1206}
  CREATE_STREAM @0 {NAME:seq T:Transactions SCOPE:uvm_test_top.env.rknp_agt.sqr STREAM:1206}
  CREATE_STREAM @0 {NAME:seq T:Transactions SCOPE:uvm_test_top.env.rknp_agt.sqr STREAM:1206}
  CREATE_STREAM @0 {NAME:seq T:Transactions SCOPE:uvm_test_top.env.rknp_agt.sqr STREAM:1206}
  CREATE_STREAM @0 {NAME:seq T:Transactions SCOPE:uvm_test_top.env.rknp_agt.sqr STREAM:1206}
  CREATE_STREAM @0 {NAME:seq T:Transactions SCOPE:uvm_test_top.env.rknp_agt.sqr STREAM:1206}
  CREATE_STREAM @0 {NAME:seq T:Transactions SCOPE:uvm_test_top.env.rknp_agt.sqr STREAM:1206}
  CREATE_STREAM @0 {NAME:seq_read_okay_1 T:Transactions SCOPE:uvm_test_top.env.rknp_agt.sqr STREAM:1385}
  CREATE_STREAM @185000 {NAME:seq_read_slverr T:Transactions SCOPE:uvm_test_top.env.rknp_agt.sqr STREAM:1479}
  CREATE_STREAM @285000 {NAME:seq_read_okay_2 T:Transactions SCOPE:uvm_test_top.env.rknp_agt.sqr STREAM:1522}
  CREATE_STREAM @415000 {NAME:seq_read_decerr T:Transactions SCOPE:uvm_test_top.env.rknp_agt.sqr STREAM:1565}
  CREATE_STREAM @565000 {NAME:seq_read_okay_3 T:Transactions SCOPE:uvm_test_top.env.rknp_agt.sqr STREAM:1608}
  CREATE_STREAM @665000 {NAME:seq_write_okay_1 T:Transactions SCOPE:uvm_test_top.env.rknp_agt.sqr STREAM:1651}
  CREATE_STREAM @755000 {NAME:seq_write_slverr T:Transactions SCOPE:uvm_test_top.env.rknp_agt.sqr STREAM:1702}
  CREATE_STREAM @845000 {NAME:seq_write_okay_2 T:Transactions SCOPE:uvm_test_top.env.rknp_agt.sqr STREAM:1753}
  CREATE_STREAM @955000 {NAME:seq_write_decerr T:Transactions SCOPE:uvm_test_top.env.rknp_agt.sqr STREAM:1804}
  CREATE_STREAM @1075000 {NAME:seq_write_okay_3 T:Transactions SCOPE:uvm_test_top.env.rknp_agt.sqr STREAM:1855}
  CREATE_STREAM @0 {NAME:seq_mix_inst T:Transactions SCOPE:uvm_test_top.env.rknp_agt.sqr STREAM:1206}
  CREATE_STREAM @0 {NAME:before_reset_seq T:Transactions SCOPE:uvm_test_top.env.rknp_agt.sqr STREAM:1206}
  CREATE_STREAM @565000 {NAME:reset_seq T:Transactions SCOPE:uvm_test_top.env.vseqr STREAM:1298}
  CREATE_STREAM @625000 {NAME:after_reset_seq T:Transactions SCOPE:uvm_test_top.env.rknp_agt.sqr STREAM:1314}
  CREATE_STREAM @0 {NAME:seq T:Transactions SCOPE:uvm_test_top.env.rknp_agt.sqr STREAM:1206}
  CREATE_STREAM @0 {NAME:seq T:Transactions SCOPE:uvm_test_top.env.rknp_agt.sqr STREAM:1206}
  CREATE_STREAM @0 {NAME:seq T:Transactions SCOPE:uvm_test_top.env.rknp_agt.sqr STREAM:1206}
  CREATE_STREAM @0 {NAME:seq T:Transactions SCOPE:uvm_test_top.env.rknp_agt.sqr STREAM:1206}
  CREATE_STREAM @0 {NAME:seq T:Transactions SCOPE:uvm_test_top.env.rknp_agt.sqr STREAM:1206}
  CREATE_STREAM @0 {NAME:seq T:Transactions SCOPE:uvm_test_top.env.rknp_agt.sqr STREAM:1206}
  CREATE_STREAM @0 {NAME:seq T:Transactions SCOPE:uvm_test_top.env.rknp_agt.sqr STREAM:1206}
  CREATE_STREAM @0 {NAME:rd_seq T:Transactions SCOPE:uvm_test_top.env.rknp_agt.sqr STREAM:1206}
  CREATE_STREAM @0 {NAME:rd_seq T:Transactions SCOPE:uvm_test_top.env.rknp_agt.sqr STREAM:1206}
  CREATE_STREAM @0 {NAME:rd_seq T:Transactions SCOPE:uvm_test_top.env.rknp_agt.sqr STREAM:1206}
  CREATE_STREAM @0 {NAME:timeout_seq T:Transactions SCOPE:uvm_test_top.env.rknp_agt.sqr STREAM:1206}
  CREATE_STREAM @100060000 {NAME:normal_seq T:Transactions SCOPE:uvm_test_top.env.rknp_agt.sqr STREAM:1286}
  CREATE_STREAM @0 {NAME:seq T:Transactions SCOPE:uvm_test_top.env.rknp_agt.sqr STREAM:1206}
  CREATE_STREAM @0 {NAME:seq T:Transactions SCOPE:uvm_test_top.env.rknp_agt.sqr STREAM:1206}
  CREATE_STREAM @0 {NAME:seq T:Transactions SCOPE:uvm_test_top.env.rknp_agt.sqr STREAM:1206}
  CREATE_STREAM @0 {NAME:seq_round_0_write T:Transactions SCOPE:uvm_test_top.env.rknp_agt.sqr STREAM:1208}
  CREATE_STREAM @2235000 {NAME:seq_round_1_ read T:Transactions SCOPE:uvm_test_top.env.rknp_agt.sqr STREAM:1567}
  CREATE_STREAM @4435000 {NAME:seq_round_2_write T:Transactions SCOPE:uvm_test_top.env.rknp_agt.sqr STREAM:1811}
  CREATE_STREAM @6635000 {NAME:seq_round_3_ read T:Transactions SCOPE:uvm_test_top.env.rknp_agt.sqr STREAM:2119}
  CREATE_STREAM @8835000 {NAME:seq_round_4_write T:Transactions SCOPE:uvm_test_top.env.rknp_agt.sqr STREAM:2363}
  CREATE_STREAM @11035000 {NAME:seq_round_5_ read T:Transactions SCOPE:uvm_test_top.env.rknp_agt.sqr STREAM:2671}
  CREATE_STREAM @13235000 {NAME:seq_round_6_write T:Transactions SCOPE:uvm_test_top.env.rknp_agt.sqr STREAM:2915}
  CREATE_STREAM @15435000 {NAME:seq_round_7_ read T:Transactions SCOPE:uvm_test_top.env.rknp_agt.sqr STREAM:3223}
  CREATE_STREAM @17635000 {NAME:seq_round_8_write T:Transactions SCOPE:uvm_test_top.env.rknp_agt.sqr STREAM:3467}
  CREATE_STREAM @0 {NAME:seq T:Transactions SCOPE:uvm_test_top.env.rknp_agt.sqr STREAM:1206}
  CREATE_STREAM @0 {NAME:seq T:Transactions SCOPE:uvm_test_top.env.rknp_agt.sqr STREAM:1206}
  CREATE_STREAM @0 {NAME:seq T:Transactions SCOPE:uvm_test_top.env.rknp_agt.sqr STREAM:1206}
  CREATE_STREAM @0 {NAME:seq T:Transactions SCOPE:uvm_test_top.env.rknp_agt.sqr STREAM:1206}
  CREATE_STREAM @0 {NAME:seq T:Transactions SCOPE:uvm_test_top.env.rknp_agt.sqr STREAM:1206}
  CREATE_STREAM @0 {NAME:seq T:Transactions SCOPE:uvm_test_top.env.rknp_agt.sqr STREAM:1206}
  CREATE_STREAM @0 {NAME:seq T:Transactions SCOPE:uvm_test_top.env.rknp_agt.sqr STREAM:1206}
  CREATE_STREAM @0 {NAME:seq T:Transactions SCOPE:uvm_test_top.env.rknp_agt.sqr STREAM:1206}
  CREATE_STREAM @0 {NAME:seq T:Transactions SCOPE:uvm_test_top.env.rknp_agt.sqr STREAM:1206}
  CREATE_STREAM @0 {NAME:seq T:Transactions SCOPE:uvm_test_top.env.rknp_agt.sqr STREAM:1206}
  CREATE_STREAM @0 {NAME:seq T:Transactions SCOPE:uvm_test_top.env.rknp_agt.sqr STREAM:1206}
  CREATE_STREAM @0 {NAME:seq T:Transactions SCOPE:uvm_test_top.env.rknp_agt.sqr STREAM:1206}
  CREATE_STREAM @0 {NAME:seq T:Transactions SCOPE:uvm_test_top.env.rknp_agt.sqr STREAM:1206}
  CREATE_STREAM @0 {NAME:seq_read_okay_1 T:Transactions SCOPE:uvm_test_top.env.rknp_agt.sqr STREAM:1385}
  CREATE_STREAM @185000 {NAME:seq_read_slverr T:Transactions SCOPE:uvm_test_top.env.rknp_agt.sqr STREAM:1479}
  CREATE_STREAM @285000 {NAME:seq_read_okay_2 T:Transactions SCOPE:uvm_test_top.env.rknp_agt.sqr STREAM:1522}
  CREATE_STREAM @415000 {NAME:seq_read_decerr T:Transactions SCOPE:uvm_test_top.env.rknp_agt.sqr STREAM:1565}
  CREATE_STREAM @565000 {NAME:seq_read_okay_3 T:Transactions SCOPE:uvm_test_top.env.rknp_agt.sqr STREAM:1608}
  CREATE_STREAM @665000 {NAME:seq_write_okay_1 T:Transactions SCOPE:uvm_test_top.env.rknp_agt.sqr STREAM:1651}
  CREATE_STREAM @755000 {NAME:seq_write_slverr T:Transactions SCOPE:uvm_test_top.env.rknp_agt.sqr STREAM:1702}
  CREATE_STREAM @845000 {NAME:seq_write_okay_2 T:Transactions SCOPE:uvm_test_top.env.rknp_agt.sqr STREAM:1753}
  CREATE_STREAM @955000 {NAME:seq_write_decerr T:Transactions SCOPE:uvm_test_top.env.rknp_agt.sqr STREAM:1804}
  CREATE_STREAM @1075000 {NAME:seq_write_okay_3 T:Transactions SCOPE:uvm_test_top.env.rknp_agt.sqr STREAM:1855}
  CREATE_STREAM @0 {NAME:seq_mix_inst T:Transactions SCOPE:uvm_test_top.env.rknp_agt.sqr STREAM:1206}
  CREATE_STREAM @0 {NAME:before_reset_seq T:Transactions SCOPE:uvm_test_top.env.rknp_agt.sqr STREAM:1206}
  CREATE_STREAM @565000 {NAME:reset_seq T:Transactions SCOPE:uvm_test_top.env.vseqr STREAM:1298}
  CREATE_STREAM @625000 {NAME:after_reset_seq T:Transactions SCOPE:uvm_test_top.env.rknp_agt.sqr STREAM:1314}
  CREATE_STREAM @0 {NAME:seq T:Transactions SCOPE:uvm_test_top.env.rknp_agt.sqr STREAM:1206}
  CREATE_STREAM @0 {NAME:before_reset_seq T:Transactions SCOPE:uvm_test_top.env.rknp_agt.sqr STREAM:1206}
  CREATE_STREAM @725000 {NAME:reset_seq T:Transactions SCOPE:uvm_test_top.env.vseqr STREAM:1298}
  CREATE_STREAM @785000 {NAME:after_reset_seq T:Transactions SCOPE:uvm_test_top.env.rknp_agt.sqr STREAM:1314}
  CREATE_STREAM @0 {NAME:seq T:Transactions SCOPE:uvm_test_top.env.rknp_agt.sqr STREAM:1206}
  CREATE_STREAM @0 {NAME:seq T:Transactions SCOPE:uvm_test_top.env.rknp_agt.sqr STREAM:1206}
  CREATE_STREAM @0 {NAME:seq T:Transactions SCOPE:uvm_test_top.env.rknp_agt.sqr STREAM:1206}
  CREATE_STREAM @0 {NAME:seq T:Transactions SCOPE:uvm_test_top.env.rknp_agt.sqr STREAM:1206}
  CREATE_STREAM @0 {NAME:seq T:Transactions SCOPE:uvm_test_top.env.rknp_agt.sqr STREAM:1206}
  CREATE_STREAM @0 {NAME:seq T:Transactions SCOPE:uvm_test_top.env.rknp_agt.sqr STREAM:1206}
  CREATE_STREAM @0 {NAME:seq T:Transactions SCOPE:uvm_test_top.env.rknp_agt.sqr STREAM:1206}
  CREATE_STREAM @0 {NAME:rd_seq T:Transactions SCOPE:uvm_test_top.env.rknp_agt.sqr STREAM:1206}
  CREATE_STREAM @0 {NAME:rd_seq T:Transactions SCOPE:uvm_test_top.env.rknp_agt.sqr STREAM:1206}
  CREATE_STREAM @0 {NAME:rd_seq T:Transactions SCOPE:uvm_test_top.env.rknp_agt.sqr STREAM:1206}
  CREATE_STREAM @0 {NAME:timeout_seq T:Transactions SCOPE:uvm_test_top.env.rknp_agt.sqr STREAM:1206}
  CREATE_STREAM @100060000 {NAME:normal_seq T:Transactions SCOPE:uvm_test_top.env.rknp_agt.sqr STREAM:1286}
  CREATE_STREAM @0 {NAME:seq T:Transactions SCOPE:uvm_test_top.env.rknp_agt.sqr STREAM:1206}
  CREATE_STREAM @0 {NAME:seq T:Transactions SCOPE:uvm_test_top.env.rknp_agt.sqr STREAM:1206}
  CREATE_STREAM @0 {NAME:seq T:Transactions SCOPE:uvm_test_top.env.rknp_agt.sqr STREAM:1206}
  CREATE_STREAM @0 {NAME:seq_round_0_write T:Transactions SCOPE:uvm_test_top.env.rknp_agt.sqr STREAM:1208}
  CREATE_STREAM @2235000 {NAME:seq_round_1_ read T:Transactions SCOPE:uvm_test_top.env.rknp_agt.sqr STREAM:1567}
  CREATE_STREAM @4435000 {NAME:seq_round_2_write T:Transactions SCOPE:uvm_test_top.env.rknp_agt.sqr STREAM:1811}
  CREATE_STREAM @6635000 {NAME:seq_round_3_ read T:Transactions SCOPE:uvm_test_top.env.rknp_agt.sqr STREAM:2119}
  CREATE_STREAM @8835000 {NAME:seq_round_4_write T:Transactions SCOPE:uvm_test_top.env.rknp_agt.sqr STREAM:2363}
  CREATE_STREAM @11035000 {NAME:seq_round_5_ read T:Transactions SCOPE:uvm_test_top.env.rknp_agt.sqr STREAM:2671}
  CREATE_STREAM @13235000 {NAME:seq_round_6_write T:Transactions SCOPE:uvm_test_top.env.rknp_agt.sqr STREAM:2915}
  CREATE_STREAM @15435000 {NAME:seq_round_7_ read T:Transactions SCOPE:uvm_test_top.env.rknp_agt.sqr STREAM:3223}
  CREATE_STREAM @17635000 {NAME:seq_round_8_write T:Transactions SCOPE:uvm_test_top.env.rknp_agt.sqr STREAM:3467}
  CREATE_STREAM @0 {NAME:seq T:Transactions SCOPE:uvm_test_top.env.rknp_agt.sqr STREAM:1206}
  CREATE_STREAM @0 {NAME:seq T:Transactions SCOPE:uvm_test_top.env.rknp_agt.sqr STREAM:1206}
  CREATE_STREAM @0 {NAME:seq T:Transactions SCOPE:uvm_test_top.env.rknp_agt.sqr STREAM:1206}
  CREATE_STREAM @0 {NAME:seq T:Transactions SCOPE:uvm_test_top.env.rknp_agt.sqr STREAM:1206}
  CREATE_STREAM @0 {NAME:seq T:Transactions SCOPE:uvm_test_top.env.rknp_agt.sqr STREAM:1206}
  CREATE_STREAM @0 {NAME:seq T:Transactions SCOPE:uvm_test_top.env.rknp_agt.sqr STREAM:1206}
  CREATE_STREAM @0 {NAME:seq T:Transactions SCOPE:uvm_test_top.env.rknp_agt.sqr STREAM:1206}
  CREATE_STREAM @0 {NAME:seq T:Transactions SCOPE:uvm_test_top.env.rknp_agt.sqr STREAM:1206}
  CREATE_STREAM @0 {NAME:seq T:Transactions SCOPE:uvm_test_top.env.rknp_agt.sqr STREAM:1206}
  CREATE_STREAM @0 {NAME:seq T:Transactions SCOPE:uvm_test_top.env.rknp_agt.sqr STREAM:1206}
  CREATE_STREAM @0 {NAME:seq T:Transactions SCOPE:uvm_test_top.env.rknp_agt.sqr STREAM:1206}
  CREATE_STREAM @0 {NAME:seq T:Transactions SCOPE:uvm_test_top.env.rknp_agt.sqr STREAM:1206}
  CREATE_STREAM @0 {NAME:seq T:Transactions SCOPE:uvm_test_top.env.rknp_agt.sqr STREAM:1206}
  CREATE_STREAM @0 {NAME:seq_read_okay_1 T:Transactions SCOPE:uvm_test_top.env.rknp_agt.sqr STREAM:1385}
  CREATE_STREAM @205000 {NAME:seq_read_slverr T:Transactions SCOPE:uvm_test_top.env.rknp_agt.sqr STREAM:1479}
  CREATE_STREAM @335000 {NAME:seq_read_okay_2 T:Transactions SCOPE:uvm_test_top.env.rknp_agt.sqr STREAM:1522}
  CREATE_STREAM @475000 {NAME:seq_read_decerr T:Transactions SCOPE:uvm_test_top.env.rknp_agt.sqr STREAM:1565}
  CREATE_STREAM @645000 {NAME:seq_read_okay_3 T:Transactions SCOPE:uvm_test_top.env.rknp_agt.sqr STREAM:1608}
  CREATE_STREAM @765000 {NAME:seq_write_okay_1 T:Transactions SCOPE:uvm_test_top.env.rknp_agt.sqr STREAM:1651}
  CREATE_STREAM @855000 {NAME:seq_write_slverr T:Transactions SCOPE:uvm_test_top.env.rknp_agt.sqr STREAM:1702}
  CREATE_STREAM @945000 {NAME:seq_write_okay_2 T:Transactions SCOPE:uvm_test_top.env.rknp_agt.sqr STREAM:1753}
  CREATE_STREAM @1055000 {NAME:seq_write_decerr T:Transactions SCOPE:uvm_test_top.env.rknp_agt.sqr STREAM:1804}
  CREATE_STREAM @1175000 {NAME:seq_write_okay_3 T:Transactions SCOPE:uvm_test_top.env.rknp_agt.sqr STREAM:1855}
  CREATE_STREAM @0 {NAME:seq_mix_inst T:Transactions SCOPE:uvm_test_top.env.rknp_agt.sqr STREAM:1206}
  CREATE_STREAM @0 {NAME:before_reset_seq T:Transactions SCOPE:uvm_test_top.env.rknp_agt.sqr STREAM:1206}
  CREATE_STREAM @725000 {NAME:reset_seq T:Transactions SCOPE:uvm_test_top.env.vseqr STREAM:1298}
  CREATE_STREAM @785000 {NAME:after_reset_seq T:Transactions SCOPE:uvm_test_top.env.rknp_agt.sqr STREAM:1314}
  CREATE_STREAM @0 {NAME:seq T:Transactions SCOPE:uvm_test_top.env.rknp_agt.sqr STREAM:1206}
  CREATE_STREAM @0 {NAME:seq T:Transactions SCOPE:uvm_test_top.env.rknp_agt.sqr STREAM:1206}
  CREATE_STREAM @0 {NAME:seq T:Transactions SCOPE:uvm_test_top.env.rknp_agt.sqr STREAM:1206}
  CREATE_STREAM @0 {NAME:seq T:Transactions SCOPE:uvm_test_top.env.rknp_agt.sqr STREAM:1206}
  CREATE_STREAM @0 {NAME:seq T:Transactions SCOPE:uvm_test_top.env.rknp_agt.sqr STREAM:1206}
  CREATE_STREAM @0 {NAME:seq T:Transactions SCOPE:uvm_test_top.env.rknp_agt.sqr STREAM:1206}
  CREATE_STREAM @0 {NAME:seq T:Transactions SCOPE:uvm_test_top.env.rknp_agt.sqr STREAM:1206}
  CREATE_STREAM @0 {NAME:rd_seq T:Transactions SCOPE:uvm_test_top.env.rknp_agt.sqr STREAM:1206}
  CREATE_STREAM @0 {NAME:rd_seq T:Transactions SCOPE:uvm_test_top.env.rknp_agt.sqr STREAM:1206}
  CREATE_STREAM @0 {NAME:rd_seq T:Transactions SCOPE:uvm_test_top.env.rknp_agt.sqr STREAM:1206}
  CREATE_STREAM @0 {NAME:timeout_seq T:Transactions SCOPE:uvm_test_top.env.rknp_agt.sqr STREAM:1206}
  CREATE_STREAM @100060000 {NAME:normal_seq T:Transactions SCOPE:uvm_test_top.env.rknp_agt.sqr STREAM:1286}
  CREATE_STREAM @0 {NAME:seq T:Transactions SCOPE:uvm_test_top.env.rknp_agt.sqr STREAM:1206}
  CREATE_STREAM @0 {NAME:seq T:Transactions SCOPE:uvm_test_top.env.rknp_agt.sqr STREAM:1206}
  CREATE_STREAM @0 {NAME:seq T:Transactions SCOPE:uvm_test_top.env.rknp_agt.sqr STREAM:1206}
  CREATE_STREAM @0 {NAME:seq_round_0_write T:Transactions SCOPE:uvm_test_top.env.rknp_agt.sqr STREAM:1208}
  CREATE_STREAM @2235000 {NAME:seq_round_1_ read T:Transactions SCOPE:uvm_test_top.env.rknp_agt.sqr STREAM:1567}
  CREATE_STREAM @4435000 {NAME:seq_round_2_write T:Transactions SCOPE:uvm_test_top.env.rknp_agt.sqr STREAM:1811}
  CREATE_STREAM @6635000 {NAME:seq_round_3_ read T:Transactions SCOPE:uvm_test_top.env.rknp_agt.sqr STREAM:2119}
  CREATE_STREAM @8835000 {NAME:seq_round_4_write T:Transactions SCOPE:uvm_test_top.env.rknp_agt.sqr STREAM:2363}
  CREATE_STREAM @11035000 {NAME:seq_round_5_ read T:Transactions SCOPE:uvm_test_top.env.rknp_agt.sqr STREAM:2671}
  CREATE_STREAM @13235000 {NAME:seq_round_6_write T:Transactions SCOPE:uvm_test_top.env.rknp_agt.sqr STREAM:2915}
  CREATE_STREAM @15435000 {NAME:seq_round_7_ read T:Transactions SCOPE:uvm_test_top.env.rknp_agt.sqr STREAM:3223}
  CREATE_STREAM @17635000 {NAME:seq_round_8_write T:Transactions SCOPE:uvm_test_top.env.rknp_agt.sqr STREAM:3467}
  CREATE_STREAM @0 {NAME:seq T:Transactions SCOPE:uvm_test_top.env.rknp_agt.sqr STREAM:1206}
  CREATE_STREAM @0 {NAME:seq T:Transactions SCOPE:uvm_test_top.env.rknp_agt.sqr STREAM:1206}
  CREATE_STREAM @0 {NAME:seq T:Transactions SCOPE:uvm_test_top.env.rknp_agt.sqr STREAM:1206}
  CREATE_STREAM @0 {NAME:seq T:Transactions SCOPE:uvm_test_top.env.rknp_agt.sqr STREAM:1206}
  CREATE_STREAM @0 {NAME:seq T:Transactions SCOPE:uvm_test_top.env.rknp_agt.sqr STREAM:1206}
  CREATE_STREAM @0 {NAME:seq T:Transactions SCOPE:uvm_test_top.env.rknp_agt.sqr STREAM:1206}
  CREATE_STREAM @0 {NAME:seq T:Transactions SCOPE:uvm_test_top.env.rknp_agt.sqr STREAM:1206}
  CREATE_STREAM @0 {NAME:seq T:Transactions SCOPE:uvm_test_top.env.rknp_agt.sqr STREAM:1206}
  CREATE_STREAM @0 {NAME:seq T:Transactions SCOPE:uvm_test_top.env.rknp_agt.sqr STREAM:1206}
  CREATE_STREAM @0 {NAME:seq T:Transactions SCOPE:uvm_test_top.env.rknp_agt.sqr STREAM:1206}
  CREATE_STREAM @0 {NAME:seq T:Transactions SCOPE:uvm_test_top.env.rknp_agt.sqr STREAM:1206}
  CREATE_STREAM @0 {NAME:seq T:Transactions SCOPE:uvm_test_top.env.rknp_agt.sqr STREAM:1206}
  CREATE_STREAM @0 {NAME:seq T:Transactions SCOPE:uvm_test_top.env.rknp_agt.sqr STREAM:1206}
  CREATE_STREAM @0 {NAME:seq_read_okay_1 T:Transactions SCOPE:uvm_test_top.env.rknp_agt.sqr STREAM:1385}
  CREATE_STREAM @205000 {NAME:seq_read_slverr T:Transactions SCOPE:uvm_test_top.env.rknp_agt.sqr STREAM:1479}
  CREATE_STREAM @335000 {NAME:seq_read_okay_2 T:Transactions SCOPE:uvm_test_top.env.rknp_agt.sqr STREAM:1522}
  CREATE_STREAM @475000 {NAME:seq_read_decerr T:Transactions SCOPE:uvm_test_top.env.rknp_agt.sqr STREAM:1565}
  CREATE_STREAM @645000 {NAME:seq_read_okay_3 T:Transactions SCOPE:uvm_test_top.env.rknp_agt.sqr STREAM:1608}
  CREATE_STREAM @765000 {NAME:seq_write_okay_1 T:Transactions SCOPE:uvm_test_top.env.rknp_agt.sqr STREAM:1651}
  CREATE_STREAM @855000 {NAME:seq_write_slverr T:Transactions SCOPE:uvm_test_top.env.rknp_agt.sqr STREAM:1702}
  CREATE_STREAM @945000 {NAME:seq_write_okay_2 T:Transactions SCOPE:uvm_test_top.env.rknp_agt.sqr STREAM:1753}
  CREATE_STREAM @1055000 {NAME:seq_write_decerr T:Transactions SCOPE:uvm_test_top.env.rknp_agt.sqr STREAM:1804}
  CREATE_STREAM @1175000 {NAME:seq_write_okay_3 T:Transactions SCOPE:uvm_test_top.env.rknp_agt.sqr STREAM:1855}
  CREATE_STREAM @0 {NAME:seq_mix_inst T:Transactions SCOPE:uvm_test_top.env.rknp_agt.sqr STREAM:1206}
  CREATE_STREAM @0 {NAME:before_reset_seq T:Transactions SCOPE:uvm_test_top.env.rknp_agt.sqr STREAM:1206}
  CREATE_STREAM @725000 {NAME:reset_seq T:Transactions SCOPE:uvm_test_top.env.vseqr STREAM:1298}
  CREATE_STREAM @785000 {NAME:after_reset_seq T:Transactions SCOPE:uvm_test_top.env.rknp_agt.sqr STREAM:1314}
  CREATE_STREAM @0 {NAME:seq T:Transactions SCOPE:uvm_test_top.env.rknp_agt.sqr STREAM:1206}
  CREATE_STREAM @0 {NAME:seq T:Transactions SCOPE:uvm_test_top.env.rknp_agt.sqr STREAM:1206}
  CREATE_STREAM @0 {NAME:seq T:Transactions SCOPE:uvm_test_top.env.rknp_agt.sqr STREAM:1206}
  CREATE_STREAM @0 {NAME:seq T:Transactions SCOPE:uvm_test_top.env.rknp_agt.sqr STREAM:1206}
  CREATE_STREAM @0 {NAME:seq T:Transactions SCOPE:uvm_test_top.env.rknp_agt.sqr STREAM:1206}
  CREATE_STREAM @0 {NAME:seq T:Transactions SCOPE:uvm_test_top.env.rknp_agt.sqr STREAM:1206}
  CREATE_STREAM @0 {NAME:seq T:Transactions SCOPE:uvm_test_top.env.rknp_agt.sqr STREAM:1206}
  CREATE_STREAM @0 {NAME:rd_seq T:Transactions SCOPE:uvm_test_top.env.rknp_agt.sqr STREAM:1206}
  CREATE_STREAM @0 {NAME:rd_seq T:Transactions SCOPE:uvm_test_top.env.rknp_agt.sqr STREAM:1206}
  CREATE_STREAM @0 {NAME:rd_seq T:Transactions SCOPE:uvm_test_top.env.rknp_agt.sqr STREAM:1206}
  CREATE_STREAM @0 {NAME:timeout_seq T:Transactions SCOPE:uvm_test_top.env.rknp_agt.sqr STREAM:1206}
  CREATE_STREAM @100060000 {NAME:normal_seq T:Transactions SCOPE:uvm_test_top.env.rknp_agt.sqr STREAM:1286}
  CREATE_STREAM @0 {NAME:seq T:Transactions SCOPE:uvm_test_top.env.rknp_agt.sqr STREAM:1206}
  CREATE_STREAM @0 {NAME:seq T:Transactions SCOPE:uvm_test_top.env.rknp_agt.sqr STREAM:1206}
  CREATE_STREAM @0 {NAME:seq T:Transactions SCOPE:uvm_test_top.env.rknp_agt.sqr STREAM:1206}
  CREATE_STREAM @0 {NAME:seq_round_0_write T:Transactions SCOPE:uvm_test_top.env.rknp_agt.sqr STREAM:1208}
  CREATE_STREAM @2235000 {NAME:seq_round_1_ read T:Transactions SCOPE:uvm_test_top.env.rknp_agt.sqr STREAM:1567}
  CREATE_STREAM @4435000 {NAME:seq_round_2_write T:Transactions SCOPE:uvm_test_top.env.rknp_agt.sqr STREAM:1811}
  CREATE_STREAM @6635000 {NAME:seq_round_3_ read T:Transactions SCOPE:uvm_test_top.env.rknp_agt.sqr STREAM:2119}
  CREATE_STREAM @8835000 {NAME:seq_round_4_write T:Transactions SCOPE:uvm_test_top.env.rknp_agt.sqr STREAM:2363}
  CREATE_STREAM @11035000 {NAME:seq_round_5_ read T:Transactions SCOPE:uvm_test_top.env.rknp_agt.sqr STREAM:2671}
  CREATE_STREAM @13235000 {NAME:seq_round_6_write T:Transactions SCOPE:uvm_test_top.env.rknp_agt.sqr STREAM:2915}
  CREATE_STREAM @15435000 {NAME:seq_round_7_ read T:Transactions SCOPE:uvm_test_top.env.rknp_agt.sqr STREAM:3223}
  CREATE_STREAM @17635000 {NAME:seq_round_8_write T:Transactions SCOPE:uvm_test_top.env.rknp_agt.sqr STREAM:3467}
  CREATE_STREAM @0 {NAME:seq T:Transactions SCOPE:uvm_test_top.env.rknp_agt.sqr STREAM:1206}
  CREATE_STREAM @0 {NAME:seq T:Transactions SCOPE:uvm_test_top.env.rknp_agt.sqr STREAM:1206}
  CREATE_STREAM @0 {NAME:seq T:Transactions SCOPE:uvm_test_top.env.rknp_agt.sqr STREAM:1206}
  CREATE_STREAM @0 {NAME:seq T:Transactions SCOPE:uvm_test_top.env.rknp_agt.sqr STREAM:1206}
  CREATE_STREAM @0 {NAME:seq T:Transactions SCOPE:uvm_test_top.env.rknp_agt.sqr STREAM:1206}
  CREATE_STREAM @0 {NAME:seq T:Transactions SCOPE:uvm_test_top.env.rknp_agt.sqr STREAM:1206}
  CREATE_STREAM @0 {NAME:seq T:Transactions SCOPE:uvm_test_top.env.rknp_agt.sqr STREAM:1206}
  CREATE_STREAM @0 {NAME:seq T:Transactions SCOPE:uvm_test_top.env.rknp_agt.sqr STREAM:1206}
  CREATE_STREAM @0 {NAME:seq T:Transactions SCOPE:uvm_test_top.env.rknp_agt.sqr STREAM:1206}
  CREATE_STREAM @0 {NAME:seq T:Transactions SCOPE:uvm_test_top.env.rknp_agt.sqr STREAM:1206}
  CREATE_STREAM @0 {NAME:seq T:Transactions SCOPE:uvm_test_top.env.rknp_agt.sqr STREAM:1206}
  CREATE_STREAM @0 {NAME:seq T:Transactions SCOPE:uvm_test_top.env.rknp_agt.sqr STREAM:1206}
  CREATE_STREAM @0 {NAME:seq T:Transactions SCOPE:uvm_test_top.env.rknp_agt.sqr STREAM:1206}
  CREATE_STREAM @0 {NAME:seq_read_okay_1 T:Transactions SCOPE:uvm_test_top.env.rknp_agt.sqr STREAM:1385}
  CREATE_STREAM @205000 {NAME:seq_read_slverr T:Transactions SCOPE:uvm_test_top.env.rknp_agt.sqr STREAM:1479}
  CREATE_STREAM @335000 {NAME:seq_read_okay_2 T:Transactions SCOPE:uvm_test_top.env.rknp_agt.sqr STREAM:1522}
  CREATE_STREAM @475000 {NAME:seq_read_decerr T:Transactions SCOPE:uvm_test_top.env.rknp_agt.sqr STREAM:1565}
  CREATE_STREAM @645000 {NAME:seq_read_okay_3 T:Transactions SCOPE:uvm_test_top.env.rknp_agt.sqr STREAM:1608}
  CREATE_STREAM @765000 {NAME:seq_write_okay_1 T:Transactions SCOPE:uvm_test_top.env.rknp_agt.sqr STREAM:1651}
  CREATE_STREAM @855000 {NAME:seq_write_slverr T:Transactions SCOPE:uvm_test_top.env.rknp_agt.sqr STREAM:1702}
  CREATE_STREAM @945000 {NAME:seq_write_okay_2 T:Transactions SCOPE:uvm_test_top.env.rknp_agt.sqr STREAM:1753}
  CREATE_STREAM @1055000 {NAME:seq_write_decerr T:Transactions SCOPE:uvm_test_top.env.rknp_agt.sqr STREAM:1804}
  CREATE_STREAM @1175000 {NAME:seq_write_okay_3 T:Transactions SCOPE:uvm_test_top.env.rknp_agt.sqr STREAM:1855}
  CREATE_STREAM @0 {NAME:seq T:Transactions SCOPE:uvm_test_top.env.rknp_agt.sqr STREAM:1206}
  CREATE_STREAM @0 {NAME:seq T:Transactions SCOPE:uvm_test_top.env.rknp_agt.sqr STREAM:1206}
  CREATE_STREAM @0 {NAME:seq_mix_inst T:Transactions SCOPE:uvm_test_top.env.rknp_agt.sqr STREAM:1206}
  CREATE_STREAM @0 {NAME:before_reset_seq T:Transactions SCOPE:uvm_test_top.env.rknp_agt.sqr STREAM:1206}
  CREATE_STREAM @725000 {NAME:reset_seq T:Transactions SCOPE:uvm_test_top.env.vseqr STREAM:1298}
  CREATE_STREAM @785000 {NAME:after_reset_seq T:Transactions SCOPE:uvm_test_top.env.rknp_agt.sqr STREAM:1314}
  CREATE_STREAM @0 {NAME:seq T:Transactions SCOPE:uvm_test_top.env.rknp_agt.sqr STREAM:1206}
  CREATE_STREAM @0 {NAME:seq T:Transactions SCOPE:uvm_test_top.env.rknp_agt.sqr STREAM:1206}
  CREATE_STREAM @0 {NAME:seq T:Transactions SCOPE:uvm_test_top.env.rknp_agt.sqr STREAM:1206}
  CREATE_STREAM @0 {NAME:seq T:Transactions SCOPE:uvm_test_top.env.rknp_agt.sqr STREAM:1206}
  CREATE_STREAM @0 {NAME:seq T:Transactions SCOPE:uvm_test_top.env.rknp_agt.sqr STREAM:1206}
  CREATE_STREAM @0 {NAME:seq T:Transactions SCOPE:uvm_test_top.env.rknp_agt.sqr STREAM:1206}
  CREATE_STREAM @0 {NAME:seq T:Transactions SCOPE:uvm_test_top.env.rknp_agt.sqr STREAM:1206}
  CREATE_STREAM @0 {NAME:rd_seq T:Transactions SCOPE:uvm_test_top.env.rknp_agt.sqr STREAM:1206}
  CREATE_STREAM @0 {NAME:rd_seq T:Transactions SCOPE:uvm_test_top.env.rknp_agt.sqr STREAM:1206}
  CREATE_STREAM @0 {NAME:rd_seq T:Transactions SCOPE:uvm_test_top.env.rknp_agt.sqr STREAM:1206}
  CREATE_STREAM @0 {NAME:timeout_seq T:Transactions SCOPE:uvm_test_top.env.rknp_agt.sqr STREAM:1206}
  CREATE_STREAM @100060000 {NAME:normal_seq T:Transactions SCOPE:uvm_test_top.env.rknp_agt.sqr STREAM:1286}
  CREATE_STREAM @0 {NAME:seq T:Transactions SCOPE:uvm_test_top.env.rknp_agt.sqr STREAM:1206}
  CREATE_STREAM @0 {NAME:seq T:Transactions SCOPE:uvm_test_top.env.rknp_agt.sqr STREAM:1206}
  CREATE_STREAM @0 {NAME:seq T:Transactions SCOPE:uvm_test_top.env.rknp_agt.sqr STREAM:1206}
  CREATE_STREAM @0 {NAME:seq_round_0_write T:Transactions SCOPE:uvm_test_top.env.rknp_agt.sqr STREAM:1208}
  CREATE_STREAM @2235000 {NAME:seq_round_1_ read T:Transactions SCOPE:uvm_test_top.env.rknp_agt.sqr STREAM:1567}
  CREATE_STREAM @4435000 {NAME:seq_round_2_write T:Transactions SCOPE:uvm_test_top.env.rknp_agt.sqr STREAM:1811}
  CREATE_STREAM @6635000 {NAME:seq_round_3_ read T:Transactions SCOPE:uvm_test_top.env.rknp_agt.sqr STREAM:2119}
  CREATE_STREAM @8835000 {NAME:seq_round_4_write T:Transactions SCOPE:uvm_test_top.env.rknp_agt.sqr STREAM:2363}
  CREATE_STREAM @11035000 {NAME:seq_round_5_ read T:Transactions SCOPE:uvm_test_top.env.rknp_agt.sqr STREAM:2671}
  CREATE_STREAM @13235000 {NAME:seq_round_6_write T:Transactions SCOPE:uvm_test_top.env.rknp_agt.sqr STREAM:2915}
  CREATE_STREAM @15435000 {NAME:seq_round_7_ read T:Transactions SCOPE:uvm_test_top.env.rknp_agt.sqr STREAM:3223}
  CREATE_STREAM @17635000 {NAME:seq_round_8_write T:Transactions SCOPE:uvm_test_top.env.rknp_agt.sqr STREAM:3467}
  CREATE_STREAM @0 {NAME:seq T:Transactions SCOPE:uvm_test_top.env.rknp_agt.sqr STREAM:1206}
  CREATE_STREAM @0 {NAME:seq T:Transactions SCOPE:uvm_test_top.env.rknp_agt.sqr STREAM:1206}
  CREATE_STREAM @0 {NAME:seq T:Transactions SCOPE:uvm_test_top.env.rknp_agt.sqr STREAM:1206}
  CREATE_STREAM @0 {NAME:seq T:Transactions SCOPE:uvm_test_top.env.rknp_agt.sqr STREAM:1206}
  CREATE_STREAM @0 {NAME:seq T:Transactions SCOPE:uvm_test_top.env.rknp_agt.sqr STREAM:1206}
  CREATE_STREAM @0 {NAME:seq T:Transactions SCOPE:uvm_test_top.env.rknp_agt.sqr STREAM:1206}
  CREATE_STREAM @0 {NAME:seq T:Transactions SCOPE:uvm_test_top.env.rknp_agt.sqr STREAM:1206}
  CREATE_STREAM @0 {NAME:seq T:Transactions SCOPE:uvm_test_top.env.rknp_agt.sqr STREAM:1206}
  CREATE_STREAM @0 {NAME:seq T:Transactions SCOPE:uvm_test_top.env.rknp_agt.sqr STREAM:1206}
  CREATE_STREAM @0 {NAME:seq T:Transactions SCOPE:uvm_test_top.env.rknp_agt.sqr STREAM:1206}
  CREATE_STREAM @0 {NAME:seq T:Transactions SCOPE:uvm_test_top.env.rknp_agt.sqr STREAM:1206}
  CREATE_STREAM @0 {NAME:seq T:Transactions SCOPE:uvm_test_top.env.rknp_agt.sqr STREAM:1206}
  CREATE_STREAM @0 {NAME:seq T:Transactions SCOPE:uvm_test_top.env.rknp_agt.sqr STREAM:1206}
  CREATE_STREAM @0 {NAME:seq_read_okay_1 T:Transactions SCOPE:uvm_test_top.env.rknp_agt.sqr STREAM:1385}
  CREATE_STREAM @205000 {NAME:seq_read_slverr T:Transactions SCOPE:uvm_test_top.env.rknp_agt.sqr STREAM:1479}
  CREATE_STREAM @335000 {NAME:seq_read_okay_2 T:Transactions SCOPE:uvm_test_top.env.rknp_agt.sqr STREAM:1522}
  CREATE_STREAM @475000 {NAME:seq_read_decerr T:Transactions SCOPE:uvm_test_top.env.rknp_agt.sqr STREAM:1565}
  CREATE_STREAM @645000 {NAME:seq_read_okay_3 T:Transactions SCOPE:uvm_test_top.env.rknp_agt.sqr STREAM:1608}
  CREATE_STREAM @765000 {NAME:seq_write_okay_1 T:Transactions SCOPE:uvm_test_top.env.rknp_agt.sqr STREAM:1651}
  CREATE_STREAM @855000 {NAME:seq_write_slverr T:Transactions SCOPE:uvm_test_top.env.rknp_agt.sqr STREAM:1702}
  CREATE_STREAM @945000 {NAME:seq_write_okay_2 T:Transactions SCOPE:uvm_test_top.env.rknp_agt.sqr STREAM:1753}
  CREATE_STREAM @1055000 {NAME:seq_write_decerr T:Transactions SCOPE:uvm_test_top.env.rknp_agt.sqr STREAM:1804}
  CREATE_STREAM @1175000 {NAME:seq_write_okay_3 T:Transactions SCOPE:uvm_test_top.env.rknp_agt.sqr STREAM:1855}
  CREATE_STREAM @0 {NAME:seq T:Transactions SCOPE:uvm_test_top.env.rknp_agt.sqr STREAM:1206}
  CREATE_STREAM @0 {NAME:seq T:Transactions SCOPE:uvm_test_top.env.rknp_agt.sqr STREAM:1206}
  CREATE_STREAM @0 {NAME:seq_mix_inst T:Transactions SCOPE:uvm_test_top.env.rknp_agt.sqr STREAM:1206}
  CREATE_STREAM @0 {NAME:seq T:Transactions SCOPE:uvm_test_top.env.rknp_agt.sqr STREAM:1206}
  CREATE_STREAM @0 {NAME:seq T:Transactions SCOPE:uvm_test_top.env.rknp_agt.sqr STREAM:1206}
  CREATE_STREAM @0 {NAME:seq T:Transactions SCOPE:uvm_test_top.env.rknp_agt.sqr STREAM:1206}
  CREATE_STREAM @0 {NAME:seq T:Transactions SCOPE:uvm_test_top.env.rknp_agt.sqr STREAM:1206}
  CREATE_STREAM @0 {NAME:seq T:Transactions SCOPE:uvm_test_top.env.rknp_agt.sqr STREAM:1206}
  CREATE_STREAM @0 {NAME:before_reset_seq T:Transactions SCOPE:uvm_test_top.env.rknp_agt.sqr STREAM:1206}
  CREATE_STREAM @725000 {NAME:reset_seq T:Transactions SCOPE:uvm_test_top.env.vseqr STREAM:1298}
  CREATE_STREAM @785000 {NAME:after_reset_seq T:Transactions SCOPE:uvm_test_top.env.rknp_agt.sqr STREAM:1314}
  CREATE_STREAM @0 {NAME:seq T:Transactions SCOPE:uvm_test_top.env.rknp_agt.sqr STREAM:1206}
  CREATE_STREAM @0 {NAME:seq T:Transactions SCOPE:uvm_test_top.env.rknp_agt.sqr STREAM:1206}
  CREATE_STREAM @0 {NAME:seq T:Transactions SCOPE:uvm_test_top.env.rknp_agt.sqr STREAM:1206}
  CREATE_STREAM @0 {NAME:seq T:Transactions SCOPE:uvm_test_top.env.rknp_agt.sqr STREAM:1206}
  CREATE_STREAM @0 {NAME:seq T:Transactions SCOPE:uvm_test_top.env.rknp_agt.sqr STREAM:1206}
  CREATE_STREAM @0 {NAME:seq T:Transactions SCOPE:uvm_test_top.env.rknp_agt.sqr STREAM:1206}
  CREATE_STREAM @0 {NAME:seq T:Transactions SCOPE:uvm_test_top.env.rknp_agt.sqr STREAM:1206}
  CREATE_STREAM @0 {NAME:rd_seq T:Transactions SCOPE:uvm_test_top.env.rknp_agt.sqr STREAM:1206}
  CREATE_STREAM @0 {NAME:rd_seq T:Transactions SCOPE:uvm_test_top.env.rknp_agt.sqr STREAM:1206}
  CREATE_STREAM @0 {NAME:rd_seq T:Transactions SCOPE:uvm_test_top.env.rknp_agt.sqr STREAM:1206}
  CREATE_STREAM @0 {NAME:timeout_seq T:Transactions SCOPE:uvm_test_top.env.rknp_agt.sqr STREAM:1206}
  CREATE_STREAM @100060000 {NAME:normal_seq T:Transactions SCOPE:uvm_test_top.env.rknp_agt.sqr STREAM:1286}
  CREATE_STREAM @0 {NAME:seq T:Transactions SCOPE:uvm_test_top.env.rknp_agt.sqr STREAM:1206}
  CREATE_STREAM @0 {NAME:seq T:Transactions SCOPE:uvm_test_top.env.rknp_agt.sqr STREAM:1206}
  CREATE_STREAM @0 {NAME:seq T:Transactions SCOPE:uvm_test_top.env.rknp_agt.sqr STREAM:1206}
  CREATE_STREAM @0 {NAME:seq T:Transactions SCOPE:uvm_test_top.env.rknp_agt.sqr STREAM:1206}
  CREATE_STREAM @0 {NAME:seq T:Transactions SCOPE:uvm_test_top.env.rknp_agt.sqr STREAM:1206}
  CREATE_STREAM @0 {NAME:seq_round_0_write T:Transactions SCOPE:uvm_test_top.env.rknp_agt.sqr STREAM:1208}
  CREATE_STREAM @2235000 {NAME:seq_round_1_ read T:Transactions SCOPE:uvm_test_top.env.rknp_agt.sqr STREAM:1567}
  CREATE_STREAM @4435000 {NAME:seq_round_2_write T:Transactions SCOPE:uvm_test_top.env.rknp_agt.sqr STREAM:1811}
  CREATE_STREAM @6635000 {NAME:seq_round_3_ read T:Transactions SCOPE:uvm_test_top.env.rknp_agt.sqr STREAM:2119}
  CREATE_STREAM @8835000 {NAME:seq_round_4_write T:Transactions SCOPE:uvm_test_top.env.rknp_agt.sqr STREAM:2363}
  CREATE_STREAM @11035000 {NAME:seq_round_5_ read T:Transactions SCOPE:uvm_test_top.env.rknp_agt.sqr STREAM:2671}
  CREATE_STREAM @13235000 {NAME:seq_round_6_write T:Transactions SCOPE:uvm_test_top.env.rknp_agt.sqr STREAM:2915}
  CREATE_STREAM @15435000 {NAME:seq_round_7_ read T:Transactions SCOPE:uvm_test_top.env.rknp_agt.sqr STREAM:3223}
  CREATE_STREAM @17635000 {NAME:seq_round_8_write T:Transactions SCOPE:uvm_test_top.env.rknp_agt.sqr STREAM:3467}
  CREATE_STREAM @0 {NAME:seq T:Transactions SCOPE:uvm_test_top.env.rknp_agt.sqr STREAM:1206}
  CREATE_STREAM @0 {NAME:seq T:Transactions SCOPE:uvm_test_top.env.rknp_agt.sqr STREAM:1206}
  CREATE_STREAM @0 {NAME:seq T:Transactions SCOPE:uvm_test_top.env.rknp_agt.sqr STREAM:1206}
  CREATE_STREAM @0 {NAME:seq T:Transactions SCOPE:uvm_test_top.env.rknp_agt.sqr STREAM:1206}
  CREATE_STREAM @0 {NAME:seq T:Transactions SCOPE:uvm_test_top.env.rknp_agt.sqr STREAM:1206}
  CREATE_STREAM @0 {NAME:seq T:Transactions SCOPE:uvm_test_top.env.rknp_agt.sqr STREAM:1206}
  CREATE_STREAM @0 {NAME:seq T:Transactions SCOPE:uvm_test_top.env.rknp_agt.sqr STREAM:1206}
  CREATE_STREAM @0 {NAME:seq T:Transactions SCOPE:uvm_test_top.env.rknp_agt.sqr STREAM:1206}
  CREATE_STREAM @0 {NAME:seq T:Transactions SCOPE:uvm_test_top.env.rknp_agt.sqr STREAM:1206}
  CREATE_STREAM @0 {NAME:seq T:Transactions SCOPE:uvm_test_top.env.rknp_agt.sqr STREAM:1206}
  CREATE_STREAM @0 {NAME:seq T:Transactions SCOPE:uvm_test_top.env.rknp_agt.sqr STREAM:1206}
  CREATE_STREAM @0 {NAME:seq T:Transactions SCOPE:uvm_test_top.env.rknp_agt.sqr STREAM:1206}
  CREATE_STREAM @0 {NAME:seq T:Transactions SCOPE:uvm_test_top.env.rknp_agt.sqr STREAM:1206}
  CREATE_STREAM @0 {NAME:seq_read_okay_1 T:Transactions SCOPE:uvm_test_top.env.rknp_agt.sqr STREAM:1385}
  CREATE_STREAM @205000 {NAME:seq_read_slverr T:Transactions SCOPE:uvm_test_top.env.rknp_agt.sqr STREAM:1479}
  CREATE_STREAM @335000 {NAME:seq_read_okay_2 T:Transactions SCOPE:uvm_test_top.env.rknp_agt.sqr STREAM:1522}
  CREATE_STREAM @475000 {NAME:seq_read_decerr T:Transactions SCOPE:uvm_test_top.env.rknp_agt.sqr STREAM:1565}
  CREATE_STREAM @645000 {NAME:seq_read_okay_3 T:Transactions SCOPE:uvm_test_top.env.rknp_agt.sqr STREAM:1608}
  CREATE_STREAM @765000 {NAME:seq_write_okay_1 T:Transactions SCOPE:uvm_test_top.env.rknp_agt.sqr STREAM:1651}
  CREATE_STREAM @855000 {NAME:seq_write_slverr T:Transactions SCOPE:uvm_test_top.env.rknp_agt.sqr STREAM:1702}
  CREATE_STREAM @945000 {NAME:seq_write_okay_2 T:Transactions SCOPE:uvm_test_top.env.rknp_agt.sqr STREAM:1753}
  CREATE_STREAM @1055000 {NAME:seq_write_decerr T:Transactions SCOPE:uvm_test_top.env.rknp_agt.sqr STREAM:1804}
  CREATE_STREAM @1175000 {NAME:seq_write_okay_3 T:Transactions SCOPE:uvm_test_top.env.rknp_agt.sqr STREAM:1855}
  CREATE_STREAM @0 {NAME:seq T:Transactions SCOPE:uvm_test_top.env.rknp_agt.sqr STREAM:1206}
  CREATE_STREAM @0 {NAME:seq T:Transactions SCOPE:uvm_test_top.env.rknp_agt.sqr STREAM:1206}
  CREATE_STREAM @0 {NAME:seq_mix_inst T:Transactions SCOPE:uvm_test_top.env.rknp_agt.sqr STREAM:1206}
  CREATE_STREAM @0 {NAME:seq T:Transactions SCOPE:uvm_test_top.env.rknp_agt.sqr STREAM:1206}
  CREATE_STREAM @0 {NAME:seq T:Transactions SCOPE:uvm_test_top.env.rknp_agt.sqr STREAM:1206}
  CREATE_STREAM @0 {NAME:before_reset_seq T:Transactions SCOPE:uvm_test_top.env.rknp_agt.sqr STREAM:1206}
  CREATE_STREAM @725000 {NAME:reset_seq T:Transactions SCOPE:uvm_test_top.env.vseqr STREAM:1298}
  CREATE_STREAM @785000 {NAME:after_reset_seq T:Transactions SCOPE:uvm_test_top.env.rknp_agt.sqr STREAM:1314}
  CREATE_STREAM @0 {NAME:seq T:Transactions SCOPE:uvm_test_top.env.rknp_agt.sqr STREAM:1206}
  CREATE_STREAM @0 {NAME:seq T:Transactions SCOPE:uvm_test_top.env.rknp_agt.sqr STREAM:1206}
  CREATE_STREAM @0 {NAME:seq T:Transactions SCOPE:uvm_test_top.env.rknp_agt.sqr STREAM:1206}
  CREATE_STREAM @0 {NAME:seq T:Transactions SCOPE:uvm_test_top.env.rknp_agt.sqr STREAM:1206}
  CREATE_STREAM @0 {NAME:seq T:Transactions SCOPE:uvm_test_top.env.rknp_agt.sqr STREAM:1206}
  CREATE_STREAM @0 {NAME:seq T:Transactions SCOPE:uvm_test_top.env.rknp_agt.sqr STREAM:1206}
  CREATE_STREAM @0 {NAME:seq T:Transactions SCOPE:uvm_test_top.env.rknp_agt.sqr STREAM:1206}
  CREATE_STREAM @0 {NAME:rd_seq T:Transactions SCOPE:uvm_test_top.env.rknp_agt.sqr STREAM:1206}
  CREATE_STREAM @0 {NAME:rd_seq T:Transactions SCOPE:uvm_test_top.env.rknp_agt.sqr STREAM:1206}
  CREATE_STREAM @0 {NAME:rd_seq T:Transactions SCOPE:uvm_test_top.env.rknp_agt.sqr STREAM:1206}
  CREATE_STREAM @0 {NAME:timeout_seq T:Transactions SCOPE:uvm_test_top.env.rknp_agt.sqr STREAM:1206}
  CREATE_STREAM @100060000 {NAME:normal_seq T:Transactions SCOPE:uvm_test_top.env.rknp_agt.sqr STREAM:1286}
  CREATE_STREAM @0 {NAME:seq T:Transactions SCOPE:uvm_test_top.env.rknp_agt.sqr STREAM:1206}
  CREATE_STREAM @0 {NAME:seq T:Transactions SCOPE:uvm_test_top.env.rknp_agt.sqr STREAM:1206}
  CREATE_STREAM @0 {NAME:seq T:Transactions SCOPE:uvm_test_top.env.rknp_agt.sqr STREAM:1206}
  CREATE_STREAM @0 {NAME:seq T:Transactions SCOPE:uvm_test_top.env.rknp_agt.sqr STREAM:1206}
  CREATE_STREAM @0 {NAME:seq T:Transactions SCOPE:uvm_test_top.env.rknp_agt.sqr STREAM:1206}
  CREATE_STREAM @0 {NAME:seq_round_0_write T:Transactions SCOPE:uvm_test_top.env.rknp_agt.sqr STREAM:1208}
  CREATE_STREAM @2235000 {NAME:seq_round_1_ read T:Transactions SCOPE:uvm_test_top.env.rknp_agt.sqr STREAM:1567}
  CREATE_STREAM @4435000 {NAME:seq_round_2_write T:Transactions SCOPE:uvm_test_top.env.rknp_agt.sqr STREAM:1811}
  CREATE_STREAM @6635000 {NAME:seq_round_3_ read T:Transactions SCOPE:uvm_test_top.env.rknp_agt.sqr STREAM:2119}
  CREATE_STREAM @8835000 {NAME:seq_round_4_write T:Transactions SCOPE:uvm_test_top.env.rknp_agt.sqr STREAM:2363}
  CREATE_STREAM @11035000 {NAME:seq_round_5_ read T:Transactions SCOPE:uvm_test_top.env.rknp_agt.sqr STREAM:2671}
  CREATE_STREAM @13235000 {NAME:seq_round_6_write T:Transactions SCOPE:uvm_test_top.env.rknp_agt.sqr STREAM:2915}
  CREATE_STREAM @15435000 {NAME:seq_round_7_ read T:Transactions SCOPE:uvm_test_top.env.rknp_agt.sqr STREAM:3223}
  CREATE_STREAM @17635000 {NAME:seq_round_8_write T:Transactions SCOPE:uvm_test_top.env.rknp_agt.sqr STREAM:3467}
  CREATE_STREAM @0 {NAME:seq T:Transactions SCOPE:uvm_test_top.env.rknp_agt.sqr STREAM:1206}
  CREATE_STREAM @0 {NAME:seq T:Transactions SCOPE:uvm_test_top.env.rknp_agt.sqr STREAM:1206}
  CREATE_STREAM @0 {NAME:seq T:Transactions SCOPE:uvm_test_top.env.rknp_agt.sqr STREAM:1206}
  CREATE_STREAM @0 {NAME:seq T:Transactions SCOPE:uvm_test_top.env.rknp_agt.sqr STREAM:1206}
  CREATE_STREAM @0 {NAME:seq T:Transactions SCOPE:uvm_test_top.env.rknp_agt.sqr STREAM:1206}
  CREATE_STREAM @0 {NAME:seq T:Transactions SCOPE:uvm_test_top.env.rknp_agt.sqr STREAM:1206}
  CREATE_STREAM @0 {NAME:seq T:Transactions SCOPE:uvm_test_top.env.rknp_agt.sqr STREAM:1206}
  CREATE_STREAM @0 {NAME:seq T:Transactions SCOPE:uvm_test_top.env.rknp_agt.sqr STREAM:1206}
  CREATE_STREAM @0 {NAME:seq T:Transactions SCOPE:uvm_test_top.env.rknp_agt.sqr STREAM:1206}
  CREATE_STREAM @0 {NAME:seq T:Transactions SCOPE:uvm_test_top.env.rknp_agt.sqr STREAM:1206}
  CREATE_STREAM @0 {NAME:seq T:Transactions SCOPE:uvm_test_top.env.rknp_agt.sqr STREAM:1206}
  CREATE_STREAM @0 {NAME:seq T:Transactions SCOPE:uvm_test_top.env.rknp_agt.sqr STREAM:1206}
  CREATE_STREAM @0 {NAME:seq T:Transactions SCOPE:uvm_test_top.env.rknp_agt.sqr STREAM:1206}
  CREATE_STREAM @0 {NAME:seq_read_okay_1 T:Transactions SCOPE:uvm_test_top.env.rknp_agt.sqr STREAM:1385}
  CREATE_STREAM @205000 {NAME:seq_read_slverr T:Transactions SCOPE:uvm_test_top.env.rknp_agt.sqr STREAM:1479}
  CREATE_STREAM @335000 {NAME:seq_read_okay_2 T:Transactions SCOPE:uvm_test_top.env.rknp_agt.sqr STREAM:1522}
  CREATE_STREAM @475000 {NAME:seq_read_decerr T:Transactions SCOPE:uvm_test_top.env.rknp_agt.sqr STREAM:1565}
  CREATE_STREAM @645000 {NAME:seq_read_okay_3 T:Transactions SCOPE:uvm_test_top.env.rknp_agt.sqr STREAM:1608}
  CREATE_STREAM @765000 {NAME:seq_write_okay_1 T:Transactions SCOPE:uvm_test_top.env.rknp_agt.sqr STREAM:1651}
  CREATE_STREAM @855000 {NAME:seq_write_slverr T:Transactions SCOPE:uvm_test_top.env.rknp_agt.sqr STREAM:1702}
  CREATE_STREAM @945000 {NAME:seq_write_okay_2 T:Transactions SCOPE:uvm_test_top.env.rknp_agt.sqr STREAM:1753}
  CREATE_STREAM @1055000 {NAME:seq_write_decerr T:Transactions SCOPE:uvm_test_top.env.rknp_agt.sqr STREAM:1804}
  CREATE_STREAM @1175000 {NAME:seq_write_okay_3 T:Transactions SCOPE:uvm_test_top.env.rknp_agt.sqr STREAM:1855}
  CREATE_STREAM @0 {NAME:seq T:Transactions SCOPE:uvm_test_top.env.rknp_agt.sqr STREAM:1206}
  CREATE_STREAM @0 {NAME:seq T:Transactions SCOPE:uvm_test_top.env.rknp_agt.sqr STREAM:1206}
  CREATE_STREAM @0 {NAME:seq_mix_inst T:Transactions SCOPE:uvm_test_top.env.rknp_agt.sqr STREAM:1206}
  CREATE_STREAM @0 {NAME:before_reset_seq T:Transactions SCOPE:uvm_test_top.env.rknp_agt.sqr STREAM:1206}
  CREATE_STREAM @725000 {NAME:reset_seq T:Transactions SCOPE:uvm_test_top.env.vseqr STREAM:1298}
  CREATE_STREAM @785000 {NAME:after_reset_seq T:Transactions SCOPE:uvm_test_top.env.rknp_agt.sqr STREAM:1314}
  CREATE_STREAM @0 {NAME:seq T:Transactions SCOPE:uvm_test_top.env.rknp_agt.sqr STREAM:1206}
  CREATE_STREAM @0 {NAME:seq T:Transactions SCOPE:uvm_test_top.env.rknp_agt.sqr STREAM:1206}
  CREATE_STREAM @0 {NAME:seq T:Transactions SCOPE:uvm_test_top.env.rknp_agt.sqr STREAM:1206}
  CREATE_STREAM @0 {NAME:seq T:Transactions SCOPE:uvm_test_top.env.rknp_agt.sqr STREAM:1206}
  CREATE_STREAM @0 {NAME:seq T:Transactions SCOPE:uvm_test_top.env.rknp_agt.sqr STREAM:1206}
  CREATE_STREAM @0 {NAME:seq T:Transactions SCOPE:uvm_test_top.env.rknp_agt.sqr STREAM:1206}
  CREATE_STREAM @0 {NAME:seq T:Transactions SCOPE:uvm_test_top.env.rknp_agt.sqr STREAM:1206}
  CREATE_STREAM @0 {NAME:rd_seq T:Transactions SCOPE:uvm_test_top.env.rknp_agt.sqr STREAM:1206}
  CREATE_STREAM @0 {NAME:rd_seq T:Transactions SCOPE:uvm_test_top.env.rknp_agt.sqr STREAM:1206}
  CREATE_STREAM @0 {NAME:rd_seq T:Transactions SCOPE:uvm_test_top.env.rknp_agt.sqr STREAM:1206}
  CREATE_STREAM @0 {NAME:timeout_seq T:Transactions SCOPE:uvm_test_top.env.rknp_agt.sqr STREAM:1206}
  CREATE_STREAM @100060000 {NAME:normal_seq T:Transactions SCOPE:uvm_test_top.env.rknp_agt.sqr STREAM:1286}
  CREATE_STREAM @0 {NAME:seq T:Transactions SCOPE:uvm_test_top.env.rknp_agt.sqr STREAM:1206}
  CREATE_STREAM @0 {NAME:seq T:Transactions SCOPE:uvm_test_top.env.rknp_agt.sqr STREAM:1206}
  CREATE_STREAM @0 {NAME:seq T:Transactions SCOPE:uvm_test_top.env.rknp_agt.sqr STREAM:1206}
  CREATE_STREAM @0 {NAME:seq T:Transactions SCOPE:uvm_test_top.env.rknp_agt.sqr STREAM:1206}
  CREATE_STREAM @0 {NAME:seq T:Transactions SCOPE:uvm_test_top.env.rknp_agt.sqr STREAM:1206}
  CREATE_STREAM @0 {NAME:seq_round_0_write T:Transactions SCOPE:uvm_test_top.env.rknp_agt.sqr STREAM:1208}
  CREATE_STREAM @2235000 {NAME:seq_round_1_ read T:Transactions SCOPE:uvm_test_top.env.rknp_agt.sqr STREAM:1567}
  CREATE_STREAM @4435000 {NAME:seq_round_2_write T:Transactions SCOPE:uvm_test_top.env.rknp_agt.sqr STREAM:1811}
  CREATE_STREAM @6635000 {NAME:seq_round_3_ read T:Transactions SCOPE:uvm_test_top.env.rknp_agt.sqr STREAM:2119}
  CREATE_STREAM @8835000 {NAME:seq_round_4_write T:Transactions SCOPE:uvm_test_top.env.rknp_agt.sqr STREAM:2363}
  CREATE_STREAM @11035000 {NAME:seq_round_5_ read T:Transactions SCOPE:uvm_test_top.env.rknp_agt.sqr STREAM:2671}
  CREATE_STREAM @13235000 {NAME:seq_round_6_write T:Transactions SCOPE:uvm_test_top.env.rknp_agt.sqr STREAM:2915}
  CREATE_STREAM @15435000 {NAME:seq_round_7_ read T:Transactions SCOPE:uvm_test_top.env.rknp_agt.sqr STREAM:3223}
  CREATE_STREAM @17635000 {NAME:seq_round_8_write T:Transactions SCOPE:uvm_test_top.env.rknp_agt.sqr STREAM:3467}
  CREATE_STREAM @0 {NAME:seq T:Transactions SCOPE:uvm_test_top.env.rknp_agt.sqr STREAM:1206}
  CREATE_STREAM @0 {NAME:seq T:Transactions SCOPE:uvm_test_top.env.rknp_agt.sqr STREAM:1206}
  CREATE_STREAM @0 {NAME:seq T:Transactions SCOPE:uvm_test_top.env.rknp_agt.sqr STREAM:1206}
  CREATE_STREAM @0 {NAME:seq T:Transactions SCOPE:uvm_test_top.env.rknp_agt.sqr STREAM:1206}
  CREATE_STREAM @0 {NAME:seq T:Transactions SCOPE:uvm_test_top.env.rknp_agt.sqr STREAM:1206}
  CREATE_STREAM @0 {NAME:seq T:Transactions SCOPE:uvm_test_top.env.rknp_agt.sqr STREAM:1206}
  CREATE_STREAM @0 {NAME:seq T:Transactions SCOPE:uvm_test_top.env.rknp_agt.sqr STREAM:1206}
  CREATE_STREAM @0 {NAME:seq T:Transactions SCOPE:uvm_test_top.env.rknp_agt.sqr STREAM:1206}
  CREATE_STREAM @0 {NAME:seq T:Transactions SCOPE:uvm_test_top.env.rknp_agt.sqr STREAM:1206}
  CREATE_STREAM @0 {NAME:seq T:Transactions SCOPE:uvm_test_top.env.rknp_agt.sqr STREAM:1206}
  CREATE_STREAM @0 {NAME:seq T:Transactions SCOPE:uvm_test_top.env.rknp_agt.sqr STREAM:1206}
  CREATE_STREAM @0 {NAME:seq T:Transactions SCOPE:uvm_test_top.env.rknp_agt.sqr STREAM:1206}
  CREATE_STREAM @0 {NAME:seq T:Transactions SCOPE:uvm_test_top.env.rknp_agt.sqr STREAM:1206}
  CREATE_STREAM @0 {NAME:seq_read_okay_1 T:Transactions SCOPE:uvm_test_top.env.rknp_agt.sqr STREAM:1385}
  CREATE_STREAM @205000 {NAME:seq_read_slverr T:Transactions SCOPE:uvm_test_top.env.rknp_agt.sqr STREAM:1479}
  CREATE_STREAM @335000 {NAME:seq_read_okay_2 T:Transactions SCOPE:uvm_test_top.env.rknp_agt.sqr STREAM:1522}
  CREATE_STREAM @475000 {NAME:seq_read_decerr T:Transactions SCOPE:uvm_test_top.env.rknp_agt.sqr STREAM:1565}
  CREATE_STREAM @645000 {NAME:seq_read_okay_3 T:Transactions SCOPE:uvm_test_top.env.rknp_agt.sqr STREAM:1608}
  CREATE_STREAM @765000 {NAME:seq_write_okay_1 T:Transactions SCOPE:uvm_test_top.env.rknp_agt.sqr STREAM:1651}
  CREATE_STREAM @855000 {NAME:seq_write_slverr T:Transactions SCOPE:uvm_test_top.env.rknp_agt.sqr STREAM:1702}
  CREATE_STREAM @945000 {NAME:seq_write_okay_2 T:Transactions SCOPE:uvm_test_top.env.rknp_agt.sqr STREAM:1753}
  CREATE_STREAM @1055000 {NAME:seq_write_decerr T:Transactions SCOPE:uvm_test_top.env.rknp_agt.sqr STREAM:1804}
  CREATE_STREAM @1175000 {NAME:seq_write_okay_3 T:Transactions SCOPE:uvm_test_top.env.rknp_agt.sqr STREAM:1855}
  CREATE_STREAM @0 {NAME:seq T:Transactions SCOPE:uvm_test_top.env.rknp_agt.sqr STREAM:1206}
  CREATE_STREAM @0 {NAME:seq T:Transactions SCOPE:uvm_test_top.env.rknp_agt.sqr STREAM:1206}
  CREATE_STREAM @0 {NAME:seq_mix_inst T:Transactions SCOPE:uvm_test_top.env.rknp_agt.sqr STREAM:1206}
  CREATE_STREAM @0 {NAME:before_reset_seq T:Transactions SCOPE:uvm_test_top.env.rknp_agt.sqr STREAM:1206}
  CREATE_STREAM @765000 {NAME:reset_seq T:Transactions SCOPE:uvm_test_top.env.vseqr STREAM:1298}
  CREATE_STREAM @825000 {NAME:after_reset_seq T:Transactions SCOPE:uvm_test_top.env.rknp_agt.sqr STREAM:1314}
  CREATE_STREAM @0 {NAME:seq T:Transactions SCOPE:uvm_test_top.env.rknp_agt.sqr STREAM:1206}
  CREATE_STREAM @0 {NAME:seq T:Transactions SCOPE:uvm_test_top.env.rknp_agt.sqr STREAM:1206}
  CREATE_STREAM @0 {NAME:seq T:Transactions SCOPE:uvm_test_top.env.rknp_agt.sqr STREAM:1206}
  CREATE_STREAM @0 {NAME:seq T:Transactions SCOPE:uvm_test_top.env.rknp_agt.sqr STREAM:1206}
  CREATE_STREAM @0 {NAME:seq T:Transactions SCOPE:uvm_test_top.env.rknp_agt.sqr STREAM:1206}
  CREATE_STREAM @0 {NAME:seq T:Transactions SCOPE:uvm_test_top.env.rknp_agt.sqr STREAM:1206}
  CREATE_STREAM @0 {NAME:seq T:Transactions SCOPE:uvm_test_top.env.rknp_agt.sqr STREAM:1206}
  CREATE_STREAM @0 {NAME:rd_seq T:Transactions SCOPE:uvm_test_top.env.rknp_agt.sqr STREAM:1206}
  CREATE_STREAM @0 {NAME:rd_seq T:Transactions SCOPE:uvm_test_top.env.rknp_agt.sqr STREAM:1206}
  CREATE_STREAM @0 {NAME:rd_seq T:Transactions SCOPE:uvm_test_top.env.rknp_agt.sqr STREAM:1206}
  CREATE_STREAM @0 {NAME:timeout_seq T:Transactions SCOPE:uvm_test_top.env.rknp_agt.sqr STREAM:1206}
  CREATE_STREAM @100060000 {NAME:normal_seq T:Transactions SCOPE:uvm_test_top.env.rknp_agt.sqr STREAM:1286}
  CREATE_STREAM @0 {NAME:seq T:Transactions SCOPE:uvm_test_top.env.rknp_agt.sqr STREAM:1206}
  CREATE_STREAM @0 {NAME:seq T:Transactions SCOPE:uvm_test_top.env.rknp_agt.sqr STREAM:1206}
  CREATE_STREAM @0 {NAME:seq T:Transactions SCOPE:uvm_test_top.env.rknp_agt.sqr STREAM:1206}
  CREATE_STREAM @0 {NAME:seq T:Transactions SCOPE:uvm_test_top.env.rknp_agt.sqr STREAM:1206}
  CREATE_STREAM @0 {NAME:before_reset_seq T:Transactions SCOPE:uvm_test_top.env.rknp_agt.sqr STREAM:1206}
  CREATE_STREAM @765000 {NAME:reset_seq T:Transactions SCOPE:uvm_test_top.env.vseqr STREAM:1298}
  CREATE_STREAM @825000 {NAME:after_reset_seq T:Transactions SCOPE:uvm_test_top.env.rknp_agt.sqr STREAM:1314}
  CREATE_STREAM @0 {NAME:seq T:Transactions SCOPE:uvm_test_top.env.rknp_agt.sqr STREAM:1206}
  CREATE_STREAM @0 {NAME:seq T:Transactions SCOPE:uvm_test_top.env.rknp_agt.sqr STREAM:1206}
  CREATE_STREAM @0 {NAME:seq T:Transactions SCOPE:uvm_test_top.env.rknp_agt.sqr STREAM:1206}
  CREATE_STREAM @0 {NAME:seq T:Transactions SCOPE:uvm_test_top.env.rknp_agt.sqr STREAM:1206}
  CREATE_STREAM @0 {NAME:seq T:Transactions SCOPE:uvm_test_top.env.rknp_agt.sqr STREAM:1206}
  CREATE_STREAM @0 {NAME:seq T:Transactions SCOPE:uvm_test_top.env.rknp_agt.sqr STREAM:1206}
  CREATE_STREAM @0 {NAME:seq T:Transactions SCOPE:uvm_test_top.env.rknp_agt.sqr STREAM:1206}
  CREATE_STREAM @0 {NAME:rd_seq T:Transactions SCOPE:uvm_test_top.env.rknp_agt.sqr STREAM:1206}
  CREATE_STREAM @0 {NAME:rd_seq T:Transactions SCOPE:uvm_test_top.env.rknp_agt.sqr STREAM:1206}
  CREATE_STREAM @0 {NAME:rd_seq T:Transactions SCOPE:uvm_test_top.env.rknp_agt.sqr STREAM:1206}
  CREATE_STREAM @0 {NAME:timeout_seq T:Transactions SCOPE:uvm_test_top.env.rknp_agt.sqr STREAM:1206}
  CREATE_STREAM @100060000 {NAME:normal_seq T:Transactions SCOPE:uvm_test_top.env.rknp_agt.sqr STREAM:1286}
  CREATE_STREAM @0 {NAME:seq T:Transactions SCOPE:uvm_test_top.env.rknp_agt.sqr STREAM:1206}
  CREATE_STREAM @0 {NAME:seq T:Transactions SCOPE:uvm_test_top.env.rknp_agt.sqr STREAM:1206}
  CREATE_STREAM @0 {NAME:seq T:Transactions SCOPE:uvm_test_top.env.rknp_agt.sqr STREAM:1206}
  CREATE_STREAM @0 {NAME:seq T:Transactions SCOPE:uvm_test_top.env.rknp_agt.sqr STREAM:1206}
  CREATE_STREAM @0 {NAME:seq T:Transactions SCOPE:uvm_test_top.env.rknp_agt.sqr STREAM:1206}
  CREATE_STREAM @0 {NAME:seq T:Transactions SCOPE:uvm_test_top.env.rknp_agt.sqr STREAM:1206}
  CREATE_STREAM @0 {NAME:seq_round_0_write T:Transactions SCOPE:uvm_test_top.env.rknp_agt.sqr STREAM:1208}
  CREATE_STREAM @2235000 {NAME:seq_round_1_ read T:Transactions SCOPE:uvm_test_top.env.rknp_agt.sqr STREAM:1567}
  CREATE_STREAM @4435000 {NAME:seq_round_2_write T:Transactions SCOPE:uvm_test_top.env.rknp_agt.sqr STREAM:1811}
  CREATE_STREAM @6635000 {NAME:seq_round_3_ read T:Transactions SCOPE:uvm_test_top.env.rknp_agt.sqr STREAM:2119}
  CREATE_STREAM @8835000 {NAME:seq_round_4_write T:Transactions SCOPE:uvm_test_top.env.rknp_agt.sqr STREAM:2363}
  CREATE_STREAM @11035000 {NAME:seq_round_5_ read T:Transactions SCOPE:uvm_test_top.env.rknp_agt.sqr STREAM:2671}
  CREATE_STREAM @13235000 {NAME:seq_round_6_write T:Transactions SCOPE:uvm_test_top.env.rknp_agt.sqr STREAM:2915}
  CREATE_STREAM @15435000 {NAME:seq_round_7_ read T:Transactions SCOPE:uvm_test_top.env.rknp_agt.sqr STREAM:3223}
  CREATE_STREAM @17635000 {NAME:seq_round_8_write T:Transactions SCOPE:uvm_test_top.env.rknp_agt.sqr STREAM:3467}
  CREATE_STREAM @0 {NAME:seq T:Transactions SCOPE:uvm_test_top.env.rknp_agt.sqr STREAM:1206}
  CREATE_STREAM @0 {NAME:seq T:Transactions SCOPE:uvm_test_top.env.rknp_agt.sqr STREAM:1206}
  CREATE_STREAM @0 {NAME:seq T:Transactions SCOPE:uvm_test_top.env.rknp_agt.sqr STREAM:1206}
  CREATE_STREAM @0 {NAME:seq T:Transactions SCOPE:uvm_test_top.env.rknp_agt.sqr STREAM:1206}
  CREATE_STREAM @0 {NAME:seq T:Transactions SCOPE:uvm_test_top.env.rknp_agt.sqr STREAM:1206}
  CREATE_STREAM @0 {NAME:seq T:Transactions SCOPE:uvm_test_top.env.rknp_agt.sqr STREAM:1206}
  CREATE_STREAM @0 {NAME:seq T:Transactions SCOPE:uvm_test_top.env.rknp_agt.sqr STREAM:1206}
  CREATE_STREAM @0 {NAME:seq T:Transactions SCOPE:uvm_test_top.env.rknp_agt.sqr STREAM:1206}
  CREATE_STREAM @0 {NAME:seq T:Transactions SCOPE:uvm_test_top.env.rknp_agt.sqr STREAM:1206}
  CREATE_STREAM @0 {NAME:seq T:Transactions SCOPE:uvm_test_top.env.rknp_agt.sqr STREAM:1206}
  CREATE_STREAM @0 {NAME:seq T:Transactions SCOPE:uvm_test_top.env.rknp_agt.sqr STREAM:1206}
  CREATE_STREAM @0 {NAME:seq T:Transactions SCOPE:uvm_test_top.env.rknp_agt.sqr STREAM:1206}
  CREATE_STREAM @0 {NAME:seq T:Transactions SCOPE:uvm_test_top.env.rknp_agt.sqr STREAM:1206}
  CREATE_STREAM @0 {NAME:seq_read_okay_1 T:Transactions SCOPE:uvm_test_top.env.rknp_agt.sqr STREAM:1385}
  CREATE_STREAM @205000 {NAME:seq_read_slverr T:Transactions SCOPE:uvm_test_top.env.rknp_agt.sqr STREAM:1479}
  CREATE_STREAM @335000 {NAME:seq_read_okay_2 T:Transactions SCOPE:uvm_test_top.env.rknp_agt.sqr STREAM:1522}
  CREATE_STREAM @475000 {NAME:seq_read_decerr T:Transactions SCOPE:uvm_test_top.env.rknp_agt.sqr STREAM:1565}
  CREATE_STREAM @645000 {NAME:seq_read_okay_3 T:Transactions SCOPE:uvm_test_top.env.rknp_agt.sqr STREAM:1608}
  CREATE_STREAM @765000 {NAME:seq_write_okay_1 T:Transactions SCOPE:uvm_test_top.env.rknp_agt.sqr STREAM:1651}
  CREATE_STREAM @855000 {NAME:seq_write_slverr T:Transactions SCOPE:uvm_test_top.env.rknp_agt.sqr STREAM:1702}
  CREATE_STREAM @945000 {NAME:seq_write_okay_2 T:Transactions SCOPE:uvm_test_top.env.rknp_agt.sqr STREAM:1753}
  CREATE_STREAM @1055000 {NAME:seq_write_decerr T:Transactions SCOPE:uvm_test_top.env.rknp_agt.sqr STREAM:1804}
  CREATE_STREAM @1175000 {NAME:seq_write_okay_3 T:Transactions SCOPE:uvm_test_top.env.rknp_agt.sqr STREAM:1855}
  CREATE_STREAM @0 {NAME:seq T:Transactions SCOPE:uvm_test_top.env.rknp_agt.sqr STREAM:1206}
  CREATE_STREAM @0 {NAME:seq T:Transactions SCOPE:uvm_test_top.env.rknp_agt.sqr STREAM:1206}
  CREATE_STREAM @0 {NAME:seq_mix_inst T:Transactions SCOPE:uvm_test_top.env.rknp_agt.sqr STREAM:1206}
  CREATE_STREAM @0 {NAME:before_reset_seq T:Transactions SCOPE:uvm_test_top.env.rknp_agt.sqr STREAM:1206}
  CREATE_STREAM @765000 {NAME:reset_seq T:Transactions SCOPE:uvm_test_top.env.vseqr STREAM:1298}
  CREATE_STREAM @825000 {NAME:after_reset_seq T:Transactions SCOPE:uvm_test_top.env.rknp_agt.sqr STREAM:1314}
  CREATE_STREAM @0 {NAME:seq T:Transactions SCOPE:uvm_test_top.env.rknp_agt.sqr STREAM:1206}
  CREATE_STREAM @0 {NAME:seq T:Transactions SCOPE:uvm_test_top.env.rknp_agt.sqr STREAM:1206}
  CREATE_STREAM @0 {NAME:seq T:Transactions SCOPE:uvm_test_top.env.rknp_agt.sqr STREAM:1206}
  CREATE_STREAM @0 {NAME:seq T:Transactions SCOPE:uvm_test_top.env.rknp_agt.sqr STREAM:1206}
  CREATE_STREAM @0 {NAME:seq T:Transactions SCOPE:uvm_test_top.env.rknp_agt.sqr STREAM:1206}
  CREATE_STREAM @0 {NAME:seq T:Transactions SCOPE:uvm_test_top.env.rknp_agt.sqr STREAM:1206}
  CREATE_STREAM @0 {NAME:seq T:Transactions SCOPE:uvm_test_top.env.rknp_agt.sqr STREAM:1206}
  CREATE_STREAM @0 {NAME:rd_seq T:Transactions SCOPE:uvm_test_top.env.rknp_agt.sqr STREAM:1206}
  CREATE_STREAM @0 {NAME:rd_seq T:Transactions SCOPE:uvm_test_top.env.rknp_agt.sqr STREAM:1206}
  CREATE_STREAM @0 {NAME:rd_seq T:Transactions SCOPE:uvm_test_top.env.rknp_agt.sqr STREAM:1206}
  CREATE_STREAM @0 {NAME:timeout_seq T:Transactions SCOPE:uvm_test_top.env.rknp_agt.sqr STREAM:1206}
  CREATE_STREAM @100060000 {NAME:normal_seq T:Transactions SCOPE:uvm_test_top.env.rknp_agt.sqr STREAM:1286}
  CREATE_STREAM @0 {NAME:seq T:Transactions SCOPE:uvm_test_top.env.rknp_agt.sqr STREAM:1206}
  CREATE_STREAM @0 {NAME:before_reset_seq T:Transactions SCOPE:uvm_test_top.env.rknp_agt.sqr STREAM:1206}
  CREATE_STREAM @765000 {NAME:reset_seq T:Transactions SCOPE:uvm_test_top.env.vseqr STREAM:1298}
  CREATE_STREAM @825000 {NAME:after_reset_seq T:Transactions SCOPE:uvm_test_top.env.rknp_agt.sqr STREAM:1314}
  CREATE_STREAM @0 {NAME:seq T:Transactions SCOPE:uvm_test_top.env.rknp_agt.sqr STREAM:1206}
  CREATE_STREAM @0 {NAME:seq T:Transactions SCOPE:uvm_test_top.env.rknp_agt.sqr STREAM:1206}
  CREATE_STREAM @0 {NAME:seq T:Transactions SCOPE:uvm_test_top.env.rknp_agt.sqr STREAM:1206}
  CREATE_STREAM @0 {NAME:seq T:Transactions SCOPE:uvm_test_top.env.rknp_agt.sqr STREAM:1206}
  CREATE_STREAM @0 {NAME:seq T:Transactions SCOPE:uvm_test_top.env.rknp_agt.sqr STREAM:1206}
  CREATE_STREAM @0 {NAME:seq T:Transactions SCOPE:uvm_test_top.env.rknp_agt.sqr STREAM:1206}
  CREATE_STREAM @0 {NAME:seq T:Transactions SCOPE:uvm_test_top.env.rknp_agt.sqr STREAM:1206}
  CREATE_STREAM @0 {NAME:rd_seq T:Transactions SCOPE:uvm_test_top.env.rknp_agt.sqr STREAM:1206}
  CREATE_STREAM @0 {NAME:rd_seq T:Transactions SCOPE:uvm_test_top.env.rknp_agt.sqr STREAM:1206}
  CREATE_STREAM @0 {NAME:rd_seq T:Transactions SCOPE:uvm_test_top.env.rknp_agt.sqr STREAM:1206}
  CREATE_STREAM @0 {NAME:timeout_seq T:Transactions SCOPE:uvm_test_top.env.rknp_agt.sqr STREAM:1206}
  CREATE_STREAM @100060000 {NAME:normal_seq T:Transactions SCOPE:uvm_test_top.env.rknp_agt.sqr STREAM:1286}
  CREATE_STREAM @0 {NAME:seq T:Transactions SCOPE:uvm_test_top.env.rknp_agt.sqr STREAM:1206}
  CREATE_STREAM @0 {NAME:before_reset_seq T:Transactions SCOPE:uvm_test_top.env.rknp_agt.sqr STREAM:1206}
  CREATE_STREAM @765000 {NAME:reset_seq T:Transactions SCOPE:uvm_test_top.env.vseqr STREAM:1298}
  CREATE_STREAM @825000 {NAME:after_reset_seq T:Transactions SCOPE:uvm_test_top.env.rknp_agt.sqr STREAM:1314}
  CREATE_STREAM @0 {NAME:seq T:Transactions SCOPE:uvm_test_top.env.rknp_agt.sqr STREAM:1206}
  CREATE_STREAM @0 {NAME:seq T:Transactions SCOPE:uvm_test_top.env.rknp_agt.sqr STREAM:1206}
  CREATE_STREAM @0 {NAME:seq T:Transactions SCOPE:uvm_test_top.env.rknp_agt.sqr STREAM:1206}
  CREATE_STREAM @0 {NAME:seq T:Transactions SCOPE:uvm_test_top.env.rknp_agt.sqr STREAM:1206}
  CREATE_STREAM @0 {NAME:seq T:Transactions SCOPE:uvm_test_top.env.rknp_agt.sqr STREAM:1206}
  CREATE_STREAM @0 {NAME:seq T:Transactions SCOPE:uvm_test_top.env.rknp_agt.sqr STREAM:1206}
  CREATE_STREAM @0 {NAME:seq T:Transactions SCOPE:uvm_test_top.env.rknp_agt.sqr STREAM:1206}
  CREATE_STREAM @0 {NAME:rd_seq T:Transactions SCOPE:uvm_test_top.env.rknp_agt.sqr STREAM:1206}
  CREATE_STREAM @0 {NAME:rd_seq T:Transactions SCOPE:uvm_test_top.env.rknp_agt.sqr STREAM:1206}
  CREATE_STREAM @0 {NAME:rd_seq T:Transactions SCOPE:uvm_test_top.env.rknp_agt.sqr STREAM:1206}
  CREATE_STREAM @0 {NAME:timeout_seq T:Transactions SCOPE:uvm_test_top.env.rknp_agt.sqr STREAM:1206}
  CREATE_STREAM @100060000 {NAME:normal_seq T:Transactions SCOPE:uvm_test_top.env.rknp_agt.sqr STREAM:1286}
  CREATE_STREAM @0 {NAME:seq T:Transactions SCOPE:uvm_test_top.env.rknp_agt.sqr STREAM:1206}
  CREATE_STREAM @0 {NAME:seq T:Transactions SCOPE:uvm_test_top.env.rknp_agt.sqr STREAM:1206}
  CREATE_STREAM @0 {NAME:seq T:Transactions SCOPE:uvm_test_top.env.rknp_agt.sqr STREAM:1206}
  CREATE_STREAM @35000 {NAME:seq_watchdog_fifo_full_cov_round_1 T:Transactions SCOPE:uvm_test_top.env.rknp_agt.sqr STREAM:1257}
  CREATE_STREAM @130435000 {NAME:seq_watchdog_fifo_full_cov_round_2 T:Transactions SCOPE:uvm_test_top.env.rknp_agt.sqr STREAM:1590}
  CREATE_STREAM @0 {NAME:seq T:Transactions SCOPE:uvm_test_top.env.rknp_agt.sqr STREAM:1206}
  CREATE_STREAM @0 {NAME:seq T:Transactions SCOPE:uvm_test_top.env.rknp_agt.sqr STREAM:1206}
  CREATE_STREAM @0 {NAME:seq_round_0_write T:Transactions SCOPE:uvm_test_top.env.rknp_agt.sqr STREAM:1208}
  CREATE_STREAM @2235000 {NAME:seq_round_1_ read T:Transactions SCOPE:uvm_test_top.env.rknp_agt.sqr STREAM:1567}
  CREATE_STREAM @4435000 {NAME:seq_round_2_write T:Transactions SCOPE:uvm_test_top.env.rknp_agt.sqr STREAM:1811}
  CREATE_STREAM @6635000 {NAME:seq_round_3_ read T:Transactions SCOPE:uvm_test_top.env.rknp_agt.sqr STREAM:2119}
  CREATE_STREAM @8835000 {NAME:seq_round_4_write T:Transactions SCOPE:uvm_test_top.env.rknp_agt.sqr STREAM:2363}
  CREATE_STREAM @11035000 {NAME:seq_round_5_ read T:Transactions SCOPE:uvm_test_top.env.rknp_agt.sqr STREAM:2671}
  CREATE_STREAM @13235000 {NAME:seq_round_6_write T:Transactions SCOPE:uvm_test_top.env.rknp_agt.sqr STREAM:2915}
  CREATE_STREAM @15435000 {NAME:seq_round_7_ read T:Transactions SCOPE:uvm_test_top.env.rknp_agt.sqr STREAM:3223}
  CREATE_STREAM @17635000 {NAME:seq_round_8_write T:Transactions SCOPE:uvm_test_top.env.rknp_agt.sqr STREAM:3467}
  CREATE_STREAM @0 {NAME:seq T:Transactions SCOPE:uvm_test_top.env.rknp_agt.sqr STREAM:1206}
  CREATE_STREAM @0 {NAME:seq T:Transactions SCOPE:uvm_test_top.env.rknp_agt.sqr STREAM:1206}
  CREATE_STREAM @0 {NAME:seq T:Transactions SCOPE:uvm_test_top.env.rknp_agt.sqr STREAM:1206}
  CREATE_STREAM @0 {NAME:seq T:Transactions SCOPE:uvm_test_top.env.rknp_agt.sqr STREAM:1206}
  CREATE_STREAM @0 {NAME:seq T:Transactions SCOPE:uvm_test_top.env.rknp_agt.sqr STREAM:1206}
  CREATE_STREAM @0 {NAME:seq T:Transactions SCOPE:uvm_test_top.env.rknp_agt.sqr STREAM:1206}
  CREATE_STREAM @0 {NAME:seq T:Transactions SCOPE:uvm_test_top.env.rknp_agt.sqr STREAM:1206}
  CREATE_STREAM @0 {NAME:seq T:Transactions SCOPE:uvm_test_top.env.rknp_agt.sqr STREAM:1206}
  CREATE_STREAM @0 {NAME:seq T:Transactions SCOPE:uvm_test_top.env.rknp_agt.sqr STREAM:1206}
  CREATE_STREAM @0 {NAME:seq T:Transactions SCOPE:uvm_test_top.env.rknp_agt.sqr STREAM:1206}
  CREATE_STREAM @0 {NAME:seq T:Transactions SCOPE:uvm_test_top.env.rknp_agt.sqr STREAM:1206}
  CREATE_STREAM @0 {NAME:seq T:Transactions SCOPE:uvm_test_top.env.rknp_agt.sqr STREAM:1206}
  CREATE_STREAM @0 {NAME:seq T:Transactions SCOPE:uvm_test_top.env.rknp_agt.sqr STREAM:1206}
  CREATE_STREAM @0 {NAME:seq_read_okay_1 T:Transactions SCOPE:uvm_test_top.env.rknp_agt.sqr STREAM:1385}
  CREATE_STREAM @205000 {NAME:seq_read_slverr T:Transactions SCOPE:uvm_test_top.env.rknp_agt.sqr STREAM:1479}
  CREATE_STREAM @335000 {NAME:seq_read_okay_2 T:Transactions SCOPE:uvm_test_top.env.rknp_agt.sqr STREAM:1522}
  CREATE_STREAM @475000 {NAME:seq_read_decerr T:Transactions SCOPE:uvm_test_top.env.rknp_agt.sqr STREAM:1565}
  CREATE_STREAM @645000 {NAME:seq_read_okay_3 T:Transactions SCOPE:uvm_test_top.env.rknp_agt.sqr STREAM:1608}
  CREATE_STREAM @765000 {NAME:seq_write_okay_1 T:Transactions SCOPE:uvm_test_top.env.rknp_agt.sqr STREAM:1651}
  CREATE_STREAM @855000 {NAME:seq_write_slverr T:Transactions SCOPE:uvm_test_top.env.rknp_agt.sqr STREAM:1702}
  CREATE_STREAM @945000 {NAME:seq_write_okay_2 T:Transactions SCOPE:uvm_test_top.env.rknp_agt.sqr STREAM:1753}
  CREATE_STREAM @1055000 {NAME:seq_write_decerr T:Transactions SCOPE:uvm_test_top.env.rknp_agt.sqr STREAM:1804}
  CREATE_STREAM @1175000 {NAME:seq_write_okay_3 T:Transactions SCOPE:uvm_test_top.env.rknp_agt.sqr STREAM:1855}
  CREATE_STREAM @0 {NAME:seq T:Transactions SCOPE:uvm_test_top.env.rknp_agt.sqr STREAM:1206}
  CREATE_STREAM @0 {NAME:seq T:Transactions SCOPE:uvm_test_top.env.rknp_agt.sqr STREAM:1206}
  CREATE_STREAM @0 {NAME:seq_mix_inst T:Transactions SCOPE:uvm_test_top.env.rknp_agt.sqr STREAM:1206}
  CREATE_STREAM @0 {NAME:seq T:Transactions SCOPE:uvm_test_top.env.rknp_agt.sqr STREAM:1208}
  CREATE_STREAM @0 {NAME:before_reset_seq T:Transactions SCOPE:uvm_test_top.env.rknp_agt.sqr STREAM:1208}
  CREATE_STREAM @765000 {NAME:reset_seq T:Transactions SCOPE:uvm_test_top.env.vseqr STREAM:1308}
  CREATE_STREAM @825000 {NAME:after_reset_seq T:Transactions SCOPE:uvm_test_top.env.rknp_agt.sqr STREAM:1324}
  CREATE_STREAM @0 {NAME:seq T:Transactions SCOPE:uvm_test_top.env.rknp_agt.sqr STREAM:1208}
  CREATE_STREAM @0 {NAME:seq T:Transactions SCOPE:uvm_test_top.env.rknp_agt.sqr STREAM:1208}
  CREATE_STREAM @0 {NAME:seq T:Transactions SCOPE:uvm_test_top.env.rknp_agt.sqr STREAM:1208}
  CREATE_STREAM @0 {NAME:seq T:Transactions SCOPE:uvm_test_top.env.rknp_agt.sqr STREAM:1208}
  CREATE_STREAM @0 {NAME:seq T:Transactions SCOPE:uvm_test_top.env.rknp_agt.sqr STREAM:1208}
  CREATE_STREAM @0 {NAME:seq T:Transactions SCOPE:uvm_test_top.env.rknp_agt.sqr STREAM:1208}
  CREATE_STREAM @0 {NAME:seq T:Transactions SCOPE:uvm_test_top.env.rknp_agt.sqr STREAM:1208}
  CREATE_STREAM @0 {NAME:rd_seq T:Transactions SCOPE:uvm_test_top.env.rknp_agt.sqr STREAM:1208}
  CREATE_STREAM @0 {NAME:rd_seq T:Transactions SCOPE:uvm_test_top.env.rknp_agt.sqr STREAM:1208}
  CREATE_STREAM @0 {NAME:rd_seq T:Transactions SCOPE:uvm_test_top.env.rknp_agt.sqr STREAM:1208}
  CREATE_STREAM @0 {NAME:timeout_seq T:Transactions SCOPE:uvm_test_top.env.rknp_agt.sqr STREAM:1208}
  CREATE_STREAM @100060000 {NAME:normal_seq T:Transactions SCOPE:uvm_test_top.env.rknp_agt.sqr STREAM:1296}
  CREATE_STREAM @0 {NAME:seq T:Transactions SCOPE:uvm_test_top.env.rknp_agt.sqr STREAM:1208}
  CREATE_STREAM @0 {NAME:seq T:Transactions SCOPE:uvm_test_top.env.rknp_agt.sqr STREAM:1208}
  CREATE_STREAM @0 {NAME:seq T:Transactions SCOPE:uvm_test_top.env.rknp_agt.sqr STREAM:1208}
  CREATE_STREAM @35000 {NAME:seq_watchdog_fifo_full_cov_round_1 T:Transactions SCOPE:uvm_test_top.env.rknp_agt.sqr STREAM:1259}
  CREATE_STREAM @130435000 {NAME:seq_watchdog_fifo_full_cov_round_2 T:Transactions SCOPE:uvm_test_top.env.rknp_agt.sqr STREAM:1664}
  CREATE_STREAM @0 {NAME:seq T:Transactions SCOPE:uvm_test_top.env.rknp_agt.sqr STREAM:1208}
  CREATE_STREAM @0 {NAME:seq T:Transactions SCOPE:uvm_test_top.env.rknp_agt.sqr STREAM:1208}
  CREATE_STREAM @0 {NAME:seq_round_0_write T:Transactions SCOPE:uvm_test_top.env.rknp_agt.sqr STREAM:1210}
  CREATE_STREAM @2235000 {NAME:seq_round_1_ read T:Transactions SCOPE:uvm_test_top.env.rknp_agt.sqr STREAM:1633}
  CREATE_STREAM @4435000 {NAME:seq_round_2_write T:Transactions SCOPE:uvm_test_top.env.rknp_agt.sqr STREAM:1941}
  CREATE_STREAM @6635000 {NAME:seq_round_3_ read T:Transactions SCOPE:uvm_test_top.env.rknp_agt.sqr STREAM:2313}
  CREATE_STREAM @8835000 {NAME:seq_round_4_write T:Transactions SCOPE:uvm_test_top.env.rknp_agt.sqr STREAM:2621}
  CREATE_STREAM @11035000 {NAME:seq_round_5_ read T:Transactions SCOPE:uvm_test_top.env.rknp_agt.sqr STREAM:2993}
  CREATE_STREAM @13235000 {NAME:seq_round_6_write T:Transactions SCOPE:uvm_test_top.env.rknp_agt.sqr STREAM:3301}
  CREATE_STREAM @15435000 {NAME:seq_round_7_ read T:Transactions SCOPE:uvm_test_top.env.rknp_agt.sqr STREAM:3673}
  CREATE_STREAM @17635000 {NAME:seq_round_8_write T:Transactions SCOPE:uvm_test_top.env.rknp_agt.sqr STREAM:3981}
  CREATE_STREAM @0 {NAME:seq T:Transactions SCOPE:uvm_test_top.env.rknp_agt.sqr STREAM:1208}
  CREATE_STREAM @0 {NAME:seq T:Transactions SCOPE:uvm_test_top.env.rknp_agt.sqr STREAM:1208}
  CREATE_STREAM @0 {NAME:seq T:Transactions SCOPE:uvm_test_top.env.rknp_agt.sqr STREAM:1208}
  CREATE_STREAM @0 {NAME:seq T:Transactions SCOPE:uvm_test_top.env.rknp_agt.sqr STREAM:1208}
  CREATE_STREAM @0 {NAME:seq T:Transactions SCOPE:uvm_test_top.env.rknp_agt.sqr STREAM:1208}
  CREATE_STREAM @0 {NAME:seq T:Transactions SCOPE:uvm_test_top.env.rknp_agt.sqr STREAM:1208}
  CREATE_STREAM @0 {NAME:seq T:Transactions SCOPE:uvm_test_top.env.rknp_agt.sqr STREAM:1208}
  CREATE_STREAM @0 {NAME:seq T:Transactions SCOPE:uvm_test_top.env.rknp_agt.sqr STREAM:1208}
  CREATE_STREAM @0 {NAME:seq T:Transactions SCOPE:uvm_test_top.env.rknp_agt.sqr STREAM:1208}
  CREATE_STREAM @0 {NAME:seq T:Transactions SCOPE:uvm_test_top.env.rknp_agt.sqr STREAM:1208}
  CREATE_STREAM @0 {NAME:seq T:Transactions SCOPE:uvm_test_top.env.rknp_agt.sqr STREAM:1208}
  CREATE_STREAM @0 {NAME:seq T:Transactions SCOPE:uvm_test_top.env.rknp_agt.sqr STREAM:1208}
  CREATE_STREAM @0 {NAME:seq T:Transactions SCOPE:uvm_test_top.env.rknp_agt.sqr STREAM:1208}
  CREATE_STREAM @0 {NAME:seq_read_okay_1 T:Transactions SCOPE:uvm_test_top.env.rknp_agt.sqr STREAM:1387}
  CREATE_STREAM @205000 {NAME:seq_read_slverr T:Transactions SCOPE:uvm_test_top.env.rknp_agt.sqr STREAM:1489}
  CREATE_STREAM @335000 {NAME:seq_read_okay_2 T:Transactions SCOPE:uvm_test_top.env.rknp_agt.sqr STREAM:1540}
  CREATE_STREAM @475000 {NAME:seq_read_decerr T:Transactions SCOPE:uvm_test_top.env.rknp_agt.sqr STREAM:1591}
  CREATE_STREAM @645000 {NAME:seq_read_okay_3 T:Transactions SCOPE:uvm_test_top.env.rknp_agt.sqr STREAM:1642}
  CREATE_STREAM @765000 {NAME:seq_write_okay_1 T:Transactions SCOPE:uvm_test_top.env.rknp_agt.sqr STREAM:1693}
  CREATE_STREAM @855000 {NAME:seq_write_slverr T:Transactions SCOPE:uvm_test_top.env.rknp_agt.sqr STREAM:1756}
  CREATE_STREAM @945000 {NAME:seq_write_okay_2 T:Transactions SCOPE:uvm_test_top.env.rknp_agt.sqr STREAM:1819}
  CREATE_STREAM @1055000 {NAME:seq_write_decerr T:Transactions SCOPE:uvm_test_top.env.rknp_agt.sqr STREAM:1882}
  CREATE_STREAM @1175000 {NAME:seq_write_okay_3 T:Transactions SCOPE:uvm_test_top.env.rknp_agt.sqr STREAM:1945}
  CREATE_STREAM @0 {NAME:seq T:Transactions SCOPE:uvm_test_top.env.rknp_agt.sqr STREAM:1208}
  CREATE_STREAM @0 {NAME:seq T:Transactions SCOPE:uvm_test_top.env.rknp_agt.sqr STREAM:1208}
  CREATE_STREAM @0 {NAME:seq_mix_inst T:Transactions SCOPE:uvm_test_top.env.rknp_agt.sqr STREAM:1208}
  CREATE_STREAM @0 {NAME:before_reset_seq T:Transactions SCOPE:uvm_test_top.env.rknp_agt.sqr STREAM:1208}
  CREATE_STREAM @765000 {NAME:reset_seq T:Transactions SCOPE:uvm_test_top.env.vseqr STREAM:1308}
  CREATE_STREAM @825000 {NAME:after_reset_seq T:Transactions SCOPE:uvm_test_top.env.rknp_agt.sqr STREAM:1324}
  CREATE_STREAM @0 {NAME:seq T:Transactions SCOPE:uvm_test_top.env.rknp_agt.sqr STREAM:1208}
  CREATE_STREAM @0 {NAME:seq T:Transactions SCOPE:uvm_test_top.env.rknp_agt.sqr STREAM:1208}
  CREATE_STREAM @0 {NAME:seq T:Transactions SCOPE:uvm_test_top.env.rknp_agt.sqr STREAM:1208}
  CREATE_STREAM @0 {NAME:seq T:Transactions SCOPE:uvm_test_top.env.rknp_agt.sqr STREAM:1208}
  CREATE_STREAM @0 {NAME:seq T:Transactions SCOPE:uvm_test_top.env.rknp_agt.sqr STREAM:1208}
  CREATE_STREAM @0 {NAME:seq T:Transactions SCOPE:uvm_test_top.env.rknp_agt.sqr STREAM:1208}
  CREATE_STREAM @0 {NAME:seq T:Transactions SCOPE:uvm_test_top.env.rknp_agt.sqr STREAM:1208}
  CREATE_STREAM @0 {NAME:rd_seq T:Transactions SCOPE:uvm_test_top.env.rknp_agt.sqr STREAM:1208}
  CREATE_STREAM @0 {NAME:rd_seq T:Transactions SCOPE:uvm_test_top.env.rknp_agt.sqr STREAM:1208}
  CREATE_STREAM @0 {NAME:rd_seq T:Transactions SCOPE:uvm_test_top.env.rknp_agt.sqr STREAM:1208}
  CREATE_STREAM @0 {NAME:timeout_seq T:Transactions SCOPE:uvm_test_top.env.rknp_agt.sqr STREAM:1208}
  CREATE_STREAM @100060000 {NAME:normal_seq T:Transactions SCOPE:uvm_test_top.env.rknp_agt.sqr STREAM:1296}
  CREATE_STREAM @0 {NAME:seq T:Transactions SCOPE:uvm_test_top.env.rknp_agt.sqr STREAM:1208}
  CREATE_STREAM @0 {NAME:seq T:Transactions SCOPE:uvm_test_top.env.rknp_agt.sqr STREAM:1208}
  CREATE_STREAM @0 {NAME:seq T:Transactions SCOPE:uvm_test_top.env.rknp_agt.sqr STREAM:1208}
  CREATE_STREAM @35000 {NAME:seq_watchdog_fifo_full_cov_round_1 T:Transactions SCOPE:uvm_test_top.env.rknp_agt.sqr STREAM:1259}
  CREATE_STREAM @130435000 {NAME:seq_watchdog_fifo_full_cov_round_2 T:Transactions SCOPE:uvm_test_top.env.rknp_agt.sqr STREAM:1664}
  CREATE_STREAM @0 {NAME:seq T:Transactions SCOPE:uvm_test_top.env.rknp_agt.sqr STREAM:1208}
  CREATE_STREAM @0 {NAME:seq T:Transactions SCOPE:uvm_test_top.env.rknp_agt.sqr STREAM:1208}
  CREATE_STREAM @0 {NAME:seq_round_0_write T:Transactions SCOPE:uvm_test_top.env.rknp_agt.sqr STREAM:1210}
  CREATE_STREAM @2235000 {NAME:seq_round_1_ read T:Transactions SCOPE:uvm_test_top.env.rknp_agt.sqr STREAM:1633}
  CREATE_STREAM @4435000 {NAME:seq_round_2_write T:Transactions SCOPE:uvm_test_top.env.rknp_agt.sqr STREAM:1941}
  CREATE_STREAM @6635000 {NAME:seq_round_3_ read T:Transactions SCOPE:uvm_test_top.env.rknp_agt.sqr STREAM:2313}
  CREATE_STREAM @8835000 {NAME:seq_round_4_write T:Transactions SCOPE:uvm_test_top.env.rknp_agt.sqr STREAM:2621}
  CREATE_STREAM @11035000 {NAME:seq_round_5_ read T:Transactions SCOPE:uvm_test_top.env.rknp_agt.sqr STREAM:2993}
  CREATE_STREAM @13235000 {NAME:seq_round_6_write T:Transactions SCOPE:uvm_test_top.env.rknp_agt.sqr STREAM:3301}
  CREATE_STREAM @15435000 {NAME:seq_round_7_ read T:Transactions SCOPE:uvm_test_top.env.rknp_agt.sqr STREAM:3673}
  CREATE_STREAM @17635000 {NAME:seq_round_8_write T:Transactions SCOPE:uvm_test_top.env.rknp_agt.sqr STREAM:3981}
  CREATE_STREAM @0 {NAME:seq T:Transactions SCOPE:uvm_test_top.env.rknp_agt.sqr STREAM:1208}
  CREATE_STREAM @0 {NAME:seq T:Transactions SCOPE:uvm_test_top.env.rknp_agt.sqr STREAM:1208}
  CREATE_STREAM @0 {NAME:seq T:Transactions SCOPE:uvm_test_top.env.rknp_agt.sqr STREAM:1208}
  CREATE_STREAM @0 {NAME:seq T:Transactions SCOPE:uvm_test_top.env.rknp_agt.sqr STREAM:1208}
  CREATE_STREAM @0 {NAME:seq T:Transactions SCOPE:uvm_test_top.env.rknp_agt.sqr STREAM:1208}
  CREATE_STREAM @0 {NAME:seq T:Transactions SCOPE:uvm_test_top.env.rknp_agt.sqr STREAM:1208}
  CREATE_STREAM @0 {NAME:seq T:Transactions SCOPE:uvm_test_top.env.rknp_agt.sqr STREAM:1208}
  CREATE_STREAM @0 {NAME:seq T:Transactions SCOPE:uvm_test_top.env.rknp_agt.sqr STREAM:1208}
  CREATE_STREAM @0 {NAME:seq T:Transactions SCOPE:uvm_test_top.env.rknp_agt.sqr STREAM:1208}
  CREATE_STREAM @0 {NAME:seq T:Transactions SCOPE:uvm_test_top.env.rknp_agt.sqr STREAM:1208}
  CREATE_STREAM @0 {NAME:seq T:Transactions SCOPE:uvm_test_top.env.rknp_agt.sqr STREAM:1208}
  CREATE_STREAM @0 {NAME:seq T:Transactions SCOPE:uvm_test_top.env.rknp_agt.sqr STREAM:1208}
  CREATE_STREAM @0 {NAME:seq T:Transactions SCOPE:uvm_test_top.env.rknp_agt.sqr STREAM:1208}
  CREATE_STREAM @0 {NAME:seq_read_okay_1 T:Transactions SCOPE:uvm_test_top.env.rknp_agt.sqr STREAM:1387}
  CREATE_STREAM @205000 {NAME:seq_read_slverr T:Transactions SCOPE:uvm_test_top.env.rknp_agt.sqr STREAM:1489}
  CREATE_STREAM @335000 {NAME:seq_read_okay_2 T:Transactions SCOPE:uvm_test_top.env.rknp_agt.sqr STREAM:1540}
  CREATE_STREAM @475000 {NAME:seq_read_decerr T:Transactions SCOPE:uvm_test_top.env.rknp_agt.sqr STREAM:1591}
  CREATE_STREAM @645000 {NAME:seq_read_okay_3 T:Transactions SCOPE:uvm_test_top.env.rknp_agt.sqr STREAM:1642}
  CREATE_STREAM @765000 {NAME:seq_write_okay_1 T:Transactions SCOPE:uvm_test_top.env.rknp_agt.sqr STREAM:1693}
  CREATE_STREAM @855000 {NAME:seq_write_slverr T:Transactions SCOPE:uvm_test_top.env.rknp_agt.sqr STREAM:1756}
  CREATE_STREAM @945000 {NAME:seq_write_okay_2 T:Transactions SCOPE:uvm_test_top.env.rknp_agt.sqr STREAM:1819}
  CREATE_STREAM @1055000 {NAME:seq_write_decerr T:Transactions SCOPE:uvm_test_top.env.rknp_agt.sqr STREAM:1882}
  CREATE_STREAM @1175000 {NAME:seq_write_okay_3 T:Transactions SCOPE:uvm_test_top.env.rknp_agt.sqr STREAM:1945}
  CREATE_STREAM @0 {NAME:seq T:Transactions SCOPE:uvm_test_top.env.rknp_agt.sqr STREAM:1208}
  CREATE_STREAM @0 {NAME:seq T:Transactions SCOPE:uvm_test_top.env.rknp_agt.sqr STREAM:1208}
  CREATE_STREAM @0 {NAME:seq_mix_inst T:Transactions SCOPE:uvm_test_top.env.rknp_agt.sqr STREAM:1208}
  CREATE_STREAM @0 {NAME:seq T:Transactions SCOPE:uvm_test_top.env.rknp_agt.sqr STREAM:1210}
  CREATE_STREAM @0 {NAME:before_reset_seq T:Transactions SCOPE:uvm_test_top.env.rknp_agt.sqr STREAM:1208}
  CREATE_STREAM @765000 {NAME:reset_seq T:Transactions SCOPE:uvm_test_top.env.vseqr STREAM:1308}
  CREATE_STREAM @825000 {NAME:after_reset_seq T:Transactions SCOPE:uvm_test_top.env.rknp_agt.sqr STREAM:1324}
  CREATE_STREAM @0 {NAME:seq T:Transactions SCOPE:uvm_test_top.env.rknp_agt.sqr STREAM:1208}
  CREATE_STREAM @0 {NAME:seq T:Transactions SCOPE:uvm_test_top.env.rknp_agt.sqr STREAM:1208}
  CREATE_STREAM @0 {NAME:seq T:Transactions SCOPE:uvm_test_top.env.rknp_agt.sqr STREAM:1208}
  CREATE_STREAM @0 {NAME:seq T:Transactions SCOPE:uvm_test_top.env.rknp_agt.sqr STREAM:1208}
  CREATE_STREAM @0 {NAME:seq T:Transactions SCOPE:uvm_test_top.env.rknp_agt.sqr STREAM:1208}
  CREATE_STREAM @0 {NAME:seq T:Transactions SCOPE:uvm_test_top.env.rknp_agt.sqr STREAM:1208}
  CREATE_STREAM @0 {NAME:seq T:Transactions SCOPE:uvm_test_top.env.rknp_agt.sqr STREAM:1210}
  CREATE_STREAM @0 {NAME:seq T:Transactions SCOPE:uvm_test_top.env.rknp_agt.sqr STREAM:1210}
  CREATE_STREAM @0 {NAME:seq T:Transactions SCOPE:uvm_test_top.env.rknp_agt.sqr STREAM:1210}
  CREATE_STREAM @0 {NAME:seq T:Transactions SCOPE:uvm_test_top.env.rknp_agt.sqr STREAM:1210}
  CREATE_STREAM @0 {NAME:before_reset_seq T:Transactions SCOPE:uvm_test_top.env.rknp_agt.sqr STREAM:1208}
  CREATE_STREAM @765000 {NAME:reset_seq T:Transactions SCOPE:uvm_test_top.env.vseqr STREAM:1308}
  CREATE_STREAM @825000 {NAME:after_reset_seq T:Transactions SCOPE:uvm_test_top.env.rknp_agt.sqr STREAM:1324}
  CREATE_STREAM @0 {NAME:seq T:Transactions SCOPE:uvm_test_top.env.rknp_agt.sqr STREAM:1208}
  CREATE_STREAM @0 {NAME:seq T:Transactions SCOPE:uvm_test_top.env.rknp_agt.sqr STREAM:1208}
  CREATE_STREAM @0 {NAME:seq T:Transactions SCOPE:uvm_test_top.env.rknp_agt.sqr STREAM:1208}
  CREATE_STREAM @0 {NAME:seq T:Transactions SCOPE:uvm_test_top.env.rknp_agt.sqr STREAM:1208}
  CREATE_STREAM @0 {NAME:seq T:Transactions SCOPE:uvm_test_top.env.rknp_agt.sqr STREAM:1208}
  CREATE_STREAM @0 {NAME:seq T:Transactions SCOPE:uvm_test_top.env.rknp_agt.sqr STREAM:1208}
  CREATE_STREAM @0 {NAME:seq T:Transactions SCOPE:uvm_test_top.env.rknp_agt.sqr STREAM:1210}
  CREATE_STREAM @0 {NAME:seq T:Transactions SCOPE:uvm_test_top.env.rknp_agt.sqr STREAM:1210}
  CREATE_STREAM @0 {NAME:seq T:Transactions SCOPE:uvm_test_top.env.rknp_agt.sqr STREAM:1210}
  CREATE_STREAM @0 {NAME:seq T:Transactions SCOPE:uvm_test_top.env.rknp_agt.sqr STREAM:1210}
  CREATE_STREAM @0 {NAME:seq T:Transactions SCOPE:uvm_test_top.env.rknp_agt.sqr STREAM:1208}
  CREATE_STREAM @0 {NAME:rd_seq T:Transactions SCOPE:uvm_test_top.env.rknp_agt.sqr STREAM:1208}
  CREATE_STREAM @0 {NAME:rd_seq T:Transactions SCOPE:uvm_test_top.env.rknp_agt.sqr STREAM:1208}
  CREATE_STREAM @0 {NAME:rd_seq T:Transactions SCOPE:uvm_test_top.env.rknp_agt.sqr STREAM:1208}
  CREATE_STREAM @0 {NAME:timeout_seq T:Transactions SCOPE:uvm_test_top.env.rknp_agt.sqr STREAM:1208}
  CREATE_STREAM @100060000 {NAME:normal_seq T:Transactions SCOPE:uvm_test_top.env.rknp_agt.sqr STREAM:1296}
  CREATE_STREAM @0 {NAME:seq T:Transactions SCOPE:uvm_test_top.env.rknp_agt.sqr STREAM:1208}
  CREATE_STREAM @0 {NAME:seq T:Transactions SCOPE:uvm_test_top.env.rknp_agt.sqr STREAM:1208}
  CREATE_STREAM @0 {NAME:seq T:Transactions SCOPE:uvm_test_top.env.rknp_agt.sqr STREAM:1208}
  CREATE_STREAM @35000 {NAME:seq_watchdog_fifo_full_cov_round_1 T:Transactions SCOPE:uvm_test_top.env.rknp_agt.sqr STREAM:1259}
  CREATE_STREAM @130435000 {NAME:seq_watchdog_fifo_full_cov_round_2 T:Transactions SCOPE:uvm_test_top.env.rknp_agt.sqr STREAM:1664}
  CREATE_STREAM @0 {NAME:seq T:Transactions SCOPE:uvm_test_top.env.rknp_agt.sqr STREAM:1208}
  CREATE_STREAM @0 {NAME:seq T:Transactions SCOPE:uvm_test_top.env.rknp_agt.sqr STREAM:1208}
  CREATE_STREAM @0 {NAME:seq_round_0_write T:Transactions SCOPE:uvm_test_top.env.rknp_agt.sqr STREAM:1210}
  CREATE_STREAM @2235000 {NAME:seq_round_1_ read T:Transactions SCOPE:uvm_test_top.env.rknp_agt.sqr STREAM:1633}
  CREATE_STREAM @4435000 {NAME:seq_round_2_write T:Transactions SCOPE:uvm_test_top.env.rknp_agt.sqr STREAM:1941}
  CREATE_STREAM @6635000 {NAME:seq_round_3_ read T:Transactions SCOPE:uvm_test_top.env.rknp_agt.sqr STREAM:2313}
  CREATE_STREAM @8835000 {NAME:seq_round_4_write T:Transactions SCOPE:uvm_test_top.env.rknp_agt.sqr STREAM:2621}
  CREATE_STREAM @11035000 {NAME:seq_round_5_ read T:Transactions SCOPE:uvm_test_top.env.rknp_agt.sqr STREAM:2993}
  CREATE_STREAM @13235000 {NAME:seq_round_6_write T:Transactions SCOPE:uvm_test_top.env.rknp_agt.sqr STREAM:3301}
  CREATE_STREAM @15435000 {NAME:seq_round_7_ read T:Transactions SCOPE:uvm_test_top.env.rknp_agt.sqr STREAM:3673}
  CREATE_STREAM @17635000 {NAME:seq_round_8_write T:Transactions SCOPE:uvm_test_top.env.rknp_agt.sqr STREAM:3981}
  CREATE_STREAM @0 {NAME:seq T:Transactions SCOPE:uvm_test_top.env.rknp_agt.sqr STREAM:1208}
  CREATE_STREAM @0 {NAME:seq T:Transactions SCOPE:uvm_test_top.env.rknp_agt.sqr STREAM:1208}
  CREATE_STREAM @0 {NAME:seq T:Transactions SCOPE:uvm_test_top.env.rknp_agt.sqr STREAM:1208}
  CREATE_STREAM @0 {NAME:seq T:Transactions SCOPE:uvm_test_top.env.rknp_agt.sqr STREAM:1208}
  CREATE_STREAM @0 {NAME:seq T:Transactions SCOPE:uvm_test_top.env.rknp_agt.sqr STREAM:1208}
  CREATE_STREAM @0 {NAME:seq T:Transactions SCOPE:uvm_test_top.env.rknp_agt.sqr STREAM:1208}
  CREATE_STREAM @0 {NAME:seq T:Transactions SCOPE:uvm_test_top.env.rknp_agt.sqr STREAM:1208}
  CREATE_STREAM @0 {NAME:seq T:Transactions SCOPE:uvm_test_top.env.rknp_agt.sqr STREAM:1208}
  CREATE_STREAM @0 {NAME:seq T:Transactions SCOPE:uvm_test_top.env.rknp_agt.sqr STREAM:1208}
  CREATE_STREAM @0 {NAME:seq T:Transactions SCOPE:uvm_test_top.env.rknp_agt.sqr STREAM:1208}
  CREATE_STREAM @0 {NAME:seq T:Transactions SCOPE:uvm_test_top.env.rknp_agt.sqr STREAM:1208}
  CREATE_STREAM @0 {NAME:seq T:Transactions SCOPE:uvm_test_top.env.rknp_agt.sqr STREAM:1208}
  CREATE_STREAM @0 {NAME:seq T:Transactions SCOPE:uvm_test_top.env.rknp_agt.sqr STREAM:1208}
  CREATE_STREAM @0 {NAME:seq_read_okay_1 T:Transactions SCOPE:uvm_test_top.env.rknp_agt.sqr STREAM:1387}
  CREATE_STREAM @205000 {NAME:seq_read_slverr T:Transactions SCOPE:uvm_test_top.env.rknp_agt.sqr STREAM:1489}
  CREATE_STREAM @335000 {NAME:seq_read_okay_2 T:Transactions SCOPE:uvm_test_top.env.rknp_agt.sqr STREAM:1540}
  CREATE_STREAM @475000 {NAME:seq_read_decerr T:Transactions SCOPE:uvm_test_top.env.rknp_agt.sqr STREAM:1591}
  CREATE_STREAM @645000 {NAME:seq_read_okay_3 T:Transactions SCOPE:uvm_test_top.env.rknp_agt.sqr STREAM:1642}
  CREATE_STREAM @765000 {NAME:seq_write_okay_1 T:Transactions SCOPE:uvm_test_top.env.rknp_agt.sqr STREAM:1693}
  CREATE_STREAM @855000 {NAME:seq_write_slverr T:Transactions SCOPE:uvm_test_top.env.rknp_agt.sqr STREAM:1756}
  CREATE_STREAM @945000 {NAME:seq_write_okay_2 T:Transactions SCOPE:uvm_test_top.env.rknp_agt.sqr STREAM:1819}
  CREATE_STREAM @1055000 {NAME:seq_write_decerr T:Transactions SCOPE:uvm_test_top.env.rknp_agt.sqr STREAM:1882}
  CREATE_STREAM @1175000 {NAME:seq_write_okay_3 T:Transactions SCOPE:uvm_test_top.env.rknp_agt.sqr STREAM:1945}
  CREATE_STREAM @0 {NAME:seq T:Transactions SCOPE:uvm_test_top.env.rknp_agt.sqr STREAM:1208}
  CREATE_STREAM @0 {NAME:seq T:Transactions SCOPE:uvm_test_top.env.rknp_agt.sqr STREAM:1208}
  CREATE_STREAM @0 {NAME:seq_mix_inst T:Transactions SCOPE:uvm_test_top.env.rknp_agt.sqr STREAM:1208}
  CREATE_STREAM @0 {NAME:seq T:Transactions SCOPE:uvm_test_top.env.rknp_agt.sqr STREAM:1210}
  CREATE_STREAM @0 {NAME:seq T:Transactions SCOPE:uvm_test_top.env.rknp_agt.sqr STREAM:1210}
  CREATE_STREAM @0 {NAME:before_reset_seq T:Transactions SCOPE:uvm_test_top.env.rknp_agt.sqr STREAM:1208}
  CREATE_STREAM @725000 {NAME:reset_seq T:Transactions SCOPE:uvm_test_top.env.vseqr STREAM:1308}
  CREATE_STREAM @785000 {NAME:after_reset_seq T:Transactions SCOPE:uvm_test_top.env.rknp_agt.sqr STREAM:1324}
  CREATE_STREAM @0 {NAME:seq T:Transactions SCOPE:uvm_test_top.env.rknp_agt.sqr STREAM:1208}
  CREATE_STREAM @0 {NAME:seq T:Transactions SCOPE:uvm_test_top.env.rknp_agt.sqr STREAM:1208}
  CREATE_STREAM @0 {NAME:seq T:Transactions SCOPE:uvm_test_top.env.rknp_agt.sqr STREAM:1208}
  CREATE_STREAM @0 {NAME:seq T:Transactions SCOPE:uvm_test_top.env.rknp_agt.sqr STREAM:1208}
  CREATE_STREAM @0 {NAME:seq T:Transactions SCOPE:uvm_test_top.env.rknp_agt.sqr STREAM:1208}
  CREATE_STREAM @0 {NAME:seq T:Transactions SCOPE:uvm_test_top.env.rknp_agt.sqr STREAM:1208}
  CREATE_STREAM @0 {NAME:seq T:Transactions SCOPE:uvm_test_top.env.rknp_agt.sqr STREAM:1210}
  CREATE_STREAM @0 {NAME:seq T:Transactions SCOPE:uvm_test_top.env.rknp_agt.sqr STREAM:1210}
  CREATE_STREAM @0 {NAME:seq T:Transactions SCOPE:uvm_test_top.env.rknp_agt.sqr STREAM:1210}
  CREATE_STREAM @0 {NAME:seq T:Transactions SCOPE:uvm_test_top.env.rknp_agt.sqr STREAM:1210}
  CREATE_STREAM @0 {NAME:seq T:Transactions SCOPE:uvm_test_top.env.rknp_agt.sqr STREAM:1210}
  CREATE_STREAM @0 {NAME:seq T:Transactions SCOPE:uvm_test_top.env.rknp_agt.sqr STREAM:1210}
  CREATE_STREAM @0 {NAME:seq T:Transactions SCOPE:uvm_test_top.env.rknp_agt.sqr STREAM:1208}
  CREATE_STREAM @0 {NAME:rd_seq T:Transactions SCOPE:uvm_test_top.env.rknp_agt.sqr STREAM:1208}
  CREATE_STREAM @0 {NAME:rd_seq T:Transactions SCOPE:uvm_test_top.env.rknp_agt.sqr STREAM:1208}
  CREATE_STREAM @0 {NAME:rd_seq T:Transactions SCOPE:uvm_test_top.env.rknp_agt.sqr STREAM:1208}
  CREATE_STREAM @0 {NAME:timeout_seq T:Transactions SCOPE:uvm_test_top.env.rknp_agt.sqr STREAM:1208}
  CREATE_STREAM @100060000 {NAME:normal_seq T:Transactions SCOPE:uvm_test_top.env.rknp_agt.sqr STREAM:1296}
  CREATE_STREAM @0 {NAME:seq T:Transactions SCOPE:uvm_test_top.env.rknp_agt.sqr STREAM:1208}
  CREATE_STREAM @0 {NAME:seq T:Transactions SCOPE:uvm_test_top.env.rknp_agt.sqr STREAM:1208}
  CREATE_STREAM @0 {NAME:seq T:Transactions SCOPE:uvm_test_top.env.rknp_agt.sqr STREAM:1208}
  CREATE_STREAM @35000 {NAME:seq_watchdog_fifo_full_cov_round_1 T:Transactions SCOPE:uvm_test_top.env.rknp_agt.sqr STREAM:1259}
  CREATE_STREAM @130435000 {NAME:seq_watchdog_fifo_full_cov_round_2 T:Transactions SCOPE:uvm_test_top.env.rknp_agt.sqr STREAM:1664}
  CREATE_STREAM @0 {NAME:seq T:Transactions SCOPE:uvm_test_top.env.rknp_agt.sqr STREAM:1208}
  CREATE_STREAM @0 {NAME:seq T:Transactions SCOPE:uvm_test_top.env.rknp_agt.sqr STREAM:1208}
  CREATE_STREAM @0 {NAME:before_reset_seq T:Transactions SCOPE:uvm_test_top.env.rknp_agt.sqr STREAM:1208}
  CREATE_STREAM @725000 {NAME:reset_seq T:Transactions SCOPE:uvm_test_top.env.vseqr STREAM:1308}
  CREATE_STREAM @785000 {NAME:after_reset_seq T:Transactions SCOPE:uvm_test_top.env.rknp_agt.sqr STREAM:1324}
  CREATE_STREAM @0 {NAME:seq T:Transactions SCOPE:uvm_test_top.env.rknp_agt.sqr STREAM:1208}
  CREATE_STREAM @0 {NAME:seq T:Transactions SCOPE:uvm_test_top.env.rknp_agt.sqr STREAM:1208}
  CREATE_STREAM @0 {NAME:seq T:Transactions SCOPE:uvm_test_top.env.rknp_agt.sqr STREAM:1208}
  CREATE_STREAM @0 {NAME:seq T:Transactions SCOPE:uvm_test_top.env.rknp_agt.sqr STREAM:1208}
  CREATE_STREAM @0 {NAME:seq T:Transactions SCOPE:uvm_test_top.env.rknp_agt.sqr STREAM:1208}
  CREATE_STREAM @0 {NAME:seq T:Transactions SCOPE:uvm_test_top.env.rknp_agt.sqr STREAM:1208}
  CREATE_STREAM @0 {NAME:seq T:Transactions SCOPE:uvm_test_top.env.rknp_agt.sqr STREAM:1210}
  CREATE_STREAM @0 {NAME:seq T:Transactions SCOPE:uvm_test_top.env.rknp_agt.sqr STREAM:1210}
  CREATE_STREAM @0 {NAME:seq T:Transactions SCOPE:uvm_test_top.env.rknp_agt.sqr STREAM:1210}
  CREATE_STREAM @0 {NAME:seq T:Transactions SCOPE:uvm_test_top.env.rknp_agt.sqr STREAM:1210}
  CREATE_STREAM @0 {NAME:seq T:Transactions SCOPE:uvm_test_top.env.rknp_agt.sqr STREAM:1210}
  CREATE_STREAM @0 {NAME:seq T:Transactions SCOPE:uvm_test_top.env.rknp_agt.sqr STREAM:1210}
  CREATE_STREAM @0 {NAME:seq T:Transactions SCOPE:uvm_test_top.env.rknp_agt.sqr STREAM:1208}
  CREATE_STREAM @0 {NAME:rd_seq T:Transactions SCOPE:uvm_test_top.env.rknp_agt.sqr STREAM:1208}
  CREATE_STREAM @0 {NAME:rd_seq T:Transactions SCOPE:uvm_test_top.env.rknp_agt.sqr STREAM:1208}
  CREATE_STREAM @0 {NAME:rd_seq T:Transactions SCOPE:uvm_test_top.env.rknp_agt.sqr STREAM:1208}
  CREATE_STREAM @0 {NAME:timeout_seq T:Transactions SCOPE:uvm_test_top.env.rknp_agt.sqr STREAM:1208}
  CREATE_STREAM @100060000 {NAME:normal_seq T:Transactions SCOPE:uvm_test_top.env.rknp_agt.sqr STREAM:1296}
  CREATE_STREAM @0 {NAME:seq T:Transactions SCOPE:uvm_test_top.env.rknp_agt.sqr STREAM:1208}
  CREATE_STREAM @0 {NAME:seq T:Transactions SCOPE:uvm_test_top.env.rknp_agt.sqr STREAM:1208}
  CREATE_STREAM @0 {NAME:seq T:Transactions SCOPE:uvm_test_top.env.rknp_agt.sqr STREAM:1208}
  CREATE_STREAM @35000 {NAME:seq_watchdog_fifo_full_cov_round_1 T:Transactions SCOPE:uvm_test_top.env.rknp_agt.sqr STREAM:1259}
  CREATE_STREAM @130435000 {NAME:seq_watchdog_fifo_full_cov_round_2 T:Transactions SCOPE:uvm_test_top.env.rknp_agt.sqr STREAM:1664}
  CREATE_STREAM @0 {NAME:seq T:Transactions SCOPE:uvm_test_top.env.rknp_agt.sqr STREAM:1208}
  CREATE_STREAM @0 {NAME:seq T:Transactions SCOPE:uvm_test_top.env.rknp_agt.sqr STREAM:1208}
  CREATE_STREAM @0 {NAME:seq_round_0_write T:Transactions SCOPE:uvm_test_top.env.rknp_agt.sqr STREAM:1210}
  CREATE_STREAM @2235000 {NAME:seq_round_1_ read T:Transactions SCOPE:uvm_test_top.env.rknp_agt.sqr STREAM:1633}
  CREATE_STREAM @4365000 {NAME:seq_round_2_write T:Transactions SCOPE:uvm_test_top.env.rknp_agt.sqr STREAM:1941}
  CREATE_STREAM @6565000 {NAME:seq_round_3_ read T:Transactions SCOPE:uvm_test_top.env.rknp_agt.sqr STREAM:2313}
  CREATE_STREAM @8695000 {NAME:seq_round_4_write T:Transactions SCOPE:uvm_test_top.env.rknp_agt.sqr STREAM:2621}
  CREATE_STREAM @10895000 {NAME:seq_round_5_ read T:Transactions SCOPE:uvm_test_top.env.rknp_agt.sqr STREAM:2993}
  CREATE_STREAM @13025000 {NAME:seq_round_6_write T:Transactions SCOPE:uvm_test_top.env.rknp_agt.sqr STREAM:3301}
  CREATE_STREAM @15225000 {NAME:seq_round_7_ read T:Transactions SCOPE:uvm_test_top.env.rknp_agt.sqr STREAM:3673}
  CREATE_STREAM @17355000 {NAME:seq_round_8_write T:Transactions SCOPE:uvm_test_top.env.rknp_agt.sqr STREAM:3981}
  CREATE_STREAM @0 {NAME:seq T:Transactions SCOPE:uvm_test_top.env.rknp_agt.sqr STREAM:1208}
  CREATE_STREAM @0 {NAME:seq T:Transactions SCOPE:uvm_test_top.env.rknp_agt.sqr STREAM:1208}
  CREATE_STREAM @0 {NAME:seq T:Transactions SCOPE:uvm_test_top.env.rknp_agt.sqr STREAM:1208}
  CREATE_STREAM @0 {NAME:seq T:Transactions SCOPE:uvm_test_top.env.rknp_agt.sqr STREAM:1208}
  CREATE_STREAM @0 {NAME:seq T:Transactions SCOPE:uvm_test_top.env.rknp_agt.sqr STREAM:1208}
  CREATE_STREAM @0 {NAME:seq T:Transactions SCOPE:uvm_test_top.env.rknp_agt.sqr STREAM:1208}
  CREATE_STREAM @0 {NAME:seq T:Transactions SCOPE:uvm_test_top.env.rknp_agt.sqr STREAM:1208}
  CREATE_STREAM @0 {NAME:seq T:Transactions SCOPE:uvm_test_top.env.rknp_agt.sqr STREAM:1208}
  CREATE_STREAM @0 {NAME:seq T:Transactions SCOPE:uvm_test_top.env.rknp_agt.sqr STREAM:1208}
  CREATE_STREAM @0 {NAME:seq T:Transactions SCOPE:uvm_test_top.env.rknp_agt.sqr STREAM:1208}
  CREATE_STREAM @0 {NAME:seq T:Transactions SCOPE:uvm_test_top.env.rknp_agt.sqr STREAM:1208}
  CREATE_STREAM @0 {NAME:seq T:Transactions SCOPE:uvm_test_top.env.rknp_agt.sqr STREAM:1208}
  CREATE_STREAM @0 {NAME:seq T:Transactions SCOPE:uvm_test_top.env.rknp_agt.sqr STREAM:1208}
  CREATE_STREAM @0 {NAME:seq_read_okay_1 T:Transactions SCOPE:uvm_test_top.env.rknp_agt.sqr STREAM:1387}
  CREATE_STREAM @205000 {NAME:seq_read_slverr T:Transactions SCOPE:uvm_test_top.env.rknp_agt.sqr STREAM:1489}
  CREATE_STREAM @335000 {NAME:seq_read_okay_2 T:Transactions SCOPE:uvm_test_top.env.rknp_agt.sqr STREAM:1540}
  CREATE_STREAM @475000 {NAME:seq_read_decerr T:Transactions SCOPE:uvm_test_top.env.rknp_agt.sqr STREAM:1591}
  CREATE_STREAM @645000 {NAME:seq_read_okay_3 T:Transactions SCOPE:uvm_test_top.env.rknp_agt.sqr STREAM:1642}
  CREATE_STREAM @765000 {NAME:seq_write_okay_1 T:Transactions SCOPE:uvm_test_top.env.rknp_agt.sqr STREAM:1693}
  CREATE_STREAM @855000 {NAME:seq_write_slverr T:Transactions SCOPE:uvm_test_top.env.rknp_agt.sqr STREAM:1756}
  CREATE_STREAM @945000 {NAME:seq_write_okay_2 T:Transactions SCOPE:uvm_test_top.env.rknp_agt.sqr STREAM:1819}
  CREATE_STREAM @1045000 {NAME:seq_write_decerr T:Transactions SCOPE:uvm_test_top.env.rknp_agt.sqr STREAM:1882}
  CREATE_STREAM @1165000 {NAME:seq_write_okay_3 T:Transactions SCOPE:uvm_test_top.env.rknp_agt.sqr STREAM:1945}
  CREATE_STREAM @0 {NAME:seq T:Transactions SCOPE:uvm_test_top.env.rknp_agt.sqr STREAM:1208}
  CREATE_STREAM @0 {NAME:seq T:Transactions SCOPE:uvm_test_top.env.rknp_agt.sqr STREAM:1208}
  CREATE_STREAM @0 {NAME:seq_mix_inst T:Transactions SCOPE:uvm_test_top.env.rknp_agt.sqr STREAM:1208}
  CREATE_STREAM @0 {NAME:before_reset_seq T:Transactions SCOPE:uvm_test_top.env.rknp_agt.sqr STREAM:1208}
  CREATE_STREAM @725000 {NAME:reset_seq T:Transactions SCOPE:uvm_test_top.env.vseqr STREAM:1308}
  CREATE_STREAM @785000 {NAME:after_reset_seq T:Transactions SCOPE:uvm_test_top.env.rknp_agt.sqr STREAM:1324}
  CREATE_STREAM @0 {NAME:seq T:Transactions SCOPE:uvm_test_top.env.rknp_agt.sqr STREAM:1208}
  CREATE_STREAM @0 {NAME:seq T:Transactions SCOPE:uvm_test_top.env.rknp_agt.sqr STREAM:1208}
  CREATE_STREAM @0 {NAME:seq T:Transactions SCOPE:uvm_test_top.env.rknp_agt.sqr STREAM:1208}
  CREATE_STREAM @0 {NAME:seq T:Transactions SCOPE:uvm_test_top.env.rknp_agt.sqr STREAM:1208}
  CREATE_STREAM @0 {NAME:seq T:Transactions SCOPE:uvm_test_top.env.rknp_agt.sqr STREAM:1208}
  CREATE_STREAM @0 {NAME:seq T:Transactions SCOPE:uvm_test_top.env.rknp_agt.sqr STREAM:1208}
  CREATE_STREAM @0 {NAME:seq_R1_incr_b2b_beat1 T:Transactions SCOPE:uvm_test_top.env.rknp_agt.sqr STREAM:1210}
  CREATE_STREAM @225000 {NAME:seq_R2_incr_gap4_ilv T:Transactions SCOPE:uvm_test_top.env.rknp_agt.sqr STREAM:1493}
  CREATE_STREAM @885000 {NAME:seq_R3_incr_gap8_ilv T:Transactions SCOPE:uvm_test_top.env.rknp_agt.sqr STREAM:1805}
  CREATE_STREAM @1765000 {NAME:seq_R4_incr_gap4_force_ilv T:Transactions SCOPE:uvm_test_top.env.rknp_agt.sqr STREAM:2345}
  CREATE_STREAM @2355000 {NAME:seq_R5_wrap_b2b_ilv T:Transactions SCOPE:uvm_test_top.env.rknp_agt.sqr STREAM:2757}
  CREATE_STREAM @2975000 {NAME:seq_R6_wrap_gap4_ilv T:Transactions SCOPE:uvm_test_top.env.rknp_agt.sqr STREAM:3213}
  CREATE_STREAM @3555000 {NAME:seq_R7_wrap_gap4_force_ilv T:Transactions SCOPE:uvm_test_top.env.rknp_agt.sqr STREAM:3667}
  CREATE_STREAM @0 {NAME:seq_W1_incr_b2b_ooo T:Transactions SCOPE:uvm_test_top.env.rknp_agt.sqr STREAM:1210}
  CREATE_STREAM @495000 {NAME:seq_W2_incr_gap4_ooo T:Transactions SCOPE:uvm_test_top.env.rknp_agt.sqr STREAM:1619}
  CREATE_STREAM @1195000 {NAME:seq_W3_wrap_b2b_ooo T:Transactions SCOPE:uvm_test_top.env.rknp_agt.sqr STREAM:2051}
  CREATE_STREAM @1615000 {NAME:seq_W4_wrap_gap4_ooo T:Transactions SCOPE:uvm_test_top.env.rknp_agt.sqr STREAM:2415}
  CREATE_STREAM @0 {NAME:seq T:Transactions SCOPE:uvm_test_top.env.rknp_agt.sqr STREAM:1210}
  CREATE_STREAM @0 {NAME:seq T:Transactions SCOPE:uvm_test_top.env.rknp_agt.sqr STREAM:1210}
  CREATE_STREAM @0 {NAME:seq T:Transactions SCOPE:uvm_test_top.env.rknp_agt.sqr STREAM:1210}
  CREATE_STREAM @0 {NAME:seq T:Transactions SCOPE:uvm_test_top.env.rknp_agt.sqr STREAM:1210}
  CREATE_STREAM @0 {NAME:seq T:Transactions SCOPE:uvm_test_top.env.rknp_agt.sqr STREAM:1210}
  CREATE_STREAM @0 {NAME:seq T:Transactions SCOPE:uvm_test_top.env.rknp_agt.sqr STREAM:1210}
  CREATE_STREAM @0 {NAME:seq T:Transactions SCOPE:uvm_test_top.env.rknp_agt.sqr STREAM:1208}
  CREATE_STREAM @0 {NAME:rd_seq T:Transactions SCOPE:uvm_test_top.env.rknp_agt.sqr STREAM:1208}
  CREATE_STREAM @0 {NAME:rd_seq T:Transactions SCOPE:uvm_test_top.env.rknp_agt.sqr STREAM:1208}
  CREATE_STREAM @0 {NAME:rd_seq T:Transactions SCOPE:uvm_test_top.env.rknp_agt.sqr STREAM:1208}
  CREATE_STREAM @0 {NAME:timeout_seq T:Transactions SCOPE:uvm_test_top.env.rknp_agt.sqr STREAM:1208}
  CREATE_STREAM @100060000 {NAME:normal_seq T:Transactions SCOPE:uvm_test_top.env.rknp_agt.sqr STREAM:1296}
  CREATE_STREAM @0 {NAME:seq T:Transactions SCOPE:uvm_test_top.env.rknp_agt.sqr STREAM:1208}
  CREATE_STREAM @0 {NAME:seq T:Transactions SCOPE:uvm_test_top.env.rknp_agt.sqr STREAM:1208}
  CREATE_STREAM @0 {NAME:seq T:Transactions SCOPE:uvm_test_top.env.rknp_agt.sqr STREAM:1208}
  CREATE_STREAM @35000 {NAME:seq_watchdog_fifo_full_cov_round_1 T:Transactions SCOPE:uvm_test_top.env.rknp_agt.sqr STREAM:1259}
  CREATE_STREAM @130435000 {NAME:seq_watchdog_fifo_full_cov_round_2 T:Transactions SCOPE:uvm_test_top.env.rknp_agt.sqr STREAM:1664}
  CREATE_STREAM @0 {NAME:seq T:Transactions SCOPE:uvm_test_top.env.rknp_agt.sqr STREAM:1208}
  CREATE_STREAM @0 {NAME:seq T:Transactions SCOPE:uvm_test_top.env.rknp_agt.sqr STREAM:1208}
  CREATE_STREAM @0 {NAME:seq_round_0_write T:Transactions SCOPE:uvm_test_top.env.rknp_agt.sqr STREAM:1210}
  CREATE_STREAM @2235000 {NAME:seq_round_1_ read T:Transactions SCOPE:uvm_test_top.env.rknp_agt.sqr STREAM:1633}
  CREATE_STREAM @4365000 {NAME:seq_round_2_write T:Transactions SCOPE:uvm_test_top.env.rknp_agt.sqr STREAM:1941}
  CREATE_STREAM @6565000 {NAME:seq_round_3_ read T:Transactions SCOPE:uvm_test_top.env.rknp_agt.sqr STREAM:2313}
  CREATE_STREAM @8695000 {NAME:seq_round_4_write T:Transactions SCOPE:uvm_test_top.env.rknp_agt.sqr STREAM:2621}
  CREATE_STREAM @10895000 {NAME:seq_round_5_ read T:Transactions SCOPE:uvm_test_top.env.rknp_agt.sqr STREAM:2993}
  CREATE_STREAM @13025000 {NAME:seq_round_6_write T:Transactions SCOPE:uvm_test_top.env.rknp_agt.sqr STREAM:3301}
  CREATE_STREAM @15225000 {NAME:seq_round_7_ read T:Transactions SCOPE:uvm_test_top.env.rknp_agt.sqr STREAM:3673}
  CREATE_STREAM @17355000 {NAME:seq_round_8_write T:Transactions SCOPE:uvm_test_top.env.rknp_agt.sqr STREAM:3981}
  CREATE_STREAM @0 {NAME:seq T:Transactions SCOPE:uvm_test_top.env.rknp_agt.sqr STREAM:1208}
  CREATE_STREAM @0 {NAME:seq T:Transactions SCOPE:uvm_test_top.env.rknp_agt.sqr STREAM:1208}
  CREATE_STREAM @0 {NAME:seq T:Transactions SCOPE:uvm_test_top.env.rknp_agt.sqr STREAM:1208}
  CREATE_STREAM @0 {NAME:seq T:Transactions SCOPE:uvm_test_top.env.rknp_agt.sqr STREAM:1208}
  CREATE_STREAM @0 {NAME:seq T:Transactions SCOPE:uvm_test_top.env.rknp_agt.sqr STREAM:1208}
  CREATE_STREAM @0 {NAME:seq T:Transactions SCOPE:uvm_test_top.env.rknp_agt.sqr STREAM:1208}
  CREATE_STREAM @0 {NAME:seq T:Transactions SCOPE:uvm_test_top.env.rknp_agt.sqr STREAM:1208}
  CREATE_STREAM @0 {NAME:seq T:Transactions SCOPE:uvm_test_top.env.rknp_agt.sqr STREAM:1208}
  CREATE_STREAM @0 {NAME:seq T:Transactions SCOPE:uvm_test_top.env.rknp_agt.sqr STREAM:1208}
  CREATE_STREAM @0 {NAME:seq T:Transactions SCOPE:uvm_test_top.env.rknp_agt.sqr STREAM:1208}
  CREATE_STREAM @0 {NAME:seq T:Transactions SCOPE:uvm_test_top.env.rknp_agt.sqr STREAM:1208}
  CREATE_STREAM @0 {NAME:seq T:Transactions SCOPE:uvm_test_top.env.rknp_agt.sqr STREAM:1208}
  CREATE_STREAM @0 {NAME:seq T:Transactions SCOPE:uvm_test_top.env.rknp_agt.sqr STREAM:1208}
  CREATE_STREAM @0 {NAME:seq_read_okay_1 T:Transactions SCOPE:uvm_test_top.env.rknp_agt.sqr STREAM:1387}
  CREATE_STREAM @205000 {NAME:seq_read_slverr T:Transactions SCOPE:uvm_test_top.env.rknp_agt.sqr STREAM:1489}
  CREATE_STREAM @335000 {NAME:seq_read_okay_2 T:Transactions SCOPE:uvm_test_top.env.rknp_agt.sqr STREAM:1540}
  CREATE_STREAM @475000 {NAME:seq_read_decerr T:Transactions SCOPE:uvm_test_top.env.rknp_agt.sqr STREAM:1591}
  CREATE_STREAM @645000 {NAME:seq_read_okay_3 T:Transactions SCOPE:uvm_test_top.env.rknp_agt.sqr STREAM:1642}
  CREATE_STREAM @765000 {NAME:seq_write_okay_1 T:Transactions SCOPE:uvm_test_top.env.rknp_agt.sqr STREAM:1693}
  CREATE_STREAM @855000 {NAME:seq_write_slverr T:Transactions SCOPE:uvm_test_top.env.rknp_agt.sqr STREAM:1756}
  CREATE_STREAM @945000 {NAME:seq_write_okay_2 T:Transactions SCOPE:uvm_test_top.env.rknp_agt.sqr STREAM:1819}
  CREATE_STREAM @1045000 {NAME:seq_write_decerr T:Transactions SCOPE:uvm_test_top.env.rknp_agt.sqr STREAM:1882}
  CREATE_STREAM @1165000 {NAME:seq_write_okay_3 T:Transactions SCOPE:uvm_test_top.env.rknp_agt.sqr STREAM:1945}
  CREATE_STREAM @0 {NAME:seq T:Transactions SCOPE:uvm_test_top.env.rknp_agt.sqr STREAM:1208}
  CREATE_STREAM @0 {NAME:seq T:Transactions SCOPE:uvm_test_top.env.rknp_agt.sqr STREAM:1208}
  CREATE_STREAM @0 {NAME:seq_mix_inst T:Transactions SCOPE:uvm_test_top.env.rknp_agt.sqr STREAM:1208}
  CREATE_STREAM @0 {NAME:before_reset_seq T:Transactions SCOPE:uvm_test_top.env.rknp_agt.sqr STREAM:1208}
  CREATE_STREAM @725000 {NAME:reset_seq T:Transactions SCOPE:uvm_test_top.env.vseqr STREAM:1308}
  CREATE_STREAM @785000 {NAME:after_reset_seq T:Transactions SCOPE:uvm_test_top.env.rknp_agt.sqr STREAM:1324}
  CREATE_STREAM @0 {NAME:seq T:Transactions SCOPE:uvm_test_top.env.rknp_agt.sqr STREAM:1208}
  CREATE_STREAM @0 {NAME:seq T:Transactions SCOPE:uvm_test_top.env.rknp_agt.sqr STREAM:1208}
  CREATE_STREAM @0 {NAME:seq T:Transactions SCOPE:uvm_test_top.env.rknp_agt.sqr STREAM:1208}
  CREATE_STREAM @0 {NAME:seq T:Transactions SCOPE:uvm_test_top.env.rknp_agt.sqr STREAM:1208}
  CREATE_STREAM @0 {NAME:seq T:Transactions SCOPE:uvm_test_top.env.rknp_agt.sqr STREAM:1208}
  CREATE_STREAM @0 {NAME:seq T:Transactions SCOPE:uvm_test_top.env.rknp_agt.sqr STREAM:1208}
  CREATE_STREAM @0 {NAME:seq T:Transactions SCOPE:uvm_test_top.env.rknp_agt.sqr STREAM:1210}
  CREATE_STREAM @0 {NAME:seq T:Transactions SCOPE:uvm_test_top.env.rknp_agt.sqr STREAM:1210}
  CREATE_STREAM @0 {NAME:seq T:Transactions SCOPE:uvm_test_top.env.rknp_agt.sqr STREAM:1210}
  CREATE_STREAM @0 {NAME:seq T:Transactions SCOPE:uvm_test_top.env.rknp_agt.sqr STREAM:1210}
  CREATE_STREAM @0 {NAME:seq T:Transactions SCOPE:uvm_test_top.env.rknp_agt.sqr STREAM:1210}
  CREATE_STREAM @0 {NAME:seq T:Transactions SCOPE:uvm_test_top.env.rknp_agt.sqr STREAM:1210}
  CREATE_STREAM @0 {NAME:seq T:Transactions SCOPE:uvm_test_top.env.rknp_agt.sqr STREAM:1208}
  CREATE_STREAM @0 {NAME:rd_seq T:Transactions SCOPE:uvm_test_top.env.rknp_agt.sqr STREAM:1208}
  CREATE_STREAM @0 {NAME:rd_seq T:Transactions SCOPE:uvm_test_top.env.rknp_agt.sqr STREAM:1208}
  CREATE_STREAM @0 {NAME:rd_seq T:Transactions SCOPE:uvm_test_top.env.rknp_agt.sqr STREAM:1208}
  CREATE_STREAM @0 {NAME:timeout_seq T:Transactions SCOPE:uvm_test_top.env.rknp_agt.sqr STREAM:1208}
  CREATE_STREAM @100060000 {NAME:normal_seq T:Transactions SCOPE:uvm_test_top.env.rknp_agt.sqr STREAM:1296}
  CREATE_STREAM @0 {NAME:seq T:Transactions SCOPE:uvm_test_top.env.rknp_agt.sqr STREAM:1208}
  CREATE_STREAM @0 {NAME:seq T:Transactions SCOPE:uvm_test_top.env.rknp_agt.sqr STREAM:1208}
  CREATE_STREAM @0 {NAME:seq T:Transactions SCOPE:uvm_test_top.env.rknp_agt.sqr STREAM:1208}
  CREATE_STREAM @35000 {NAME:seq_watchdog_fifo_full_cov_round_1 T:Transactions SCOPE:uvm_test_top.env.rknp_agt.sqr STREAM:1259}
  CREATE_STREAM @130435000 {NAME:seq_watchdog_fifo_full_cov_round_2 T:Transactions SCOPE:uvm_test_top.env.rknp_agt.sqr STREAM:1664}
  CREATE_STREAM @0 {NAME:seq T:Transactions SCOPE:uvm_test_top.env.rknp_agt.sqr STREAM:1208}
  CREATE_STREAM @0 {NAME:seq T:Transactions SCOPE:uvm_test_top.env.rknp_agt.sqr STREAM:1208}
  CREATE_STREAM @0 {NAME:seq_round_0_write T:Transactions SCOPE:uvm_test_top.env.rknp_agt.sqr STREAM:1210}
  CREATE_STREAM @2235000 {NAME:seq_round_1_ read T:Transactions SCOPE:uvm_test_top.env.rknp_agt.sqr STREAM:1633}
  CREATE_STREAM @4365000 {NAME:seq_round_2_write T:Transactions SCOPE:uvm_test_top.env.rknp_agt.sqr STREAM:1941}
  CREATE_STREAM @6565000 {NAME:seq_round_3_ read T:Transactions SCOPE:uvm_test_top.env.rknp_agt.sqr STREAM:2313}
  CREATE_STREAM @8695000 {NAME:seq_round_4_write T:Transactions SCOPE:uvm_test_top.env.rknp_agt.sqr STREAM:2621}
  CREATE_STREAM @10895000 {NAME:seq_round_5_ read T:Transactions SCOPE:uvm_test_top.env.rknp_agt.sqr STREAM:2993}
  CREATE_STREAM @13025000 {NAME:seq_round_6_write T:Transactions SCOPE:uvm_test_top.env.rknp_agt.sqr STREAM:3301}
  CREATE_STREAM @15225000 {NAME:seq_round_7_ read T:Transactions SCOPE:uvm_test_top.env.rknp_agt.sqr STREAM:3673}
  CREATE_STREAM @17355000 {NAME:seq_round_8_write T:Transactions SCOPE:uvm_test_top.env.rknp_agt.sqr STREAM:3981}
  CREATE_STREAM @0 {NAME:seq T:Transactions SCOPE:uvm_test_top.env.rknp_agt.sqr STREAM:1208}
  CREATE_STREAM @0 {NAME:seq T:Transactions SCOPE:uvm_test_top.env.rknp_agt.sqr STREAM:1208}
  CREATE_STREAM @0 {NAME:seq T:Transactions SCOPE:uvm_test_top.env.rknp_agt.sqr STREAM:1208}
  CREATE_STREAM @0 {NAME:seq T:Transactions SCOPE:uvm_test_top.env.rknp_agt.sqr STREAM:1208}
  CREATE_STREAM @0 {NAME:seq T:Transactions SCOPE:uvm_test_top.env.rknp_agt.sqr STREAM:1208}
  CREATE_STREAM @0 {NAME:seq T:Transactions SCOPE:uvm_test_top.env.rknp_agt.sqr STREAM:1208}
  CREATE_STREAM @0 {NAME:seq T:Transactions SCOPE:uvm_test_top.env.rknp_agt.sqr STREAM:1208}
  CREATE_STREAM @0 {NAME:seq T:Transactions SCOPE:uvm_test_top.env.rknp_agt.sqr STREAM:1208}
  CREATE_STREAM @0 {NAME:seq T:Transactions SCOPE:uvm_test_top.env.rknp_agt.sqr STREAM:1208}
  CREATE_STREAM @0 {NAME:seq T:Transactions SCOPE:uvm_test_top.env.rknp_agt.sqr STREAM:1208}
  CREATE_STREAM @0 {NAME:seq T:Transactions SCOPE:uvm_test_top.env.rknp_agt.sqr STREAM:1208}
  CREATE_STREAM @0 {NAME:seq T:Transactions SCOPE:uvm_test_top.env.rknp_agt.sqr STREAM:1208}
  CREATE_STREAM @0 {NAME:seq T:Transactions SCOPE:uvm_test_top.env.rknp_agt.sqr STREAM:1208}
  CREATE_STREAM @0 {NAME:seq_read_okay_1 T:Transactions SCOPE:uvm_test_top.env.rknp_agt.sqr STREAM:1387}
  CREATE_STREAM @205000 {NAME:seq_read_slverr T:Transactions SCOPE:uvm_test_top.env.rknp_agt.sqr STREAM:1489}
  CREATE_STREAM @335000 {NAME:seq_read_okay_2 T:Transactions SCOPE:uvm_test_top.env.rknp_agt.sqr STREAM:1540}
  CREATE_STREAM @475000 {NAME:seq_read_decerr T:Transactions SCOPE:uvm_test_top.env.rknp_agt.sqr STREAM:1591}
  CREATE_STREAM @645000 {NAME:seq_read_okay_3 T:Transactions SCOPE:uvm_test_top.env.rknp_agt.sqr STREAM:1642}
  CREATE_STREAM @765000 {NAME:seq_write_okay_1 T:Transactions SCOPE:uvm_test_top.env.rknp_agt.sqr STREAM:1693}
  CREATE_STREAM @855000 {NAME:seq_write_slverr T:Transactions SCOPE:uvm_test_top.env.rknp_agt.sqr STREAM:1756}
  CREATE_STREAM @945000 {NAME:seq_write_okay_2 T:Transactions SCOPE:uvm_test_top.env.rknp_agt.sqr STREAM:1819}
  CREATE_STREAM @1045000 {NAME:seq_write_decerr T:Transactions SCOPE:uvm_test_top.env.rknp_agt.sqr STREAM:1882}
  CREATE_STREAM @1165000 {NAME:seq_write_okay_3 T:Transactions SCOPE:uvm_test_top.env.rknp_agt.sqr STREAM:1945}
  CREATE_STREAM @0 {NAME:seq T:Transactions SCOPE:uvm_test_top.env.rknp_agt.sqr STREAM:1208}
  CREATE_STREAM @0 {NAME:seq T:Transactions SCOPE:uvm_test_top.env.rknp_agt.sqr STREAM:1208}
  CREATE_STREAM @0 {NAME:seq_mix_inst T:Transactions SCOPE:uvm_test_top.env.rknp_agt.sqr STREAM:1208}
  CREATE_STREAM @0 {NAME:before_reset_seq T:Transactions SCOPE:uvm_test_top.env.rknp_agt.sqr STREAM:1208}
  CREATE_STREAM @725000 {NAME:reset_seq T:Transactions SCOPE:uvm_test_top.env.vseqr STREAM:1308}
  CREATE_STREAM @785000 {NAME:after_reset_seq T:Transactions SCOPE:uvm_test_top.env.rknp_agt.sqr STREAM:1324}
  CREATE_STREAM @0 {NAME:seq T:Transactions SCOPE:uvm_test_top.env.rknp_agt.sqr STREAM:1208}
  CREATE_STREAM @0 {NAME:seq T:Transactions SCOPE:uvm_test_top.env.rknp_agt.sqr STREAM:1208}
  CREATE_STREAM @0 {NAME:seq T:Transactions SCOPE:uvm_test_top.env.rknp_agt.sqr STREAM:1208}
  CREATE_STREAM @0 {NAME:seq T:Transactions SCOPE:uvm_test_top.env.rknp_agt.sqr STREAM:1208}
  CREATE_STREAM @0 {NAME:seq T:Transactions SCOPE:uvm_test_top.env.rknp_agt.sqr STREAM:1208}
  CREATE_STREAM @0 {NAME:seq T:Transactions SCOPE:uvm_test_top.env.rknp_agt.sqr STREAM:1208}
  CREATE_STREAM @0 {NAME:seq T:Transactions SCOPE:uvm_test_top.env.rknp_agt.sqr STREAM:1210}
  CREATE_STREAM @0 {NAME:seq T:Transactions SCOPE:uvm_test_top.env.rknp_agt.sqr STREAM:1210}
  CREATE_STREAM @0 {NAME:seq T:Transactions SCOPE:uvm_test_top.env.rknp_agt.sqr STREAM:1210}
  CREATE_STREAM @0 {NAME:seq T:Transactions SCOPE:uvm_test_top.env.rknp_agt.sqr STREAM:1210}
  CREATE_STREAM @0 {NAME:seq T:Transactions SCOPE:uvm_test_top.env.rknp_agt.sqr STREAM:1210}
  CREATE_STREAM @0 {NAME:seq T:Transactions SCOPE:uvm_test_top.env.rknp_agt.sqr STREAM:1210}
  CREATE_STREAM @0 {NAME:seq T:Transactions SCOPE:uvm_test_top.env.rknp_agt.sqr STREAM:1208}
  CREATE_STREAM @0 {NAME:rd_seq T:Transactions SCOPE:uvm_test_top.env.rknp_agt.sqr STREAM:1208}
  CREATE_STREAM @0 {NAME:rd_seq T:Transactions SCOPE:uvm_test_top.env.rknp_agt.sqr STREAM:1208}
  CREATE_STREAM @0 {NAME:rd_seq T:Transactions SCOPE:uvm_test_top.env.rknp_agt.sqr STREAM:1208}
  CREATE_STREAM @0 {NAME:timeout_seq T:Transactions SCOPE:uvm_test_top.env.rknp_agt.sqr STREAM:1208}
  CREATE_STREAM @100060000 {NAME:normal_seq T:Transactions SCOPE:uvm_test_top.env.rknp_agt.sqr STREAM:1296}
  CREATE_STREAM @0 {NAME:seq T:Transactions SCOPE:uvm_test_top.env.rknp_agt.sqr STREAM:1208}
  CREATE_STREAM @0 {NAME:seq T:Transactions SCOPE:uvm_test_top.env.rknp_agt.sqr STREAM:1208}
  CREATE_STREAM @0 {NAME:seq T:Transactions SCOPE:uvm_test_top.env.rknp_agt.sqr STREAM:1208}
  CREATE_STREAM @35000 {NAME:seq_watchdog_fifo_full_cov_round_1 T:Transactions SCOPE:uvm_test_top.env.rknp_agt.sqr STREAM:1259}
  CREATE_STREAM @130435000 {NAME:seq_watchdog_fifo_full_cov_round_2 T:Transactions SCOPE:uvm_test_top.env.rknp_agt.sqr STREAM:1664}
  CREATE_STREAM @0 {NAME:seq T:Transactions SCOPE:uvm_test_top.env.rknp_agt.sqr STREAM:1208}
  CREATE_STREAM @0 {NAME:seq T:Transactions SCOPE:uvm_test_top.env.rknp_agt.sqr STREAM:1208}
  CREATE_STREAM @0 {NAME:seq_round_0_write T:Transactions SCOPE:uvm_test_top.env.rknp_agt.sqr STREAM:1210}
  CREATE_STREAM @2235000 {NAME:seq_round_1_ read T:Transactions SCOPE:uvm_test_top.env.rknp_agt.sqr STREAM:1633}
  CREATE_STREAM @4365000 {NAME:seq_round_2_write T:Transactions SCOPE:uvm_test_top.env.rknp_agt.sqr STREAM:1941}
  CREATE_STREAM @6565000 {NAME:seq_round_3_ read T:Transactions SCOPE:uvm_test_top.env.rknp_agt.sqr STREAM:2313}
  CREATE_STREAM @8695000 {NAME:seq_round_4_write T:Transactions SCOPE:uvm_test_top.env.rknp_agt.sqr STREAM:2621}
  CREATE_STREAM @10895000 {NAME:seq_round_5_ read T:Transactions SCOPE:uvm_test_top.env.rknp_agt.sqr STREAM:2993}
  CREATE_STREAM @13025000 {NAME:seq_round_6_write T:Transactions SCOPE:uvm_test_top.env.rknp_agt.sqr STREAM:3301}
  CREATE_STREAM @15225000 {NAME:seq_round_7_ read T:Transactions SCOPE:uvm_test_top.env.rknp_agt.sqr STREAM:3673}
  CREATE_STREAM @17355000 {NAME:seq_round_8_write T:Transactions SCOPE:uvm_test_top.env.rknp_agt.sqr STREAM:3981}
  CREATE_STREAM @0 {NAME:seq T:Transactions SCOPE:uvm_test_top.env.rknp_agt.sqr STREAM:1208}
  CREATE_STREAM @0 {NAME:seq T:Transactions SCOPE:uvm_test_top.env.rknp_agt.sqr STREAM:1208}
  CREATE_STREAM @0 {NAME:seq T:Transactions SCOPE:uvm_test_top.env.rknp_agt.sqr STREAM:1208}
  CREATE_STREAM @0 {NAME:seq T:Transactions SCOPE:uvm_test_top.env.rknp_agt.sqr STREAM:1208}
  CREATE_STREAM @0 {NAME:seq T:Transactions SCOPE:uvm_test_top.env.rknp_agt.sqr STREAM:1208}
  CREATE_STREAM @0 {NAME:seq T:Transactions SCOPE:uvm_test_top.env.rknp_agt.sqr STREAM:1208}
  CREATE_STREAM @0 {NAME:seq T:Transactions SCOPE:uvm_test_top.env.rknp_agt.sqr STREAM:1208}
  CREATE_STREAM @0 {NAME:seq T:Transactions SCOPE:uvm_test_top.env.rknp_agt.sqr STREAM:1208}
  CREATE_STREAM @0 {NAME:seq T:Transactions SCOPE:uvm_test_top.env.rknp_agt.sqr STREAM:1208}
  CREATE_STREAM @0 {NAME:seq T:Transactions SCOPE:uvm_test_top.env.rknp_agt.sqr STREAM:1208}
  CREATE_STREAM @0 {NAME:seq T:Transactions SCOPE:uvm_test_top.env.rknp_agt.sqr STREAM:1208}
  CREATE_STREAM @0 {NAME:seq T:Transactions SCOPE:uvm_test_top.env.rknp_agt.sqr STREAM:1210}
  CREATE_STREAM @0 {NAME:seq T:Transactions SCOPE:uvm_test_top.env.rknp_agt.sqr STREAM:1210}
  CREATE_STREAM @0 {NAME:seq_read_okay_1 T:Transactions SCOPE:uvm_test_top.env.rknp_agt.sqr STREAM:1387}
  CREATE_STREAM @205000 {NAME:seq_read_slverr T:Transactions SCOPE:uvm_test_top.env.rknp_agt.sqr STREAM:1489}
  CREATE_STREAM @335000 {NAME:seq_read_okay_2 T:Transactions SCOPE:uvm_test_top.env.rknp_agt.sqr STREAM:1540}
  CREATE_STREAM @475000 {NAME:seq_read_decerr T:Transactions SCOPE:uvm_test_top.env.rknp_agt.sqr STREAM:1591}
  CREATE_STREAM @645000 {NAME:seq_read_okay_3 T:Transactions SCOPE:uvm_test_top.env.rknp_agt.sqr STREAM:1642}
  CREATE_STREAM @765000 {NAME:seq_write_okay_1 T:Transactions SCOPE:uvm_test_top.env.rknp_agt.sqr STREAM:1693}
  CREATE_STREAM @855000 {NAME:seq_write_slverr T:Transactions SCOPE:uvm_test_top.env.rknp_agt.sqr STREAM:1756}
  CREATE_STREAM @945000 {NAME:seq_write_okay_2 T:Transactions SCOPE:uvm_test_top.env.rknp_agt.sqr STREAM:1819}
  CREATE_STREAM @1045000 {NAME:seq_write_decerr T:Transactions SCOPE:uvm_test_top.env.rknp_agt.sqr STREAM:1882}
  CREATE_STREAM @1165000 {NAME:seq_write_okay_3 T:Transactions SCOPE:uvm_test_top.env.rknp_agt.sqr STREAM:1945}
  CREATE_STREAM @0 {NAME:seq T:Transactions SCOPE:uvm_test_top.env.rknp_agt.sqr STREAM:1208}
  CREATE_STREAM @0 {NAME:seq T:Transactions SCOPE:uvm_test_top.env.rknp_agt.sqr STREAM:1208}
  CREATE_STREAM @0 {NAME:seq_mix_inst T:Transactions SCOPE:uvm_test_top.env.rknp_agt.sqr STREAM:1208}
  CREATE_STREAM @0 {NAME:before_reset_seq T:Transactions SCOPE:uvm_test_top.env.rknp_agt.sqr STREAM:1208}
  CREATE_STREAM @725000 {NAME:reset_seq T:Transactions SCOPE:uvm_test_top.env.vseqr STREAM:1308}
  CREATE_STREAM @785000 {NAME:after_reset_seq T:Transactions SCOPE:uvm_test_top.env.rknp_agt.sqr STREAM:1324}
  CREATE_STREAM @0 {NAME:seq T:Transactions SCOPE:uvm_test_top.env.rknp_agt.sqr STREAM:1208}
  CREATE_STREAM @0 {NAME:seq T:Transactions SCOPE:uvm_test_top.env.rknp_agt.sqr STREAM:1208}
  CREATE_STREAM @0 {NAME:seq T:Transactions SCOPE:uvm_test_top.env.rknp_agt.sqr STREAM:1208}
  CREATE_STREAM @0 {NAME:seq T:Transactions SCOPE:uvm_test_top.env.rknp_agt.sqr STREAM:1208}
  CREATE_STREAM @0 {NAME:seq T:Transactions SCOPE:uvm_test_top.env.rknp_agt.sqr STREAM:1208}
  CREATE_STREAM @0 {NAME:seq T:Transactions SCOPE:uvm_test_top.env.rknp_agt.sqr STREAM:1208}
  CREATE_STREAM @0 {NAME:seq T:Transactions SCOPE:uvm_test_top.env.rknp_agt.sqr STREAM:1210}
  CREATE_STREAM @0 {NAME:seq T:Transactions SCOPE:uvm_test_top.env.rknp_agt.sqr STREAM:1210}
  CREATE_STREAM @0 {NAME:seq T:Transactions SCOPE:uvm_test_top.env.rknp_agt.sqr STREAM:1210}
  CREATE_STREAM @0 {NAME:seq T:Transactions SCOPE:uvm_test_top.env.rknp_agt.sqr STREAM:1210}
  CREATE_STREAM @0 {NAME:seq T:Transactions SCOPE:uvm_test_top.env.rknp_agt.sqr STREAM:1210}
  CREATE_STREAM @0 {NAME:seq T:Transactions SCOPE:uvm_test_top.env.rknp_agt.sqr STREAM:1210}
  CREATE_STREAM @0 {NAME:seq T:Transactions SCOPE:uvm_test_top.env.rknp_agt.sqr STREAM:1208}
  CREATE_STREAM @0 {NAME:rd_seq T:Transactions SCOPE:uvm_test_top.env.rknp_agt.sqr STREAM:1208}
  CREATE_STREAM @0 {NAME:rd_seq T:Transactions SCOPE:uvm_test_top.env.rknp_agt.sqr STREAM:1208}
  CREATE_STREAM @0 {NAME:rd_seq T:Transactions SCOPE:uvm_test_top.env.rknp_agt.sqr STREAM:1208}
  CREATE_STREAM @0 {NAME:timeout_seq T:Transactions SCOPE:uvm_test_top.env.rknp_agt.sqr STREAM:1208}
  CREATE_STREAM @100060000 {NAME:normal_seq T:Transactions SCOPE:uvm_test_top.env.rknp_agt.sqr STREAM:1296}
  CREATE_STREAM @0 {NAME:prev_seq T:Transactions SCOPE:uvm_test_top.env.rknp_agt.sqr STREAM:1210}
  CREATE_STREAM @95000 {NAME:timeout_seq T:Transactions SCOPE:uvm_test_top.env.rknp_agt.sqr STREAM:1308}
  CREATE_STREAM @0 {NAME:WR_rsp_to_WR_timeout_prev_seq T:Transactions SCOPE:uvm_test_top.env.rknp_agt.sqr STREAM:1210}
  CREATE_STREAM @95000 {NAME:WR_rsp_to_WR_timeout_timeout_seq T:Transactions SCOPE:uvm_test_top.env.rknp_agt.sqr STREAM:1316}
  CREATE_STREAM @0 {NAME:before_reset_seq T:Transactions SCOPE:uvm_test_top.env.rknp_agt.sqr STREAM:1208}
  CREATE_STREAM @725000 {NAME:reset_seq T:Transactions SCOPE:uvm_test_top.env.vseqr STREAM:1308}
  CREATE_STREAM @785000 {NAME:after_reset_seq T:Transactions SCOPE:uvm_test_top.env.rknp_agt.sqr STREAM:1324}
  CREATE_STREAM @0 {NAME:seq T:Transactions SCOPE:uvm_test_top.env.rknp_agt.sqr STREAM:1208}
  CREATE_STREAM @0 {NAME:seq T:Transactions SCOPE:uvm_test_top.env.rknp_agt.sqr STREAM:1208}
  CREATE_STREAM @0 {NAME:seq T:Transactions SCOPE:uvm_test_top.env.rknp_agt.sqr STREAM:1208}
  CREATE_STREAM @0 {NAME:seq T:Transactions SCOPE:uvm_test_top.env.rknp_agt.sqr STREAM:1208}
  CREATE_STREAM @0 {NAME:seq T:Transactions SCOPE:uvm_test_top.env.rknp_agt.sqr STREAM:1208}
  CREATE_STREAM @0 {NAME:seq T:Transactions SCOPE:uvm_test_top.env.rknp_agt.sqr STREAM:1208}
  CREATE_STREAM @0 {NAME:seq T:Transactions SCOPE:uvm_test_top.env.rknp_agt.sqr STREAM:1210}
  CREATE_STREAM @0 {NAME:seq T:Transactions SCOPE:uvm_test_top.env.rknp_agt.sqr STREAM:1210}
  CREATE_STREAM @0 {NAME:seq T:Transactions SCOPE:uvm_test_top.env.rknp_agt.sqr STREAM:1210}
  CREATE_STREAM @0 {NAME:seq T:Transactions SCOPE:uvm_test_top.env.rknp_agt.sqr STREAM:1210}
  CREATE_STREAM @0 {NAME:seq T:Transactions SCOPE:uvm_test_top.env.rknp_agt.sqr STREAM:1210}
  CREATE_STREAM @0 {NAME:seq T:Transactions SCOPE:uvm_test_top.env.rknp_agt.sqr STREAM:1210}
  CREATE_STREAM @0 {NAME:seq T:Transactions SCOPE:uvm_test_top.env.rknp_agt.sqr STREAM:1208}
  CREATE_STREAM @0 {NAME:rd_seq T:Transactions SCOPE:uvm_test_top.env.rknp_agt.sqr STREAM:1208}
  CREATE_STREAM @0 {NAME:rd_seq T:Transactions SCOPE:uvm_test_top.env.rknp_agt.sqr STREAM:1208}
  CREATE_STREAM @0 {NAME:rd_seq T:Transactions SCOPE:uvm_test_top.env.rknp_agt.sqr STREAM:1208}
  CREATE_STREAM @0 {NAME:timeout_seq T:Transactions SCOPE:uvm_test_top.env.rknp_agt.sqr STREAM:1208}
  CREATE_STREAM @100060000 {NAME:normal_seq T:Transactions SCOPE:uvm_test_top.env.rknp_agt.sqr STREAM:1296}
  CREATE_STREAM @0 {NAME:prev_seq T:Transactions SCOPE:uvm_test_top.env.rknp_agt.sqr STREAM:1210}
  CREATE_STREAM @95000 {NAME:timeout_seq T:Transactions SCOPE:uvm_test_top.env.rknp_agt.sqr STREAM:1308}
  CREATE_STREAM @0 {NAME:prev_seq T:Transactions SCOPE:uvm_test_top.env.rknp_agt.sqr STREAM:1210}
  CREATE_STREAM @95000 {NAME:timeout_seq T:Transactions SCOPE:uvm_test_top.env.rknp_agt.sqr STREAM:1316}
  CREATE_STREAM @0 {NAME:seq T:Transactions SCOPE:uvm_test_top.env.rknp_agt.sqr STREAM:1208}
  CREATE_STREAM @0 {NAME:seq T:Transactions SCOPE:uvm_test_top.env.rknp_agt.sqr STREAM:1208}
  CREATE_STREAM @0 {NAME:seq T:Transactions SCOPE:uvm_test_top.env.rknp_agt.sqr STREAM:1208}
  CREATE_STREAM @35000 {NAME:seq_watchdog_fifo_full_cov_round_1 T:Transactions SCOPE:uvm_test_top.env.rknp_agt.sqr STREAM:1259}
  CREATE_STREAM @130435000 {NAME:seq_watchdog_fifo_full_cov_round_2 T:Transactions SCOPE:uvm_test_top.env.rknp_agt.sqr STREAM:1664}
  CREATE_STREAM @0 {NAME:seq T:Transactions SCOPE:uvm_test_top.env.rknp_agt.sqr STREAM:1208}
  CREATE_STREAM @0 {NAME:seq T:Transactions SCOPE:uvm_test_top.env.rknp_agt.sqr STREAM:1208}
  CREATE_STREAM @0 {NAME:seq_round_0_write T:Transactions SCOPE:uvm_test_top.env.rknp_agt.sqr STREAM:1210}
  CREATE_STREAM @2235000 {NAME:seq_round_1_ read T:Transactions SCOPE:uvm_test_top.env.rknp_agt.sqr STREAM:1633}
  CREATE_STREAM @4365000 {NAME:seq_round_2_write T:Transactions SCOPE:uvm_test_top.env.rknp_agt.sqr STREAM:1941}
  CREATE_STREAM @6565000 {NAME:seq_round_3_ read T:Transactions SCOPE:uvm_test_top.env.rknp_agt.sqr STREAM:2313}
  CREATE_STREAM @8695000 {NAME:seq_round_4_write T:Transactions SCOPE:uvm_test_top.env.rknp_agt.sqr STREAM:2621}
  CREATE_STREAM @10895000 {NAME:seq_round_5_ read T:Transactions SCOPE:uvm_test_top.env.rknp_agt.sqr STREAM:2993}
  CREATE_STREAM @13025000 {NAME:seq_round_6_write T:Transactions SCOPE:uvm_test_top.env.rknp_agt.sqr STREAM:3301}
  CREATE_STREAM @15225000 {NAME:seq_round_7_ read T:Transactions SCOPE:uvm_test_top.env.rknp_agt.sqr STREAM:3673}
  CREATE_STREAM @17355000 {NAME:seq_round_8_write T:Transactions SCOPE:uvm_test_top.env.rknp_agt.sqr STREAM:3981}
  CREATE_STREAM @0 {NAME:seq T:Transactions SCOPE:uvm_test_top.env.rknp_agt.sqr STREAM:1208}
  CREATE_STREAM @0 {NAME:seq T:Transactions SCOPE:uvm_test_top.env.rknp_agt.sqr STREAM:1208}
  CREATE_STREAM @0 {NAME:seq T:Transactions SCOPE:uvm_test_top.env.rknp_agt.sqr STREAM:1208}
  CREATE_STREAM @0 {NAME:seq T:Transactions SCOPE:uvm_test_top.env.rknp_agt.sqr STREAM:1208}
  CREATE_STREAM @0 {NAME:seq T:Transactions SCOPE:uvm_test_top.env.rknp_agt.sqr STREAM:1208}
  CREATE_STREAM @0 {NAME:seq T:Transactions SCOPE:uvm_test_top.env.rknp_agt.sqr STREAM:1208}
  CREATE_STREAM @0 {NAME:seq T:Transactions SCOPE:uvm_test_top.env.rknp_agt.sqr STREAM:1208}
  CREATE_STREAM @0 {NAME:seq T:Transactions SCOPE:uvm_test_top.env.rknp_agt.sqr STREAM:1208}
  CREATE_STREAM @0 {NAME:seq T:Transactions SCOPE:uvm_test_top.env.rknp_agt.sqr STREAM:1208}
  CREATE_STREAM @0 {NAME:seq T:Transactions SCOPE:uvm_test_top.env.rknp_agt.sqr STREAM:1208}
  CREATE_STREAM @0 {NAME:seq T:Transactions SCOPE:uvm_test_top.env.rknp_agt.sqr STREAM:1208}
  CREATE_STREAM @0 {NAME:seq T:Transactions SCOPE:uvm_test_top.env.rknp_agt.sqr STREAM:1210}
  CREATE_STREAM @0 {NAME:seq T:Transactions SCOPE:uvm_test_top.env.rknp_agt.sqr STREAM:1210}
  CREATE_STREAM @0 {NAME:seq_read_okay_1 T:Transactions SCOPE:uvm_test_top.env.rknp_agt.sqr STREAM:1387}
  CREATE_STREAM @205000 {NAME:seq_read_slverr T:Transactions SCOPE:uvm_test_top.env.rknp_agt.sqr STREAM:1489}
  CREATE_STREAM @335000 {NAME:seq_read_okay_2 T:Transactions SCOPE:uvm_test_top.env.rknp_agt.sqr STREAM:1540}
  CREATE_STREAM @475000 {NAME:seq_read_decerr T:Transactions SCOPE:uvm_test_top.env.rknp_agt.sqr STREAM:1591}
  CREATE_STREAM @645000 {NAME:seq_read_okay_3 T:Transactions SCOPE:uvm_test_top.env.rknp_agt.sqr STREAM:1642}
  CREATE_STREAM @765000 {NAME:seq_write_okay_1 T:Transactions SCOPE:uvm_test_top.env.rknp_agt.sqr STREAM:1693}
  CREATE_STREAM @855000 {NAME:seq_write_slverr T:Transactions SCOPE:uvm_test_top.env.rknp_agt.sqr STREAM:1756}
  CREATE_STREAM @945000 {NAME:seq_write_okay_2 T:Transactions SCOPE:uvm_test_top.env.rknp_agt.sqr STREAM:1819}
  CREATE_STREAM @1045000 {NAME:seq_write_decerr T:Transactions SCOPE:uvm_test_top.env.rknp_agt.sqr STREAM:1882}
  CREATE_STREAM @1165000 {NAME:seq_write_okay_3 T:Transactions SCOPE:uvm_test_top.env.rknp_agt.sqr STREAM:1945}
  CREATE_STREAM @0 {NAME:seq T:Transactions SCOPE:uvm_test_top.env.rknp_agt.sqr STREAM:1208}
  CREATE_STREAM @0 {NAME:seq T:Transactions SCOPE:uvm_test_top.env.rknp_agt.sqr STREAM:1208}
  CREATE_STREAM @0 {NAME:seq_mix_inst T:Transactions SCOPE:uvm_test_top.env.rknp_agt.sqr STREAM:1208}
  CREATE_STREAM @0 {NAME:before_reset_seq T:Transactions SCOPE:uvm_test_top.env.rknp_agt.sqr STREAM:1208}
  CREATE_STREAM @725000 {NAME:reset_seq T:Transactions SCOPE:uvm_test_top.env.vseqr STREAM:1308}
  CREATE_STREAM @785000 {NAME:after_reset_seq T:Transactions SCOPE:uvm_test_top.env.rknp_agt.sqr STREAM:1324}
  CREATE_STREAM @0 {NAME:seq T:Transactions SCOPE:uvm_test_top.env.rknp_agt.sqr STREAM:1208}
  CREATE_STREAM @0 {NAME:seq T:Transactions SCOPE:uvm_test_top.env.rknp_agt.sqr STREAM:1208}
  CREATE_STREAM @0 {NAME:seq T:Transactions SCOPE:uvm_test_top.env.rknp_agt.sqr STREAM:1208}
  CREATE_STREAM @0 {NAME:seq T:Transactions SCOPE:uvm_test_top.env.rknp_agt.sqr STREAM:1208}
  CREATE_STREAM @0 {NAME:seq T:Transactions SCOPE:uvm_test_top.env.rknp_agt.sqr STREAM:1208}
  CREATE_STREAM @0 {NAME:seq T:Transactions SCOPE:uvm_test_top.env.rknp_agt.sqr STREAM:1208}
  CREATE_STREAM @0 {NAME:seq T:Transactions SCOPE:uvm_test_top.env.rknp_agt.sqr STREAM:1210}
  CREATE_STREAM @0 {NAME:seq T:Transactions SCOPE:uvm_test_top.env.rknp_agt.sqr STREAM:1210}
  CREATE_STREAM @0 {NAME:seq T:Transactions SCOPE:uvm_test_top.env.rknp_agt.sqr STREAM:1210}
  CREATE_STREAM @0 {NAME:seq T:Transactions SCOPE:uvm_test_top.env.rknp_agt.sqr STREAM:1210}
  CREATE_STREAM @0 {NAME:seq T:Transactions SCOPE:uvm_test_top.env.rknp_agt.sqr STREAM:1210}
  CREATE_STREAM @0 {NAME:seq T:Transactions SCOPE:uvm_test_top.env.rknp_agt.sqr STREAM:1210}
  CREATE_STREAM @0 {NAME:seq T:Transactions SCOPE:uvm_test_top.env.rknp_agt.sqr STREAM:1208}
  CREATE_STREAM @0 {NAME:rd_seq T:Transactions SCOPE:uvm_test_top.env.rknp_agt.sqr STREAM:1208}
  CREATE_STREAM @0 {NAME:rd_seq T:Transactions SCOPE:uvm_test_top.env.rknp_agt.sqr STREAM:1208}
  CREATE_STREAM @0 {NAME:rd_seq T:Transactions SCOPE:uvm_test_top.env.rknp_agt.sqr STREAM:1208}
  CREATE_STREAM @0 {NAME:timeout_seq T:Transactions SCOPE:uvm_test_top.env.rknp_agt.sqr STREAM:1208}
  CREATE_STREAM @100060000 {NAME:normal_seq T:Transactions SCOPE:uvm_test_top.env.rknp_agt.sqr STREAM:1296}
  CREATE_STREAM @0 {NAME:prev_seq T:Transactions SCOPE:uvm_test_top.env.rknp_agt.sqr STREAM:1210}
  CREATE_STREAM @95000 {NAME:timeout_seq T:Transactions SCOPE:uvm_test_top.env.rknp_agt.sqr STREAM:1308}
  CREATE_STREAM @0 {NAME:prev_seq T:Transactions SCOPE:uvm_test_top.env.rknp_agt.sqr STREAM:1210}
  CREATE_STREAM @95000 {NAME:timeout_seq T:Transactions SCOPE:uvm_test_top.env.rknp_agt.sqr STREAM:1316}
  CREATE_STREAM @0 {NAME:seq T:Transactions SCOPE:uvm_test_top.env.rknp_agt.sqr STREAM:1208}
  CREATE_STREAM @0 {NAME:seq T:Transactions SCOPE:uvm_test_top.env.rknp_agt.sqr STREAM:1208}
  CREATE_STREAM @0 {NAME:seq T:Transactions SCOPE:uvm_test_top.env.rknp_agt.sqr STREAM:1208}
  CREATE_STREAM @35000 {NAME:seq_watchdog_fifo_full_cov_round_1 T:Transactions SCOPE:uvm_test_top.env.rknp_agt.sqr STREAM:1259}
  CREATE_STREAM @130435000 {NAME:seq_watchdog_fifo_full_cov_round_2 T:Transactions SCOPE:uvm_test_top.env.rknp_agt.sqr STREAM:1664}
  CREATE_STREAM @0 {NAME:seq T:Transactions SCOPE:uvm_test_top.env.rknp_agt.sqr STREAM:1208}
  CREATE_STREAM @0 {NAME:seq T:Transactions SCOPE:uvm_test_top.env.rknp_agt.sqr STREAM:1208}
  CREATE_STREAM @0 {NAME:seq_round_0_write T:Transactions SCOPE:uvm_test_top.env.rknp_agt.sqr STREAM:1210}
  CREATE_STREAM @2235000 {NAME:seq_round_1_ read T:Transactions SCOPE:uvm_test_top.env.rknp_agt.sqr STREAM:1633}
  CREATE_STREAM @4365000 {NAME:seq_round_2_write T:Transactions SCOPE:uvm_test_top.env.rknp_agt.sqr STREAM:1941}
  CREATE_STREAM @6565000 {NAME:seq_round_3_ read T:Transactions SCOPE:uvm_test_top.env.rknp_agt.sqr STREAM:2313}
  CREATE_STREAM @8695000 {NAME:seq_round_4_write T:Transactions SCOPE:uvm_test_top.env.rknp_agt.sqr STREAM:2621}
  CREATE_STREAM @10895000 {NAME:seq_round_5_ read T:Transactions SCOPE:uvm_test_top.env.rknp_agt.sqr STREAM:2993}
  CREATE_STREAM @13025000 {NAME:seq_round_6_write T:Transactions SCOPE:uvm_test_top.env.rknp_agt.sqr STREAM:3301}
  CREATE_STREAM @15225000 {NAME:seq_round_7_ read T:Transactions SCOPE:uvm_test_top.env.rknp_agt.sqr STREAM:3673}
  CREATE_STREAM @17355000 {NAME:seq_round_8_write T:Transactions SCOPE:uvm_test_top.env.rknp_agt.sqr STREAM:3981}
  CREATE_STREAM @0 {NAME:seq T:Transactions SCOPE:uvm_test_top.env.rknp_agt.sqr STREAM:1208}
  CREATE_STREAM @0 {NAME:seq T:Transactions SCOPE:uvm_test_top.env.rknp_agt.sqr STREAM:1208}
  CREATE_STREAM @0 {NAME:seq T:Transactions SCOPE:uvm_test_top.env.rknp_agt.sqr STREAM:1208}
  CREATE_STREAM @0 {NAME:seq T:Transactions SCOPE:uvm_test_top.env.rknp_agt.sqr STREAM:1208}
  CREATE_STREAM @0 {NAME:seq T:Transactions SCOPE:uvm_test_top.env.rknp_agt.sqr STREAM:1208}
  CREATE_STREAM @0 {NAME:seq T:Transactions SCOPE:uvm_test_top.env.rknp_agt.sqr STREAM:1208}
  CREATE_STREAM @0 {NAME:seq T:Transactions SCOPE:uvm_test_top.env.rknp_agt.sqr STREAM:1208}
  CREATE_STREAM @0 {NAME:seq T:Transactions SCOPE:uvm_test_top.env.rknp_agt.sqr STREAM:1208}
  CREATE_STREAM @0 {NAME:seq T:Transactions SCOPE:uvm_test_top.env.rknp_agt.sqr STREAM:1208}
  CREATE_STREAM @0 {NAME:seq T:Transactions SCOPE:uvm_test_top.env.rknp_agt.sqr STREAM:1208}
  CREATE_STREAM @0 {NAME:seq T:Transactions SCOPE:uvm_test_top.env.rknp_agt.sqr STREAM:1208}
  CREATE_STREAM @0 {NAME:seq T:Transactions SCOPE:uvm_test_top.env.rknp_agt.sqr STREAM:1210}
  CREATE_STREAM @0 {NAME:seq T:Transactions SCOPE:uvm_test_top.env.rknp_agt.sqr STREAM:1210}
  CREATE_STREAM @0 {NAME:seq_read_okay_1 T:Transactions SCOPE:uvm_test_top.env.rknp_agt.sqr STREAM:1387}
  CREATE_STREAM @205000 {NAME:seq_read_slverr T:Transactions SCOPE:uvm_test_top.env.rknp_agt.sqr STREAM:1489}
  CREATE_STREAM @335000 {NAME:seq_read_okay_2 T:Transactions SCOPE:uvm_test_top.env.rknp_agt.sqr STREAM:1540}
  CREATE_STREAM @475000 {NAME:seq_read_decerr T:Transactions SCOPE:uvm_test_top.env.rknp_agt.sqr STREAM:1591}
  CREATE_STREAM @645000 {NAME:seq_read_okay_3 T:Transactions SCOPE:uvm_test_top.env.rknp_agt.sqr STREAM:1642}
  CREATE_STREAM @765000 {NAME:seq_write_okay_1 T:Transactions SCOPE:uvm_test_top.env.rknp_agt.sqr STREAM:1693}
  CREATE_STREAM @855000 {NAME:seq_write_slverr T:Transactions SCOPE:uvm_test_top.env.rknp_agt.sqr STREAM:1756}
  CREATE_STREAM @945000 {NAME:seq_write_okay_2 T:Transactions SCOPE:uvm_test_top.env.rknp_agt.sqr STREAM:1819}
  CREATE_STREAM @1045000 {NAME:seq_write_decerr T:Transactions SCOPE:uvm_test_top.env.rknp_agt.sqr STREAM:1882}
  CREATE_STREAM @1165000 {NAME:seq_write_okay_3 T:Transactions SCOPE:uvm_test_top.env.rknp_agt.sqr STREAM:1945}
  CREATE_STREAM @0 {NAME:seq T:Transactions SCOPE:uvm_test_top.env.rknp_agt.sqr STREAM:1208}
  CREATE_STREAM @0 {NAME:seq T:Transactions SCOPE:uvm_test_top.env.rknp_agt.sqr STREAM:1208}
  CREATE_STREAM @0 {NAME:seq_mix_inst T:Transactions SCOPE:uvm_test_top.env.rknp_agt.sqr STREAM:1208}
  CREATE_STREAM @0 {NAME:before_reset_seq T:Transactions SCOPE:uvm_test_top.env.rknp_agt.sqr STREAM:1208}
  CREATE_STREAM @725000 {NAME:reset_seq T:Transactions SCOPE:uvm_test_top.env.vseqr STREAM:1308}
  CREATE_STREAM @785000 {NAME:after_reset_seq T:Transactions SCOPE:uvm_test_top.env.rknp_agt.sqr STREAM:1324}
  CREATE_STREAM @0 {NAME:seq T:Transactions SCOPE:uvm_test_top.env.rknp_agt.sqr STREAM:1208}
  CREATE_STREAM @0 {NAME:seq T:Transactions SCOPE:uvm_test_top.env.rknp_agt.sqr STREAM:1208}
  CREATE_STREAM @0 {NAME:seq T:Transactions SCOPE:uvm_test_top.env.rknp_agt.sqr STREAM:1208}
  CREATE_STREAM @0 {NAME:seq T:Transactions SCOPE:uvm_test_top.env.rknp_agt.sqr STREAM:1208}
  CREATE_STREAM @0 {NAME:seq T:Transactions SCOPE:uvm_test_top.env.rknp_agt.sqr STREAM:1208}
  CREATE_STREAM @0 {NAME:seq T:Transactions SCOPE:uvm_test_top.env.rknp_agt.sqr STREAM:1208}
  CREATE_STREAM @0 {NAME:seq T:Transactions SCOPE:uvm_test_top.env.rknp_agt.sqr STREAM:1210}
  CREATE_STREAM @0 {NAME:seq T:Transactions SCOPE:uvm_test_top.env.rknp_agt.sqr STREAM:1210}
  CREATE_STREAM @0 {NAME:seq T:Transactions SCOPE:uvm_test_top.env.rknp_agt.sqr STREAM:1210}
  CREATE_STREAM @0 {NAME:seq T:Transactions SCOPE:uvm_test_top.env.rknp_agt.sqr STREAM:1210}
  CREATE_STREAM @0 {NAME:seq T:Transactions SCOPE:uvm_test_top.env.rknp_agt.sqr STREAM:1210}
  CREATE_STREAM @0 {NAME:seq T:Transactions SCOPE:uvm_test_top.env.rknp_agt.sqr STREAM:1210}
  CREATE_STREAM @0 {NAME:seq T:Transactions SCOPE:uvm_test_top.env.rknp_agt.sqr STREAM:1208}
  CREATE_STREAM @0 {NAME:rd_seq T:Transactions SCOPE:uvm_test_top.env.rknp_agt.sqr STREAM:1208}
  CREATE_STREAM @0 {NAME:rd_seq T:Transactions SCOPE:uvm_test_top.env.rknp_agt.sqr STREAM:1208}
  CREATE_STREAM @0 {NAME:rd_seq T:Transactions SCOPE:uvm_test_top.env.rknp_agt.sqr STREAM:1208}
  CREATE_STREAM @0 {NAME:timeout_seq T:Transactions SCOPE:uvm_test_top.env.rknp_agt.sqr STREAM:1208}
  CREATE_STREAM @100060000 {NAME:normal_seq T:Transactions SCOPE:uvm_test_top.env.rknp_agt.sqr STREAM:1296}
  CREATE_STREAM @0 {NAME:prev_seq T:Transactions SCOPE:uvm_test_top.env.rknp_agt.sqr STREAM:1210}
  CREATE_STREAM @95000 {NAME:timeout_seq T:Transactions SCOPE:uvm_test_top.env.rknp_agt.sqr STREAM:1308}
  CREATE_STREAM @0 {NAME:prev_seq T:Transactions SCOPE:uvm_test_top.env.rknp_agt.sqr STREAM:1210}
  CREATE_STREAM @95000 {NAME:timeout_seq T:Transactions SCOPE:uvm_test_top.env.rknp_agt.sqr STREAM:1316}
  CREATE_STREAM @0 {NAME:seq T:Transactions SCOPE:uvm_test_top.env.rknp_agt.sqr STREAM:1208}
  CREATE_STREAM @0 {NAME:seq T:Transactions SCOPE:uvm_test_top.env.rknp_agt.sqr STREAM:1208}
  CREATE_STREAM @0 {NAME:seq T:Transactions SCOPE:uvm_test_top.env.rknp_agt.sqr STREAM:1208}
  CREATE_STREAM @35000 {NAME:seq_watchdog_fifo_full_cov_round_1 T:Transactions SCOPE:uvm_test_top.env.rknp_agt.sqr STREAM:1259}
  CREATE_STREAM @130435000 {NAME:seq_watchdog_fifo_full_cov_round_2 T:Transactions SCOPE:uvm_test_top.env.rknp_agt.sqr STREAM:1664}
  CREATE_STREAM @0 {NAME:seq T:Transactions SCOPE:uvm_test_top.env.rknp_agt.sqr STREAM:1208}
  CREATE_STREAM @0 {NAME:seq T:Transactions SCOPE:uvm_test_top.env.rknp_agt.sqr STREAM:1208}
  CREATE_STREAM @0 {NAME:seq_round_0_write T:Transactions SCOPE:uvm_test_top.env.rknp_agt.sqr STREAM:1210}
  CREATE_STREAM @2235000 {NAME:seq_round_1_ read T:Transactions SCOPE:uvm_test_top.env.rknp_agt.sqr STREAM:1633}
  CREATE_STREAM @4365000 {NAME:seq_round_2_write T:Transactions SCOPE:uvm_test_top.env.rknp_agt.sqr STREAM:1941}
  CREATE_STREAM @6565000 {NAME:seq_round_3_ read T:Transactions SCOPE:uvm_test_top.env.rknp_agt.sqr STREAM:2313}
  CREATE_STREAM @8695000 {NAME:seq_round_4_write T:Transactions SCOPE:uvm_test_top.env.rknp_agt.sqr STREAM:2621}
  CREATE_STREAM @10895000 {NAME:seq_round_5_ read T:Transactions SCOPE:uvm_test_top.env.rknp_agt.sqr STREAM:2993}
  CREATE_STREAM @13025000 {NAME:seq_round_6_write T:Transactions SCOPE:uvm_test_top.env.rknp_agt.sqr STREAM:3301}
  CREATE_STREAM @15225000 {NAME:seq_round_7_ read T:Transactions SCOPE:uvm_test_top.env.rknp_agt.sqr STREAM:3673}
  CREATE_STREAM @17355000 {NAME:seq_round_8_write T:Transactions SCOPE:uvm_test_top.env.rknp_agt.sqr STREAM:3981}
  CREATE_STREAM @0 {NAME:seq T:Transactions SCOPE:uvm_test_top.env.rknp_agt.sqr STREAM:1208}
  CREATE_STREAM @0 {NAME:seq T:Transactions SCOPE:uvm_test_top.env.rknp_agt.sqr STREAM:1208}
  CREATE_STREAM @0 {NAME:seq T:Transactions SCOPE:uvm_test_top.env.rknp_agt.sqr STREAM:1208}
  CREATE_STREAM @0 {NAME:seq T:Transactions SCOPE:uvm_test_top.env.rknp_agt.sqr STREAM:1208}
  CREATE_STREAM @0 {NAME:seq T:Transactions SCOPE:uvm_test_top.env.rknp_agt.sqr STREAM:1208}
  CREATE_STREAM @0 {NAME:seq T:Transactions SCOPE:uvm_test_top.env.rknp_agt.sqr STREAM:1208}
  CREATE_STREAM @0 {NAME:seq T:Transactions SCOPE:uvm_test_top.env.rknp_agt.sqr STREAM:1208}
  CREATE_STREAM @0 {NAME:seq T:Transactions SCOPE:uvm_test_top.env.rknp_agt.sqr STREAM:1208}
  CREATE_STREAM @0 {NAME:seq T:Transactions SCOPE:uvm_test_top.env.rknp_agt.sqr STREAM:1208}
  CREATE_STREAM @0 {NAME:seq T:Transactions SCOPE:uvm_test_top.env.rknp_agt.sqr STREAM:1208}
  CREATE_STREAM @0 {NAME:seq T:Transactions SCOPE:uvm_test_top.env.rknp_agt.sqr STREAM:1208}
  CREATE_STREAM @0 {NAME:seq T:Transactions SCOPE:uvm_test_top.env.rknp_agt.sqr STREAM:1210}
  CREATE_STREAM @0 {NAME:seq T:Transactions SCOPE:uvm_test_top.env.rknp_agt.sqr STREAM:1210}
  CREATE_STREAM @0 {NAME:seq_read_okay_1 T:Transactions SCOPE:uvm_test_top.env.rknp_agt.sqr STREAM:1387}
  CREATE_STREAM @205000 {NAME:seq_read_slverr T:Transactions SCOPE:uvm_test_top.env.rknp_agt.sqr STREAM:1489}
  CREATE_STREAM @335000 {NAME:seq_read_okay_2 T:Transactions SCOPE:uvm_test_top.env.rknp_agt.sqr STREAM:1540}
  CREATE_STREAM @475000 {NAME:seq_read_decerr T:Transactions SCOPE:uvm_test_top.env.rknp_agt.sqr STREAM:1591}
  CREATE_STREAM @645000 {NAME:seq_read_okay_3 T:Transactions SCOPE:uvm_test_top.env.rknp_agt.sqr STREAM:1642}
  CREATE_STREAM @765000 {NAME:seq_write_okay_1 T:Transactions SCOPE:uvm_test_top.env.rknp_agt.sqr STREAM:1693}
  CREATE_STREAM @855000 {NAME:seq_write_slverr T:Transactions SCOPE:uvm_test_top.env.rknp_agt.sqr STREAM:1756}
  CREATE_STREAM @945000 {NAME:seq_write_okay_2 T:Transactions SCOPE:uvm_test_top.env.rknp_agt.sqr STREAM:1819}
  CREATE_STREAM @1045000 {NAME:seq_write_decerr T:Transactions SCOPE:uvm_test_top.env.rknp_agt.sqr STREAM:1882}
  CREATE_STREAM @1165000 {NAME:seq_write_okay_3 T:Transactions SCOPE:uvm_test_top.env.rknp_agt.sqr STREAM:1945}
  CREATE_STREAM @0 {NAME:seq T:Transactions SCOPE:uvm_test_top.env.rknp_agt.sqr STREAM:1208}
  CREATE_STREAM @0 {NAME:seq T:Transactions SCOPE:uvm_test_top.env.rknp_agt.sqr STREAM:1208}
  CREATE_STREAM @0 {NAME:seq_mix_inst T:Transactions SCOPE:uvm_test_top.env.rknp_agt.sqr STREAM:1208}
  CREATE_STREAM @0 {NAME:before_reset_seq T:Transactions SCOPE:uvm_test_top.env.rknp_agt.sqr STREAM:1208}
  CREATE_STREAM @725000 {NAME:reset_seq T:Transactions SCOPE:uvm_test_top.env.vseqr STREAM:1308}
  CREATE_STREAM @785000 {NAME:after_reset_seq T:Transactions SCOPE:uvm_test_top.env.rknp_agt.sqr STREAM:1324}
  CREATE_STREAM @0 {NAME:seq T:Transactions SCOPE:uvm_test_top.env.rknp_agt.sqr STREAM:1208}
  CREATE_STREAM @0 {NAME:seq T:Transactions SCOPE:uvm_test_top.env.rknp_agt.sqr STREAM:1208}
  CREATE_STREAM @0 {NAME:seq T:Transactions SCOPE:uvm_test_top.env.rknp_agt.sqr STREAM:1208}
  CREATE_STREAM @0 {NAME:seq T:Transactions SCOPE:uvm_test_top.env.rknp_agt.sqr STREAM:1208}
  CREATE_STREAM @0 {NAME:seq T:Transactions SCOPE:uvm_test_top.env.rknp_agt.sqr STREAM:1208}
  CREATE_STREAM @0 {NAME:seq T:Transactions SCOPE:uvm_test_top.env.rknp_agt.sqr STREAM:1208}
  CREATE_STREAM @0 {NAME:seq T:Transactions SCOPE:uvm_test_top.env.rknp_agt.sqr STREAM:1210}
  CREATE_STREAM @0 {NAME:seq T:Transactions SCOPE:uvm_test_top.env.rknp_agt.sqr STREAM:1210}
  CREATE_STREAM @0 {NAME:seq T:Transactions SCOPE:uvm_test_top.env.rknp_agt.sqr STREAM:1210}
  CREATE_STREAM @0 {NAME:seq T:Transactions SCOPE:uvm_test_top.env.rknp_agt.sqr STREAM:1210}
  CREATE_STREAM @0 {NAME:seq T:Transactions SCOPE:uvm_test_top.env.rknp_agt.sqr STREAM:1210}
  CREATE_STREAM @0 {NAME:seq T:Transactions SCOPE:uvm_test_top.env.rknp_agt.sqr STREAM:1210}
  CREATE_STREAM @0 {NAME:seq T:Transactions SCOPE:uvm_test_top.env.rknp_agt.sqr STREAM:1208}
  CREATE_STREAM @0 {NAME:rd_seq T:Transactions SCOPE:uvm_test_top.env.rknp_agt.sqr STREAM:1208}
  CREATE_STREAM @0 {NAME:rd_seq T:Transactions SCOPE:uvm_test_top.env.rknp_agt.sqr STREAM:1208}
  CREATE_STREAM @0 {NAME:rd_seq T:Transactions SCOPE:uvm_test_top.env.rknp_agt.sqr STREAM:1208}
  CREATE_STREAM @0 {NAME:timeout_seq T:Transactions SCOPE:uvm_test_top.env.rknp_agt.sqr STREAM:1208}
  CREATE_STREAM @100060000 {NAME:normal_seq T:Transactions SCOPE:uvm_test_top.env.rknp_agt.sqr STREAM:1296}
  CREATE_STREAM @0 {NAME:prev_seq T:Transactions SCOPE:uvm_test_top.env.rknp_agt.sqr STREAM:1210}
  CREATE_STREAM @95000 {NAME:timeout_seq T:Transactions SCOPE:uvm_test_top.env.rknp_agt.sqr STREAM:1308}
  CREATE_STREAM @0 {NAME:prev_seq T:Transactions SCOPE:uvm_test_top.env.rknp_agt.sqr STREAM:1210}
  CREATE_STREAM @95000 {NAME:timeout_seq T:Transactions SCOPE:uvm_test_top.env.rknp_agt.sqr STREAM:1316}
  CREATE_STREAM @0 {NAME:seq T:Transactions SCOPE:uvm_test_top.env.rknp_agt.sqr STREAM:1208}
  CREATE_STREAM @0 {NAME:seq T:Transactions SCOPE:uvm_test_top.env.rknp_agt.sqr STREAM:1208}
  CREATE_STREAM @0 {NAME:seq T:Transactions SCOPE:uvm_test_top.env.rknp_agt.sqr STREAM:1208}
  CREATE_STREAM @35000 {NAME:seq_watchdog_fifo_full_cov_round_1 T:Transactions SCOPE:uvm_test_top.env.rknp_agt.sqr STREAM:1259}
  CREATE_STREAM @130435000 {NAME:seq_watchdog_fifo_full_cov_round_2 T:Transactions SCOPE:uvm_test_top.env.rknp_agt.sqr STREAM:1664}
  CREATE_STREAM @0 {NAME:seq T:Transactions SCOPE:uvm_test_top.env.rknp_agt.sqr STREAM:1208}
  CREATE_STREAM @0 {NAME:seq T:Transactions SCOPE:uvm_test_top.env.rknp_agt.sqr STREAM:1208}
  CREATE_STREAM @0 {NAME:seq_round_0_write T:Transactions SCOPE:uvm_test_top.env.rknp_agt.sqr STREAM:1210}
  CREATE_STREAM @2235000 {NAME:seq_round_1_ read T:Transactions SCOPE:uvm_test_top.env.rknp_agt.sqr STREAM:1633}
  CREATE_STREAM @4365000 {NAME:seq_round_2_write T:Transactions SCOPE:uvm_test_top.env.rknp_agt.sqr STREAM:1941}
  CREATE_STREAM @6565000 {NAME:seq_round_3_ read T:Transactions SCOPE:uvm_test_top.env.rknp_agt.sqr STREAM:2313}
  CREATE_STREAM @8695000 {NAME:seq_round_4_write T:Transactions SCOPE:uvm_test_top.env.rknp_agt.sqr STREAM:2621}
  CREATE_STREAM @10895000 {NAME:seq_round_5_ read T:Transactions SCOPE:uvm_test_top.env.rknp_agt.sqr STREAM:2993}
  CREATE_STREAM @13025000 {NAME:seq_round_6_write T:Transactions SCOPE:uvm_test_top.env.rknp_agt.sqr STREAM:3301}
  CREATE_STREAM @15225000 {NAME:seq_round_7_ read T:Transactions SCOPE:uvm_test_top.env.rknp_agt.sqr STREAM:3673}
  CREATE_STREAM @17355000 {NAME:seq_round_8_write T:Transactions SCOPE:uvm_test_top.env.rknp_agt.sqr STREAM:3981}
  CREATE_STREAM @0 {NAME:seq T:Transactions SCOPE:uvm_test_top.env.rknp_agt.sqr STREAM:1208}
  CREATE_STREAM @0 {NAME:seq T:Transactions SCOPE:uvm_test_top.env.rknp_agt.sqr STREAM:1208}
  CREATE_STREAM @0 {NAME:seq T:Transactions SCOPE:uvm_test_top.env.rknp_agt.sqr STREAM:1208}
  CREATE_STREAM @0 {NAME:seq T:Transactions SCOPE:uvm_test_top.env.rknp_agt.sqr STREAM:1208}
  CREATE_STREAM @0 {NAME:seq T:Transactions SCOPE:uvm_test_top.env.rknp_agt.sqr STREAM:1208}
  CREATE_STREAM @0 {NAME:seq T:Transactions SCOPE:uvm_test_top.env.rknp_agt.sqr STREAM:1208}
  CREATE_STREAM @0 {NAME:seq T:Transactions SCOPE:uvm_test_top.env.rknp_agt.sqr STREAM:1208}
  CREATE_STREAM @0 {NAME:seq T:Transactions SCOPE:uvm_test_top.env.rknp_agt.sqr STREAM:1208}
  CREATE_STREAM @0 {NAME:seq T:Transactions SCOPE:uvm_test_top.env.rknp_agt.sqr STREAM:1208}
  CREATE_STREAM @0 {NAME:seq T:Transactions SCOPE:uvm_test_top.env.rknp_agt.sqr STREAM:1208}
  CREATE_STREAM @0 {NAME:seq T:Transactions SCOPE:uvm_test_top.env.rknp_agt.sqr STREAM:1208}
  CREATE_STREAM @0 {NAME:seq T:Transactions SCOPE:uvm_test_top.env.rknp_agt.sqr STREAM:1210}
  CREATE_STREAM @0 {NAME:seq T:Transactions SCOPE:uvm_test_top.env.rknp_agt.sqr STREAM:1210}
  CREATE_STREAM @0 {NAME:seq_read_okay_1 T:Transactions SCOPE:uvm_test_top.env.rknp_agt.sqr STREAM:1387}
  CREATE_STREAM @205000 {NAME:seq_read_slverr T:Transactions SCOPE:uvm_test_top.env.rknp_agt.sqr STREAM:1489}
  CREATE_STREAM @335000 {NAME:seq_read_okay_2 T:Transactions SCOPE:uvm_test_top.env.rknp_agt.sqr STREAM:1540}
  CREATE_STREAM @475000 {NAME:seq_read_decerr T:Transactions SCOPE:uvm_test_top.env.rknp_agt.sqr STREAM:1591}
  CREATE_STREAM @645000 {NAME:seq_read_okay_3 T:Transactions SCOPE:uvm_test_top.env.rknp_agt.sqr STREAM:1642}
  CREATE_STREAM @765000 {NAME:seq_write_okay_1 T:Transactions SCOPE:uvm_test_top.env.rknp_agt.sqr STREAM:1693}
  CREATE_STREAM @855000 {NAME:seq_write_slverr T:Transactions SCOPE:uvm_test_top.env.rknp_agt.sqr STREAM:1756}
  CREATE_STREAM @945000 {NAME:seq_write_okay_2 T:Transactions SCOPE:uvm_test_top.env.rknp_agt.sqr STREAM:1819}
  CREATE_STREAM @1045000 {NAME:seq_write_decerr T:Transactions SCOPE:uvm_test_top.env.rknp_agt.sqr STREAM:1882}
  CREATE_STREAM @1165000 {NAME:seq_write_okay_3 T:Transactions SCOPE:uvm_test_top.env.rknp_agt.sqr STREAM:1945}
  CREATE_STREAM @0 {NAME:seq T:Transactions SCOPE:uvm_test_top.env.rknp_agt.sqr STREAM:1208}
  CREATE_STREAM @0 {NAME:seq T:Transactions SCOPE:uvm_test_top.env.rknp_agt.sqr STREAM:1208}
  CREATE_STREAM @0 {NAME:seq_mix_inst T:Transactions SCOPE:uvm_test_top.env.rknp_agt.sqr STREAM:1208}
  CREATE_STREAM @0 {NAME:before_reset_seq T:Transactions SCOPE:uvm_test_top.env.rknp_agt.sqr STREAM:1208}
  CREATE_STREAM @725000 {NAME:reset_seq T:Transactions SCOPE:uvm_test_top.env.vseqr STREAM:1308}
  CREATE_STREAM @785000 {NAME:after_reset_seq T:Transactions SCOPE:uvm_test_top.env.rknp_agt.sqr STREAM:1324}
  CREATE_STREAM @0 {NAME:seq T:Transactions SCOPE:uvm_test_top.env.rknp_agt.sqr STREAM:1208}
  CREATE_STREAM @0 {NAME:seq T:Transactions SCOPE:uvm_test_top.env.rknp_agt.sqr STREAM:1208}
  CREATE_STREAM @0 {NAME:seq T:Transactions SCOPE:uvm_test_top.env.rknp_agt.sqr STREAM:1208}
  CREATE_STREAM @0 {NAME:seq T:Transactions SCOPE:uvm_test_top.env.rknp_agt.sqr STREAM:1208}
  CREATE_STREAM @0 {NAME:seq T:Transactions SCOPE:uvm_test_top.env.rknp_agt.sqr STREAM:1208}
  CREATE_STREAM @0 {NAME:seq T:Transactions SCOPE:uvm_test_top.env.rknp_agt.sqr STREAM:1208}
  CREATE_STREAM @0 {NAME:seq T:Transactions SCOPE:uvm_test_top.env.rknp_agt.sqr STREAM:1210}
  CREATE_STREAM @0 {NAME:seq T:Transactions SCOPE:uvm_test_top.env.rknp_agt.sqr STREAM:1210}
  CREATE_STREAM @0 {NAME:seq T:Transactions SCOPE:uvm_test_top.env.rknp_agt.sqr STREAM:1210}
  CREATE_STREAM @0 {NAME:seq T:Transactions SCOPE:uvm_test_top.env.rknp_agt.sqr STREAM:1210}
  CREATE_STREAM @0 {NAME:seq T:Transactions SCOPE:uvm_test_top.env.rknp_agt.sqr STREAM:1210}
  CREATE_STREAM @0 {NAME:seq T:Transactions SCOPE:uvm_test_top.env.rknp_agt.sqr STREAM:1210}
  CREATE_STREAM @0 {NAME:seq T:Transactions SCOPE:uvm_test_top.env.rknp_agt.sqr STREAM:1208}
  CREATE_STREAM @0 {NAME:rd_seq T:Transactions SCOPE:uvm_test_top.env.rknp_agt.sqr STREAM:1208}
  CREATE_STREAM @0 {NAME:rd_seq T:Transactions SCOPE:uvm_test_top.env.rknp_agt.sqr STREAM:1208}
  CREATE_STREAM @0 {NAME:rd_seq T:Transactions SCOPE:uvm_test_top.env.rknp_agt.sqr STREAM:1208}
  CREATE_STREAM @0 {NAME:timeout_seq T:Transactions SCOPE:uvm_test_top.env.rknp_agt.sqr STREAM:1208}
  CREATE_STREAM @100060000 {NAME:normal_seq T:Transactions SCOPE:uvm_test_top.env.rknp_agt.sqr STREAM:1296}
  CREATE_STREAM @0 {NAME:prev_seq T:Transactions SCOPE:uvm_test_top.env.rknp_agt.sqr STREAM:1210}
  CREATE_STREAM @95000 {NAME:timeout_seq T:Transactions SCOPE:uvm_test_top.env.rknp_agt.sqr STREAM:1308}
  CREATE_STREAM @0 {NAME:prev_seq T:Transactions SCOPE:uvm_test_top.env.rknp_agt.sqr STREAM:1210}
  CREATE_STREAM @95000 {NAME:timeout_seq T:Transactions SCOPE:uvm_test_top.env.rknp_agt.sqr STREAM:1316}
  CREATE_STREAM @0 {NAME:seq T:Transactions SCOPE:uvm_test_top.env.rknp_agt.sqr STREAM:1208}
  CREATE_STREAM @0 {NAME:seq T:Transactions SCOPE:uvm_test_top.env.rknp_agt.sqr STREAM:1208}
  CREATE_STREAM @0 {NAME:seq T:Transactions SCOPE:uvm_test_top.env.rknp_agt.sqr STREAM:1208}
  CREATE_STREAM @35000 {NAME:seq_watchdog_fifo_full_cov_round_1 T:Transactions SCOPE:uvm_test_top.env.rknp_agt.sqr STREAM:1259}
  CREATE_STREAM @130435000 {NAME:seq_watchdog_fifo_full_cov_round_2 T:Transactions SCOPE:uvm_test_top.env.rknp_agt.sqr STREAM:1664}
  CREATE_STREAM @0 {NAME:seq T:Transactions SCOPE:uvm_test_top.env.rknp_agt.sqr STREAM:1208}
  CREATE_STREAM @0 {NAME:seq T:Transactions SCOPE:uvm_test_top.env.rknp_agt.sqr STREAM:1208}
  CREATE_STREAM @0 {NAME:seq_round_0_write T:Transactions SCOPE:uvm_test_top.env.rknp_agt.sqr STREAM:1210}
  CREATE_STREAM @2235000 {NAME:seq_round_1_ read T:Transactions SCOPE:uvm_test_top.env.rknp_agt.sqr STREAM:1633}
  CREATE_STREAM @4365000 {NAME:seq_round_2_write T:Transactions SCOPE:uvm_test_top.env.rknp_agt.sqr STREAM:1941}
  CREATE_STREAM @6565000 {NAME:seq_round_3_ read T:Transactions SCOPE:uvm_test_top.env.rknp_agt.sqr STREAM:2313}
  CREATE_STREAM @8695000 {NAME:seq_round_4_write T:Transactions SCOPE:uvm_test_top.env.rknp_agt.sqr STREAM:2621}
  CREATE_STREAM @10895000 {NAME:seq_round_5_ read T:Transactions SCOPE:uvm_test_top.env.rknp_agt.sqr STREAM:2993}
  CREATE_STREAM @13025000 {NAME:seq_round_6_write T:Transactions SCOPE:uvm_test_top.env.rknp_agt.sqr STREAM:3301}
  CREATE_STREAM @15225000 {NAME:seq_round_7_ read T:Transactions SCOPE:uvm_test_top.env.rknp_agt.sqr STREAM:3673}
  CREATE_STREAM @17355000 {NAME:seq_round_8_write T:Transactions SCOPE:uvm_test_top.env.rknp_agt.sqr STREAM:3981}
  CREATE_STREAM @0 {NAME:seq T:Transactions SCOPE:uvm_test_top.env.rknp_agt.sqr STREAM:1208}
  CREATE_STREAM @0 {NAME:seq T:Transactions SCOPE:uvm_test_top.env.rknp_agt.sqr STREAM:1208}
  CREATE_STREAM @0 {NAME:seq T:Transactions SCOPE:uvm_test_top.env.rknp_agt.sqr STREAM:1208}
  CREATE_STREAM @0 {NAME:seq T:Transactions SCOPE:uvm_test_top.env.rknp_agt.sqr STREAM:1208}
  CREATE_STREAM @0 {NAME:seq T:Transactions SCOPE:uvm_test_top.env.rknp_agt.sqr STREAM:1208}
  CREATE_STREAM @0 {NAME:seq T:Transactions SCOPE:uvm_test_top.env.rknp_agt.sqr STREAM:1208}
  CREATE_STREAM @0 {NAME:seq T:Transactions SCOPE:uvm_test_top.env.rknp_agt.sqr STREAM:1208}
  CREATE_STREAM @0 {NAME:seq T:Transactions SCOPE:uvm_test_top.env.rknp_agt.sqr STREAM:1208}
  CREATE_STREAM @0 {NAME:seq T:Transactions SCOPE:uvm_test_top.env.rknp_agt.sqr STREAM:1208}
  CREATE_STREAM @0 {NAME:seq T:Transactions SCOPE:uvm_test_top.env.rknp_agt.sqr STREAM:1208}
  CREATE_STREAM @0 {NAME:seq T:Transactions SCOPE:uvm_test_top.env.rknp_agt.sqr STREAM:1208}
  CREATE_STREAM @0 {NAME:seq T:Transactions SCOPE:uvm_test_top.env.rknp_agt.sqr STREAM:1210}
  CREATE_STREAM @0 {NAME:seq T:Transactions SCOPE:uvm_test_top.env.rknp_agt.sqr STREAM:1210}
  CREATE_STREAM @0 {NAME:seq_read_okay_1 T:Transactions SCOPE:uvm_test_top.env.rknp_agt.sqr STREAM:1387}
  CREATE_STREAM @205000 {NAME:seq_read_slverr T:Transactions SCOPE:uvm_test_top.env.rknp_agt.sqr STREAM:1489}
  CREATE_STREAM @335000 {NAME:seq_read_okay_2 T:Transactions SCOPE:uvm_test_top.env.rknp_agt.sqr STREAM:1540}
  CREATE_STREAM @475000 {NAME:seq_read_decerr T:Transactions SCOPE:uvm_test_top.env.rknp_agt.sqr STREAM:1591}
  CREATE_STREAM @645000 {NAME:seq_read_okay_3 T:Transactions SCOPE:uvm_test_top.env.rknp_agt.sqr STREAM:1642}
  CREATE_STREAM @765000 {NAME:seq_write_okay_1 T:Transactions SCOPE:uvm_test_top.env.rknp_agt.sqr STREAM:1693}
  CREATE_STREAM @855000 {NAME:seq_write_slverr T:Transactions SCOPE:uvm_test_top.env.rknp_agt.sqr STREAM:1756}
  CREATE_STREAM @945000 {NAME:seq_write_okay_2 T:Transactions SCOPE:uvm_test_top.env.rknp_agt.sqr STREAM:1819}
  CREATE_STREAM @1045000 {NAME:seq_write_decerr T:Transactions SCOPE:uvm_test_top.env.rknp_agt.sqr STREAM:1882}
  CREATE_STREAM @1165000 {NAME:seq_write_okay_3 T:Transactions SCOPE:uvm_test_top.env.rknp_agt.sqr STREAM:1945}
  CREATE_STREAM @0 {NAME:seq T:Transactions SCOPE:uvm_test_top.env.rknp_agt.sqr STREAM:1208}
  CREATE_STREAM @0 {NAME:seq T:Transactions SCOPE:uvm_test_top.env.rknp_agt.sqr STREAM:1208}
  CREATE_STREAM @0 {NAME:seq_mix_inst T:Transactions SCOPE:uvm_test_top.env.rknp_agt.sqr STREAM:1208}
  CREATE_STREAM @0 {NAME:before_reset_seq T:Transactions SCOPE:uvm_test_top.env.rknp_agt.sqr STREAM:1208}
  CREATE_STREAM @725000 {NAME:reset_seq T:Transactions SCOPE:uvm_test_top.env.vseqr STREAM:1308}
  CREATE_STREAM @785000 {NAME:after_reset_seq T:Transactions SCOPE:uvm_test_top.env.rknp_agt.sqr STREAM:1324}
  CREATE_STREAM @0 {NAME:seq T:Transactions SCOPE:uvm_test_top.env.rknp_agt.sqr STREAM:1208}
  CREATE_STREAM @0 {NAME:seq T:Transactions SCOPE:uvm_test_top.env.rknp_agt.sqr STREAM:1208}
  CREATE_STREAM @0 {NAME:seq T:Transactions SCOPE:uvm_test_top.env.rknp_agt.sqr STREAM:1208}
  CREATE_STREAM @0 {NAME:seq T:Transactions SCOPE:uvm_test_top.env.rknp_agt.sqr STREAM:1208}
  CREATE_STREAM @0 {NAME:seq T:Transactions SCOPE:uvm_test_top.env.rknp_agt.sqr STREAM:1208}
  CREATE_STREAM @0 {NAME:seq T:Transactions SCOPE:uvm_test_top.env.rknp_agt.sqr STREAM:1208}
  CREATE_STREAM @0 {NAME:seq T:Transactions SCOPE:uvm_test_top.env.rknp_agt.sqr STREAM:1210}
  CREATE_STREAM @0 {NAME:seq T:Transactions SCOPE:uvm_test_top.env.rknp_agt.sqr STREAM:1210}
  CREATE_STREAM @0 {NAME:seq T:Transactions SCOPE:uvm_test_top.env.rknp_agt.sqr STREAM:1210}
  CREATE_STREAM @0 {NAME:seq T:Transactions SCOPE:uvm_test_top.env.rknp_agt.sqr STREAM:1210}
  CREATE_STREAM @0 {NAME:seq T:Transactions SCOPE:uvm_test_top.env.rknp_agt.sqr STREAM:1210}
  CREATE_STREAM @0 {NAME:seq T:Transactions SCOPE:uvm_test_top.env.rknp_agt.sqr STREAM:1210}
  CREATE_STREAM @0 {NAME:seq T:Transactions SCOPE:uvm_test_top.env.rknp_agt.sqr STREAM:1208}
  CREATE_STREAM @0 {NAME:rd_seq T:Transactions SCOPE:uvm_test_top.env.rknp_agt.sqr STREAM:1208}
  CREATE_STREAM @0 {NAME:rd_seq T:Transactions SCOPE:uvm_test_top.env.rknp_agt.sqr STREAM:1208}
  CREATE_STREAM @0 {NAME:rd_seq T:Transactions SCOPE:uvm_test_top.env.rknp_agt.sqr STREAM:1208}
  CREATE_STREAM @0 {NAME:timeout_seq T:Transactions SCOPE:uvm_test_top.env.rknp_agt.sqr STREAM:1208}
  CREATE_STREAM @100060000 {NAME:normal_seq T:Transactions SCOPE:uvm_test_top.env.rknp_agt.sqr STREAM:1296}
  CREATE_STREAM @0 {NAME:prev_seq T:Transactions SCOPE:uvm_test_top.env.rknp_agt.sqr STREAM:1210}
  CREATE_STREAM @95000 {NAME:timeout_seq T:Transactions SCOPE:uvm_test_top.env.rknp_agt.sqr STREAM:1308}
  CREATE_STREAM @0 {NAME:prev_seq T:Transactions SCOPE:uvm_test_top.env.rknp_agt.sqr STREAM:1210}
  CREATE_STREAM @95000 {NAME:timeout_seq T:Transactions SCOPE:uvm_test_top.env.rknp_agt.sqr STREAM:1316}
  CREATE_STREAM @0 {NAME:seq T:Transactions SCOPE:uvm_test_top.env.rknp_agt.sqr STREAM:1208}
  CREATE_STREAM @0 {NAME:seq T:Transactions SCOPE:uvm_test_top.env.rknp_agt.sqr STREAM:1208}
  CREATE_STREAM @0 {NAME:seq T:Transactions SCOPE:uvm_test_top.env.rknp_agt.sqr STREAM:1208}
  CREATE_STREAM @35000 {NAME:seq_watchdog_fifo_full_cov_round_1 T:Transactions SCOPE:uvm_test_top.env.rknp_agt.sqr STREAM:1259}
  CREATE_STREAM @130435000 {NAME:seq_watchdog_fifo_full_cov_round_2 T:Transactions SCOPE:uvm_test_top.env.rknp_agt.sqr STREAM:1664}
  CREATE_STREAM @0 {NAME:seq T:Transactions SCOPE:uvm_test_top.env.rknp_agt.sqr STREAM:1208}
  CREATE_STREAM @0 {NAME:seq T:Transactions SCOPE:uvm_test_top.env.rknp_agt.sqr STREAM:1208}
  CREATE_STREAM @0 {NAME:seq_round_0_write T:Transactions SCOPE:uvm_test_top.env.rknp_agt.sqr STREAM:1210}
  CREATE_STREAM @2235000 {NAME:seq_round_1_ read T:Transactions SCOPE:uvm_test_top.env.rknp_agt.sqr STREAM:1633}
  CREATE_STREAM @4365000 {NAME:seq_round_2_write T:Transactions SCOPE:uvm_test_top.env.rknp_agt.sqr STREAM:1941}
  CREATE_STREAM @6565000 {NAME:seq_round_3_ read T:Transactions SCOPE:uvm_test_top.env.rknp_agt.sqr STREAM:2313}
  CREATE_STREAM @8695000 {NAME:seq_round_4_write T:Transactions SCOPE:uvm_test_top.env.rknp_agt.sqr STREAM:2621}
  CREATE_STREAM @10895000 {NAME:seq_round_5_ read T:Transactions SCOPE:uvm_test_top.env.rknp_agt.sqr STREAM:2993}
  CREATE_STREAM @13025000 {NAME:seq_round_6_write T:Transactions SCOPE:uvm_test_top.env.rknp_agt.sqr STREAM:3301}
  CREATE_STREAM @15225000 {NAME:seq_round_7_ read T:Transactions SCOPE:uvm_test_top.env.rknp_agt.sqr STREAM:3673}
  CREATE_STREAM @17355000 {NAME:seq_round_8_write T:Transactions SCOPE:uvm_test_top.env.rknp_agt.sqr STREAM:3981}
  CREATE_STREAM @0 {NAME:seq T:Transactions SCOPE:uvm_test_top.env.rknp_agt.sqr STREAM:1208}
  CREATE_STREAM @0 {NAME:seq T:Transactions SCOPE:uvm_test_top.env.rknp_agt.sqr STREAM:1208}
  CREATE_STREAM @0 {NAME:seq T:Transactions SCOPE:uvm_test_top.env.rknp_agt.sqr STREAM:1208}
  CREATE_STREAM @0 {NAME:seq T:Transactions SCOPE:uvm_test_top.env.rknp_agt.sqr STREAM:1208}
  CREATE_STREAM @0 {NAME:seq T:Transactions SCOPE:uvm_test_top.env.rknp_agt.sqr STREAM:1208}
  CREATE_STREAM @0 {NAME:seq T:Transactions SCOPE:uvm_test_top.env.rknp_agt.sqr STREAM:1208}
  CREATE_STREAM @0 {NAME:seq T:Transactions SCOPE:uvm_test_top.env.rknp_agt.sqr STREAM:1208}
  CREATE_STREAM @0 {NAME:seq T:Transactions SCOPE:uvm_test_top.env.rknp_agt.sqr STREAM:1208}
  CREATE_STREAM @0 {NAME:seq T:Transactions SCOPE:uvm_test_top.env.rknp_agt.sqr STREAM:1208}
  CREATE_STREAM @0 {NAME:seq T:Transactions SCOPE:uvm_test_top.env.rknp_agt.sqr STREAM:1208}
  CREATE_STREAM @0 {NAME:seq T:Transactions SCOPE:uvm_test_top.env.rknp_agt.sqr STREAM:1208}
  CREATE_STREAM @0 {NAME:seq T:Transactions SCOPE:uvm_test_top.env.rknp_agt.sqr STREAM:1210}
  CREATE_STREAM @0 {NAME:seq T:Transactions SCOPE:uvm_test_top.env.rknp_agt.sqr STREAM:1210}
  CREATE_STREAM @0 {NAME:seq_read_okay_1 T:Transactions SCOPE:uvm_test_top.env.rknp_agt.sqr STREAM:1387}
  CREATE_STREAM @205000 {NAME:seq_read_slverr T:Transactions SCOPE:uvm_test_top.env.rknp_agt.sqr STREAM:1489}
  CREATE_STREAM @335000 {NAME:seq_read_okay_2 T:Transactions SCOPE:uvm_test_top.env.rknp_agt.sqr STREAM:1540}
  CREATE_STREAM @475000 {NAME:seq_read_decerr T:Transactions SCOPE:uvm_test_top.env.rknp_agt.sqr STREAM:1591}
  CREATE_STREAM @645000 {NAME:seq_read_okay_3 T:Transactions SCOPE:uvm_test_top.env.rknp_agt.sqr STREAM:1642}
  CREATE_STREAM @765000 {NAME:seq_write_okay_1 T:Transactions SCOPE:uvm_test_top.env.rknp_agt.sqr STREAM:1693}
  CREATE_STREAM @855000 {NAME:seq_write_slverr T:Transactions SCOPE:uvm_test_top.env.rknp_agt.sqr STREAM:1756}
  CREATE_STREAM @945000 {NAME:seq_write_okay_2 T:Transactions SCOPE:uvm_test_top.env.rknp_agt.sqr STREAM:1819}
  CREATE_STREAM @1045000 {NAME:seq_write_decerr T:Transactions SCOPE:uvm_test_top.env.rknp_agt.sqr STREAM:1882}
  CREATE_STREAM @1165000 {NAME:seq_write_okay_3 T:Transactions SCOPE:uvm_test_top.env.rknp_agt.sqr STREAM:1945}
  CREATE_STREAM @0 {NAME:seq T:Transactions SCOPE:uvm_test_top.env.rknp_agt.sqr STREAM:1208}
  CREATE_STREAM @0 {NAME:seq T:Transactions SCOPE:uvm_test_top.env.rknp_agt.sqr STREAM:1208}
  CREATE_STREAM @0 {NAME:seq_mix_inst T:Transactions SCOPE:uvm_test_top.env.rknp_agt.sqr STREAM:1208}
  CREATE_STREAM @0 {NAME:before_reset_seq T:Transactions SCOPE:uvm_test_top.env.rknp_agt.sqr STREAM:1208}
  CREATE_STREAM @725000 {NAME:reset_seq T:Transactions SCOPE:uvm_test_top.env.vseqr STREAM:1308}
  CREATE_STREAM @785000 {NAME:after_reset_seq T:Transactions SCOPE:uvm_test_top.env.rknp_agt.sqr STREAM:1324}
  CREATE_STREAM @0 {NAME:seq T:Transactions SCOPE:uvm_test_top.env.rknp_agt.sqr STREAM:1208}
  CREATE_STREAM @0 {NAME:seq T:Transactions SCOPE:uvm_test_top.env.rknp_agt.sqr STREAM:1208}
  CREATE_STREAM @0 {NAME:seq T:Transactions SCOPE:uvm_test_top.env.rknp_agt.sqr STREAM:1208}
  CREATE_STREAM @0 {NAME:seq T:Transactions SCOPE:uvm_test_top.env.rknp_agt.sqr STREAM:1208}
  CREATE_STREAM @0 {NAME:seq T:Transactions SCOPE:uvm_test_top.env.rknp_agt.sqr STREAM:1208}
  CREATE_STREAM @0 {NAME:seq T:Transactions SCOPE:uvm_test_top.env.rknp_agt.sqr STREAM:1208}
  CREATE_STREAM @0 {NAME:seq T:Transactions SCOPE:uvm_test_top.env.rknp_agt.sqr STREAM:1210}
  CREATE_STREAM @0 {NAME:seq T:Transactions SCOPE:uvm_test_top.env.rknp_agt.sqr STREAM:1210}
  CREATE_STREAM @0 {NAME:seq T:Transactions SCOPE:uvm_test_top.env.rknp_agt.sqr STREAM:1210}
  CREATE_STREAM @0 {NAME:seq T:Transactions SCOPE:uvm_test_top.env.rknp_agt.sqr STREAM:1210}
  CREATE_STREAM @0 {NAME:seq T:Transactions SCOPE:uvm_test_top.env.rknp_agt.sqr STREAM:1210}
  CREATE_STREAM @0 {NAME:seq T:Transactions SCOPE:uvm_test_top.env.rknp_agt.sqr STREAM:1210}
  CREATE_STREAM @0 {NAME:seq T:Transactions SCOPE:uvm_test_top.env.rknp_agt.sqr STREAM:1208}
  CREATE_STREAM @0 {NAME:rd_seq T:Transactions SCOPE:uvm_test_top.env.rknp_agt.sqr STREAM:1208}
  CREATE_STREAM @0 {NAME:rd_seq T:Transactions SCOPE:uvm_test_top.env.rknp_agt.sqr STREAM:1208}
  CREATE_STREAM @0 {NAME:rd_seq T:Transactions SCOPE:uvm_test_top.env.rknp_agt.sqr STREAM:1208}
  CREATE_STREAM @0 {NAME:timeout_seq T:Transactions SCOPE:uvm_test_top.env.rknp_agt.sqr STREAM:1208}
  CREATE_STREAM @100060000 {NAME:normal_seq T:Transactions SCOPE:uvm_test_top.env.rknp_agt.sqr STREAM:1296}
  CREATE_STREAM @0 {NAME:prev_seq T:Transactions SCOPE:uvm_test_top.env.rknp_agt.sqr STREAM:1210}
  CREATE_STREAM @95000 {NAME:timeout_seq T:Transactions SCOPE:uvm_test_top.env.rknp_agt.sqr STREAM:1308}
  CREATE_STREAM @0 {NAME:prev_seq T:Transactions SCOPE:uvm_test_top.env.rknp_agt.sqr STREAM:1210}
  CREATE_STREAM @95000 {NAME:timeout_seq T:Transactions SCOPE:uvm_test_top.env.rknp_agt.sqr STREAM:1316}
  CREATE_STREAM @0 {NAME:seq T:Transactions SCOPE:uvm_test_top.env.rknp_agt.sqr STREAM:1208}
  CREATE_STREAM @0 {NAME:seq T:Transactions SCOPE:uvm_test_top.env.rknp_agt.sqr STREAM:1208}
  CREATE_STREAM @0 {NAME:seq T:Transactions SCOPE:uvm_test_top.env.rknp_agt.sqr STREAM:1208}
  CREATE_STREAM @35000 {NAME:seq_watchdog_fifo_full_cov_round_1 T:Transactions SCOPE:uvm_test_top.env.rknp_agt.sqr STREAM:1259}
  CREATE_STREAM @130435000 {NAME:seq_watchdog_fifo_full_cov_round_2 T:Transactions SCOPE:uvm_test_top.env.rknp_agt.sqr STREAM:1664}
  CREATE_STREAM @0 {NAME:seq T:Transactions SCOPE:uvm_test_top.env.rknp_agt.sqr STREAM:1208}
  CREATE_STREAM @0 {NAME:seq T:Transactions SCOPE:uvm_test_top.env.rknp_agt.sqr STREAM:1208}
  CREATE_STREAM @0 {NAME:seq_round_0_write T:Transactions SCOPE:uvm_test_top.env.rknp_agt.sqr STREAM:1210}
  CREATE_STREAM @2235000 {NAME:seq_round_1_ read T:Transactions SCOPE:uvm_test_top.env.rknp_agt.sqr STREAM:1633}
  CREATE_STREAM @4365000 {NAME:seq_round_2_write T:Transactions SCOPE:uvm_test_top.env.rknp_agt.sqr STREAM:1941}
  CREATE_STREAM @6565000 {NAME:seq_round_3_ read T:Transactions SCOPE:uvm_test_top.env.rknp_agt.sqr STREAM:2313}
  CREATE_STREAM @8695000 {NAME:seq_round_4_write T:Transactions SCOPE:uvm_test_top.env.rknp_agt.sqr STREAM:2621}
  CREATE_STREAM @10895000 {NAME:seq_round_5_ read T:Transactions SCOPE:uvm_test_top.env.rknp_agt.sqr STREAM:2993}
  CREATE_STREAM @13025000 {NAME:seq_round_6_write T:Transactions SCOPE:uvm_test_top.env.rknp_agt.sqr STREAM:3301}
  CREATE_STREAM @15225000 {NAME:seq_round_7_ read T:Transactions SCOPE:uvm_test_top.env.rknp_agt.sqr STREAM:3673}
  CREATE_STREAM @17355000 {NAME:seq_round_8_write T:Transactions SCOPE:uvm_test_top.env.rknp_agt.sqr STREAM:3981}
  CREATE_STREAM @0 {NAME:seq T:Transactions SCOPE:uvm_test_top.env.rknp_agt.sqr STREAM:1208}
  CREATE_STREAM @0 {NAME:seq T:Transactions SCOPE:uvm_test_top.env.rknp_agt.sqr STREAM:1208}
  CREATE_STREAM @0 {NAME:seq T:Transactions SCOPE:uvm_test_top.env.rknp_agt.sqr STREAM:1208}
  CREATE_STREAM @0 {NAME:seq T:Transactions SCOPE:uvm_test_top.env.rknp_agt.sqr STREAM:1208}
  CREATE_STREAM @0 {NAME:seq T:Transactions SCOPE:uvm_test_top.env.rknp_agt.sqr STREAM:1208}
  CREATE_STREAM @0 {NAME:seq T:Transactions SCOPE:uvm_test_top.env.rknp_agt.sqr STREAM:1208}
  CREATE_STREAM @0 {NAME:seq T:Transactions SCOPE:uvm_test_top.env.rknp_agt.sqr STREAM:1208}
  CREATE_STREAM @0 {NAME:seq T:Transactions SCOPE:uvm_test_top.env.rknp_agt.sqr STREAM:1208}
  CREATE_STREAM @0 {NAME:seq T:Transactions SCOPE:uvm_test_top.env.rknp_agt.sqr STREAM:1208}
  CREATE_STREAM @0 {NAME:seq T:Transactions SCOPE:uvm_test_top.env.rknp_agt.sqr STREAM:1208}
  CREATE_STREAM @0 {NAME:seq T:Transactions SCOPE:uvm_test_top.env.rknp_agt.sqr STREAM:1210}
  CREATE_STREAM @0 {NAME:seq T:Transactions SCOPE:uvm_test_top.env.rknp_agt.sqr STREAM:1210}
  CREATE_STREAM @0 {NAME:seq T:Transactions SCOPE:uvm_test_top.env.rknp_agt.sqr STREAM:1208}
  CREATE_STREAM @0 {NAME:seq T:Transactions SCOPE:uvm_test_top.env.rknp_agt.sqr STREAM:1210}
  CREATE_STREAM @0 {NAME:seq T:Transactions SCOPE:uvm_test_top.env.rknp_agt.sqr STREAM:1210}
  CREATE_STREAM @0 {NAME:seq_read_okay_1 T:Transactions SCOPE:uvm_test_top.env.rknp_agt.sqr STREAM:1387}
  CREATE_STREAM @205000 {NAME:seq_read_slverr T:Transactions SCOPE:uvm_test_top.env.rknp_agt.sqr STREAM:1489}
  CREATE_STREAM @335000 {NAME:seq_read_okay_2 T:Transactions SCOPE:uvm_test_top.env.rknp_agt.sqr STREAM:1540}
  CREATE_STREAM @475000 {NAME:seq_read_decerr T:Transactions SCOPE:uvm_test_top.env.rknp_agt.sqr STREAM:1591}
  CREATE_STREAM @645000 {NAME:seq_read_okay_3 T:Transactions SCOPE:uvm_test_top.env.rknp_agt.sqr STREAM:1642}
  CREATE_STREAM @765000 {NAME:seq_write_okay_1 T:Transactions SCOPE:uvm_test_top.env.rknp_agt.sqr STREAM:1693}
  CREATE_STREAM @855000 {NAME:seq_write_slverr T:Transactions SCOPE:uvm_test_top.env.rknp_agt.sqr STREAM:1756}
  CREATE_STREAM @945000 {NAME:seq_write_okay_2 T:Transactions SCOPE:uvm_test_top.env.rknp_agt.sqr STREAM:1819}
  CREATE_STREAM @1045000 {NAME:seq_write_decerr T:Transactions SCOPE:uvm_test_top.env.rknp_agt.sqr STREAM:1882}
  CREATE_STREAM @1165000 {NAME:seq_write_okay_3 T:Transactions SCOPE:uvm_test_top.env.rknp_agt.sqr STREAM:1945}
  CREATE_STREAM @0 {NAME:seq T:Transactions SCOPE:uvm_test_top.env.rknp_agt.sqr STREAM:1208}
  CREATE_STREAM @0 {NAME:seq T:Transactions SCOPE:uvm_test_top.env.rknp_agt.sqr STREAM:1208}
  CREATE_STREAM @0 {NAME:seq_mix_inst T:Transactions SCOPE:uvm_test_top.env.rknp_agt.sqr STREAM:1208}
  CREATE_STREAM @0 {NAME:before_reset_seq T:Transactions SCOPE:uvm_test_top.env.rknp_agt.sqr STREAM:1208}
  CREATE_STREAM @725000 {NAME:reset_seq T:Transactions SCOPE:uvm_test_top.env.vseqr STREAM:1308}
  CREATE_STREAM @785000 {NAME:after_reset_seq T:Transactions SCOPE:uvm_test_top.env.rknp_agt.sqr STREAM:1324}
  CREATE_STREAM @0 {NAME:seq T:Transactions SCOPE:uvm_test_top.env.rknp_agt.sqr STREAM:1208}
  CREATE_STREAM @0 {NAME:seq T:Transactions SCOPE:uvm_test_top.env.rknp_agt.sqr STREAM:1208}
  CREATE_STREAM @0 {NAME:seq T:Transactions SCOPE:uvm_test_top.env.rknp_agt.sqr STREAM:1208}
  CREATE_STREAM @0 {NAME:seq T:Transactions SCOPE:uvm_test_top.env.rknp_agt.sqr STREAM:1208}
  CREATE_STREAM @0 {NAME:seq T:Transactions SCOPE:uvm_test_top.env.rknp_agt.sqr STREAM:1208}
  CREATE_STREAM @0 {NAME:seq T:Transactions SCOPE:uvm_test_top.env.rknp_agt.sqr STREAM:1208}
  CREATE_STREAM @0 {NAME:seq T:Transactions SCOPE:uvm_test_top.env.rknp_agt.sqr STREAM:1210}
  CREATE_STREAM @0 {NAME:seq T:Transactions SCOPE:uvm_test_top.env.rknp_agt.sqr STREAM:1210}
  CREATE_STREAM @0 {NAME:seq T:Transactions SCOPE:uvm_test_top.env.rknp_agt.sqr STREAM:1210}
  CREATE_STREAM @0 {NAME:seq T:Transactions SCOPE:uvm_test_top.env.rknp_agt.sqr STREAM:1210}
  CREATE_STREAM @0 {NAME:seq T:Transactions SCOPE:uvm_test_top.env.rknp_agt.sqr STREAM:1210}
  CREATE_STREAM @0 {NAME:seq T:Transactions SCOPE:uvm_test_top.env.rknp_agt.sqr STREAM:1210}
  CREATE_STREAM @0 {NAME:seq T:Transactions SCOPE:uvm_test_top.env.rknp_agt.sqr STREAM:1208}
  CREATE_STREAM @0 {NAME:rd_seq T:Transactions SCOPE:uvm_test_top.env.rknp_agt.sqr STREAM:1208}
  CREATE_STREAM @0 {NAME:rd_seq T:Transactions SCOPE:uvm_test_top.env.rknp_agt.sqr STREAM:1208}
  CREATE_STREAM @0 {NAME:rd_seq T:Transactions SCOPE:uvm_test_top.env.rknp_agt.sqr STREAM:1208}
  CREATE_STREAM @0 {NAME:timeout_seq T:Transactions SCOPE:uvm_test_top.env.rknp_agt.sqr STREAM:1208}
  CREATE_STREAM @100060000 {NAME:normal_seq T:Transactions SCOPE:uvm_test_top.env.rknp_agt.sqr STREAM:1296}
  CREATE_STREAM @0 {NAME:prev_seq T:Transactions SCOPE:uvm_test_top.env.rknp_agt.sqr STREAM:1210}
  CREATE_STREAM @95000 {NAME:timeout_seq T:Transactions SCOPE:uvm_test_top.env.rknp_agt.sqr STREAM:1308}
  CREATE_STREAM @0 {NAME:prev_seq T:Transactions SCOPE:uvm_test_top.env.rknp_agt.sqr STREAM:1210}
  CREATE_STREAM @95000 {NAME:timeout_seq T:Transactions SCOPE:uvm_test_top.env.rknp_agt.sqr STREAM:1316}
  CREATE_STREAM @0 {NAME:seq T:Transactions SCOPE:uvm_test_top.env.rknp_agt.sqr STREAM:1208}
  CREATE_STREAM @0 {NAME:seq T:Transactions SCOPE:uvm_test_top.env.rknp_agt.sqr STREAM:1208}
  CREATE_STREAM @0 {NAME:seq T:Transactions SCOPE:uvm_test_top.env.rknp_agt.sqr STREAM:1208}
  CREATE_STREAM @35000 {NAME:seq_watchdog_fifo_full_cov_round_1 T:Transactions SCOPE:uvm_test_top.env.rknp_agt.sqr STREAM:1259}
  CREATE_STREAM @130435000 {NAME:seq_watchdog_fifo_full_cov_round_2 T:Transactions SCOPE:uvm_test_top.env.rknp_agt.sqr STREAM:1664}
  CREATE_STREAM @0 {NAME:seq T:Transactions SCOPE:uvm_test_top.env.rknp_agt.sqr STREAM:1208}
  CREATE_STREAM @0 {NAME:seq T:Transactions SCOPE:uvm_test_top.env.rknp_agt.sqr STREAM:1208}
  CREATE_STREAM @0 {NAME:seq_round_0_write T:Transactions SCOPE:uvm_test_top.env.rknp_agt.sqr STREAM:1210}
  CREATE_STREAM @2235000 {NAME:seq_round_1_ read T:Transactions SCOPE:uvm_test_top.env.rknp_agt.sqr STREAM:1633}
  CREATE_STREAM @4365000 {NAME:seq_round_2_write T:Transactions SCOPE:uvm_test_top.env.rknp_agt.sqr STREAM:1941}
  CREATE_STREAM @6565000 {NAME:seq_round_3_ read T:Transactions SCOPE:uvm_test_top.env.rknp_agt.sqr STREAM:2313}
  CREATE_STREAM @8695000 {NAME:seq_round_4_write T:Transactions SCOPE:uvm_test_top.env.rknp_agt.sqr STREAM:2621}
  CREATE_STREAM @10895000 {NAME:seq_round_5_ read T:Transactions SCOPE:uvm_test_top.env.rknp_agt.sqr STREAM:2993}
  CREATE_STREAM @13025000 {NAME:seq_round_6_write T:Transactions SCOPE:uvm_test_top.env.rknp_agt.sqr STREAM:3301}
  CREATE_STREAM @15225000 {NAME:seq_round_7_ read T:Transactions SCOPE:uvm_test_top.env.rknp_agt.sqr STREAM:3673}
  CREATE_STREAM @17355000 {NAME:seq_round_8_write T:Transactions SCOPE:uvm_test_top.env.rknp_agt.sqr STREAM:3981}
  CREATE_STREAM @0 {NAME:seq T:Transactions SCOPE:uvm_test_top.env.rknp_agt.sqr STREAM:1208}
  CREATE_STREAM @0 {NAME:seq T:Transactions SCOPE:uvm_test_top.env.rknp_agt.sqr STREAM:1208}
  CREATE_STREAM @0 {NAME:seq T:Transactions SCOPE:uvm_test_top.env.rknp_agt.sqr STREAM:1208}
  CREATE_STREAM @0 {NAME:seq T:Transactions SCOPE:uvm_test_top.env.rknp_agt.sqr STREAM:1208}
  CREATE_STREAM @0 {NAME:seq T:Transactions SCOPE:uvm_test_top.env.rknp_agt.sqr STREAM:1208}
  CREATE_STREAM @0 {NAME:seq T:Transactions SCOPE:uvm_test_top.env.rknp_agt.sqr STREAM:1208}
  CREATE_STREAM @0 {NAME:seq T:Transactions SCOPE:uvm_test_top.env.rknp_agt.sqr STREAM:1208}
  CREATE_STREAM @0 {NAME:seq T:Transactions SCOPE:uvm_test_top.env.rknp_agt.sqr STREAM:1208}
  CREATE_STREAM @0 {NAME:seq T:Transactions SCOPE:uvm_test_top.env.rknp_agt.sqr STREAM:1208}
  CREATE_STREAM @0 {NAME:seq T:Transactions SCOPE:uvm_test_top.env.rknp_agt.sqr STREAM:1208}
  CREATE_STREAM @0 {NAME:seq T:Transactions SCOPE:uvm_test_top.env.rknp_agt.sqr STREAM:1210}
  CREATE_STREAM @0 {NAME:seq_combo_00 T:Transactions SCOPE:uvm_test_top.env.rknp_agt.sqr STREAM:1212}
  CREATE_STREAM @115000 {NAME:seq_combo_01 T:Transactions SCOPE:uvm_test_top.env.rknp_agt.sqr STREAM:1398}
  CREATE_STREAM @205000 {NAME:seq_combo_02 T:Transactions SCOPE:uvm_test_top.env.rknp_agt.sqr STREAM:1521}
  CREATE_STREAM @285000 {NAME:seq_combo_03 T:Transactions SCOPE:uvm_test_top.env.rknp_agt.sqr STREAM:1664}
  CREATE_STREAM @375000 {NAME:seq_combo_04 T:Transactions SCOPE:uvm_test_top.env.rknp_agt.sqr STREAM:1787}
  CREATE_STREAM @465000 {NAME:seq_combo_05 T:Transactions SCOPE:uvm_test_top.env.rknp_agt.sqr STREAM:1902}
  CREATE_STREAM @545000 {NAME:seq_combo_06 T:Transactions SCOPE:uvm_test_top.env.rknp_agt.sqr STREAM:2013}
  CREATE_STREAM @635000 {NAME:seq_combo_07 T:Transactions SCOPE:uvm_test_top.env.rknp_agt.sqr STREAM:2136}
  CREATE_STREAM @715000 {NAME:seq_combo_08 T:Transactions SCOPE:uvm_test_top.env.rknp_agt.sqr STREAM:2247}
  CREATE_STREAM @805000 {NAME:seq_combo_09 T:Transactions SCOPE:uvm_test_top.env.rknp_agt.sqr STREAM:2382}
  CREATE_STREAM @885000 {NAME:seq_combo_10 T:Transactions SCOPE:uvm_test_top.env.rknp_agt.sqr STREAM:2513}
  CREATE_STREAM @0 {NAME:before_reset_seq T:Transactions SCOPE:uvm_test_top.env.rknp_agt.sqr STREAM:1208}
  CREATE_STREAM @725000 {NAME:reset_seq T:Transactions SCOPE:uvm_test_top.env.vseqr STREAM:1308}
  CREATE_STREAM @785000 {NAME:after_reset_seq T:Transactions SCOPE:uvm_test_top.env.rknp_agt.sqr STREAM:1324}
  CREATE_STREAM @0 {NAME:seq T:Transactions SCOPE:uvm_test_top.env.rknp_agt.sqr STREAM:1208}
  CREATE_STREAM @0 {NAME:seq T:Transactions SCOPE:uvm_test_top.env.rknp_agt.sqr STREAM:1208}
  CREATE_STREAM @0 {NAME:seq T:Transactions SCOPE:uvm_test_top.env.rknp_agt.sqr STREAM:1208}
  CREATE_STREAM @0 {NAME:seq T:Transactions SCOPE:uvm_test_top.env.rknp_agt.sqr STREAM:1208}
  CREATE_STREAM @0 {NAME:seq T:Transactions SCOPE:uvm_test_top.env.rknp_agt.sqr STREAM:1208}
  CREATE_STREAM @0 {NAME:seq T:Transactions SCOPE:uvm_test_top.env.rknp_agt.sqr STREAM:1208}
  CREATE_STREAM @0 {NAME:seq T:Transactions SCOPE:uvm_test_top.env.rknp_agt.sqr STREAM:1210}
  CREATE_STREAM @0 {NAME:seq T:Transactions SCOPE:uvm_test_top.env.rknp_agt.sqr STREAM:1210}
  CREATE_STREAM @0 {NAME:seq T:Transactions SCOPE:uvm_test_top.env.rknp_agt.sqr STREAM:1210}
  CREATE_STREAM @0 {NAME:seq T:Transactions SCOPE:uvm_test_top.env.rknp_agt.sqr STREAM:1210}
  CREATE_STREAM @0 {NAME:seq T:Transactions SCOPE:uvm_test_top.env.rknp_agt.sqr STREAM:1210}
  CREATE_STREAM @0 {NAME:seq T:Transactions SCOPE:uvm_test_top.env.rknp_agt.sqr STREAM:1210}
  CREATE_STREAM @0 {NAME:seq T:Transactions SCOPE:uvm_test_top.env.rknp_agt.sqr STREAM:1208}
  CREATE_STREAM @0 {NAME:rd_seq T:Transactions SCOPE:uvm_test_top.env.rknp_agt.sqr STREAM:1208}
  CREATE_STREAM @0 {NAME:rd_seq T:Transactions SCOPE:uvm_test_top.env.rknp_agt.sqr STREAM:1208}
  CREATE_STREAM @0 {NAME:rd_seq T:Transactions SCOPE:uvm_test_top.env.rknp_agt.sqr STREAM:1208}
  CREATE_STREAM @0 {NAME:timeout_seq T:Transactions SCOPE:uvm_test_top.env.rknp_agt.sqr STREAM:1208}
  CREATE_STREAM @100060000 {NAME:normal_seq T:Transactions SCOPE:uvm_test_top.env.rknp_agt.sqr STREAM:1296}
  CREATE_STREAM @0 {NAME:prev_seq T:Transactions SCOPE:uvm_test_top.env.rknp_agt.sqr STREAM:1210}
  CREATE_STREAM @95000 {NAME:timeout_seq T:Transactions SCOPE:uvm_test_top.env.rknp_agt.sqr STREAM:1308}
  CREATE_STREAM @0 {NAME:prev_seq T:Transactions SCOPE:uvm_test_top.env.rknp_agt.sqr STREAM:1210}
  CREATE_STREAM @95000 {NAME:timeout_seq T:Transactions SCOPE:uvm_test_top.env.rknp_agt.sqr STREAM:1316}
  CREATE_STREAM @0 {NAME:seq T:Transactions SCOPE:uvm_test_top.env.rknp_agt.sqr STREAM:1208}
  CREATE_STREAM @0 {NAME:seq T:Transactions SCOPE:uvm_test_top.env.rknp_agt.sqr STREAM:1208}
  CREATE_STREAM @0 {NAME:seq T:Transactions SCOPE:uvm_test_top.env.rknp_agt.sqr STREAM:1208}
  CREATE_STREAM @35000 {NAME:seq_watchdog_fifo_full_cov_round_1 T:Transactions SCOPE:uvm_test_top.env.rknp_agt.sqr STREAM:1259}
  CREATE_STREAM @130435000 {NAME:seq_watchdog_fifo_full_cov_round_2 T:Transactions SCOPE:uvm_test_top.env.rknp_agt.sqr STREAM:1664}
  CREATE_STREAM @0 {NAME:seq T:Transactions SCOPE:uvm_test_top.env.rknp_agt.sqr STREAM:1208}
  CREATE_STREAM @0 {NAME:seq T:Transactions SCOPE:uvm_test_top.env.rknp_agt.sqr STREAM:1208}
  CREATE_STREAM @0 {NAME:seq_round_0_write T:Transactions SCOPE:uvm_test_top.env.rknp_agt.sqr STREAM:1210}
  CREATE_STREAM @2235000 {NAME:seq_round_1_ read T:Transactions SCOPE:uvm_test_top.env.rknp_agt.sqr STREAM:1633}
  CREATE_STREAM @4365000 {NAME:seq_round_2_write T:Transactions SCOPE:uvm_test_top.env.rknp_agt.sqr STREAM:1941}
  CREATE_STREAM @6565000 {NAME:seq_round_3_ read T:Transactions SCOPE:uvm_test_top.env.rknp_agt.sqr STREAM:2313}
  CREATE_STREAM @8695000 {NAME:seq_round_4_write T:Transactions SCOPE:uvm_test_top.env.rknp_agt.sqr STREAM:2621}
  CREATE_STREAM @10895000 {NAME:seq_round_5_ read T:Transactions SCOPE:uvm_test_top.env.rknp_agt.sqr STREAM:2993}
  CREATE_STREAM @13025000 {NAME:seq_round_6_write T:Transactions SCOPE:uvm_test_top.env.rknp_agt.sqr STREAM:3301}
  CREATE_STREAM @15225000 {NAME:seq_round_7_ read T:Transactions SCOPE:uvm_test_top.env.rknp_agt.sqr STREAM:3673}
  CREATE_STREAM @17355000 {NAME:seq_round_8_write T:Transactions SCOPE:uvm_test_top.env.rknp_agt.sqr STREAM:3981}
  CREATE_STREAM @0 {NAME:seq T:Transactions SCOPE:uvm_test_top.env.rknp_agt.sqr STREAM:1208}
  CREATE_STREAM @0 {NAME:seq T:Transactions SCOPE:uvm_test_top.env.rknp_agt.sqr STREAM:1208}
  CREATE_STREAM @0 {NAME:seq T:Transactions SCOPE:uvm_test_top.env.rknp_agt.sqr STREAM:1208}
  CREATE_STREAM @0 {NAME:seq T:Transactions SCOPE:uvm_test_top.env.rknp_agt.sqr STREAM:1208}
  CREATE_STREAM @0 {NAME:seq T:Transactions SCOPE:uvm_test_top.env.rknp_agt.sqr STREAM:1208}
  CREATE_STREAM @0 {NAME:seq T:Transactions SCOPE:uvm_test_top.env.rknp_agt.sqr STREAM:1208}
  CREATE_STREAM @0 {NAME:seq T:Transactions SCOPE:uvm_test_top.env.rknp_agt.sqr STREAM:1208}
  CREATE_STREAM @0 {NAME:seq T:Transactions SCOPE:uvm_test_top.env.rknp_agt.sqr STREAM:1208}
  CREATE_STREAM @0 {NAME:seq T:Transactions SCOPE:uvm_test_top.env.rknp_agt.sqr STREAM:1208}
  CREATE_STREAM @0 {NAME:seq T:Transactions SCOPE:uvm_test_top.env.rknp_agt.sqr STREAM:1208}
  CREATE_STREAM @0 {NAME:seq T:Transactions SCOPE:uvm_test_top.env.rknp_agt.sqr STREAM:1210}
  CREATE_STREAM @0 {NAME:before_reset_seq T:Transactions SCOPE:uvm_test_top.env.rknp_agt.sqr STREAM:1208}
  CREATE_STREAM @725000 {NAME:reset_seq T:Transactions SCOPE:uvm_test_top.env.vseqr STREAM:1308}
  CREATE_STREAM @785000 {NAME:after_reset_seq T:Transactions SCOPE:uvm_test_top.env.rknp_agt.sqr STREAM:1324}
  CREATE_STREAM @0 {NAME:seq T:Transactions SCOPE:uvm_test_top.env.rknp_agt.sqr STREAM:1208}
  CREATE_STREAM @0 {NAME:seq T:Transactions SCOPE:uvm_test_top.env.rknp_agt.sqr STREAM:1208}
  CREATE_STREAM @0 {NAME:seq T:Transactions SCOPE:uvm_test_top.env.rknp_agt.sqr STREAM:1208}
  CREATE_STREAM @0 {NAME:seq T:Transactions SCOPE:uvm_test_top.env.rknp_agt.sqr STREAM:1208}
  CREATE_STREAM @0 {NAME:seq T:Transactions SCOPE:uvm_test_top.env.rknp_agt.sqr STREAM:1208}
  CREATE_STREAM @0 {NAME:seq T:Transactions SCOPE:uvm_test_top.env.rknp_agt.sqr STREAM:1208}
  CREATE_STREAM @0 {NAME:seq T:Transactions SCOPE:uvm_test_top.env.rknp_agt.sqr STREAM:1210}
  CREATE_STREAM @0 {NAME:seq T:Transactions SCOPE:uvm_test_top.env.rknp_agt.sqr STREAM:1210}
  CREATE_STREAM @0 {NAME:seq T:Transactions SCOPE:uvm_test_top.env.rknp_agt.sqr STREAM:1210}
  CREATE_STREAM @0 {NAME:seq T:Transactions SCOPE:uvm_test_top.env.rknp_agt.sqr STREAM:1210}
  CREATE_STREAM @0 {NAME:seq T:Transactions SCOPE:uvm_test_top.env.rknp_agt.sqr STREAM:1210}
  CREATE_STREAM @0 {NAME:seq T:Transactions SCOPE:uvm_test_top.env.rknp_agt.sqr STREAM:1210}
  CREATE_STREAM @0 {NAME:seq T:Transactions SCOPE:uvm_test_top.env.rknp_agt.sqr STREAM:1208}
  CREATE_STREAM @0 {NAME:rd_seq T:Transactions SCOPE:uvm_test_top.env.rknp_agt.sqr STREAM:1208}
  CREATE_STREAM @0 {NAME:rd_seq T:Transactions SCOPE:uvm_test_top.env.rknp_agt.sqr STREAM:1208}
  CREATE_STREAM @0 {NAME:rd_seq T:Transactions SCOPE:uvm_test_top.env.rknp_agt.sqr STREAM:1208}
  CREATE_STREAM @0 {NAME:timeout_seq T:Transactions SCOPE:uvm_test_top.env.rknp_agt.sqr STREAM:1208}
  CREATE_STREAM @100060000 {NAME:normal_seq T:Transactions SCOPE:uvm_test_top.env.rknp_agt.sqr STREAM:1296}
  CREATE_STREAM @0 {NAME:prev_seq T:Transactions SCOPE:uvm_test_top.env.rknp_agt.sqr STREAM:1210}
  CREATE_STREAM @95000 {NAME:timeout_seq T:Transactions SCOPE:uvm_test_top.env.rknp_agt.sqr STREAM:1308}
  CREATE_STREAM @0 {NAME:prev_seq T:Transactions SCOPE:uvm_test_top.env.rknp_agt.sqr STREAM:1210}
  CREATE_STREAM @95000 {NAME:timeout_seq T:Transactions SCOPE:uvm_test_top.env.rknp_agt.sqr STREAM:1316}
  CREATE_STREAM @0 {NAME:seq T:Transactions SCOPE:uvm_test_top.env.rknp_agt.sqr STREAM:1208}
  CREATE_STREAM @0 {NAME:seq T:Transactions SCOPE:uvm_test_top.env.rknp_agt.sqr STREAM:1208}
  CREATE_STREAM @0 {NAME:seq T:Transactions SCOPE:uvm_test_top.env.rknp_agt.sqr STREAM:1208}
  CREATE_STREAM @35000 {NAME:seq_watchdog_fifo_full_cov_round_1 T:Transactions SCOPE:uvm_test_top.env.rknp_agt.sqr STREAM:1259}
  CREATE_STREAM @130435000 {NAME:seq_watchdog_fifo_full_cov_round_2 T:Transactions SCOPE:uvm_test_top.env.rknp_agt.sqr STREAM:1664}
  CREATE_STREAM @0 {NAME:seq T:Transactions SCOPE:uvm_test_top.env.rknp_agt.sqr STREAM:1208}
  CREATE_STREAM @0 {NAME:seq T:Transactions SCOPE:uvm_test_top.env.rknp_agt.sqr STREAM:1208}
  CREATE_STREAM @0 {NAME:seq_round_0_write T:Transactions SCOPE:uvm_test_top.env.rknp_agt.sqr STREAM:1210}
  CREATE_STREAM @2235000 {NAME:seq_round_1_ read T:Transactions SCOPE:uvm_test_top.env.rknp_agt.sqr STREAM:1633}
  CREATE_STREAM @4365000 {NAME:seq_round_2_write T:Transactions SCOPE:uvm_test_top.env.rknp_agt.sqr STREAM:1941}
  CREATE_STREAM @6565000 {NAME:seq_round_3_ read T:Transactions SCOPE:uvm_test_top.env.rknp_agt.sqr STREAM:2313}
  CREATE_STREAM @8695000 {NAME:seq_round_4_write T:Transactions SCOPE:uvm_test_top.env.rknp_agt.sqr STREAM:2621}
  CREATE_STREAM @10895000 {NAME:seq_round_5_ read T:Transactions SCOPE:uvm_test_top.env.rknp_agt.sqr STREAM:2993}
  CREATE_STREAM @13025000 {NAME:seq_round_6_write T:Transactions SCOPE:uvm_test_top.env.rknp_agt.sqr STREAM:3301}
  CREATE_STREAM @15225000 {NAME:seq_round_7_ read T:Transactions SCOPE:uvm_test_top.env.rknp_agt.sqr STREAM:3673}
  CREATE_STREAM @17355000 {NAME:seq_round_8_write T:Transactions SCOPE:uvm_test_top.env.rknp_agt.sqr STREAM:3981}
  CREATE_STREAM @0 {NAME:seq T:Transactions SCOPE:uvm_test_top.env.rknp_agt.sqr STREAM:1208}
  CREATE_STREAM @0 {NAME:seq T:Transactions SCOPE:uvm_test_top.env.rknp_agt.sqr STREAM:1208}
  CREATE_STREAM @0 {NAME:seq T:Transactions SCOPE:uvm_test_top.env.rknp_agt.sqr STREAM:1208}
  CREATE_STREAM @0 {NAME:seq T:Transactions SCOPE:uvm_test_top.env.rknp_agt.sqr STREAM:1208}
  CREATE_STREAM @0 {NAME:seq T:Transactions SCOPE:uvm_test_top.env.rknp_agt.sqr STREAM:1208}
  CREATE_STREAM @0 {NAME:seq T:Transactions SCOPE:uvm_test_top.env.rknp_agt.sqr STREAM:1208}
  CREATE_STREAM @0 {NAME:seq T:Transactions SCOPE:uvm_test_top.env.rknp_agt.sqr STREAM:1208}
  CREATE_STREAM @0 {NAME:seq T:Transactions SCOPE:uvm_test_top.env.rknp_agt.sqr STREAM:1208}
  CREATE_STREAM @0 {NAME:seq T:Transactions SCOPE:uvm_test_top.env.rknp_agt.sqr STREAM:1208}
  CREATE_STREAM @0 {NAME:seq T:Transactions SCOPE:uvm_test_top.env.rknp_agt.sqr STREAM:1208}
  CREATE_STREAM @0 {NAME:seq T:Transactions SCOPE:uvm_test_top.env.rknp_agt.sqr STREAM:1210}
  CREATE_STREAM @0 {NAME:before_reset_seq T:Transactions SCOPE:uvm_test_top.env.rknp_agt.sqr STREAM:1208}
  CREATE_STREAM @725000 {NAME:reset_seq T:Transactions SCOPE:uvm_test_top.env.vseqr STREAM:1308}
  CREATE_STREAM @785000 {NAME:after_reset_seq T:Transactions SCOPE:uvm_test_top.env.rknp_agt.sqr STREAM:1324}
  CREATE_STREAM @0 {NAME:seq T:Transactions SCOPE:uvm_test_top.env.rknp_agt.sqr STREAM:1208}
  CREATE_STREAM @0 {NAME:seq T:Transactions SCOPE:uvm_test_top.env.rknp_agt.sqr STREAM:1208}
  CREATE_STREAM @0 {NAME:seq T:Transactions SCOPE:uvm_test_top.env.rknp_agt.sqr STREAM:1208}
  CREATE_STREAM @0 {NAME:seq T:Transactions SCOPE:uvm_test_top.env.rknp_agt.sqr STREAM:1208}
  CREATE_STREAM @0 {NAME:seq T:Transactions SCOPE:uvm_test_top.env.rknp_agt.sqr STREAM:1208}
  CREATE_STREAM @0 {NAME:seq T:Transactions SCOPE:uvm_test_top.env.rknp_agt.sqr STREAM:1208}
  CREATE_STREAM @0 {NAME:seq T:Transactions SCOPE:uvm_test_top.env.rknp_agt.sqr STREAM:1210}
  CREATE_STREAM @0 {NAME:seq T:Transactions SCOPE:uvm_test_top.env.rknp_agt.sqr STREAM:1210}
  CREATE_STREAM @0 {NAME:seq T:Transactions SCOPE:uvm_test_top.env.rknp_agt.sqr STREAM:1210}
  CREATE_STREAM @0 {NAME:seq T:Transactions SCOPE:uvm_test_top.env.rknp_agt.sqr STREAM:1210}
  CREATE_STREAM @0 {NAME:seq T:Transactions SCOPE:uvm_test_top.env.rknp_agt.sqr STREAM:1210}
  CREATE_STREAM @0 {NAME:seq T:Transactions SCOPE:uvm_test_top.env.rknp_agt.sqr STREAM:1210}
  CREATE_STREAM @0 {NAME:seq T:Transactions SCOPE:uvm_test_top.env.rknp_agt.sqr STREAM:1208}
  CREATE_STREAM @0 {NAME:rd_seq T:Transactions SCOPE:uvm_test_top.env.rknp_agt.sqr STREAM:1208}
  CREATE_STREAM @0 {NAME:rd_seq T:Transactions SCOPE:uvm_test_top.env.rknp_agt.sqr STREAM:1208}
  CREATE_STREAM @0 {NAME:rd_seq T:Transactions SCOPE:uvm_test_top.env.rknp_agt.sqr STREAM:1208}
  CREATE_STREAM @0 {NAME:timeout_seq T:Transactions SCOPE:uvm_test_top.env.rknp_agt.sqr STREAM:1208}
  CREATE_STREAM @100060000 {NAME:normal_seq T:Transactions SCOPE:uvm_test_top.env.rknp_agt.sqr STREAM:1296}
  CREATE_STREAM @0 {NAME:prev_seq T:Transactions SCOPE:uvm_test_top.env.rknp_agt.sqr STREAM:1210}
  CREATE_STREAM @95000 {NAME:timeout_seq T:Transactions SCOPE:uvm_test_top.env.rknp_agt.sqr STREAM:1308}
  CREATE_STREAM @0 {NAME:prev_seq T:Transactions SCOPE:uvm_test_top.env.rknp_agt.sqr STREAM:1210}
  CREATE_STREAM @95000 {NAME:timeout_seq T:Transactions SCOPE:uvm_test_top.env.rknp_agt.sqr STREAM:1316}
  CREATE_STREAM @0 {NAME:seq T:Transactions SCOPE:uvm_test_top.env.rknp_agt.sqr STREAM:1208}
  CREATE_STREAM @0 {NAME:seq T:Transactions SCOPE:uvm_test_top.env.rknp_agt.sqr STREAM:1208}
  CREATE_STREAM @0 {NAME:seq T:Transactions SCOPE:uvm_test_top.env.rknp_agt.sqr STREAM:1208}
  CREATE_STREAM @35000 {NAME:seq_watchdog_fifo_full_cov_round_1 T:Transactions SCOPE:uvm_test_top.env.rknp_agt.sqr STREAM:1259}
  CREATE_STREAM @130435000 {NAME:seq_watchdog_fifo_full_cov_round_2 T:Transactions SCOPE:uvm_test_top.env.rknp_agt.sqr STREAM:1664}
  CREATE_STREAM @0 {NAME:seq T:Transactions SCOPE:uvm_test_top.env.rknp_agt.sqr STREAM:1208}
  CREATE_STREAM @0 {NAME:seq T:Transactions SCOPE:uvm_test_top.env.rknp_agt.sqr STREAM:1208}
  CREATE_STREAM @0 {NAME:seq_round_0_write T:Transactions SCOPE:uvm_test_top.env.rknp_agt.sqr STREAM:1210}
  CREATE_STREAM @2235000 {NAME:seq_round_1_ read T:Transactions SCOPE:uvm_test_top.env.rknp_agt.sqr STREAM:1633}
  CREATE_STREAM @4365000 {NAME:seq_round_2_write T:Transactions SCOPE:uvm_test_top.env.rknp_agt.sqr STREAM:1941}
  CREATE_STREAM @6565000 {NAME:seq_round_3_ read T:Transactions SCOPE:uvm_test_top.env.rknp_agt.sqr STREAM:2313}
  CREATE_STREAM @8695000 {NAME:seq_round_4_write T:Transactions SCOPE:uvm_test_top.env.rknp_agt.sqr STREAM:2621}
  CREATE_STREAM @10895000 {NAME:seq_round_5_ read T:Transactions SCOPE:uvm_test_top.env.rknp_agt.sqr STREAM:2993}
  CREATE_STREAM @13025000 {NAME:seq_round_6_write T:Transactions SCOPE:uvm_test_top.env.rknp_agt.sqr STREAM:3301}
  CREATE_STREAM @15225000 {NAME:seq_round_7_ read T:Transactions SCOPE:uvm_test_top.env.rknp_agt.sqr STREAM:3673}
  CREATE_STREAM @17355000 {NAME:seq_round_8_write T:Transactions SCOPE:uvm_test_top.env.rknp_agt.sqr STREAM:3981}
  CREATE_STREAM @0 {NAME:seq T:Transactions SCOPE:uvm_test_top.env.rknp_agt.sqr STREAM:1208}
  CREATE_STREAM @0 {NAME:seq T:Transactions SCOPE:uvm_test_top.env.rknp_agt.sqr STREAM:1208}
  CREATE_STREAM @0 {NAME:seq T:Transactions SCOPE:uvm_test_top.env.rknp_agt.sqr STREAM:1208}
  CREATE_STREAM @0 {NAME:seq T:Transactions SCOPE:uvm_test_top.env.rknp_agt.sqr STREAM:1208}
  CREATE_STREAM @0 {NAME:seq T:Transactions SCOPE:uvm_test_top.env.rknp_agt.sqr STREAM:1208}
  CREATE_STREAM @0 {NAME:seq T:Transactions SCOPE:uvm_test_top.env.rknp_agt.sqr STREAM:1208}
  CREATE_STREAM @0 {NAME:seq T:Transactions SCOPE:uvm_test_top.env.rknp_agt.sqr STREAM:1208}
  CREATE_STREAM @0 {NAME:seq T:Transactions SCOPE:uvm_test_top.env.rknp_agt.sqr STREAM:1208}
  CREATE_STREAM @0 {NAME:seq T:Transactions SCOPE:uvm_test_top.env.rknp_agt.sqr STREAM:1208}
  CREATE_STREAM @0 {NAME:seq T:Transactions SCOPE:uvm_test_top.env.rknp_agt.sqr STREAM:1208}
  CREATE_STREAM @0 {NAME:seq T:Transactions SCOPE:uvm_test_top.env.rknp_agt.sqr STREAM:1210}
  CREATE_STREAM @0 {NAME:seq_combo_00 T:Transactions SCOPE:uvm_test_top.env.rknp_agt.sqr STREAM:1212}
  CREATE_STREAM @125000 {NAME:seq_combo_01 T:Transactions SCOPE:uvm_test_top.env.rknp_agt.sqr STREAM:1398}
  CREATE_STREAM @215000 {NAME:seq_combo_02 T:Transactions SCOPE:uvm_test_top.env.rknp_agt.sqr STREAM:1521}
  CREATE_STREAM @295000 {NAME:seq_combo_03 T:Transactions SCOPE:uvm_test_top.env.rknp_agt.sqr STREAM:1664}
  CREATE_STREAM @385000 {NAME:seq_combo_04 T:Transactions SCOPE:uvm_test_top.env.rknp_agt.sqr STREAM:1787}
  CREATE_STREAM @475000 {NAME:seq_combo_05 T:Transactions SCOPE:uvm_test_top.env.rknp_agt.sqr STREAM:1902}
  CREATE_STREAM @555000 {NAME:seq_combo_06 T:Transactions SCOPE:uvm_test_top.env.rknp_agt.sqr STREAM:2013}
  CREATE_STREAM @645000 {NAME:seq_combo_07 T:Transactions SCOPE:uvm_test_top.env.rknp_agt.sqr STREAM:2136}
  CREATE_STREAM @725000 {NAME:seq_combo_08 T:Transactions SCOPE:uvm_test_top.env.rknp_agt.sqr STREAM:2247}
  CREATE_STREAM @815000 {NAME:seq_combo_09 T:Transactions SCOPE:uvm_test_top.env.rknp_agt.sqr STREAM:2382}
  CREATE_STREAM @895000 {NAME:seq_combo_10 T:Transactions SCOPE:uvm_test_top.env.rknp_agt.sqr STREAM:2513}
  CREATE_STREAM @995000 {NAME:seq_combo_11 T:Transactions SCOPE:uvm_test_top.env.rknp_agt.sqr STREAM:2656}
  CREATE_STREAM @1075000 {NAME:seq_combo_12 T:Transactions SCOPE:uvm_test_top.env.rknp_agt.sqr STREAM:2787}
  CREATE_STREAM @1165000 {NAME:seq_combo_13 T:Transactions SCOPE:uvm_test_top.env.rknp_agt.sqr STREAM:2902}
  CREATE_STREAM @1245000 {NAME:seq_combo_14 T:Transactions SCOPE:uvm_test_top.env.rknp_agt.sqr STREAM:3013}
  CREATE_STREAM @1335000 {NAME:seq_combo_15 T:Transactions SCOPE:uvm_test_top.env.rknp_agt.sqr STREAM:3136}
  CREATE_STREAM @1415000 {NAME:seq_combo_16 T:Transactions SCOPE:uvm_test_top.env.rknp_agt.sqr STREAM:3247}
  CREATE_STREAM @1495000 {NAME:seq_combo_17 T:Transactions SCOPE:uvm_test_top.env.rknp_agt.sqr STREAM:3370}
  CREATE_STREAM @1585000 {NAME:seq_combo_18 T:Transactions SCOPE:uvm_test_top.env.rknp_agt.sqr STREAM:3473}
  CREATE_STREAM @1665000 {NAME:seq_combo_19 T:Transactions SCOPE:uvm_test_top.env.rknp_agt.sqr STREAM:3604}
  CREATE_STREAM @1755000 {NAME:seq_combo_20 T:Transactions SCOPE:uvm_test_top.env.rknp_agt.sqr STREAM:3707}
  CREATE_STREAM @1835000 {NAME:seq_combo_21 T:Transactions SCOPE:uvm_test_top.env.rknp_agt.sqr STREAM:3810}
  CREATE_STREAM @1905000 {NAME:seq_combo_22 T:Transactions SCOPE:uvm_test_top.env.rknp_agt.sqr STREAM:3901}
  CREATE_STREAM @1975000 {NAME:seq_combo_23 T:Transactions SCOPE:uvm_test_top.env.rknp_agt.sqr STREAM:4012}
  CREATE_STREAM @2045000 {NAME:seq_combo_24 T:Transactions SCOPE:uvm_test_top.env.rknp_agt.sqr STREAM:4103}
  CREATE_STREAM @2125000 {NAME:seq_combo_25 T:Transactions SCOPE:uvm_test_top.env.rknp_agt.sqr STREAM:4226}
  CREATE_STREAM @2235000 {NAME:seq_combo_26 T:Transactions SCOPE:uvm_test_top.env.rknp_agt.sqr STREAM:4337}
  CREATE_STREAM @2325000 {NAME:seq_combo_27 T:Transactions SCOPE:uvm_test_top.env.rknp_agt.sqr STREAM:4468}
  CREATE_STREAM @2395000 {NAME:seq_combo_28 T:Transactions SCOPE:uvm_test_top.env.rknp_agt.sqr STREAM:4579}
  CREATE_STREAM @2475000 {NAME:seq_combo_29 T:Transactions SCOPE:uvm_test_top.env.rknp_agt.sqr STREAM:4682}
  CREATE_STREAM @2545000 {NAME:seq_combo_30 T:Transactions SCOPE:uvm_test_top.env.rknp_agt.sqr STREAM:4773}
  CREATE_STREAM @2615000 {NAME:seq_combo_31 T:Transactions SCOPE:uvm_test_top.env.rknp_agt.sqr STREAM:4884}
  CREATE_STREAM @2685000 {NAME:seq_combo_32 T:Transactions SCOPE:uvm_test_top.env.rknp_agt.sqr STREAM:4975}
  CREATE_STREAM @2775000 {NAME:seq_combo_33 T:Transactions SCOPE:uvm_test_top.env.rknp_agt.sqr STREAM:5118}
  CREATE_STREAM @2865000 {NAME:seq_combo_34 T:Transactions SCOPE:uvm_test_top.env.rknp_agt.sqr STREAM:5241}
  CREATE_STREAM @2965000 {NAME:seq_combo_35 T:Transactions SCOPE:uvm_test_top.env.rknp_agt.sqr STREAM:5392}
  CREATE_STREAM @3055000 {NAME:seq_combo_36 T:Transactions SCOPE:uvm_test_top.env.rknp_agt.sqr STREAM:5515}
  CREATE_STREAM @3135000 {NAME:seq_combo_37 T:Transactions SCOPE:uvm_test_top.env.rknp_agt.sqr STREAM:5638}
  CREATE_STREAM @3205000 {NAME:seq_combo_38 T:Transactions SCOPE:uvm_test_top.env.rknp_agt.sqr STREAM:5749}
  CREATE_STREAM @3295000 {NAME:seq_combo_39 T:Transactions SCOPE:uvm_test_top.env.rknp_agt.sqr STREAM:5880}
  CREATE_STREAM @3365000 {NAME:seq_combo_40 T:Transactions SCOPE:uvm_test_top.env.rknp_agt.sqr STREAM:5991}
  CREATE_STREAM @3485000 {NAME:seq_combo_41 T:Transactions SCOPE:uvm_test_top.env.rknp_agt.sqr STREAM:6134}
  CREATE_STREAM @3575000 {NAME:seq_combo_42 T:Transactions SCOPE:uvm_test_top.env.rknp_agt.sqr STREAM:6265}
  CREATE_STREAM @3685000 {NAME:seq_combo_43 T:Transactions SCOPE:uvm_test_top.env.rknp_agt.sqr STREAM:6416}
  CREATE_STREAM @3775000 {NAME:seq_combo_44 T:Transactions SCOPE:uvm_test_top.env.rknp_agt.sqr STREAM:6547}
  CREATE_STREAM @3855000 {NAME:seq_combo_45 T:Transactions SCOPE:uvm_test_top.env.rknp_agt.sqr STREAM:6670}
  CREATE_STREAM @3925000 {NAME:seq_combo_46 T:Transactions SCOPE:uvm_test_top.env.rknp_agt.sqr STREAM:6781}
  CREATE_STREAM @4015000 {NAME:seq_combo_47 T:Transactions SCOPE:uvm_test_top.env.rknp_agt.sqr STREAM:6912}
  CREATE_STREAM @4085000 {NAME:seq_combo_48 T:Transactions SCOPE:uvm_test_top.env.rknp_agt.sqr STREAM:7023}
  CREATE_STREAM @4165000 {NAME:seq_combo_49 T:Transactions SCOPE:uvm_test_top.env.rknp_agt.sqr STREAM:7146}
  CREATE_STREAM @4255000 {NAME:seq_combo_50 T:Transactions SCOPE:uvm_test_top.env.rknp_agt.sqr STREAM:7249}
  CREATE_STREAM @4335000 {NAME:seq_combo_51 T:Transactions SCOPE:uvm_test_top.env.rknp_agt.sqr STREAM:7380}
  CREATE_STREAM @4425000 {NAME:seq_combo_52 T:Transactions SCOPE:uvm_test_top.env.rknp_agt.sqr STREAM:7483}
  CREATE_STREAM @4505000 {NAME:seq_combo_53 T:Transactions SCOPE:uvm_test_top.env.rknp_agt.sqr STREAM:7586}
  CREATE_STREAM @4575000 {NAME:seq_combo_54 T:Transactions SCOPE:uvm_test_top.env.rknp_agt.sqr STREAM:7677}
  CREATE_STREAM @4645000 {NAME:seq_combo_55 T:Transactions SCOPE:uvm_test_top.env.rknp_agt.sqr STREAM:7788}
  CREATE_STREAM @4735000 {NAME:seq_combo_56 T:Transactions SCOPE:uvm_test_top.env.rknp_agt.sqr STREAM:7879}
  CREATE_STREAM @4815000 {NAME:seq_combo_57 T:Transactions SCOPE:uvm_test_top.env.rknp_agt.sqr STREAM:8002}
  CREATE_STREAM @4885000 {NAME:seq_combo_58 T:Transactions SCOPE:uvm_test_top.env.rknp_agt.sqr STREAM:8113}
  CREATE_STREAM @4975000 {NAME:seq_combo_59 T:Transactions SCOPE:uvm_test_top.env.rknp_agt.sqr STREAM:8244}
  CREATE_STREAM @5045000 {NAME:seq_combo_60 T:Transactions SCOPE:uvm_test_top.env.rknp_agt.sqr STREAM:8355}
  CREATE_STREAM @5125000 {NAME:seq_combo_61 T:Transactions SCOPE:uvm_test_top.env.rknp_agt.sqr STREAM:8458}
  CREATE_STREAM @5195000 {NAME:seq_combo_62 T:Transactions SCOPE:uvm_test_top.env.rknp_agt.sqr STREAM:8549}
  CREATE_STREAM @5265000 {NAME:seq_combo_63 T:Transactions SCOPE:uvm_test_top.env.rknp_agt.sqr STREAM:8660}
  CREATE_STREAM @0 {NAME:seq T:Transactions SCOPE:uvm_test_top.env.rknp_agt.sqr STREAM:1208}
  CREATE_STREAM @0 {NAME:seq T:Transactions SCOPE:uvm_test_top.env.rknp_agt.sqr STREAM:1210}
  CREATE_STREAM @0 {NAME:seq T:Transactions SCOPE:uvm_test_top.env.rknp_agt.sqr STREAM:1210}
  CREATE_STREAM @0 {NAME:seq_read_okay_1 T:Transactions SCOPE:uvm_test_top.env.rknp_agt.sqr STREAM:1387}
  CREATE_STREAM @205000 {NAME:seq_read_slverr T:Transactions SCOPE:uvm_test_top.env.rknp_agt.sqr STREAM:1489}
  CREATE_STREAM @335000 {NAME:seq_read_okay_2 T:Transactions SCOPE:uvm_test_top.env.rknp_agt.sqr STREAM:1540}
  CREATE_STREAM @475000 {NAME:seq_read_decerr T:Transactions SCOPE:uvm_test_top.env.rknp_agt.sqr STREAM:1591}
  CREATE_STREAM @645000 {NAME:seq_read_okay_3 T:Transactions SCOPE:uvm_test_top.env.rknp_agt.sqr STREAM:1642}
  CREATE_STREAM @765000 {NAME:seq_write_okay_1 T:Transactions SCOPE:uvm_test_top.env.rknp_agt.sqr STREAM:1693}
  CREATE_STREAM @855000 {NAME:seq_write_slverr T:Transactions SCOPE:uvm_test_top.env.rknp_agt.sqr STREAM:1756}
  CREATE_STREAM @945000 {NAME:seq_write_okay_2 T:Transactions SCOPE:uvm_test_top.env.rknp_agt.sqr STREAM:1819}
  CREATE_STREAM @1045000 {NAME:seq_write_decerr T:Transactions SCOPE:uvm_test_top.env.rknp_agt.sqr STREAM:1882}
  CREATE_STREAM @1165000 {NAME:seq_write_okay_3 T:Transactions SCOPE:uvm_test_top.env.rknp_agt.sqr STREAM:1945}
  CREATE_STREAM @0 {NAME:seq T:Transactions SCOPE:uvm_test_top.env.rknp_agt.sqr STREAM:1208}
  CREATE_STREAM @0 {NAME:seq T:Transactions SCOPE:uvm_test_top.env.rknp_agt.sqr STREAM:1208}
  CREATE_STREAM @0 {NAME:seq_mix_inst T:Transactions SCOPE:uvm_test_top.env.rknp_agt.sqr STREAM:1208}
  CREATE_STREAM @0 {NAME:before_reset_seq T:Transactions SCOPE:uvm_test_top.env.rknp_agt.sqr STREAM:1208}
  CREATE_STREAM @725000 {NAME:reset_seq T:Transactions SCOPE:uvm_test_top.env.vseqr STREAM:1308}
  CREATE_STREAM @785000 {NAME:after_reset_seq T:Transactions SCOPE:uvm_test_top.env.rknp_agt.sqr STREAM:1324}
  CREATE_STREAM @0 {NAME:seq T:Transactions SCOPE:uvm_test_top.env.rknp_agt.sqr STREAM:1208}
  CREATE_STREAM @0 {NAME:seq T:Transactions SCOPE:uvm_test_top.env.rknp_agt.sqr STREAM:1208}
  CREATE_STREAM @0 {NAME:seq T:Transactions SCOPE:uvm_test_top.env.rknp_agt.sqr STREAM:1208}
  CREATE_STREAM @0 {NAME:seq T:Transactions SCOPE:uvm_test_top.env.rknp_agt.sqr STREAM:1208}
  CREATE_STREAM @0 {NAME:seq T:Transactions SCOPE:uvm_test_top.env.rknp_agt.sqr STREAM:1208}
  CREATE_STREAM @0 {NAME:seq T:Transactions SCOPE:uvm_test_top.env.rknp_agt.sqr STREAM:1208}
  CREATE_STREAM @0 {NAME:seq T:Transactions SCOPE:uvm_test_top.env.rknp_agt.sqr STREAM:1210}
  CREATE_STREAM @0 {NAME:seq T:Transactions SCOPE:uvm_test_top.env.rknp_agt.sqr STREAM:1210}
  CREATE_STREAM @0 {NAME:seq T:Transactions SCOPE:uvm_test_top.env.rknp_agt.sqr STREAM:1210}
  CREATE_STREAM @0 {NAME:seq T:Transactions SCOPE:uvm_test_top.env.rknp_agt.sqr STREAM:1210}
  CREATE_STREAM @0 {NAME:seq T:Transactions SCOPE:uvm_test_top.env.rknp_agt.sqr STREAM:1210}
  CREATE_STREAM @0 {NAME:seq T:Transactions SCOPE:uvm_test_top.env.rknp_agt.sqr STREAM:1210}
  CREATE_STREAM @0 {NAME:seq_gap_gt10 T:Transactions SCOPE:uvm_test_top.env.rknp_agt.sqr STREAM:1210}
  CREATE_STREAM @2995000 {NAME:seq_gap_1_10 T:Transactions SCOPE:uvm_test_top.env.rknp_agt.sqr STREAM:2221}
  CREATE_STREAM @0 {NAME:seq T:Transactions SCOPE:uvm_test_top.env.rknp_agt.sqr STREAM:1208}
  CREATE_STREAM @0 {NAME:rd_seq T:Transactions SCOPE:uvm_test_top.env.rknp_agt.sqr STREAM:1208}
  CREATE_STREAM @0 {NAME:rd_seq T:Transactions SCOPE:uvm_test_top.env.rknp_agt.sqr STREAM:1208}
  CREATE_STREAM @0 {NAME:rd_seq T:Transactions SCOPE:uvm_test_top.env.rknp_agt.sqr STREAM:1208}
  CREATE_STREAM @0 {NAME:timeout_seq T:Transactions SCOPE:uvm_test_top.env.rknp_agt.sqr STREAM:1208}
  CREATE_STREAM @100060000 {NAME:normal_seq T:Transactions SCOPE:uvm_test_top.env.rknp_agt.sqr STREAM:1296}
  CREATE_STREAM @0 {NAME:prev_seq T:Transactions SCOPE:uvm_test_top.env.rknp_agt.sqr STREAM:1210}
  CREATE_STREAM @95000 {NAME:timeout_seq T:Transactions SCOPE:uvm_test_top.env.rknp_agt.sqr STREAM:1308}
  CREATE_STREAM @0 {NAME:prev_seq T:Transactions SCOPE:uvm_test_top.env.rknp_agt.sqr STREAM:1210}
  CREATE_STREAM @95000 {NAME:timeout_seq T:Transactions SCOPE:uvm_test_top.env.rknp_agt.sqr STREAM:1316}
  CREATE_STREAM @0 {NAME:seq T:Transactions SCOPE:uvm_test_top.env.rknp_agt.sqr STREAM:1208}
  CREATE_STREAM @0 {NAME:seq T:Transactions SCOPE:uvm_test_top.env.rknp_agt.sqr STREAM:1208}
  CREATE_STREAM @0 {NAME:seq T:Transactions SCOPE:uvm_test_top.env.rknp_agt.sqr STREAM:1208}
  CREATE_STREAM @35000 {NAME:seq_watchdog_fifo_full_cov_round_1 T:Transactions SCOPE:uvm_test_top.env.rknp_agt.sqr STREAM:1259}
  CREATE_STREAM @130435000 {NAME:seq_watchdog_fifo_full_cov_round_2 T:Transactions SCOPE:uvm_test_top.env.rknp_agt.sqr STREAM:1664}
  CREATE_STREAM @0 {NAME:seq T:Transactions SCOPE:uvm_test_top.env.rknp_agt.sqr STREAM:1208}
  CREATE_STREAM @0 {NAME:seq T:Transactions SCOPE:uvm_test_top.env.rknp_agt.sqr STREAM:1208}
  CREATE_STREAM @0 {NAME:seq_round_0_write T:Transactions SCOPE:uvm_test_top.env.rknp_agt.sqr STREAM:1210}
  CREATE_STREAM @2235000 {NAME:seq_round_1_ read T:Transactions SCOPE:uvm_test_top.env.rknp_agt.sqr STREAM:1633}
  CREATE_STREAM @4365000 {NAME:seq_round_2_write T:Transactions SCOPE:uvm_test_top.env.rknp_agt.sqr STREAM:1941}
  CREATE_STREAM @6565000 {NAME:seq_round_3_ read T:Transactions SCOPE:uvm_test_top.env.rknp_agt.sqr STREAM:2313}
  CREATE_STREAM @8695000 {NAME:seq_round_4_write T:Transactions SCOPE:uvm_test_top.env.rknp_agt.sqr STREAM:2621}
  CREATE_STREAM @10895000 {NAME:seq_round_5_ read T:Transactions SCOPE:uvm_test_top.env.rknp_agt.sqr STREAM:2993}
  CREATE_STREAM @13025000 {NAME:seq_round_6_write T:Transactions SCOPE:uvm_test_top.env.rknp_agt.sqr STREAM:3301}
  CREATE_STREAM @15225000 {NAME:seq_round_7_ read T:Transactions SCOPE:uvm_test_top.env.rknp_agt.sqr STREAM:3673}
  CREATE_STREAM @17355000 {NAME:seq_round_8_write T:Transactions SCOPE:uvm_test_top.env.rknp_agt.sqr STREAM:3981}
  CREATE_STREAM @0 {NAME:seq T:Transactions SCOPE:uvm_test_top.env.rknp_agt.sqr STREAM:1208}
  CREATE_STREAM @0 {NAME:seq T:Transactions SCOPE:uvm_test_top.env.rknp_agt.sqr STREAM:1208}
  CREATE_STREAM @0 {NAME:seq T:Transactions SCOPE:uvm_test_top.env.rknp_agt.sqr STREAM:1208}
  CREATE_STREAM @0 {NAME:seq T:Transactions SCOPE:uvm_test_top.env.rknp_agt.sqr STREAM:1208}
  CREATE_STREAM @0 {NAME:seq T:Transactions SCOPE:uvm_test_top.env.rknp_agt.sqr STREAM:1208}
  CREATE_STREAM @0 {NAME:seq T:Transactions SCOPE:uvm_test_top.env.rknp_agt.sqr STREAM:1208}
  CREATE_STREAM @0 {NAME:seq T:Transactions SCOPE:uvm_test_top.env.rknp_agt.sqr STREAM:1208}
  CREATE_STREAM @0 {NAME:seq T:Transactions SCOPE:uvm_test_top.env.rknp_agt.sqr STREAM:1208}
  CREATE_STREAM @0 {NAME:seq T:Transactions SCOPE:uvm_test_top.env.rknp_agt.sqr STREAM:1208}
  CREATE_STREAM @0 {NAME:seq T:Transactions SCOPE:uvm_test_top.env.rknp_agt.sqr STREAM:1208}
  CREATE_STREAM @0 {NAME:seq T:Transactions SCOPE:uvm_test_top.env.rknp_agt.sqr STREAM:1210}
  CREATE_STREAM @0 {NAME:seq_combo_00 T:Transactions SCOPE:uvm_test_top.env.rknp_agt.sqr STREAM:1212}
  CREATE_STREAM @125000 {NAME:seq_combo_01 T:Transactions SCOPE:uvm_test_top.env.rknp_agt.sqr STREAM:1398}
  CREATE_STREAM @215000 {NAME:seq_combo_02 T:Transactions SCOPE:uvm_test_top.env.rknp_agt.sqr STREAM:1521}
  CREATE_STREAM @295000 {NAME:seq_combo_03 T:Transactions SCOPE:uvm_test_top.env.rknp_agt.sqr STREAM:1664}
  CREATE_STREAM @385000 {NAME:seq_combo_04 T:Transactions SCOPE:uvm_test_top.env.rknp_agt.sqr STREAM:1787}
  CREATE_STREAM @475000 {NAME:seq_combo_05 T:Transactions SCOPE:uvm_test_top.env.rknp_agt.sqr STREAM:1902}
  CREATE_STREAM @555000 {NAME:seq_combo_06 T:Transactions SCOPE:uvm_test_top.env.rknp_agt.sqr STREAM:2013}
  CREATE_STREAM @645000 {NAME:seq_combo_07 T:Transactions SCOPE:uvm_test_top.env.rknp_agt.sqr STREAM:2136}
  CREATE_STREAM @725000 {NAME:seq_combo_08 T:Transactions SCOPE:uvm_test_top.env.rknp_agt.sqr STREAM:2247}
  CREATE_STREAM @815000 {NAME:seq_combo_09 T:Transactions SCOPE:uvm_test_top.env.rknp_agt.sqr STREAM:2382}
  CREATE_STREAM @895000 {NAME:seq_combo_10 T:Transactions SCOPE:uvm_test_top.env.rknp_agt.sqr STREAM:2513}
  CREATE_STREAM @995000 {NAME:seq_combo_11 T:Transactions SCOPE:uvm_test_top.env.rknp_agt.sqr STREAM:2656}
  CREATE_STREAM @1075000 {NAME:seq_combo_12 T:Transactions SCOPE:uvm_test_top.env.rknp_agt.sqr STREAM:2787}
  CREATE_STREAM @1165000 {NAME:seq_combo_13 T:Transactions SCOPE:uvm_test_top.env.rknp_agt.sqr STREAM:2902}
  CREATE_STREAM @1245000 {NAME:seq_combo_14 T:Transactions SCOPE:uvm_test_top.env.rknp_agt.sqr STREAM:3013}
  CREATE_STREAM @1335000 {NAME:seq_combo_15 T:Transactions SCOPE:uvm_test_top.env.rknp_agt.sqr STREAM:3136}
  CREATE_STREAM @1415000 {NAME:seq_combo_16 T:Transactions SCOPE:uvm_test_top.env.rknp_agt.sqr STREAM:3247}
  CREATE_STREAM @1495000 {NAME:seq_combo_17 T:Transactions SCOPE:uvm_test_top.env.rknp_agt.sqr STREAM:3370}
  CREATE_STREAM @1585000 {NAME:seq_combo_18 T:Transactions SCOPE:uvm_test_top.env.rknp_agt.sqr STREAM:3473}
  CREATE_STREAM @1665000 {NAME:seq_combo_19 T:Transactions SCOPE:uvm_test_top.env.rknp_agt.sqr STREAM:3604}
  CREATE_STREAM @1755000 {NAME:seq_combo_20 T:Transactions SCOPE:uvm_test_top.env.rknp_agt.sqr STREAM:3707}
  CREATE_STREAM @1835000 {NAME:seq_combo_21 T:Transactions SCOPE:uvm_test_top.env.rknp_agt.sqr STREAM:3810}
  CREATE_STREAM @1905000 {NAME:seq_combo_22 T:Transactions SCOPE:uvm_test_top.env.rknp_agt.sqr STREAM:3901}
  CREATE_STREAM @1975000 {NAME:seq_combo_23 T:Transactions SCOPE:uvm_test_top.env.rknp_agt.sqr STREAM:4012}
  CREATE_STREAM @2045000 {NAME:seq_combo_24 T:Transactions SCOPE:uvm_test_top.env.rknp_agt.sqr STREAM:4103}
  CREATE_STREAM @2125000 {NAME:seq_combo_25 T:Transactions SCOPE:uvm_test_top.env.rknp_agt.sqr STREAM:4226}
  CREATE_STREAM @2235000 {NAME:seq_combo_26 T:Transactions SCOPE:uvm_test_top.env.rknp_agt.sqr STREAM:4337}
  CREATE_STREAM @2325000 {NAME:seq_combo_27 T:Transactions SCOPE:uvm_test_top.env.rknp_agt.sqr STREAM:4468}
  CREATE_STREAM @2395000 {NAME:seq_combo_28 T:Transactions SCOPE:uvm_test_top.env.rknp_agt.sqr STREAM:4579}
  CREATE_STREAM @2475000 {NAME:seq_combo_29 T:Transactions SCOPE:uvm_test_top.env.rknp_agt.sqr STREAM:4682}
  CREATE_STREAM @2545000 {NAME:seq_combo_30 T:Transactions SCOPE:uvm_test_top.env.rknp_agt.sqr STREAM:4773}
  CREATE_STREAM @2615000 {NAME:seq_combo_31 T:Transactions SCOPE:uvm_test_top.env.rknp_agt.sqr STREAM:4884}
  CREATE_STREAM @2685000 {NAME:seq_combo_32 T:Transactions SCOPE:uvm_test_top.env.rknp_agt.sqr STREAM:4975}
  CREATE_STREAM @2775000 {NAME:seq_combo_33 T:Transactions SCOPE:uvm_test_top.env.rknp_agt.sqr STREAM:5118}
  CREATE_STREAM @2865000 {NAME:seq_combo_34 T:Transactions SCOPE:uvm_test_top.env.rknp_agt.sqr STREAM:5241}
  CREATE_STREAM @2965000 {NAME:seq_combo_35 T:Transactions SCOPE:uvm_test_top.env.rknp_agt.sqr STREAM:5392}
  CREATE_STREAM @3055000 {NAME:seq_combo_36 T:Transactions SCOPE:uvm_test_top.env.rknp_agt.sqr STREAM:5515}
  CREATE_STREAM @3135000 {NAME:seq_combo_37 T:Transactions SCOPE:uvm_test_top.env.rknp_agt.sqr STREAM:5638}
  CREATE_STREAM @3205000 {NAME:seq_combo_38 T:Transactions SCOPE:uvm_test_top.env.rknp_agt.sqr STREAM:5749}
  CREATE_STREAM @3295000 {NAME:seq_combo_39 T:Transactions SCOPE:uvm_test_top.env.rknp_agt.sqr STREAM:5880}
  CREATE_STREAM @3365000 {NAME:seq_combo_40 T:Transactions SCOPE:uvm_test_top.env.rknp_agt.sqr STREAM:5991}
  CREATE_STREAM @3485000 {NAME:seq_combo_41 T:Transactions SCOPE:uvm_test_top.env.rknp_agt.sqr STREAM:6134}
  CREATE_STREAM @3575000 {NAME:seq_combo_42 T:Transactions SCOPE:uvm_test_top.env.rknp_agt.sqr STREAM:6265}
  CREATE_STREAM @3685000 {NAME:seq_combo_43 T:Transactions SCOPE:uvm_test_top.env.rknp_agt.sqr STREAM:6416}
  CREATE_STREAM @3775000 {NAME:seq_combo_44 T:Transactions SCOPE:uvm_test_top.env.rknp_agt.sqr STREAM:6547}
  CREATE_STREAM @3855000 {NAME:seq_combo_45 T:Transactions SCOPE:uvm_test_top.env.rknp_agt.sqr STREAM:6670}
  CREATE_STREAM @3925000 {NAME:seq_combo_46 T:Transactions SCOPE:uvm_test_top.env.rknp_agt.sqr STREAM:6781}
  CREATE_STREAM @4015000 {NAME:seq_combo_47 T:Transactions SCOPE:uvm_test_top.env.rknp_agt.sqr STREAM:6912}
  CREATE_STREAM @4085000 {NAME:seq_combo_48 T:Transactions SCOPE:uvm_test_top.env.rknp_agt.sqr STREAM:7023}
  CREATE_STREAM @4165000 {NAME:seq_combo_49 T:Transactions SCOPE:uvm_test_top.env.rknp_agt.sqr STREAM:7146}
  CREATE_STREAM @4255000 {NAME:seq_combo_50 T:Transactions SCOPE:uvm_test_top.env.rknp_agt.sqr STREAM:7249}
  CREATE_STREAM @4335000 {NAME:seq_combo_51 T:Transactions SCOPE:uvm_test_top.env.rknp_agt.sqr STREAM:7380}
  CREATE_STREAM @4425000 {NAME:seq_combo_52 T:Transactions SCOPE:uvm_test_top.env.rknp_agt.sqr STREAM:7483}
  CREATE_STREAM @4505000 {NAME:seq_combo_53 T:Transactions SCOPE:uvm_test_top.env.rknp_agt.sqr STREAM:7586}
  CREATE_STREAM @4575000 {NAME:seq_combo_54 T:Transactions SCOPE:uvm_test_top.env.rknp_agt.sqr STREAM:7677}
  CREATE_STREAM @4645000 {NAME:seq_combo_55 T:Transactions SCOPE:uvm_test_top.env.rknp_agt.sqr STREAM:7788}
  CREATE_STREAM @4735000 {NAME:seq_combo_56 T:Transactions SCOPE:uvm_test_top.env.rknp_agt.sqr STREAM:7879}
  CREATE_STREAM @4815000 {NAME:seq_combo_57 T:Transactions SCOPE:uvm_test_top.env.rknp_agt.sqr STREAM:8002}
  CREATE_STREAM @4885000 {NAME:seq_combo_58 T:Transactions SCOPE:uvm_test_top.env.rknp_agt.sqr STREAM:8113}
  CREATE_STREAM @4975000 {NAME:seq_combo_59 T:Transactions SCOPE:uvm_test_top.env.rknp_agt.sqr STREAM:8244}
  CREATE_STREAM @5045000 {NAME:seq_combo_60 T:Transactions SCOPE:uvm_test_top.env.rknp_agt.sqr STREAM:8355}
  CREATE_STREAM @5125000 {NAME:seq_combo_61 T:Transactions SCOPE:uvm_test_top.env.rknp_agt.sqr STREAM:8458}
  CREATE_STREAM @5195000 {NAME:seq_combo_62 T:Transactions SCOPE:uvm_test_top.env.rknp_agt.sqr STREAM:8549}
  CREATE_STREAM @5265000 {NAME:seq_combo_63 T:Transactions SCOPE:uvm_test_top.env.rknp_agt.sqr STREAM:8660}
  CREATE_STREAM @0 {NAME:seq T:Transactions SCOPE:uvm_test_top.env.rknp_agt.sqr STREAM:1208}
  CREATE_STREAM @0 {NAME:seq T:Transactions SCOPE:uvm_test_top.env.rknp_agt.sqr STREAM:1210}
  CREATE_STREAM @0 {NAME:seq T:Transactions SCOPE:uvm_test_top.env.rknp_agt.sqr STREAM:1210}
  CREATE_STREAM @0 {NAME:seq_read_okay_1 T:Transactions SCOPE:uvm_test_top.env.rknp_agt.sqr STREAM:1387}
  CREATE_STREAM @205000 {NAME:seq_read_slverr T:Transactions SCOPE:uvm_test_top.env.rknp_agt.sqr STREAM:1489}
  CREATE_STREAM @335000 {NAME:seq_read_okay_2 T:Transactions SCOPE:uvm_test_top.env.rknp_agt.sqr STREAM:1540}
  CREATE_STREAM @475000 {NAME:seq_read_decerr T:Transactions SCOPE:uvm_test_top.env.rknp_agt.sqr STREAM:1591}
  CREATE_STREAM @645000 {NAME:seq_read_okay_3 T:Transactions SCOPE:uvm_test_top.env.rknp_agt.sqr STREAM:1642}
  CREATE_STREAM @765000 {NAME:seq_write_okay_1 T:Transactions SCOPE:uvm_test_top.env.rknp_agt.sqr STREAM:1693}
  CREATE_STREAM @855000 {NAME:seq_write_slverr T:Transactions SCOPE:uvm_test_top.env.rknp_agt.sqr STREAM:1756}
  CREATE_STREAM @945000 {NAME:seq_write_okay_2 T:Transactions SCOPE:uvm_test_top.env.rknp_agt.sqr STREAM:1819}
  CREATE_STREAM @1045000 {NAME:seq_write_decerr T:Transactions SCOPE:uvm_test_top.env.rknp_agt.sqr STREAM:1882}
  CREATE_STREAM @1165000 {NAME:seq_write_okay_3 T:Transactions SCOPE:uvm_test_top.env.rknp_agt.sqr STREAM:1945}
  CREATE_STREAM @0 {NAME:seq T:Transactions SCOPE:uvm_test_top.env.rknp_agt.sqr STREAM:1208}
  CREATE_STREAM @0 {NAME:seq T:Transactions SCOPE:uvm_test_top.env.rknp_agt.sqr STREAM:1208}
  CREATE_STREAM @0 {NAME:seq_mix_inst T:Transactions SCOPE:uvm_test_top.env.rknp_agt.sqr STREAM:1208}
  CREATE_STREAM @0 {NAME:before_reset_seq T:Transactions SCOPE:uvm_test_top.env.rknp_agt.sqr STREAM:1208}
  CREATE_STREAM @725000 {NAME:reset_seq T:Transactions SCOPE:uvm_test_top.env.vseqr STREAM:1308}
  CREATE_STREAM @785000 {NAME:after_reset_seq T:Transactions SCOPE:uvm_test_top.env.rknp_agt.sqr STREAM:1324}
  CREATE_STREAM @0 {NAME:seq T:Transactions SCOPE:uvm_test_top.env.rknp_agt.sqr STREAM:1208}
  CREATE_STREAM @0 {NAME:seq T:Transactions SCOPE:uvm_test_top.env.rknp_agt.sqr STREAM:1208}
  CREATE_STREAM @0 {NAME:seq T:Transactions SCOPE:uvm_test_top.env.rknp_agt.sqr STREAM:1208}
  CREATE_STREAM @0 {NAME:seq T:Transactions SCOPE:uvm_test_top.env.rknp_agt.sqr STREAM:1208}
  CREATE_STREAM @0 {NAME:seq T:Transactions SCOPE:uvm_test_top.env.rknp_agt.sqr STREAM:1208}
  CREATE_STREAM @0 {NAME:seq T:Transactions SCOPE:uvm_test_top.env.rknp_agt.sqr STREAM:1208}
  CREATE_STREAM @0 {NAME:seq T:Transactions SCOPE:uvm_test_top.env.rknp_agt.sqr STREAM:1210}
  CREATE_STREAM @0 {NAME:seq T:Transactions SCOPE:uvm_test_top.env.rknp_agt.sqr STREAM:1210}
  CREATE_STREAM @0 {NAME:seq T:Transactions SCOPE:uvm_test_top.env.rknp_agt.sqr STREAM:1210}
  CREATE_STREAM @0 {NAME:seq T:Transactions SCOPE:uvm_test_top.env.rknp_agt.sqr STREAM:1210}
  CREATE_STREAM @0 {NAME:seq T:Transactions SCOPE:uvm_test_top.env.rknp_agt.sqr STREAM:1210}
  CREATE_STREAM @0 {NAME:seq T:Transactions SCOPE:uvm_test_top.env.rknp_agt.sqr STREAM:1210}
  CREATE_STREAM @0 {NAME:seq_gap_gt10 T:Transactions SCOPE:uvm_test_top.env.rknp_agt.sqr STREAM:1210}
  CREATE_STREAM @2995000 {NAME:seq_gap_1_10 T:Transactions SCOPE:uvm_test_top.env.rknp_agt.sqr STREAM:2221}
  CREATE_STREAM @0 {NAME:seq T:Transactions SCOPE:uvm_test_top.env.rknp_agt.sqr STREAM:1208}
  CREATE_STREAM @0 {NAME:rd_seq T:Transactions SCOPE:uvm_test_top.env.rknp_agt.sqr STREAM:1208}
  CREATE_STREAM @0 {NAME:rd_seq T:Transactions SCOPE:uvm_test_top.env.rknp_agt.sqr STREAM:1208}
  CREATE_STREAM @0 {NAME:rd_seq T:Transactions SCOPE:uvm_test_top.env.rknp_agt.sqr STREAM:1208}
  CREATE_STREAM @0 {NAME:timeout_seq T:Transactions SCOPE:uvm_test_top.env.rknp_agt.sqr STREAM:1208}
  CREATE_STREAM @100060000 {NAME:normal_seq T:Transactions SCOPE:uvm_test_top.env.rknp_agt.sqr STREAM:1296}
  CREATE_STREAM @0 {NAME:prev_seq T:Transactions SCOPE:uvm_test_top.env.rknp_agt.sqr STREAM:1210}
  CREATE_STREAM @95000 {NAME:timeout_seq T:Transactions SCOPE:uvm_test_top.env.rknp_agt.sqr STREAM:1308}
  CREATE_STREAM @0 {NAME:prev_seq T:Transactions SCOPE:uvm_test_top.env.rknp_agt.sqr STREAM:1210}
  CREATE_STREAM @95000 {NAME:timeout_seq T:Transactions SCOPE:uvm_test_top.env.rknp_agt.sqr STREAM:1316}
  CREATE_STREAM @0 {NAME:seq T:Transactions SCOPE:uvm_test_top.env.rknp_agt.sqr STREAM:1208}
  CREATE_STREAM @0 {NAME:seq T:Transactions SCOPE:uvm_test_top.env.rknp_agt.sqr STREAM:1208}
  CREATE_STREAM @0 {NAME:seq T:Transactions SCOPE:uvm_test_top.env.rknp_agt.sqr STREAM:1208}
  CREATE_STREAM @35000 {NAME:seq_watchdog_fifo_full_cov_round_1 T:Transactions SCOPE:uvm_test_top.env.rknp_agt.sqr STREAM:1259}
  CREATE_STREAM @130435000 {NAME:seq_watchdog_fifo_full_cov_round_2 T:Transactions SCOPE:uvm_test_top.env.rknp_agt.sqr STREAM:1664}
  CREATE_STREAM @0 {NAME:seq T:Transactions SCOPE:uvm_test_top.env.rknp_agt.sqr STREAM:1208}
  CREATE_STREAM @0 {NAME:seq T:Transactions SCOPE:uvm_test_top.env.rknp_agt.sqr STREAM:1208}
  CREATE_STREAM @0 {NAME:seq_round_0_write T:Transactions SCOPE:uvm_test_top.env.rknp_agt.sqr STREAM:1210}
  CREATE_STREAM @2235000 {NAME:seq_round_1_ read T:Transactions SCOPE:uvm_test_top.env.rknp_agt.sqr STREAM:1633}
  CREATE_STREAM @4365000 {NAME:seq_round_2_write T:Transactions SCOPE:uvm_test_top.env.rknp_agt.sqr STREAM:1941}
  CREATE_STREAM @6565000 {NAME:seq_round_3_ read T:Transactions SCOPE:uvm_test_top.env.rknp_agt.sqr STREAM:2313}
  CREATE_STREAM @8695000 {NAME:seq_round_4_write T:Transactions SCOPE:uvm_test_top.env.rknp_agt.sqr STREAM:2621}
  CREATE_STREAM @10895000 {NAME:seq_round_5_ read T:Transactions SCOPE:uvm_test_top.env.rknp_agt.sqr STREAM:2993}
  CREATE_STREAM @13025000 {NAME:seq_round_6_write T:Transactions SCOPE:uvm_test_top.env.rknp_agt.sqr STREAM:3301}
  CREATE_STREAM @15225000 {NAME:seq_round_7_ read T:Transactions SCOPE:uvm_test_top.env.rknp_agt.sqr STREAM:3673}
  CREATE_STREAM @17355000 {NAME:seq_round_8_write T:Transactions SCOPE:uvm_test_top.env.rknp_agt.sqr STREAM:3981}
  CREATE_STREAM @0 {NAME:seq T:Transactions SCOPE:uvm_test_top.env.rknp_agt.sqr STREAM:1208}
  CREATE_STREAM @0 {NAME:seq T:Transactions SCOPE:uvm_test_top.env.rknp_agt.sqr STREAM:1208}
  CREATE_STREAM @0 {NAME:seq T:Transactions SCOPE:uvm_test_top.env.rknp_agt.sqr STREAM:1208}
  CREATE_STREAM @0 {NAME:seq T:Transactions SCOPE:uvm_test_top.env.rknp_agt.sqr STREAM:1208}
  CREATE_STREAM @0 {NAME:seq T:Transactions SCOPE:uvm_test_top.env.rknp_agt.sqr STREAM:1208}
  CREATE_STREAM @0 {NAME:seq T:Transactions SCOPE:uvm_test_top.env.rknp_agt.sqr STREAM:1208}
  CREATE_STREAM @0 {NAME:seq T:Transactions SCOPE:uvm_test_top.env.rknp_agt.sqr STREAM:1208}
  CREATE_STREAM @0 {NAME:seq T:Transactions SCOPE:uvm_test_top.env.rknp_agt.sqr STREAM:1208}
  CREATE_STREAM @0 {NAME:seq T:Transactions SCOPE:uvm_test_top.env.rknp_agt.sqr STREAM:1208}
  CREATE_STREAM @0 {NAME:seq T:Transactions SCOPE:uvm_test_top.env.rknp_agt.sqr STREAM:1208}
  CREATE_STREAM @0 {NAME:seq T:Transactions SCOPE:uvm_test_top.env.rknp_agt.sqr STREAM:1210}
  CREATE_STREAM @0 {NAME:seq_combo_00 T:Transactions SCOPE:uvm_test_top.env.rknp_agt.sqr STREAM:1212}
  CREATE_STREAM @125000 {NAME:seq_combo_01 T:Transactions SCOPE:uvm_test_top.env.rknp_agt.sqr STREAM:1398}
  CREATE_STREAM @215000 {NAME:seq_combo_02 T:Transactions SCOPE:uvm_test_top.env.rknp_agt.sqr STREAM:1521}
  CREATE_STREAM @295000 {NAME:seq_combo_03 T:Transactions SCOPE:uvm_test_top.env.rknp_agt.sqr STREAM:1664}
  CREATE_STREAM @385000 {NAME:seq_combo_04 T:Transactions SCOPE:uvm_test_top.env.rknp_agt.sqr STREAM:1787}
  CREATE_STREAM @475000 {NAME:seq_combo_05 T:Transactions SCOPE:uvm_test_top.env.rknp_agt.sqr STREAM:1902}
  CREATE_STREAM @555000 {NAME:seq_combo_06 T:Transactions SCOPE:uvm_test_top.env.rknp_agt.sqr STREAM:2013}
  CREATE_STREAM @645000 {NAME:seq_combo_07 T:Transactions SCOPE:uvm_test_top.env.rknp_agt.sqr STREAM:2136}
  CREATE_STREAM @725000 {NAME:seq_combo_08 T:Transactions SCOPE:uvm_test_top.env.rknp_agt.sqr STREAM:2247}
  CREATE_STREAM @815000 {NAME:seq_combo_09 T:Transactions SCOPE:uvm_test_top.env.rknp_agt.sqr STREAM:2382}
  CREATE_STREAM @895000 {NAME:seq_combo_10 T:Transactions SCOPE:uvm_test_top.env.rknp_agt.sqr STREAM:2513}
  CREATE_STREAM @995000 {NAME:seq_combo_11 T:Transactions SCOPE:uvm_test_top.env.rknp_agt.sqr STREAM:2656}
  CREATE_STREAM @1075000 {NAME:seq_combo_12 T:Transactions SCOPE:uvm_test_top.env.rknp_agt.sqr STREAM:2787}
  CREATE_STREAM @1165000 {NAME:seq_combo_13 T:Transactions SCOPE:uvm_test_top.env.rknp_agt.sqr STREAM:2902}
  CREATE_STREAM @1245000 {NAME:seq_combo_14 T:Transactions SCOPE:uvm_test_top.env.rknp_agt.sqr STREAM:3013}
  CREATE_STREAM @1335000 {NAME:seq_combo_15 T:Transactions SCOPE:uvm_test_top.env.rknp_agt.sqr STREAM:3136}
  CREATE_STREAM @1415000 {NAME:seq_combo_16 T:Transactions SCOPE:uvm_test_top.env.rknp_agt.sqr STREAM:3247}
  CREATE_STREAM @1495000 {NAME:seq_combo_17 T:Transactions SCOPE:uvm_test_top.env.rknp_agt.sqr STREAM:3370}
  CREATE_STREAM @1585000 {NAME:seq_combo_18 T:Transactions SCOPE:uvm_test_top.env.rknp_agt.sqr STREAM:3473}
  CREATE_STREAM @1665000 {NAME:seq_combo_19 T:Transactions SCOPE:uvm_test_top.env.rknp_agt.sqr STREAM:3604}
  CREATE_STREAM @1755000 {NAME:seq_combo_20 T:Transactions SCOPE:uvm_test_top.env.rknp_agt.sqr STREAM:3707}
  CREATE_STREAM @1835000 {NAME:seq_combo_21 T:Transactions SCOPE:uvm_test_top.env.rknp_agt.sqr STREAM:3810}
  CREATE_STREAM @1905000 {NAME:seq_combo_22 T:Transactions SCOPE:uvm_test_top.env.rknp_agt.sqr STREAM:3901}
  CREATE_STREAM @1975000 {NAME:seq_combo_23 T:Transactions SCOPE:uvm_test_top.env.rknp_agt.sqr STREAM:4012}
  CREATE_STREAM @2045000 {NAME:seq_combo_24 T:Transactions SCOPE:uvm_test_top.env.rknp_agt.sqr STREAM:4103}
  CREATE_STREAM @2125000 {NAME:seq_combo_25 T:Transactions SCOPE:uvm_test_top.env.rknp_agt.sqr STREAM:4226}
  CREATE_STREAM @2235000 {NAME:seq_combo_26 T:Transactions SCOPE:uvm_test_top.env.rknp_agt.sqr STREAM:4337}
  CREATE_STREAM @2325000 {NAME:seq_combo_27 T:Transactions SCOPE:uvm_test_top.env.rknp_agt.sqr STREAM:4468}
  CREATE_STREAM @2395000 {NAME:seq_combo_28 T:Transactions SCOPE:uvm_test_top.env.rknp_agt.sqr STREAM:4579}
  CREATE_STREAM @2475000 {NAME:seq_combo_29 T:Transactions SCOPE:uvm_test_top.env.rknp_agt.sqr STREAM:4682}
  CREATE_STREAM @2545000 {NAME:seq_combo_30 T:Transactions SCOPE:uvm_test_top.env.rknp_agt.sqr STREAM:4773}
  CREATE_STREAM @2615000 {NAME:seq_combo_31 T:Transactions SCOPE:uvm_test_top.env.rknp_agt.sqr STREAM:4884}
  CREATE_STREAM @2685000 {NAME:seq_combo_32 T:Transactions SCOPE:uvm_test_top.env.rknp_agt.sqr STREAM:4975}
  CREATE_STREAM @2775000 {NAME:seq_combo_33 T:Transactions SCOPE:uvm_test_top.env.rknp_agt.sqr STREAM:5118}
  CREATE_STREAM @2865000 {NAME:seq_combo_34 T:Transactions SCOPE:uvm_test_top.env.rknp_agt.sqr STREAM:5241}
  CREATE_STREAM @2965000 {NAME:seq_combo_35 T:Transactions SCOPE:uvm_test_top.env.rknp_agt.sqr STREAM:5392}
  CREATE_STREAM @3055000 {NAME:seq_combo_36 T:Transactions SCOPE:uvm_test_top.env.rknp_agt.sqr STREAM:5515}
  CREATE_STREAM @3135000 {NAME:seq_combo_37 T:Transactions SCOPE:uvm_test_top.env.rknp_agt.sqr STREAM:5638}
  CREATE_STREAM @3205000 {NAME:seq_combo_38 T:Transactions SCOPE:uvm_test_top.env.rknp_agt.sqr STREAM:5749}
  CREATE_STREAM @3295000 {NAME:seq_combo_39 T:Transactions SCOPE:uvm_test_top.env.rknp_agt.sqr STREAM:5880}
  CREATE_STREAM @3365000 {NAME:seq_combo_40 T:Transactions SCOPE:uvm_test_top.env.rknp_agt.sqr STREAM:5991}
  CREATE_STREAM @3485000 {NAME:seq_combo_41 T:Transactions SCOPE:uvm_test_top.env.rknp_agt.sqr STREAM:6134}
  CREATE_STREAM @3575000 {NAME:seq_combo_42 T:Transactions SCOPE:uvm_test_top.env.rknp_agt.sqr STREAM:6265}
  CREATE_STREAM @3685000 {NAME:seq_combo_43 T:Transactions SCOPE:uvm_test_top.env.rknp_agt.sqr STREAM:6416}
  CREATE_STREAM @3775000 {NAME:seq_combo_44 T:Transactions SCOPE:uvm_test_top.env.rknp_agt.sqr STREAM:6547}
  CREATE_STREAM @3855000 {NAME:seq_combo_45 T:Transactions SCOPE:uvm_test_top.env.rknp_agt.sqr STREAM:6670}
  CREATE_STREAM @3925000 {NAME:seq_combo_46 T:Transactions SCOPE:uvm_test_top.env.rknp_agt.sqr STREAM:6781}
  CREATE_STREAM @4015000 {NAME:seq_combo_47 T:Transactions SCOPE:uvm_test_top.env.rknp_agt.sqr STREAM:6912}
  CREATE_STREAM @4085000 {NAME:seq_combo_48 T:Transactions SCOPE:uvm_test_top.env.rknp_agt.sqr STREAM:7023}
  CREATE_STREAM @4165000 {NAME:seq_combo_49 T:Transactions SCOPE:uvm_test_top.env.rknp_agt.sqr STREAM:7146}
  CREATE_STREAM @4255000 {NAME:seq_combo_50 T:Transactions SCOPE:uvm_test_top.env.rknp_agt.sqr STREAM:7249}
  CREATE_STREAM @4335000 {NAME:seq_combo_51 T:Transactions SCOPE:uvm_test_top.env.rknp_agt.sqr STREAM:7380}
  CREATE_STREAM @4425000 {NAME:seq_combo_52 T:Transactions SCOPE:uvm_test_top.env.rknp_agt.sqr STREAM:7483}
  CREATE_STREAM @4505000 {NAME:seq_combo_53 T:Transactions SCOPE:uvm_test_top.env.rknp_agt.sqr STREAM:7586}
  CREATE_STREAM @4575000 {NAME:seq_combo_54 T:Transactions SCOPE:uvm_test_top.env.rknp_agt.sqr STREAM:7677}
  CREATE_STREAM @4645000 {NAME:seq_combo_55 T:Transactions SCOPE:uvm_test_top.env.rknp_agt.sqr STREAM:7788}
  CREATE_STREAM @4735000 {NAME:seq_combo_56 T:Transactions SCOPE:uvm_test_top.env.rknp_agt.sqr STREAM:7879}
  CREATE_STREAM @4815000 {NAME:seq_combo_57 T:Transactions SCOPE:uvm_test_top.env.rknp_agt.sqr STREAM:8002}
  CREATE_STREAM @4885000 {NAME:seq_combo_58 T:Transactions SCOPE:uvm_test_top.env.rknp_agt.sqr STREAM:8113}
  CREATE_STREAM @4975000 {NAME:seq_combo_59 T:Transactions SCOPE:uvm_test_top.env.rknp_agt.sqr STREAM:8244}
  CREATE_STREAM @5045000 {NAME:seq_combo_60 T:Transactions SCOPE:uvm_test_top.env.rknp_agt.sqr STREAM:8355}
  CREATE_STREAM @5125000 {NAME:seq_combo_61 T:Transactions SCOPE:uvm_test_top.env.rknp_agt.sqr STREAM:8458}
  CREATE_STREAM @5195000 {NAME:seq_combo_62 T:Transactions SCOPE:uvm_test_top.env.rknp_agt.sqr STREAM:8549}
  CREATE_STREAM @5265000 {NAME:seq_combo_63 T:Transactions SCOPE:uvm_test_top.env.rknp_agt.sqr STREAM:8660}
  CREATE_STREAM @0 {NAME:seq T:Transactions SCOPE:uvm_test_top.env.rknp_agt.sqr STREAM:1208}
  CREATE_STREAM @0 {NAME:seq T:Transactions SCOPE:uvm_test_top.env.rknp_agt.sqr STREAM:1210}
  CREATE_STREAM @0 {NAME:seq T:Transactions SCOPE:uvm_test_top.env.rknp_agt.sqr STREAM:1210}
  CREATE_STREAM @0 {NAME:seq_read_okay_1 T:Transactions SCOPE:uvm_test_top.env.rknp_agt.sqr STREAM:1387}
  CREATE_STREAM @205000 {NAME:seq_read_slverr T:Transactions SCOPE:uvm_test_top.env.rknp_agt.sqr STREAM:1489}
  CREATE_STREAM @335000 {NAME:seq_read_okay_2 T:Transactions SCOPE:uvm_test_top.env.rknp_agt.sqr STREAM:1540}
  CREATE_STREAM @475000 {NAME:seq_read_decerr T:Transactions SCOPE:uvm_test_top.env.rknp_agt.sqr STREAM:1591}
  CREATE_STREAM @645000 {NAME:seq_read_okay_3 T:Transactions SCOPE:uvm_test_top.env.rknp_agt.sqr STREAM:1642}
  CREATE_STREAM @765000 {NAME:seq_write_okay_1 T:Transactions SCOPE:uvm_test_top.env.rknp_agt.sqr STREAM:1693}
  CREATE_STREAM @855000 {NAME:seq_write_slverr T:Transactions SCOPE:uvm_test_top.env.rknp_agt.sqr STREAM:1756}
  CREATE_STREAM @945000 {NAME:seq_write_okay_2 T:Transactions SCOPE:uvm_test_top.env.rknp_agt.sqr STREAM:1819}
  CREATE_STREAM @1045000 {NAME:seq_write_decerr T:Transactions SCOPE:uvm_test_top.env.rknp_agt.sqr STREAM:1882}
  CREATE_STREAM @1165000 {NAME:seq_write_okay_3 T:Transactions SCOPE:uvm_test_top.env.rknp_agt.sqr STREAM:1945}
  CREATE_STREAM @0 {NAME:seq T:Transactions SCOPE:uvm_test_top.env.rknp_agt.sqr STREAM:1208}
  CREATE_STREAM @0 {NAME:seq T:Transactions SCOPE:uvm_test_top.env.rknp_agt.sqr STREAM:1208}
  CREATE_STREAM @0 {NAME:seq_mix_inst T:Transactions SCOPE:uvm_test_top.env.rknp_agt.sqr STREAM:1208}
  CREATE_STREAM @0 {NAME:before_reset_seq T:Transactions SCOPE:uvm_test_top.env.rknp_agt.sqr STREAM:1208}
  CREATE_STREAM @725000 {NAME:reset_seq T:Transactions SCOPE:uvm_test_top.env.vseqr STREAM:1308}
  CREATE_STREAM @785000 {NAME:after_reset_seq T:Transactions SCOPE:uvm_test_top.env.rknp_agt.sqr STREAM:1324}
  CREATE_STREAM @0 {NAME:seq T:Transactions SCOPE:uvm_test_top.env.rknp_agt.sqr STREAM:1208}
  CREATE_STREAM @0 {NAME:seq T:Transactions SCOPE:uvm_test_top.env.rknp_agt.sqr STREAM:1208}
  CREATE_STREAM @0 {NAME:seq T:Transactions SCOPE:uvm_test_top.env.rknp_agt.sqr STREAM:1208}
  CREATE_STREAM @0 {NAME:seq T:Transactions SCOPE:uvm_test_top.env.rknp_agt.sqr STREAM:1208}
  CREATE_STREAM @0 {NAME:seq T:Transactions SCOPE:uvm_test_top.env.rknp_agt.sqr STREAM:1208}
  CREATE_STREAM @0 {NAME:seq T:Transactions SCOPE:uvm_test_top.env.rknp_agt.sqr STREAM:1208}
  CREATE_STREAM @0 {NAME:seq T:Transactions SCOPE:uvm_test_top.env.rknp_agt.sqr STREAM:1210}
  CREATE_STREAM @0 {NAME:seq T:Transactions SCOPE:uvm_test_top.env.rknp_agt.sqr STREAM:1210}
  CREATE_STREAM @0 {NAME:seq T:Transactions SCOPE:uvm_test_top.env.rknp_agt.sqr STREAM:1210}
  CREATE_STREAM @0 {NAME:seq T:Transactions SCOPE:uvm_test_top.env.rknp_agt.sqr STREAM:1210}
  CREATE_STREAM @0 {NAME:seq T:Transactions SCOPE:uvm_test_top.env.rknp_agt.sqr STREAM:1210}
  CREATE_STREAM @0 {NAME:seq T:Transactions SCOPE:uvm_test_top.env.rknp_agt.sqr STREAM:1210}
  CREATE_STREAM @0 {NAME:seq_gap_gt10 T:Transactions SCOPE:uvm_test_top.env.rknp_agt.sqr STREAM:1210}
  CREATE_STREAM @2995000 {NAME:seq_gap_1_10 T:Transactions SCOPE:uvm_test_top.env.rknp_agt.sqr STREAM:2221}
  CREATE_STREAM @0 {NAME:seq T:Transactions SCOPE:uvm_test_top.env.rknp_agt.sqr STREAM:1208}
  CREATE_STREAM @0 {NAME:rd_seq T:Transactions SCOPE:uvm_test_top.env.rknp_agt.sqr STREAM:1208}
  CREATE_STREAM @0 {NAME:rd_seq T:Transactions SCOPE:uvm_test_top.env.rknp_agt.sqr STREAM:1208}
  CREATE_STREAM @0 {NAME:rd_seq T:Transactions SCOPE:uvm_test_top.env.rknp_agt.sqr STREAM:1208}
  CREATE_STREAM @0 {NAME:timeout_seq T:Transactions SCOPE:uvm_test_top.env.rknp_agt.sqr STREAM:1208}
  CREATE_STREAM @100060000 {NAME:normal_seq T:Transactions SCOPE:uvm_test_top.env.rknp_agt.sqr STREAM:1296}
  CREATE_STREAM @0 {NAME:prev_seq T:Transactions SCOPE:uvm_test_top.env.rknp_agt.sqr STREAM:1210}
  CREATE_STREAM @95000 {NAME:timeout_seq T:Transactions SCOPE:uvm_test_top.env.rknp_agt.sqr STREAM:1308}
  CREATE_STREAM @0 {NAME:prev_seq T:Transactions SCOPE:uvm_test_top.env.rknp_agt.sqr STREAM:1210}
  CREATE_STREAM @95000 {NAME:timeout_seq T:Transactions SCOPE:uvm_test_top.env.rknp_agt.sqr STREAM:1316}
  CREATE_STREAM @0 {NAME:seq T:Transactions SCOPE:uvm_test_top.env.rknp_agt.sqr STREAM:1208}
  CREATE_STREAM @0 {NAME:seq T:Transactions SCOPE:uvm_test_top.env.rknp_agt.sqr STREAM:1208}
  CREATE_STREAM @0 {NAME:seq T:Transactions SCOPE:uvm_test_top.env.rknp_agt.sqr STREAM:1208}
  CREATE_STREAM @35000 {NAME:seq_watchdog_fifo_full_cov_round_1 T:Transactions SCOPE:uvm_test_top.env.rknp_agt.sqr STREAM:1259}
  CREATE_STREAM @130435000 {NAME:seq_watchdog_fifo_full_cov_round_2 T:Transactions SCOPE:uvm_test_top.env.rknp_agt.sqr STREAM:1664}
  CREATE_STREAM @0 {NAME:seq T:Transactions SCOPE:uvm_test_top.env.rknp_agt.sqr STREAM:1208}
  CREATE_STREAM @0 {NAME:seq T:Transactions SCOPE:uvm_test_top.env.rknp_agt.sqr STREAM:1208}
  CREATE_STREAM @0 {NAME:seq_round_0_write T:Transactions SCOPE:uvm_test_top.env.rknp_agt.sqr STREAM:1210}
  CREATE_STREAM @2235000 {NAME:seq_round_1_ read T:Transactions SCOPE:uvm_test_top.env.rknp_agt.sqr STREAM:1633}
  CREATE_STREAM @4365000 {NAME:seq_round_2_write T:Transactions SCOPE:uvm_test_top.env.rknp_agt.sqr STREAM:1941}
  CREATE_STREAM @6565000 {NAME:seq_round_3_ read T:Transactions SCOPE:uvm_test_top.env.rknp_agt.sqr STREAM:2313}
  CREATE_STREAM @8695000 {NAME:seq_round_4_write T:Transactions SCOPE:uvm_test_top.env.rknp_agt.sqr STREAM:2621}
  CREATE_STREAM @10895000 {NAME:seq_round_5_ read T:Transactions SCOPE:uvm_test_top.env.rknp_agt.sqr STREAM:2993}
  CREATE_STREAM @13025000 {NAME:seq_round_6_write T:Transactions SCOPE:uvm_test_top.env.rknp_agt.sqr STREAM:3301}
  CREATE_STREAM @15225000 {NAME:seq_round_7_ read T:Transactions SCOPE:uvm_test_top.env.rknp_agt.sqr STREAM:3673}
  CREATE_STREAM @17355000 {NAME:seq_round_8_write T:Transactions SCOPE:uvm_test_top.env.rknp_agt.sqr STREAM:3981}
  CREATE_STREAM @0 {NAME:seq T:Transactions SCOPE:uvm_test_top.env.rknp_agt.sqr STREAM:1208}
  CREATE_STREAM @0 {NAME:seq T:Transactions SCOPE:uvm_test_top.env.rknp_agt.sqr STREAM:1208}
  CREATE_STREAM @0 {NAME:seq T:Transactions SCOPE:uvm_test_top.env.rknp_agt.sqr STREAM:1208}
  CREATE_STREAM @0 {NAME:seq T:Transactions SCOPE:uvm_test_top.env.rknp_agt.sqr STREAM:1208}
  CREATE_STREAM @0 {NAME:seq T:Transactions SCOPE:uvm_test_top.env.rknp_agt.sqr STREAM:1208}
  CREATE_STREAM @0 {NAME:seq T:Transactions SCOPE:uvm_test_top.env.rknp_agt.sqr STREAM:1208}
  CREATE_STREAM @0 {NAME:seq T:Transactions SCOPE:uvm_test_top.env.rknp_agt.sqr STREAM:1208}
  CREATE_STREAM @0 {NAME:seq T:Transactions SCOPE:uvm_test_top.env.rknp_agt.sqr STREAM:1208}
  CREATE_STREAM @0 {NAME:seq T:Transactions SCOPE:uvm_test_top.env.rknp_agt.sqr STREAM:1208}
  CREATE_STREAM @0 {NAME:seq T:Transactions SCOPE:uvm_test_top.env.rknp_agt.sqr STREAM:1208}
  CREATE_STREAM @0 {NAME:seq T:Transactions SCOPE:uvm_test_top.env.rknp_agt.sqr STREAM:1210}
  CREATE_STREAM @0 {NAME:seq_combo_00 T:Transactions SCOPE:uvm_test_top.env.rknp_agt.sqr STREAM:1212}
  CREATE_STREAM @125000 {NAME:seq_combo_01 T:Transactions SCOPE:uvm_test_top.env.rknp_agt.sqr STREAM:1398}
  CREATE_STREAM @215000 {NAME:seq_combo_02 T:Transactions SCOPE:uvm_test_top.env.rknp_agt.sqr STREAM:1521}
  CREATE_STREAM @295000 {NAME:seq_combo_03 T:Transactions SCOPE:uvm_test_top.env.rknp_agt.sqr STREAM:1664}
  CREATE_STREAM @385000 {NAME:seq_combo_04 T:Transactions SCOPE:uvm_test_top.env.rknp_agt.sqr STREAM:1787}
  CREATE_STREAM @475000 {NAME:seq_combo_05 T:Transactions SCOPE:uvm_test_top.env.rknp_agt.sqr STREAM:1902}
  CREATE_STREAM @555000 {NAME:seq_combo_06 T:Transactions SCOPE:uvm_test_top.env.rknp_agt.sqr STREAM:2013}
  CREATE_STREAM @645000 {NAME:seq_combo_07 T:Transactions SCOPE:uvm_test_top.env.rknp_agt.sqr STREAM:2136}
  CREATE_STREAM @725000 {NAME:seq_combo_08 T:Transactions SCOPE:uvm_test_top.env.rknp_agt.sqr STREAM:2247}
  CREATE_STREAM @815000 {NAME:seq_combo_09 T:Transactions SCOPE:uvm_test_top.env.rknp_agt.sqr STREAM:2382}
  CREATE_STREAM @895000 {NAME:seq_combo_10 T:Transactions SCOPE:uvm_test_top.env.rknp_agt.sqr STREAM:2513}
  CREATE_STREAM @995000 {NAME:seq_combo_11 T:Transactions SCOPE:uvm_test_top.env.rknp_agt.sqr STREAM:2656}
  CREATE_STREAM @1075000 {NAME:seq_combo_12 T:Transactions SCOPE:uvm_test_top.env.rknp_agt.sqr STREAM:2787}
  CREATE_STREAM @1165000 {NAME:seq_combo_13 T:Transactions SCOPE:uvm_test_top.env.rknp_agt.sqr STREAM:2902}
  CREATE_STREAM @1245000 {NAME:seq_combo_14 T:Transactions SCOPE:uvm_test_top.env.rknp_agt.sqr STREAM:3013}
  CREATE_STREAM @1335000 {NAME:seq_combo_15 T:Transactions SCOPE:uvm_test_top.env.rknp_agt.sqr STREAM:3136}
  CREATE_STREAM @1415000 {NAME:seq_combo_16 T:Transactions SCOPE:uvm_test_top.env.rknp_agt.sqr STREAM:3247}
  CREATE_STREAM @1495000 {NAME:seq_combo_17 T:Transactions SCOPE:uvm_test_top.env.rknp_agt.sqr STREAM:3370}
  CREATE_STREAM @1585000 {NAME:seq_combo_18 T:Transactions SCOPE:uvm_test_top.env.rknp_agt.sqr STREAM:3473}
  CREATE_STREAM @1665000 {NAME:seq_combo_19 T:Transactions SCOPE:uvm_test_top.env.rknp_agt.sqr STREAM:3604}
  CREATE_STREAM @1755000 {NAME:seq_combo_20 T:Transactions SCOPE:uvm_test_top.env.rknp_agt.sqr STREAM:3707}
  CREATE_STREAM @1835000 {NAME:seq_combo_21 T:Transactions SCOPE:uvm_test_top.env.rknp_agt.sqr STREAM:3810}
  CREATE_STREAM @1905000 {NAME:seq_combo_22 T:Transactions SCOPE:uvm_test_top.env.rknp_agt.sqr STREAM:3901}
  CREATE_STREAM @1975000 {NAME:seq_combo_23 T:Transactions SCOPE:uvm_test_top.env.rknp_agt.sqr STREAM:4012}
  CREATE_STREAM @2045000 {NAME:seq_combo_24 T:Transactions SCOPE:uvm_test_top.env.rknp_agt.sqr STREAM:4103}
  CREATE_STREAM @2125000 {NAME:seq_combo_25 T:Transactions SCOPE:uvm_test_top.env.rknp_agt.sqr STREAM:4226}
  CREATE_STREAM @2235000 {NAME:seq_combo_26 T:Transactions SCOPE:uvm_test_top.env.rknp_agt.sqr STREAM:4337}
  CREATE_STREAM @2325000 {NAME:seq_combo_27 T:Transactions SCOPE:uvm_test_top.env.rknp_agt.sqr STREAM:4468}
  CREATE_STREAM @2395000 {NAME:seq_combo_28 T:Transactions SCOPE:uvm_test_top.env.rknp_agt.sqr STREAM:4579}
  CREATE_STREAM @2475000 {NAME:seq_combo_29 T:Transactions SCOPE:uvm_test_top.env.rknp_agt.sqr STREAM:4682}
  CREATE_STREAM @2545000 {NAME:seq_combo_30 T:Transactions SCOPE:uvm_test_top.env.rknp_agt.sqr STREAM:4773}
  CREATE_STREAM @2615000 {NAME:seq_combo_31 T:Transactions SCOPE:uvm_test_top.env.rknp_agt.sqr STREAM:4884}
  CREATE_STREAM @2685000 {NAME:seq_combo_32 T:Transactions SCOPE:uvm_test_top.env.rknp_agt.sqr STREAM:4975}
  CREATE_STREAM @2775000 {NAME:seq_combo_33 T:Transactions SCOPE:uvm_test_top.env.rknp_agt.sqr STREAM:5118}
  CREATE_STREAM @2865000 {NAME:seq_combo_34 T:Transactions SCOPE:uvm_test_top.env.rknp_agt.sqr STREAM:5241}
  CREATE_STREAM @2965000 {NAME:seq_combo_35 T:Transactions SCOPE:uvm_test_top.env.rknp_agt.sqr STREAM:5392}
  CREATE_STREAM @3055000 {NAME:seq_combo_36 T:Transactions SCOPE:uvm_test_top.env.rknp_agt.sqr STREAM:5515}
  CREATE_STREAM @3135000 {NAME:seq_combo_37 T:Transactions SCOPE:uvm_test_top.env.rknp_agt.sqr STREAM:5638}
  CREATE_STREAM @3205000 {NAME:seq_combo_38 T:Transactions SCOPE:uvm_test_top.env.rknp_agt.sqr STREAM:5749}
  CREATE_STREAM @3295000 {NAME:seq_combo_39 T:Transactions SCOPE:uvm_test_top.env.rknp_agt.sqr STREAM:5880}
  CREATE_STREAM @3365000 {NAME:seq_combo_40 T:Transactions SCOPE:uvm_test_top.env.rknp_agt.sqr STREAM:5991}
  CREATE_STREAM @3485000 {NAME:seq_combo_41 T:Transactions SCOPE:uvm_test_top.env.rknp_agt.sqr STREAM:6134}
  CREATE_STREAM @3575000 {NAME:seq_combo_42 T:Transactions SCOPE:uvm_test_top.env.rknp_agt.sqr STREAM:6265}
  CREATE_STREAM @3685000 {NAME:seq_combo_43 T:Transactions SCOPE:uvm_test_top.env.rknp_agt.sqr STREAM:6416}
  CREATE_STREAM @3775000 {NAME:seq_combo_44 T:Transactions SCOPE:uvm_test_top.env.rknp_agt.sqr STREAM:6547}
  CREATE_STREAM @3855000 {NAME:seq_combo_45 T:Transactions SCOPE:uvm_test_top.env.rknp_agt.sqr STREAM:6670}
  CREATE_STREAM @3925000 {NAME:seq_combo_46 T:Transactions SCOPE:uvm_test_top.env.rknp_agt.sqr STREAM:6781}
  CREATE_STREAM @4015000 {NAME:seq_combo_47 T:Transactions SCOPE:uvm_test_top.env.rknp_agt.sqr STREAM:6912}
  CREATE_STREAM @4085000 {NAME:seq_combo_48 T:Transactions SCOPE:uvm_test_top.env.rknp_agt.sqr STREAM:7023}
  CREATE_STREAM @4165000 {NAME:seq_combo_49 T:Transactions SCOPE:uvm_test_top.env.rknp_agt.sqr STREAM:7146}
  CREATE_STREAM @4255000 {NAME:seq_combo_50 T:Transactions SCOPE:uvm_test_top.env.rknp_agt.sqr STREAM:7249}
  CREATE_STREAM @4335000 {NAME:seq_combo_51 T:Transactions SCOPE:uvm_test_top.env.rknp_agt.sqr STREAM:7380}
  CREATE_STREAM @4425000 {NAME:seq_combo_52 T:Transactions SCOPE:uvm_test_top.env.rknp_agt.sqr STREAM:7483}
  CREATE_STREAM @4505000 {NAME:seq_combo_53 T:Transactions SCOPE:uvm_test_top.env.rknp_agt.sqr STREAM:7586}
  CREATE_STREAM @4575000 {NAME:seq_combo_54 T:Transactions SCOPE:uvm_test_top.env.rknp_agt.sqr STREAM:7677}
  CREATE_STREAM @4645000 {NAME:seq_combo_55 T:Transactions SCOPE:uvm_test_top.env.rknp_agt.sqr STREAM:7788}
  CREATE_STREAM @4735000 {NAME:seq_combo_56 T:Transactions SCOPE:uvm_test_top.env.rknp_agt.sqr STREAM:7879}
  CREATE_STREAM @4815000 {NAME:seq_combo_57 T:Transactions SCOPE:uvm_test_top.env.rknp_agt.sqr STREAM:8002}
  CREATE_STREAM @4885000 {NAME:seq_combo_58 T:Transactions SCOPE:uvm_test_top.env.rknp_agt.sqr STREAM:8113}
  CREATE_STREAM @4975000 {NAME:seq_combo_59 T:Transactions SCOPE:uvm_test_top.env.rknp_agt.sqr STREAM:8244}
  CREATE_STREAM @5045000 {NAME:seq_combo_60 T:Transactions SCOPE:uvm_test_top.env.rknp_agt.sqr STREAM:8355}
  CREATE_STREAM @5125000 {NAME:seq_combo_61 T:Transactions SCOPE:uvm_test_top.env.rknp_agt.sqr STREAM:8458}
  CREATE_STREAM @5195000 {NAME:seq_combo_62 T:Transactions SCOPE:uvm_test_top.env.rknp_agt.sqr STREAM:8549}
  CREATE_STREAM @5265000 {NAME:seq_combo_63 T:Transactions SCOPE:uvm_test_top.env.rknp_agt.sqr STREAM:8660}
  CREATE_STREAM @0 {NAME:seq T:Transactions SCOPE:uvm_test_top.env.rknp_agt.sqr STREAM:1208}
  CREATE_STREAM @0 {NAME:seq T:Transactions SCOPE:uvm_test_top.env.rknp_agt.sqr STREAM:1210}
  CREATE_STREAM @0 {NAME:seq T:Transactions SCOPE:uvm_test_top.env.rknp_agt.sqr STREAM:1210}
  CREATE_STREAM @0 {NAME:seq_read_okay_1 T:Transactions SCOPE:uvm_test_top.env.rknp_agt.sqr STREAM:1387}
  CREATE_STREAM @205000 {NAME:seq_read_slverr T:Transactions SCOPE:uvm_test_top.env.rknp_agt.sqr STREAM:1489}
  CREATE_STREAM @335000 {NAME:seq_read_okay_2 T:Transactions SCOPE:uvm_test_top.env.rknp_agt.sqr STREAM:1540}
  CREATE_STREAM @475000 {NAME:seq_read_decerr T:Transactions SCOPE:uvm_test_top.env.rknp_agt.sqr STREAM:1591}
  CREATE_STREAM @645000 {NAME:seq_read_okay_3 T:Transactions SCOPE:uvm_test_top.env.rknp_agt.sqr STREAM:1642}
  CREATE_STREAM @765000 {NAME:seq_write_okay_1 T:Transactions SCOPE:uvm_test_top.env.rknp_agt.sqr STREAM:1693}
  CREATE_STREAM @855000 {NAME:seq_write_slverr T:Transactions SCOPE:uvm_test_top.env.rknp_agt.sqr STREAM:1756}
  CREATE_STREAM @945000 {NAME:seq_write_okay_2 T:Transactions SCOPE:uvm_test_top.env.rknp_agt.sqr STREAM:1819}
  CREATE_STREAM @1045000 {NAME:seq_write_decerr T:Transactions SCOPE:uvm_test_top.env.rknp_agt.sqr STREAM:1882}
  CREATE_STREAM @1165000 {NAME:seq_write_okay_3 T:Transactions SCOPE:uvm_test_top.env.rknp_agt.sqr STREAM:1945}
  CREATE_STREAM @0 {NAME:seq T:Transactions SCOPE:uvm_test_top.env.rknp_agt.sqr STREAM:1208}
  CREATE_STREAM @0 {NAME:seq T:Transactions SCOPE:uvm_test_top.env.rknp_agt.sqr STREAM:1208}
  CREATE_STREAM @0 {NAME:seq_mix_inst T:Transactions SCOPE:uvm_test_top.env.rknp_agt.sqr STREAM:1208}
  CREATE_STREAM @0 {NAME:before_reset_seq T:Transactions SCOPE:uvm_test_top.env.rknp_agt.sqr STREAM:1208}
  CREATE_STREAM @725000 {NAME:reset_seq T:Transactions SCOPE:uvm_test_top.env.vseqr STREAM:1308}
  CREATE_STREAM @785000 {NAME:after_reset_seq T:Transactions SCOPE:uvm_test_top.env.rknp_agt.sqr STREAM:1324}
  CREATE_STREAM @0 {NAME:seq T:Transactions SCOPE:uvm_test_top.env.rknp_agt.sqr STREAM:1208}
  CREATE_STREAM @0 {NAME:seq T:Transactions SCOPE:uvm_test_top.env.rknp_agt.sqr STREAM:1208}
  CREATE_STREAM @0 {NAME:seq T:Transactions SCOPE:uvm_test_top.env.rknp_agt.sqr STREAM:1208}
  CREATE_STREAM @0 {NAME:seq T:Transactions SCOPE:uvm_test_top.env.rknp_agt.sqr STREAM:1208}
  CREATE_STREAM @0 {NAME:seq T:Transactions SCOPE:uvm_test_top.env.rknp_agt.sqr STREAM:1208}
  CREATE_STREAM @0 {NAME:seq T:Transactions SCOPE:uvm_test_top.env.rknp_agt.sqr STREAM:1208}
  CREATE_STREAM @0 {NAME:seq T:Transactions SCOPE:uvm_test_top.env.rknp_agt.sqr STREAM:1210}
  CREATE_STREAM @0 {NAME:seq T:Transactions SCOPE:uvm_test_top.env.rknp_agt.sqr STREAM:1210}
  CREATE_STREAM @0 {NAME:seq T:Transactions SCOPE:uvm_test_top.env.rknp_agt.sqr STREAM:1210}
  CREATE_STREAM @0 {NAME:seq T:Transactions SCOPE:uvm_test_top.env.rknp_agt.sqr STREAM:1210}
  CREATE_STREAM @0 {NAME:seq T:Transactions SCOPE:uvm_test_top.env.rknp_agt.sqr STREAM:1210}
  CREATE_STREAM @0 {NAME:seq T:Transactions SCOPE:uvm_test_top.env.rknp_agt.sqr STREAM:1210}
  CREATE_STREAM @0 {NAME:seq_gap_gt10 T:Transactions SCOPE:uvm_test_top.env.rknp_agt.sqr STREAM:1210}
  CREATE_STREAM @2995000 {NAME:seq_gap_1_10 T:Transactions SCOPE:uvm_test_top.env.rknp_agt.sqr STREAM:2221}
  CREATE_STREAM @0 {NAME:seq T:Transactions SCOPE:uvm_test_top.env.rknp_agt.sqr STREAM:1208}
  CREATE_STREAM @0 {NAME:rd_seq T:Transactions SCOPE:uvm_test_top.env.rknp_agt.sqr STREAM:1208}
  CREATE_STREAM @0 {NAME:rd_seq T:Transactions SCOPE:uvm_test_top.env.rknp_agt.sqr STREAM:1208}
  CREATE_STREAM @0 {NAME:rd_seq T:Transactions SCOPE:uvm_test_top.env.rknp_agt.sqr STREAM:1208}
  CREATE_STREAM @0 {NAME:timeout_seq T:Transactions SCOPE:uvm_test_top.env.rknp_agt.sqr STREAM:1208}
  CREATE_STREAM @100060000 {NAME:normal_seq T:Transactions SCOPE:uvm_test_top.env.rknp_agt.sqr STREAM:1296}
  CREATE_STREAM @0 {NAME:prev_seq T:Transactions SCOPE:uvm_test_top.env.rknp_agt.sqr STREAM:1210}
  CREATE_STREAM @95000 {NAME:timeout_seq T:Transactions SCOPE:uvm_test_top.env.rknp_agt.sqr STREAM:1308}
  CREATE_STREAM @0 {NAME:prev_seq T:Transactions SCOPE:uvm_test_top.env.rknp_agt.sqr STREAM:1210}
  CREATE_STREAM @95000 {NAME:timeout_seq T:Transactions SCOPE:uvm_test_top.env.rknp_agt.sqr STREAM:1316}
  CREATE_STREAM @0 {NAME:seq T:Transactions SCOPE:uvm_test_top.env.rknp_agt.sqr STREAM:1208}
  CREATE_STREAM @0 {NAME:seq T:Transactions SCOPE:uvm_test_top.env.rknp_agt.sqr STREAM:1208}
  CREATE_STREAM @0 {NAME:seq T:Transactions SCOPE:uvm_test_top.env.rknp_agt.sqr STREAM:1208}
  CREATE_STREAM @35000 {NAME:seq_watchdog_fifo_full_cov_round_1 T:Transactions SCOPE:uvm_test_top.env.rknp_agt.sqr STREAM:1259}
  CREATE_STREAM @130435000 {NAME:seq_watchdog_fifo_full_cov_round_2 T:Transactions SCOPE:uvm_test_top.env.rknp_agt.sqr STREAM:1664}
  CREATE_STREAM @0 {NAME:seq T:Transactions SCOPE:uvm_test_top.env.rknp_agt.sqr STREAM:1208}
  CREATE_STREAM @0 {NAME:seq T:Transactions SCOPE:uvm_test_top.env.rknp_agt.sqr STREAM:1208}
  CREATE_STREAM @0 {NAME:seq_round_0_write T:Transactions SCOPE:uvm_test_top.env.rknp_agt.sqr STREAM:1210}
  CREATE_STREAM @2235000 {NAME:seq_round_1_ read T:Transactions SCOPE:uvm_test_top.env.rknp_agt.sqr STREAM:1633}
  CREATE_STREAM @4365000 {NAME:seq_round_2_write T:Transactions SCOPE:uvm_test_top.env.rknp_agt.sqr STREAM:1941}
  CREATE_STREAM @6565000 {NAME:seq_round_3_ read T:Transactions SCOPE:uvm_test_top.env.rknp_agt.sqr STREAM:2313}
  CREATE_STREAM @8695000 {NAME:seq_round_4_write T:Transactions SCOPE:uvm_test_top.env.rknp_agt.sqr STREAM:2621}
  CREATE_STREAM @10895000 {NAME:seq_round_5_ read T:Transactions SCOPE:uvm_test_top.env.rknp_agt.sqr STREAM:2993}
  CREATE_STREAM @13025000 {NAME:seq_round_6_write T:Transactions SCOPE:uvm_test_top.env.rknp_agt.sqr STREAM:3301}
  CREATE_STREAM @15225000 {NAME:seq_round_7_ read T:Transactions SCOPE:uvm_test_top.env.rknp_agt.sqr STREAM:3673}
  CREATE_STREAM @17355000 {NAME:seq_round_8_write T:Transactions SCOPE:uvm_test_top.env.rknp_agt.sqr STREAM:3981}
  CREATE_STREAM @0 {NAME:seq T:Transactions SCOPE:uvm_test_top.env.rknp_agt.sqr STREAM:1208}
  CREATE_STREAM @0 {NAME:seq T:Transactions SCOPE:uvm_test_top.env.rknp_agt.sqr STREAM:1208}
  CREATE_STREAM @0 {NAME:seq T:Transactions SCOPE:uvm_test_top.env.rknp_agt.sqr STREAM:1208}
  CREATE_STREAM @0 {NAME:seq T:Transactions SCOPE:uvm_test_top.env.rknp_agt.sqr STREAM:1208}
  CREATE_STREAM @0 {NAME:seq T:Transactions SCOPE:uvm_test_top.env.rknp_agt.sqr STREAM:1208}
  CREATE_STREAM @0 {NAME:seq T:Transactions SCOPE:uvm_test_top.env.rknp_agt.sqr STREAM:1208}
  CREATE_STREAM @0 {NAME:seq T:Transactions SCOPE:uvm_test_top.env.rknp_agt.sqr STREAM:1208}
  CREATE_STREAM @0 {NAME:seq T:Transactions SCOPE:uvm_test_top.env.rknp_agt.sqr STREAM:1208}
  CREATE_STREAM @0 {NAME:seq T:Transactions SCOPE:uvm_test_top.env.rknp_agt.sqr STREAM:1208}
  CREATE_STREAM @0 {NAME:seq T:Transactions SCOPE:uvm_test_top.env.rknp_agt.sqr STREAM:1208}
  CREATE_STREAM @0 {NAME:seq T:Transactions SCOPE:uvm_test_top.env.rknp_agt.sqr STREAM:1210}
  CREATE_STREAM @0 {NAME:seq_combo_00 T:Transactions SCOPE:uvm_test_top.env.rknp_agt.sqr STREAM:1212}
  CREATE_STREAM @125000 {NAME:seq_combo_01 T:Transactions SCOPE:uvm_test_top.env.rknp_agt.sqr STREAM:1398}
  CREATE_STREAM @215000 {NAME:seq_combo_02 T:Transactions SCOPE:uvm_test_top.env.rknp_agt.sqr STREAM:1521}
  CREATE_STREAM @295000 {NAME:seq_combo_03 T:Transactions SCOPE:uvm_test_top.env.rknp_agt.sqr STREAM:1664}
  CREATE_STREAM @385000 {NAME:seq_combo_04 T:Transactions SCOPE:uvm_test_top.env.rknp_agt.sqr STREAM:1787}
  CREATE_STREAM @475000 {NAME:seq_combo_05 T:Transactions SCOPE:uvm_test_top.env.rknp_agt.sqr STREAM:1902}
  CREATE_STREAM @555000 {NAME:seq_combo_06 T:Transactions SCOPE:uvm_test_top.env.rknp_agt.sqr STREAM:2013}
  CREATE_STREAM @645000 {NAME:seq_combo_07 T:Transactions SCOPE:uvm_test_top.env.rknp_agt.sqr STREAM:2136}
  CREATE_STREAM @725000 {NAME:seq_combo_08 T:Transactions SCOPE:uvm_test_top.env.rknp_agt.sqr STREAM:2247}
  CREATE_STREAM @815000 {NAME:seq_combo_09 T:Transactions SCOPE:uvm_test_top.env.rknp_agt.sqr STREAM:2382}
  CREATE_STREAM @895000 {NAME:seq_combo_10 T:Transactions SCOPE:uvm_test_top.env.rknp_agt.sqr STREAM:2513}
  CREATE_STREAM @995000 {NAME:seq_combo_11 T:Transactions SCOPE:uvm_test_top.env.rknp_agt.sqr STREAM:2656}
  CREATE_STREAM @1075000 {NAME:seq_combo_12 T:Transactions SCOPE:uvm_test_top.env.rknp_agt.sqr STREAM:2787}
  CREATE_STREAM @1165000 {NAME:seq_combo_13 T:Transactions SCOPE:uvm_test_top.env.rknp_agt.sqr STREAM:2902}
  CREATE_STREAM @1245000 {NAME:seq_combo_14 T:Transactions SCOPE:uvm_test_top.env.rknp_agt.sqr STREAM:3013}
  CREATE_STREAM @1335000 {NAME:seq_combo_15 T:Transactions SCOPE:uvm_test_top.env.rknp_agt.sqr STREAM:3136}
  CREATE_STREAM @1415000 {NAME:seq_combo_16 T:Transactions SCOPE:uvm_test_top.env.rknp_agt.sqr STREAM:3247}
  CREATE_STREAM @1495000 {NAME:seq_combo_17 T:Transactions SCOPE:uvm_test_top.env.rknp_agt.sqr STREAM:3370}
  CREATE_STREAM @1585000 {NAME:seq_combo_18 T:Transactions SCOPE:uvm_test_top.env.rknp_agt.sqr STREAM:3473}
  CREATE_STREAM @1665000 {NAME:seq_combo_19 T:Transactions SCOPE:uvm_test_top.env.rknp_agt.sqr STREAM:3604}
  CREATE_STREAM @1755000 {NAME:seq_combo_20 T:Transactions SCOPE:uvm_test_top.env.rknp_agt.sqr STREAM:3707}
  CREATE_STREAM @1835000 {NAME:seq_combo_21 T:Transactions SCOPE:uvm_test_top.env.rknp_agt.sqr STREAM:3810}
  CREATE_STREAM @1905000 {NAME:seq_combo_22 T:Transactions SCOPE:uvm_test_top.env.rknp_agt.sqr STREAM:3901}
  CREATE_STREAM @1975000 {NAME:seq_combo_23 T:Transactions SCOPE:uvm_test_top.env.rknp_agt.sqr STREAM:4012}
  CREATE_STREAM @2045000 {NAME:seq_combo_24 T:Transactions SCOPE:uvm_test_top.env.rknp_agt.sqr STREAM:4103}
  CREATE_STREAM @2125000 {NAME:seq_combo_25 T:Transactions SCOPE:uvm_test_top.env.rknp_agt.sqr STREAM:4226}
  CREATE_STREAM @2235000 {NAME:seq_combo_26 T:Transactions SCOPE:uvm_test_top.env.rknp_agt.sqr STREAM:4337}
  CREATE_STREAM @2325000 {NAME:seq_combo_27 T:Transactions SCOPE:uvm_test_top.env.rknp_agt.sqr STREAM:4468}
  CREATE_STREAM @2395000 {NAME:seq_combo_28 T:Transactions SCOPE:uvm_test_top.env.rknp_agt.sqr STREAM:4579}
  CREATE_STREAM @2475000 {NAME:seq_combo_29 T:Transactions SCOPE:uvm_test_top.env.rknp_agt.sqr STREAM:4682}
  CREATE_STREAM @2545000 {NAME:seq_combo_30 T:Transactions SCOPE:uvm_test_top.env.rknp_agt.sqr STREAM:4773}
  CREATE_STREAM @2615000 {NAME:seq_combo_31 T:Transactions SCOPE:uvm_test_top.env.rknp_agt.sqr STREAM:4884}
  CREATE_STREAM @2685000 {NAME:seq_combo_32 T:Transactions SCOPE:uvm_test_top.env.rknp_agt.sqr STREAM:4975}
  CREATE_STREAM @2775000 {NAME:seq_combo_33 T:Transactions SCOPE:uvm_test_top.env.rknp_agt.sqr STREAM:5118}
  CREATE_STREAM @2865000 {NAME:seq_combo_34 T:Transactions SCOPE:uvm_test_top.env.rknp_agt.sqr STREAM:5241}
  CREATE_STREAM @2965000 {NAME:seq_combo_35 T:Transactions SCOPE:uvm_test_top.env.rknp_agt.sqr STREAM:5392}
  CREATE_STREAM @3055000 {NAME:seq_combo_36 T:Transactions SCOPE:uvm_test_top.env.rknp_agt.sqr STREAM:5515}
  CREATE_STREAM @3135000 {NAME:seq_combo_37 T:Transactions SCOPE:uvm_test_top.env.rknp_agt.sqr STREAM:5638}
  CREATE_STREAM @3205000 {NAME:seq_combo_38 T:Transactions SCOPE:uvm_test_top.env.rknp_agt.sqr STREAM:5749}
  CREATE_STREAM @3295000 {NAME:seq_combo_39 T:Transactions SCOPE:uvm_test_top.env.rknp_agt.sqr STREAM:5880}
  CREATE_STREAM @3365000 {NAME:seq_combo_40 T:Transactions SCOPE:uvm_test_top.env.rknp_agt.sqr STREAM:5991}
  CREATE_STREAM @3485000 {NAME:seq_combo_41 T:Transactions SCOPE:uvm_test_top.env.rknp_agt.sqr STREAM:6134}
  CREATE_STREAM @3575000 {NAME:seq_combo_42 T:Transactions SCOPE:uvm_test_top.env.rknp_agt.sqr STREAM:6265}
  CREATE_STREAM @3685000 {NAME:seq_combo_43 T:Transactions SCOPE:uvm_test_top.env.rknp_agt.sqr STREAM:6416}
  CREATE_STREAM @3775000 {NAME:seq_combo_44 T:Transactions SCOPE:uvm_test_top.env.rknp_agt.sqr STREAM:6547}
  CREATE_STREAM @3855000 {NAME:seq_combo_45 T:Transactions SCOPE:uvm_test_top.env.rknp_agt.sqr STREAM:6670}
  CREATE_STREAM @3925000 {NAME:seq_combo_46 T:Transactions SCOPE:uvm_test_top.env.rknp_agt.sqr STREAM:6781}
  CREATE_STREAM @4015000 {NAME:seq_combo_47 T:Transactions SCOPE:uvm_test_top.env.rknp_agt.sqr STREAM:6912}
  CREATE_STREAM @4085000 {NAME:seq_combo_48 T:Transactions SCOPE:uvm_test_top.env.rknp_agt.sqr STREAM:7023}
  CREATE_STREAM @4165000 {NAME:seq_combo_49 T:Transactions SCOPE:uvm_test_top.env.rknp_agt.sqr STREAM:7146}
  CREATE_STREAM @4255000 {NAME:seq_combo_50 T:Transactions SCOPE:uvm_test_top.env.rknp_agt.sqr STREAM:7249}
  CREATE_STREAM @4335000 {NAME:seq_combo_51 T:Transactions SCOPE:uvm_test_top.env.rknp_agt.sqr STREAM:7380}
  CREATE_STREAM @4425000 {NAME:seq_combo_52 T:Transactions SCOPE:uvm_test_top.env.rknp_agt.sqr STREAM:7483}
  CREATE_STREAM @4505000 {NAME:seq_combo_53 T:Transactions SCOPE:uvm_test_top.env.rknp_agt.sqr STREAM:7586}
  CREATE_STREAM @4575000 {NAME:seq_combo_54 T:Transactions SCOPE:uvm_test_top.env.rknp_agt.sqr STREAM:7677}
  CREATE_STREAM @4645000 {NAME:seq_combo_55 T:Transactions SCOPE:uvm_test_top.env.rknp_agt.sqr STREAM:7788}
  CREATE_STREAM @4735000 {NAME:seq_combo_56 T:Transactions SCOPE:uvm_test_top.env.rknp_agt.sqr STREAM:7879}
  CREATE_STREAM @4815000 {NAME:seq_combo_57 T:Transactions SCOPE:uvm_test_top.env.rknp_agt.sqr STREAM:8002}
  CREATE_STREAM @4885000 {NAME:seq_combo_58 T:Transactions SCOPE:uvm_test_top.env.rknp_agt.sqr STREAM:8113}
  CREATE_STREAM @4975000 {NAME:seq_combo_59 T:Transactions SCOPE:uvm_test_top.env.rknp_agt.sqr STREAM:8244}
  CREATE_STREAM @5045000 {NAME:seq_combo_60 T:Transactions SCOPE:uvm_test_top.env.rknp_agt.sqr STREAM:8355}
  CREATE_STREAM @5125000 {NAME:seq_combo_61 T:Transactions SCOPE:uvm_test_top.env.rknp_agt.sqr STREAM:8458}
  CREATE_STREAM @5195000 {NAME:seq_combo_62 T:Transactions SCOPE:uvm_test_top.env.rknp_agt.sqr STREAM:8549}
  CREATE_STREAM @5265000 {NAME:seq_combo_63 T:Transactions SCOPE:uvm_test_top.env.rknp_agt.sqr STREAM:8660}
  CREATE_STREAM @0 {NAME:seq T:Transactions SCOPE:uvm_test_top.env.rknp_agt.sqr STREAM:1208}
  CREATE_STREAM @0 {NAME:seq T:Transactions SCOPE:uvm_test_top.env.rknp_agt.sqr STREAM:1210}
  CREATE_STREAM @0 {NAME:seq T:Transactions SCOPE:uvm_test_top.env.rknp_agt.sqr STREAM:1210}
  CREATE_STREAM @0 {NAME:seq_read_okay_1 T:Transactions SCOPE:uvm_test_top.env.rknp_agt.sqr STREAM:1387}
  CREATE_STREAM @205000 {NAME:seq_read_slverr T:Transactions SCOPE:uvm_test_top.env.rknp_agt.sqr STREAM:1489}
  CREATE_STREAM @335000 {NAME:seq_read_okay_2 T:Transactions SCOPE:uvm_test_top.env.rknp_agt.sqr STREAM:1540}
  CREATE_STREAM @475000 {NAME:seq_read_decerr T:Transactions SCOPE:uvm_test_top.env.rknp_agt.sqr STREAM:1591}
  CREATE_STREAM @645000 {NAME:seq_read_okay_3 T:Transactions SCOPE:uvm_test_top.env.rknp_agt.sqr STREAM:1642}
  CREATE_STREAM @765000 {NAME:seq_write_okay_1 T:Transactions SCOPE:uvm_test_top.env.rknp_agt.sqr STREAM:1693}
  CREATE_STREAM @855000 {NAME:seq_write_slverr T:Transactions SCOPE:uvm_test_top.env.rknp_agt.sqr STREAM:1756}
  CREATE_STREAM @945000 {NAME:seq_write_okay_2 T:Transactions SCOPE:uvm_test_top.env.rknp_agt.sqr STREAM:1819}
  CREATE_STREAM @1045000 {NAME:seq_write_decerr T:Transactions SCOPE:uvm_test_top.env.rknp_agt.sqr STREAM:1882}
  CREATE_STREAM @1165000 {NAME:seq_write_okay_3 T:Transactions SCOPE:uvm_test_top.env.rknp_agt.sqr STREAM:1945}
  CREATE_STREAM @0 {NAME:seq T:Transactions SCOPE:uvm_test_top.env.rknp_agt.sqr STREAM:1208}
  CREATE_STREAM @0 {NAME:seq T:Transactions SCOPE:uvm_test_top.env.rknp_agt.sqr STREAM:1208}
  CREATE_STREAM @0 {NAME:seq_mix_inst T:Transactions SCOPE:uvm_test_top.env.rknp_agt.sqr STREAM:1208}
  CREATE_STREAM @0 {NAME:before_reset_seq T:Transactions SCOPE:uvm_test_top.env.rknp_agt.sqr STREAM:1208}
  CREATE_STREAM @725000 {NAME:reset_seq T:Transactions SCOPE:uvm_test_top.env.vseqr STREAM:1308}
  CREATE_STREAM @785000 {NAME:after_reset_seq T:Transactions SCOPE:uvm_test_top.env.rknp_agt.sqr STREAM:1324}
  CREATE_STREAM @0 {NAME:seq T:Transactions SCOPE:uvm_test_top.env.rknp_agt.sqr STREAM:1208}
  CREATE_STREAM @0 {NAME:seq T:Transactions SCOPE:uvm_test_top.env.rknp_agt.sqr STREAM:1208}
  CREATE_STREAM @0 {NAME:seq T:Transactions SCOPE:uvm_test_top.env.rknp_agt.sqr STREAM:1208}
  CREATE_STREAM @0 {NAME:seq T:Transactions SCOPE:uvm_test_top.env.rknp_agt.sqr STREAM:1208}
  CREATE_STREAM @0 {NAME:seq T:Transactions SCOPE:uvm_test_top.env.rknp_agt.sqr STREAM:1208}
  CREATE_STREAM @0 {NAME:seq T:Transactions SCOPE:uvm_test_top.env.rknp_agt.sqr STREAM:1208}
  CREATE_STREAM @0 {NAME:seq T:Transactions SCOPE:uvm_test_top.env.rknp_agt.sqr STREAM:1210}
  CREATE_STREAM @0 {NAME:seq T:Transactions SCOPE:uvm_test_top.env.rknp_agt.sqr STREAM:1210}
  CREATE_STREAM @0 {NAME:seq T:Transactions SCOPE:uvm_test_top.env.rknp_agt.sqr STREAM:1210}
  CREATE_STREAM @0 {NAME:seq T:Transactions SCOPE:uvm_test_top.env.rknp_agt.sqr STREAM:1210}
  CREATE_STREAM @0 {NAME:seq T:Transactions SCOPE:uvm_test_top.env.rknp_agt.sqr STREAM:1210}
  CREATE_STREAM @0 {NAME:seq T:Transactions SCOPE:uvm_test_top.env.rknp_agt.sqr STREAM:1210}
  CREATE_STREAM @0 {NAME:seq_gap_gt10 T:Transactions SCOPE:uvm_test_top.env.rknp_agt.sqr STREAM:1210}
  CREATE_STREAM @2995000 {NAME:seq_gap_1_10 T:Transactions SCOPE:uvm_test_top.env.rknp_agt.sqr STREAM:2221}
  CREATE_STREAM @0 {NAME:seq T:Transactions SCOPE:uvm_test_top.env.rknp_agt.sqr STREAM:1208}
  CREATE_STREAM @0 {NAME:rd_seq T:Transactions SCOPE:uvm_test_top.env.rknp_agt.sqr STREAM:1208}
  CREATE_STREAM @0 {NAME:rd_seq T:Transactions SCOPE:uvm_test_top.env.rknp_agt.sqr STREAM:1208}
  CREATE_STREAM @0 {NAME:rd_seq T:Transactions SCOPE:uvm_test_top.env.rknp_agt.sqr STREAM:1208}
  CREATE_STREAM @0 {NAME:timeout_seq T:Transactions SCOPE:uvm_test_top.env.rknp_agt.sqr STREAM:1208}
  CREATE_STREAM @100060000 {NAME:normal_seq T:Transactions SCOPE:uvm_test_top.env.rknp_agt.sqr STREAM:1296}
  CREATE_STREAM @0 {NAME:prev_seq T:Transactions SCOPE:uvm_test_top.env.rknp_agt.sqr STREAM:1210}
  CREATE_STREAM @95000 {NAME:timeout_seq T:Transactions SCOPE:uvm_test_top.env.rknp_agt.sqr STREAM:1308}
  CREATE_STREAM @0 {NAME:prev_seq T:Transactions SCOPE:uvm_test_top.env.rknp_agt.sqr STREAM:1210}
  CREATE_STREAM @95000 {NAME:timeout_seq T:Transactions SCOPE:uvm_test_top.env.rknp_agt.sqr STREAM:1316}
  CREATE_STREAM @0 {NAME:prev_seq T:Transactions SCOPE:uvm_test_top.env.rknp_agt.sqr STREAM:1210}
  CREATE_STREAM @95000 {NAME:timeout_seq T:Transactions SCOPE:uvm_test_top.env.rknp_agt.sqr STREAM:1308}
  CREATE_STREAM @0 {NAME:prev_seq T:Transactions SCOPE:uvm_test_top.env.rknp_agt.sqr STREAM:1210}
  CREATE_STREAM @95000 {NAME:timeout_seq T:Transactions SCOPE:uvm_test_top.env.rknp_agt.sqr STREAM:1316}
  CREATE_STREAM @0 {NAME:seq T:Transactions SCOPE:uvm_test_top.env.rknp_agt.sqr STREAM:1208}
  CREATE_STREAM @0 {NAME:seq T:Transactions SCOPE:uvm_test_top.env.rknp_agt.sqr STREAM:1208}
  CREATE_STREAM @0 {NAME:seq T:Transactions SCOPE:uvm_test_top.env.rknp_agt.sqr STREAM:1208}
  CREATE_STREAM @35000 {NAME:seq_watchdog_fifo_full_cov_round_1 T:Transactions SCOPE:uvm_test_top.env.rknp_agt.sqr STREAM:1259}
  CREATE_STREAM @130435000 {NAME:seq_watchdog_fifo_full_cov_round_2 T:Transactions SCOPE:uvm_test_top.env.rknp_agt.sqr STREAM:1664}
  CREATE_STREAM @0 {NAME:seq T:Transactions SCOPE:uvm_test_top.env.rknp_agt.sqr STREAM:1208}
  CREATE_STREAM @0 {NAME:seq T:Transactions SCOPE:uvm_test_top.env.rknp_agt.sqr STREAM:1208}
  CREATE_STREAM @0 {NAME:seq_round_0_write T:Transactions SCOPE:uvm_test_top.env.rknp_agt.sqr STREAM:1210}
  CREATE_STREAM @2235000 {NAME:seq_round_1_ read T:Transactions SCOPE:uvm_test_top.env.rknp_agt.sqr STREAM:1633}
  CREATE_STREAM @4365000 {NAME:seq_round_2_write T:Transactions SCOPE:uvm_test_top.env.rknp_agt.sqr STREAM:1941}
  CREATE_STREAM @6565000 {NAME:seq_round_3_ read T:Transactions SCOPE:uvm_test_top.env.rknp_agt.sqr STREAM:2313}
  CREATE_STREAM @8695000 {NAME:seq_round_4_write T:Transactions SCOPE:uvm_test_top.env.rknp_agt.sqr STREAM:2621}
  CREATE_STREAM @10895000 {NAME:seq_round_5_ read T:Transactions SCOPE:uvm_test_top.env.rknp_agt.sqr STREAM:2993}
  CREATE_STREAM @13025000 {NAME:seq_round_6_write T:Transactions SCOPE:uvm_test_top.env.rknp_agt.sqr STREAM:3301}
  CREATE_STREAM @15225000 {NAME:seq_round_7_ read T:Transactions SCOPE:uvm_test_top.env.rknp_agt.sqr STREAM:3673}
  CREATE_STREAM @17355000 {NAME:seq_round_8_write T:Transactions SCOPE:uvm_test_top.env.rknp_agt.sqr STREAM:3981}
  CREATE_STREAM @0 {NAME:seq T:Transactions SCOPE:uvm_test_top.env.rknp_agt.sqr STREAM:1208}
  CREATE_STREAM @0 {NAME:seq T:Transactions SCOPE:uvm_test_top.env.rknp_agt.sqr STREAM:1208}
  CREATE_STREAM @0 {NAME:seq T:Transactions SCOPE:uvm_test_top.env.rknp_agt.sqr STREAM:1208}
  CREATE_STREAM @0 {NAME:seq T:Transactions SCOPE:uvm_test_top.env.rknp_agt.sqr STREAM:1208}
  CREATE_STREAM @0 {NAME:seq T:Transactions SCOPE:uvm_test_top.env.rknp_agt.sqr STREAM:1208}
  CREATE_STREAM @0 {NAME:seq T:Transactions SCOPE:uvm_test_top.env.rknp_agt.sqr STREAM:1208}
  CREATE_STREAM @0 {NAME:seq T:Transactions SCOPE:uvm_test_top.env.rknp_agt.sqr STREAM:1208}
  CREATE_STREAM @0 {NAME:seq T:Transactions SCOPE:uvm_test_top.env.rknp_agt.sqr STREAM:1208}
  CREATE_STREAM @0 {NAME:seq T:Transactions SCOPE:uvm_test_top.env.rknp_agt.sqr STREAM:1208}
  CREATE_STREAM @0 {NAME:seq T:Transactions SCOPE:uvm_test_top.env.rknp_agt.sqr STREAM:1208}
  CREATE_STREAM @0 {NAME:seq T:Transactions SCOPE:uvm_test_top.env.rknp_agt.sqr STREAM:1210}
  CREATE_STREAM @0 {NAME:seq_combo_00 T:Transactions SCOPE:uvm_test_top.env.rknp_agt.sqr STREAM:1212}
  CREATE_STREAM @125000 {NAME:seq_combo_01 T:Transactions SCOPE:uvm_test_top.env.rknp_agt.sqr STREAM:1398}
  CREATE_STREAM @215000 {NAME:seq_combo_02 T:Transactions SCOPE:uvm_test_top.env.rknp_agt.sqr STREAM:1521}
  CREATE_STREAM @295000 {NAME:seq_combo_03 T:Transactions SCOPE:uvm_test_top.env.rknp_agt.sqr STREAM:1664}
  CREATE_STREAM @385000 {NAME:seq_combo_04 T:Transactions SCOPE:uvm_test_top.env.rknp_agt.sqr STREAM:1787}
  CREATE_STREAM @475000 {NAME:seq_combo_05 T:Transactions SCOPE:uvm_test_top.env.rknp_agt.sqr STREAM:1902}
  CREATE_STREAM @555000 {NAME:seq_combo_06 T:Transactions SCOPE:uvm_test_top.env.rknp_agt.sqr STREAM:2013}
  CREATE_STREAM @645000 {NAME:seq_combo_07 T:Transactions SCOPE:uvm_test_top.env.rknp_agt.sqr STREAM:2136}
  CREATE_STREAM @725000 {NAME:seq_combo_08 T:Transactions SCOPE:uvm_test_top.env.rknp_agt.sqr STREAM:2247}
  CREATE_STREAM @815000 {NAME:seq_combo_09 T:Transactions SCOPE:uvm_test_top.env.rknp_agt.sqr STREAM:2382}
  CREATE_STREAM @895000 {NAME:seq_combo_10 T:Transactions SCOPE:uvm_test_top.env.rknp_agt.sqr STREAM:2513}
  CREATE_STREAM @995000 {NAME:seq_combo_11 T:Transactions SCOPE:uvm_test_top.env.rknp_agt.sqr STREAM:2656}
  CREATE_STREAM @1075000 {NAME:seq_combo_12 T:Transactions SCOPE:uvm_test_top.env.rknp_agt.sqr STREAM:2787}
  CREATE_STREAM @1165000 {NAME:seq_combo_13 T:Transactions SCOPE:uvm_test_top.env.rknp_agt.sqr STREAM:2902}
  CREATE_STREAM @1245000 {NAME:seq_combo_14 T:Transactions SCOPE:uvm_test_top.env.rknp_agt.sqr STREAM:3013}
  CREATE_STREAM @1335000 {NAME:seq_combo_15 T:Transactions SCOPE:uvm_test_top.env.rknp_agt.sqr STREAM:3136}
  CREATE_STREAM @1415000 {NAME:seq_combo_16 T:Transactions SCOPE:uvm_test_top.env.rknp_agt.sqr STREAM:3247}
  CREATE_STREAM @1495000 {NAME:seq_combo_17 T:Transactions SCOPE:uvm_test_top.env.rknp_agt.sqr STREAM:3370}
  CREATE_STREAM @1585000 {NAME:seq_combo_18 T:Transactions SCOPE:uvm_test_top.env.rknp_agt.sqr STREAM:3473}
  CREATE_STREAM @1665000 {NAME:seq_combo_19 T:Transactions SCOPE:uvm_test_top.env.rknp_agt.sqr STREAM:3604}
  CREATE_STREAM @1755000 {NAME:seq_combo_20 T:Transactions SCOPE:uvm_test_top.env.rknp_agt.sqr STREAM:3707}
  CREATE_STREAM @1835000 {NAME:seq_combo_21 T:Transactions SCOPE:uvm_test_top.env.rknp_agt.sqr STREAM:3810}
  CREATE_STREAM @1905000 {NAME:seq_combo_22 T:Transactions SCOPE:uvm_test_top.env.rknp_agt.sqr STREAM:3901}
  CREATE_STREAM @1975000 {NAME:seq_combo_23 T:Transactions SCOPE:uvm_test_top.env.rknp_agt.sqr STREAM:4012}
  CREATE_STREAM @2045000 {NAME:seq_combo_24 T:Transactions SCOPE:uvm_test_top.env.rknp_agt.sqr STREAM:4103}
  CREATE_STREAM @2125000 {NAME:seq_combo_25 T:Transactions SCOPE:uvm_test_top.env.rknp_agt.sqr STREAM:4226}
  CREATE_STREAM @2235000 {NAME:seq_combo_26 T:Transactions SCOPE:uvm_test_top.env.rknp_agt.sqr STREAM:4337}
  CREATE_STREAM @2325000 {NAME:seq_combo_27 T:Transactions SCOPE:uvm_test_top.env.rknp_agt.sqr STREAM:4468}
  CREATE_STREAM @2395000 {NAME:seq_combo_28 T:Transactions SCOPE:uvm_test_top.env.rknp_agt.sqr STREAM:4579}
  CREATE_STREAM @2475000 {NAME:seq_combo_29 T:Transactions SCOPE:uvm_test_top.env.rknp_agt.sqr STREAM:4682}
  CREATE_STREAM @2545000 {NAME:seq_combo_30 T:Transactions SCOPE:uvm_test_top.env.rknp_agt.sqr STREAM:4773}
  CREATE_STREAM @2615000 {NAME:seq_combo_31 T:Transactions SCOPE:uvm_test_top.env.rknp_agt.sqr STREAM:4884}
  CREATE_STREAM @2685000 {NAME:seq_combo_32 T:Transactions SCOPE:uvm_test_top.env.rknp_agt.sqr STREAM:4975}
  CREATE_STREAM @2775000 {NAME:seq_combo_33 T:Transactions SCOPE:uvm_test_top.env.rknp_agt.sqr STREAM:5118}
  CREATE_STREAM @2865000 {NAME:seq_combo_34 T:Transactions SCOPE:uvm_test_top.env.rknp_agt.sqr STREAM:5241}
  CREATE_STREAM @2965000 {NAME:seq_combo_35 T:Transactions SCOPE:uvm_test_top.env.rknp_agt.sqr STREAM:5392}
  CREATE_STREAM @3055000 {NAME:seq_combo_36 T:Transactions SCOPE:uvm_test_top.env.rknp_agt.sqr STREAM:5515}
  CREATE_STREAM @3135000 {NAME:seq_combo_37 T:Transactions SCOPE:uvm_test_top.env.rknp_agt.sqr STREAM:5638}
  CREATE_STREAM @3205000 {NAME:seq_combo_38 T:Transactions SCOPE:uvm_test_top.env.rknp_agt.sqr STREAM:5749}
  CREATE_STREAM @3295000 {NAME:seq_combo_39 T:Transactions SCOPE:uvm_test_top.env.rknp_agt.sqr STREAM:5880}
  CREATE_STREAM @3365000 {NAME:seq_combo_40 T:Transactions SCOPE:uvm_test_top.env.rknp_agt.sqr STREAM:5991}
  CREATE_STREAM @3485000 {NAME:seq_combo_41 T:Transactions SCOPE:uvm_test_top.env.rknp_agt.sqr STREAM:6134}
  CREATE_STREAM @3575000 {NAME:seq_combo_42 T:Transactions SCOPE:uvm_test_top.env.rknp_agt.sqr STREAM:6265}
  CREATE_STREAM @3685000 {NAME:seq_combo_43 T:Transactions SCOPE:uvm_test_top.env.rknp_agt.sqr STREAM:6416}
  CREATE_STREAM @3775000 {NAME:seq_combo_44 T:Transactions SCOPE:uvm_test_top.env.rknp_agt.sqr STREAM:6547}
  CREATE_STREAM @3855000 {NAME:seq_combo_45 T:Transactions SCOPE:uvm_test_top.env.rknp_agt.sqr STREAM:6670}
  CREATE_STREAM @3925000 {NAME:seq_combo_46 T:Transactions SCOPE:uvm_test_top.env.rknp_agt.sqr STREAM:6781}
  CREATE_STREAM @4015000 {NAME:seq_combo_47 T:Transactions SCOPE:uvm_test_top.env.rknp_agt.sqr STREAM:6912}
  CREATE_STREAM @4085000 {NAME:seq_combo_48 T:Transactions SCOPE:uvm_test_top.env.rknp_agt.sqr STREAM:7023}
  CREATE_STREAM @4165000 {NAME:seq_combo_49 T:Transactions SCOPE:uvm_test_top.env.rknp_agt.sqr STREAM:7146}
  CREATE_STREAM @4255000 {NAME:seq_combo_50 T:Transactions SCOPE:uvm_test_top.env.rknp_agt.sqr STREAM:7249}
  CREATE_STREAM @4335000 {NAME:seq_combo_51 T:Transactions SCOPE:uvm_test_top.env.rknp_agt.sqr STREAM:7380}
  CREATE_STREAM @4425000 {NAME:seq_combo_52 T:Transactions SCOPE:uvm_test_top.env.rknp_agt.sqr STREAM:7483}
  CREATE_STREAM @4505000 {NAME:seq_combo_53 T:Transactions SCOPE:uvm_test_top.env.rknp_agt.sqr STREAM:7586}
  CREATE_STREAM @4575000 {NAME:seq_combo_54 T:Transactions SCOPE:uvm_test_top.env.rknp_agt.sqr STREAM:7677}
  CREATE_STREAM @4645000 {NAME:seq_combo_55 T:Transactions SCOPE:uvm_test_top.env.rknp_agt.sqr STREAM:7788}
  CREATE_STREAM @4735000 {NAME:seq_combo_56 T:Transactions SCOPE:uvm_test_top.env.rknp_agt.sqr STREAM:7879}
  CREATE_STREAM @4815000 {NAME:seq_combo_57 T:Transactions SCOPE:uvm_test_top.env.rknp_agt.sqr STREAM:8002}
  CREATE_STREAM @4885000 {NAME:seq_combo_58 T:Transactions SCOPE:uvm_test_top.env.rknp_agt.sqr STREAM:8113}
  CREATE_STREAM @4975000 {NAME:seq_combo_59 T:Transactions SCOPE:uvm_test_top.env.rknp_agt.sqr STREAM:8244}
  CREATE_STREAM @5045000 {NAME:seq_combo_60 T:Transactions SCOPE:uvm_test_top.env.rknp_agt.sqr STREAM:8355}
  CREATE_STREAM @5125000 {NAME:seq_combo_61 T:Transactions SCOPE:uvm_test_top.env.rknp_agt.sqr STREAM:8458}
  CREATE_STREAM @5195000 {NAME:seq_combo_62 T:Transactions SCOPE:uvm_test_top.env.rknp_agt.sqr STREAM:8549}
  CREATE_STREAM @5265000 {NAME:seq_combo_63 T:Transactions SCOPE:uvm_test_top.env.rknp_agt.sqr STREAM:8660}
  CREATE_STREAM @0 {NAME:seq T:Transactions SCOPE:uvm_test_top.env.rknp_agt.sqr STREAM:1208}
  CREATE_STREAM @0 {NAME:seq T:Transactions SCOPE:uvm_test_top.env.rknp_agt.sqr STREAM:1210}
  CREATE_STREAM @0 {NAME:seq T:Transactions SCOPE:uvm_test_top.env.rknp_agt.sqr STREAM:1210}
  CREATE_STREAM @0 {NAME:seq_read_okay_1 T:Transactions SCOPE:uvm_test_top.env.rknp_agt.sqr STREAM:1387}
  CREATE_STREAM @205000 {NAME:seq_read_slverr T:Transactions SCOPE:uvm_test_top.env.rknp_agt.sqr STREAM:1489}
  CREATE_STREAM @335000 {NAME:seq_read_okay_2 T:Transactions SCOPE:uvm_test_top.env.rknp_agt.sqr STREAM:1540}
  CREATE_STREAM @475000 {NAME:seq_read_decerr T:Transactions SCOPE:uvm_test_top.env.rknp_agt.sqr STREAM:1591}
  CREATE_STREAM @645000 {NAME:seq_read_okay_3 T:Transactions SCOPE:uvm_test_top.env.rknp_agt.sqr STREAM:1642}
  CREATE_STREAM @765000 {NAME:seq_write_okay_1 T:Transactions SCOPE:uvm_test_top.env.rknp_agt.sqr STREAM:1693}
  CREATE_STREAM @855000 {NAME:seq_write_slverr T:Transactions SCOPE:uvm_test_top.env.rknp_agt.sqr STREAM:1756}
  CREATE_STREAM @945000 {NAME:seq_write_okay_2 T:Transactions SCOPE:uvm_test_top.env.rknp_agt.sqr STREAM:1819}
  CREATE_STREAM @1045000 {NAME:seq_write_decerr T:Transactions SCOPE:uvm_test_top.env.rknp_agt.sqr STREAM:1882}
  CREATE_STREAM @1165000 {NAME:seq_write_okay_3 T:Transactions SCOPE:uvm_test_top.env.rknp_agt.sqr STREAM:1945}
  CREATE_STREAM @0 {NAME:seq T:Transactions SCOPE:uvm_test_top.env.rknp_agt.sqr STREAM:1208}
  CREATE_STREAM @0 {NAME:seq T:Transactions SCOPE:uvm_test_top.env.rknp_agt.sqr STREAM:1208}
  CREATE_STREAM @0 {NAME:seq_mix_inst T:Transactions SCOPE:uvm_test_top.env.rknp_agt.sqr STREAM:1208}
  CREATE_STREAM @0 {NAME:before_reset_seq T:Transactions SCOPE:uvm_test_top.env.rknp_agt.sqr STREAM:1208}
  CREATE_STREAM @725000 {NAME:reset_seq T:Transactions SCOPE:uvm_test_top.env.vseqr STREAM:1308}
  CREATE_STREAM @785000 {NAME:after_reset_seq T:Transactions SCOPE:uvm_test_top.env.rknp_agt.sqr STREAM:1324}
  CREATE_STREAM @0 {NAME:seq T:Transactions SCOPE:uvm_test_top.env.rknp_agt.sqr STREAM:1208}
  CREATE_STREAM @0 {NAME:seq T:Transactions SCOPE:uvm_test_top.env.rknp_agt.sqr STREAM:1208}
  CREATE_STREAM @0 {NAME:seq T:Transactions SCOPE:uvm_test_top.env.rknp_agt.sqr STREAM:1208}
  CREATE_STREAM @0 {NAME:seq T:Transactions SCOPE:uvm_test_top.env.rknp_agt.sqr STREAM:1208}
  CREATE_STREAM @0 {NAME:seq T:Transactions SCOPE:uvm_test_top.env.rknp_agt.sqr STREAM:1208}
  CREATE_STREAM @0 {NAME:seq T:Transactions SCOPE:uvm_test_top.env.rknp_agt.sqr STREAM:1208}
  CREATE_STREAM @0 {NAME:seq T:Transactions SCOPE:uvm_test_top.env.rknp_agt.sqr STREAM:1210}
  CREATE_STREAM @0 {NAME:seq T:Transactions SCOPE:uvm_test_top.env.rknp_agt.sqr STREAM:1210}
  CREATE_STREAM @0 {NAME:seq T:Transactions SCOPE:uvm_test_top.env.rknp_agt.sqr STREAM:1210}
  CREATE_STREAM @0 {NAME:seq T:Transactions SCOPE:uvm_test_top.env.rknp_agt.sqr STREAM:1210}
  CREATE_STREAM @0 {NAME:seq T:Transactions SCOPE:uvm_test_top.env.rknp_agt.sqr STREAM:1210}
  CREATE_STREAM @0 {NAME:seq T:Transactions SCOPE:uvm_test_top.env.rknp_agt.sqr STREAM:1210}
  CREATE_STREAM @0 {NAME:seq_gap_gt10 T:Transactions SCOPE:uvm_test_top.env.rknp_agt.sqr STREAM:1210}
  CREATE_STREAM @2995000 {NAME:seq_gap_1_10 T:Transactions SCOPE:uvm_test_top.env.rknp_agt.sqr STREAM:2221}
  CREATE_STREAM @0 {NAME:seq T:Transactions SCOPE:uvm_test_top.env.rknp_agt.sqr STREAM:1208}
  CREATE_STREAM @0 {NAME:rd_seq T:Transactions SCOPE:uvm_test_top.env.rknp_agt.sqr STREAM:1208}
  CREATE_STREAM @0 {NAME:rd_seq T:Transactions SCOPE:uvm_test_top.env.rknp_agt.sqr STREAM:1208}
  CREATE_STREAM @0 {NAME:rd_seq T:Transactions SCOPE:uvm_test_top.env.rknp_agt.sqr STREAM:1208}
  CREATE_STREAM @0 {NAME:timeout_seq T:Transactions SCOPE:uvm_test_top.env.rknp_agt.sqr STREAM:1208}
  CREATE_STREAM @100060000 {NAME:normal_seq T:Transactions SCOPE:uvm_test_top.env.rknp_agt.sqr STREAM:1296}
  CREATE_STREAM @0 {NAME:prev_seq T:Transactions SCOPE:uvm_test_top.env.rknp_agt.sqr STREAM:1210}
  CREATE_STREAM @95000 {NAME:timeout_seq T:Transactions SCOPE:uvm_test_top.env.rknp_agt.sqr STREAM:1308}
  CREATE_STREAM @0 {NAME:prev_seq T:Transactions SCOPE:uvm_test_top.env.rknp_agt.sqr STREAM:1210}
  CREATE_STREAM @95000 {NAME:timeout_seq T:Transactions SCOPE:uvm_test_top.env.rknp_agt.sqr STREAM:1316}
  CREATE_STREAM @0 {NAME:prev_seq T:Transactions SCOPE:uvm_test_top.env.rknp_agt.sqr STREAM:1210}
  CREATE_STREAM @95000 {NAME:timeout_seq T:Transactions SCOPE:uvm_test_top.env.rknp_agt.sqr STREAM:1308}
  CREATE_STREAM @0 {NAME:prev_seq T:Transactions SCOPE:uvm_test_top.env.rknp_agt.sqr STREAM:1210}
  CREATE_STREAM @95000 {NAME:timeout_seq T:Transactions SCOPE:uvm_test_top.env.rknp_agt.sqr STREAM:1316}
  CREATE_STREAM @0 {NAME:seq T:Transactions SCOPE:uvm_test_top.env.rknp_agt.sqr STREAM:1208}
  CREATE_STREAM @0 {NAME:seq T:Transactions SCOPE:uvm_test_top.env.rknp_agt.sqr STREAM:1208}
  CREATE_STREAM @0 {NAME:seq T:Transactions SCOPE:uvm_test_top.env.rknp_agt.sqr STREAM:1208}
  CREATE_STREAM @35000 {NAME:seq_watchdog_fifo_full_cov_round_1 T:Transactions SCOPE:uvm_test_top.env.rknp_agt.sqr STREAM:1259}
  CREATE_STREAM @130435000 {NAME:seq_watchdog_fifo_full_cov_round_2 T:Transactions SCOPE:uvm_test_top.env.rknp_agt.sqr STREAM:1664}
  CREATE_STREAM @0 {NAME:seq T:Transactions SCOPE:uvm_test_top.env.rknp_agt.sqr STREAM:1208}
  CREATE_STREAM @0 {NAME:seq T:Transactions SCOPE:uvm_test_top.env.rknp_agt.sqr STREAM:1208}
  CREATE_STREAM @0 {NAME:seq_round_0_write T:Transactions SCOPE:uvm_test_top.env.rknp_agt.sqr STREAM:1210}
  CREATE_STREAM @2235000 {NAME:seq_round_1_ read T:Transactions SCOPE:uvm_test_top.env.rknp_agt.sqr STREAM:1633}
  CREATE_STREAM @4365000 {NAME:seq_round_2_write T:Transactions SCOPE:uvm_test_top.env.rknp_agt.sqr STREAM:1941}
  CREATE_STREAM @6565000 {NAME:seq_round_3_ read T:Transactions SCOPE:uvm_test_top.env.rknp_agt.sqr STREAM:2313}
  CREATE_STREAM @8695000 {NAME:seq_round_4_write T:Transactions SCOPE:uvm_test_top.env.rknp_agt.sqr STREAM:2621}
  CREATE_STREAM @10895000 {NAME:seq_round_5_ read T:Transactions SCOPE:uvm_test_top.env.rknp_agt.sqr STREAM:2993}
  CREATE_STREAM @13025000 {NAME:seq_round_6_write T:Transactions SCOPE:uvm_test_top.env.rknp_agt.sqr STREAM:3301}
  CREATE_STREAM @15225000 {NAME:seq_round_7_ read T:Transactions SCOPE:uvm_test_top.env.rknp_agt.sqr STREAM:3673}
  CREATE_STREAM @17355000 {NAME:seq_round_8_write T:Transactions SCOPE:uvm_test_top.env.rknp_agt.sqr STREAM:3981}
  CREATE_STREAM @0 {NAME:seq T:Transactions SCOPE:uvm_test_top.env.rknp_agt.sqr STREAM:1208}
  CREATE_STREAM @0 {NAME:seq T:Transactions SCOPE:uvm_test_top.env.rknp_agt.sqr STREAM:1208}
  CREATE_STREAM @0 {NAME:seq T:Transactions SCOPE:uvm_test_top.env.rknp_agt.sqr STREAM:1208}
  CREATE_STREAM @0 {NAME:seq T:Transactions SCOPE:uvm_test_top.env.rknp_agt.sqr STREAM:1208}
  CREATE_STREAM @0 {NAME:seq T:Transactions SCOPE:uvm_test_top.env.rknp_agt.sqr STREAM:1208}
  CREATE_STREAM @0 {NAME:seq T:Transactions SCOPE:uvm_test_top.env.rknp_agt.sqr STREAM:1208}
  CREATE_STREAM @0 {NAME:seq T:Transactions SCOPE:uvm_test_top.env.rknp_agt.sqr STREAM:1208}
  CREATE_STREAM @0 {NAME:seq T:Transactions SCOPE:uvm_test_top.env.rknp_agt.sqr STREAM:1208}
  CREATE_STREAM @0 {NAME:seq T:Transactions SCOPE:uvm_test_top.env.rknp_agt.sqr STREAM:1208}
  CREATE_STREAM @0 {NAME:seq T:Transactions SCOPE:uvm_test_top.env.rknp_agt.sqr STREAM:1208}
  CREATE_STREAM @0 {NAME:seq T:Transactions SCOPE:uvm_test_top.env.rknp_agt.sqr STREAM:1210}
  CREATE_STREAM @0 {NAME:seq_combo_00 T:Transactions SCOPE:uvm_test_top.env.rknp_agt.sqr STREAM:1212}
  CREATE_STREAM @125000 {NAME:seq_combo_01 T:Transactions SCOPE:uvm_test_top.env.rknp_agt.sqr STREAM:1398}
  CREATE_STREAM @215000 {NAME:seq_combo_02 T:Transactions SCOPE:uvm_test_top.env.rknp_agt.sqr STREAM:1521}
  CREATE_STREAM @295000 {NAME:seq_combo_03 T:Transactions SCOPE:uvm_test_top.env.rknp_agt.sqr STREAM:1664}
  CREATE_STREAM @385000 {NAME:seq_combo_04 T:Transactions SCOPE:uvm_test_top.env.rknp_agt.sqr STREAM:1787}
  CREATE_STREAM @475000 {NAME:seq_combo_05 T:Transactions SCOPE:uvm_test_top.env.rknp_agt.sqr STREAM:1902}
  CREATE_STREAM @555000 {NAME:seq_combo_06 T:Transactions SCOPE:uvm_test_top.env.rknp_agt.sqr STREAM:2013}
  CREATE_STREAM @645000 {NAME:seq_combo_07 T:Transactions SCOPE:uvm_test_top.env.rknp_agt.sqr STREAM:2136}
  CREATE_STREAM @725000 {NAME:seq_combo_08 T:Transactions SCOPE:uvm_test_top.env.rknp_agt.sqr STREAM:2247}
  CREATE_STREAM @815000 {NAME:seq_combo_09 T:Transactions SCOPE:uvm_test_top.env.rknp_agt.sqr STREAM:2382}
  CREATE_STREAM @895000 {NAME:seq_combo_10 T:Transactions SCOPE:uvm_test_top.env.rknp_agt.sqr STREAM:2513}
  CREATE_STREAM @995000 {NAME:seq_combo_11 T:Transactions SCOPE:uvm_test_top.env.rknp_agt.sqr STREAM:2656}
  CREATE_STREAM @1075000 {NAME:seq_combo_12 T:Transactions SCOPE:uvm_test_top.env.rknp_agt.sqr STREAM:2787}
  CREATE_STREAM @1165000 {NAME:seq_combo_13 T:Transactions SCOPE:uvm_test_top.env.rknp_agt.sqr STREAM:2902}
  CREATE_STREAM @1245000 {NAME:seq_combo_14 T:Transactions SCOPE:uvm_test_top.env.rknp_agt.sqr STREAM:3013}
  CREATE_STREAM @1335000 {NAME:seq_combo_15 T:Transactions SCOPE:uvm_test_top.env.rknp_agt.sqr STREAM:3136}
  CREATE_STREAM @1415000 {NAME:seq_combo_16 T:Transactions SCOPE:uvm_test_top.env.rknp_agt.sqr STREAM:3247}
  CREATE_STREAM @1495000 {NAME:seq_combo_17 T:Transactions SCOPE:uvm_test_top.env.rknp_agt.sqr STREAM:3370}
  CREATE_STREAM @1585000 {NAME:seq_combo_18 T:Transactions SCOPE:uvm_test_top.env.rknp_agt.sqr STREAM:3473}
  CREATE_STREAM @1665000 {NAME:seq_combo_19 T:Transactions SCOPE:uvm_test_top.env.rknp_agt.sqr STREAM:3604}
  CREATE_STREAM @1755000 {NAME:seq_combo_20 T:Transactions SCOPE:uvm_test_top.env.rknp_agt.sqr STREAM:3707}
  CREATE_STREAM @1835000 {NAME:seq_combo_21 T:Transactions SCOPE:uvm_test_top.env.rknp_agt.sqr STREAM:3810}
  CREATE_STREAM @1905000 {NAME:seq_combo_22 T:Transactions SCOPE:uvm_test_top.env.rknp_agt.sqr STREAM:3901}
  CREATE_STREAM @1975000 {NAME:seq_combo_23 T:Transactions SCOPE:uvm_test_top.env.rknp_agt.sqr STREAM:4012}
  CREATE_STREAM @2045000 {NAME:seq_combo_24 T:Transactions SCOPE:uvm_test_top.env.rknp_agt.sqr STREAM:4103}
  CREATE_STREAM @2125000 {NAME:seq_combo_25 T:Transactions SCOPE:uvm_test_top.env.rknp_agt.sqr STREAM:4226}
  CREATE_STREAM @2235000 {NAME:seq_combo_26 T:Transactions SCOPE:uvm_test_top.env.rknp_agt.sqr STREAM:4337}
  CREATE_STREAM @2325000 {NAME:seq_combo_27 T:Transactions SCOPE:uvm_test_top.env.rknp_agt.sqr STREAM:4468}
  CREATE_STREAM @2395000 {NAME:seq_combo_28 T:Transactions SCOPE:uvm_test_top.env.rknp_agt.sqr STREAM:4579}
  CREATE_STREAM @2475000 {NAME:seq_combo_29 T:Transactions SCOPE:uvm_test_top.env.rknp_agt.sqr STREAM:4682}
  CREATE_STREAM @2545000 {NAME:seq_combo_30 T:Transactions SCOPE:uvm_test_top.env.rknp_agt.sqr STREAM:4773}
  CREATE_STREAM @2615000 {NAME:seq_combo_31 T:Transactions SCOPE:uvm_test_top.env.rknp_agt.sqr STREAM:4884}
  CREATE_STREAM @2685000 {NAME:seq_combo_32 T:Transactions SCOPE:uvm_test_top.env.rknp_agt.sqr STREAM:4975}
  CREATE_STREAM @2775000 {NAME:seq_combo_33 T:Transactions SCOPE:uvm_test_top.env.rknp_agt.sqr STREAM:5118}
  CREATE_STREAM @2865000 {NAME:seq_combo_34 T:Transactions SCOPE:uvm_test_top.env.rknp_agt.sqr STREAM:5241}
  CREATE_STREAM @2965000 {NAME:seq_combo_35 T:Transactions SCOPE:uvm_test_top.env.rknp_agt.sqr STREAM:5392}
  CREATE_STREAM @3055000 {NAME:seq_combo_36 T:Transactions SCOPE:uvm_test_top.env.rknp_agt.sqr STREAM:5515}
  CREATE_STREAM @3135000 {NAME:seq_combo_37 T:Transactions SCOPE:uvm_test_top.env.rknp_agt.sqr STREAM:5638}
  CREATE_STREAM @3205000 {NAME:seq_combo_38 T:Transactions SCOPE:uvm_test_top.env.rknp_agt.sqr STREAM:5749}
  CREATE_STREAM @3295000 {NAME:seq_combo_39 T:Transactions SCOPE:uvm_test_top.env.rknp_agt.sqr STREAM:5880}
  CREATE_STREAM @3365000 {NAME:seq_combo_40 T:Transactions SCOPE:uvm_test_top.env.rknp_agt.sqr STREAM:5991}
  CREATE_STREAM @3485000 {NAME:seq_combo_41 T:Transactions SCOPE:uvm_test_top.env.rknp_agt.sqr STREAM:6134}
  CREATE_STREAM @3575000 {NAME:seq_combo_42 T:Transactions SCOPE:uvm_test_top.env.rknp_agt.sqr STREAM:6265}
  CREATE_STREAM @3685000 {NAME:seq_combo_43 T:Transactions SCOPE:uvm_test_top.env.rknp_agt.sqr STREAM:6416}
  CREATE_STREAM @3775000 {NAME:seq_combo_44 T:Transactions SCOPE:uvm_test_top.env.rknp_agt.sqr STREAM:6547}
  CREATE_STREAM @3855000 {NAME:seq_combo_45 T:Transactions SCOPE:uvm_test_top.env.rknp_agt.sqr STREAM:6670}
  CREATE_STREAM @3925000 {NAME:seq_combo_46 T:Transactions SCOPE:uvm_test_top.env.rknp_agt.sqr STREAM:6781}
  CREATE_STREAM @4015000 {NAME:seq_combo_47 T:Transactions SCOPE:uvm_test_top.env.rknp_agt.sqr STREAM:6912}
  CREATE_STREAM @4085000 {NAME:seq_combo_48 T:Transactions SCOPE:uvm_test_top.env.rknp_agt.sqr STREAM:7023}
  CREATE_STREAM @4165000 {NAME:seq_combo_49 T:Transactions SCOPE:uvm_test_top.env.rknp_agt.sqr STREAM:7146}
  CREATE_STREAM @4255000 {NAME:seq_combo_50 T:Transactions SCOPE:uvm_test_top.env.rknp_agt.sqr STREAM:7249}
  CREATE_STREAM @4335000 {NAME:seq_combo_51 T:Transactions SCOPE:uvm_test_top.env.rknp_agt.sqr STREAM:7380}
  CREATE_STREAM @4425000 {NAME:seq_combo_52 T:Transactions SCOPE:uvm_test_top.env.rknp_agt.sqr STREAM:7483}
  CREATE_STREAM @4505000 {NAME:seq_combo_53 T:Transactions SCOPE:uvm_test_top.env.rknp_agt.sqr STREAM:7586}
  CREATE_STREAM @4575000 {NAME:seq_combo_54 T:Transactions SCOPE:uvm_test_top.env.rknp_agt.sqr STREAM:7677}
  CREATE_STREAM @4645000 {NAME:seq_combo_55 T:Transactions SCOPE:uvm_test_top.env.rknp_agt.sqr STREAM:7788}
  CREATE_STREAM @4735000 {NAME:seq_combo_56 T:Transactions SCOPE:uvm_test_top.env.rknp_agt.sqr STREAM:7879}
  CREATE_STREAM @4815000 {NAME:seq_combo_57 T:Transactions SCOPE:uvm_test_top.env.rknp_agt.sqr STREAM:8002}
  CREATE_STREAM @4885000 {NAME:seq_combo_58 T:Transactions SCOPE:uvm_test_top.env.rknp_agt.sqr STREAM:8113}
  CREATE_STREAM @4975000 {NAME:seq_combo_59 T:Transactions SCOPE:uvm_test_top.env.rknp_agt.sqr STREAM:8244}
  CREATE_STREAM @5045000 {NAME:seq_combo_60 T:Transactions SCOPE:uvm_test_top.env.rknp_agt.sqr STREAM:8355}
  CREATE_STREAM @5125000 {NAME:seq_combo_61 T:Transactions SCOPE:uvm_test_top.env.rknp_agt.sqr STREAM:8458}
  CREATE_STREAM @5195000 {NAME:seq_combo_62 T:Transactions SCOPE:uvm_test_top.env.rknp_agt.sqr STREAM:8549}
  CREATE_STREAM @5265000 {NAME:seq_combo_63 T:Transactions SCOPE:uvm_test_top.env.rknp_agt.sqr STREAM:8660}
  CREATE_STREAM @0 {NAME:seq T:Transactions SCOPE:uvm_test_top.env.rknp_agt.sqr STREAM:1208}
  CREATE_STREAM @0 {NAME:seq T:Transactions SCOPE:uvm_test_top.env.rknp_agt.sqr STREAM:1210}
  CREATE_STREAM @0 {NAME:seq T:Transactions SCOPE:uvm_test_top.env.rknp_agt.sqr STREAM:1210}
  CREATE_STREAM @0 {NAME:seq_read_okay_1 T:Transactions SCOPE:uvm_test_top.env.rknp_agt.sqr STREAM:1387}
  CREATE_STREAM @205000 {NAME:seq_read_slverr T:Transactions SCOPE:uvm_test_top.env.rknp_agt.sqr STREAM:1489}
  CREATE_STREAM @335000 {NAME:seq_read_okay_2 T:Transactions SCOPE:uvm_test_top.env.rknp_agt.sqr STREAM:1540}
  CREATE_STREAM @475000 {NAME:seq_read_decerr T:Transactions SCOPE:uvm_test_top.env.rknp_agt.sqr STREAM:1591}
  CREATE_STREAM @645000 {NAME:seq_read_okay_3 T:Transactions SCOPE:uvm_test_top.env.rknp_agt.sqr STREAM:1642}
  CREATE_STREAM @765000 {NAME:seq_write_okay_1 T:Transactions SCOPE:uvm_test_top.env.rknp_agt.sqr STREAM:1693}
  CREATE_STREAM @855000 {NAME:seq_write_slverr T:Transactions SCOPE:uvm_test_top.env.rknp_agt.sqr STREAM:1756}
  CREATE_STREAM @945000 {NAME:seq_write_okay_2 T:Transactions SCOPE:uvm_test_top.env.rknp_agt.sqr STREAM:1819}
  CREATE_STREAM @1045000 {NAME:seq_write_decerr T:Transactions SCOPE:uvm_test_top.env.rknp_agt.sqr STREAM:1882}
  CREATE_STREAM @1165000 {NAME:seq_write_okay_3 T:Transactions SCOPE:uvm_test_top.env.rknp_agt.sqr STREAM:1945}
  CREATE_STREAM @0 {NAME:seq T:Transactions SCOPE:uvm_test_top.env.rknp_agt.sqr STREAM:1208}
  CREATE_STREAM @0 {NAME:seq T:Transactions SCOPE:uvm_test_top.env.rknp_agt.sqr STREAM:1208}
  CREATE_STREAM @0 {NAME:seq_mix_inst T:Transactions SCOPE:uvm_test_top.env.rknp_agt.sqr STREAM:1208}
  CREATE_STREAM @0 {NAME:before_reset_seq T:Transactions SCOPE:uvm_test_top.env.rknp_agt.sqr STREAM:1208}
  CREATE_STREAM @725000 {NAME:reset_seq T:Transactions SCOPE:uvm_test_top.env.vseqr STREAM:1308}
  CREATE_STREAM @785000 {NAME:after_reset_seq T:Transactions SCOPE:uvm_test_top.env.rknp_agt.sqr STREAM:1324}
  CREATE_STREAM @0 {NAME:seq T:Transactions SCOPE:uvm_test_top.env.rknp_agt.sqr STREAM:1208}
  CREATE_STREAM @0 {NAME:seq T:Transactions SCOPE:uvm_test_top.env.rknp_agt.sqr STREAM:1208}
  CREATE_STREAM @0 {NAME:seq T:Transactions SCOPE:uvm_test_top.env.rknp_agt.sqr STREAM:1208}
  CREATE_STREAM @0 {NAME:seq T:Transactions SCOPE:uvm_test_top.env.rknp_agt.sqr STREAM:1208}
  CREATE_STREAM @0 {NAME:seq T:Transactions SCOPE:uvm_test_top.env.rknp_agt.sqr STREAM:1208}
  CREATE_STREAM @0 {NAME:seq T:Transactions SCOPE:uvm_test_top.env.rknp_agt.sqr STREAM:1208}
  CREATE_STREAM @0 {NAME:seq T:Transactions SCOPE:uvm_test_top.env.rknp_agt.sqr STREAM:1210}
  CREATE_STREAM @0 {NAME:seq T:Transactions SCOPE:uvm_test_top.env.rknp_agt.sqr STREAM:1210}
  CREATE_STREAM @0 {NAME:seq T:Transactions SCOPE:uvm_test_top.env.rknp_agt.sqr STREAM:1210}
  CREATE_STREAM @0 {NAME:seq T:Transactions SCOPE:uvm_test_top.env.rknp_agt.sqr STREAM:1210}
  CREATE_STREAM @0 {NAME:seq T:Transactions SCOPE:uvm_test_top.env.rknp_agt.sqr STREAM:1210}
  CREATE_STREAM @0 {NAME:seq T:Transactions SCOPE:uvm_test_top.env.rknp_agt.sqr STREAM:1210}
  CREATE_STREAM @0 {NAME:seq_gap_gt10 T:Transactions SCOPE:uvm_test_top.env.rknp_agt.sqr STREAM:1210}
  CREATE_STREAM @2995000 {NAME:seq_gap_1_10 T:Transactions SCOPE:uvm_test_top.env.rknp_agt.sqr STREAM:2221}
  CREATE_STREAM @0 {NAME:seq T:Transactions SCOPE:uvm_test_top.env.rknp_agt.sqr STREAM:1208}
  CREATE_STREAM @0 {NAME:rd_seq T:Transactions SCOPE:uvm_test_top.env.rknp_agt.sqr STREAM:1208}
  CREATE_STREAM @0 {NAME:rd_seq T:Transactions SCOPE:uvm_test_top.env.rknp_agt.sqr STREAM:1208}
  CREATE_STREAM @0 {NAME:rd_seq T:Transactions SCOPE:uvm_test_top.env.rknp_agt.sqr STREAM:1208}
  CREATE_STREAM @0 {NAME:timeout_seq T:Transactions SCOPE:uvm_test_top.env.rknp_agt.sqr STREAM:1208}
  CREATE_STREAM @100060000 {NAME:normal_seq T:Transactions SCOPE:uvm_test_top.env.rknp_agt.sqr STREAM:1296}
  CREATE_STREAM @0 {NAME:prev_seq T:Transactions SCOPE:uvm_test_top.env.rknp_agt.sqr STREAM:1210}
  CREATE_STREAM @95000 {NAME:timeout_seq T:Transactions SCOPE:uvm_test_top.env.rknp_agt.sqr STREAM:1308}
  CREATE_STREAM @0 {NAME:prev_seq T:Transactions SCOPE:uvm_test_top.env.rknp_agt.sqr STREAM:1210}
  CREATE_STREAM @95000 {NAME:timeout_seq T:Transactions SCOPE:uvm_test_top.env.rknp_agt.sqr STREAM:1316}
  CREATE_STREAM @0 {NAME:prev_seq T:Transactions SCOPE:uvm_test_top.env.rknp_agt.sqr STREAM:1210}
  CREATE_STREAM @95000 {NAME:timeout_seq T:Transactions SCOPE:uvm_test_top.env.rknp_agt.sqr STREAM:1308}
  CREATE_STREAM @0 {NAME:prev_seq T:Transactions SCOPE:uvm_test_top.env.rknp_agt.sqr STREAM:1210}
  CREATE_STREAM @95000 {NAME:timeout_seq T:Transactions SCOPE:uvm_test_top.env.rknp_agt.sqr STREAM:1316}
  CREATE_STREAM @0 {NAME:seq T:Transactions SCOPE:uvm_test_top.env.rknp_agt.sqr STREAM:1208}
  CREATE_STREAM @0 {NAME:seq T:Transactions SCOPE:uvm_test_top.env.rknp_agt.sqr STREAM:1208}
  CREATE_STREAM @0 {NAME:seq T:Transactions SCOPE:uvm_test_top.env.rknp_agt.sqr STREAM:1208}
  CREATE_STREAM @35000 {NAME:seq_watchdog_fifo_full_cov_round_1 T:Transactions SCOPE:uvm_test_top.env.rknp_agt.sqr STREAM:1259}
  CREATE_STREAM @130435000 {NAME:seq_watchdog_fifo_full_cov_round_2 T:Transactions SCOPE:uvm_test_top.env.rknp_agt.sqr STREAM:1664}
  CREATE_STREAM @0 {NAME:seq T:Transactions SCOPE:uvm_test_top.env.rknp_agt.sqr STREAM:1208}
  CREATE_STREAM @0 {NAME:seq T:Transactions SCOPE:uvm_test_top.env.rknp_agt.sqr STREAM:1208}
  CREATE_STREAM @0 {NAME:seq_round_0_write T:Transactions SCOPE:uvm_test_top.env.rknp_agt.sqr STREAM:1210}
  CREATE_STREAM @2235000 {NAME:seq_round_1_ read T:Transactions SCOPE:uvm_test_top.env.rknp_agt.sqr STREAM:1633}
  CREATE_STREAM @4365000 {NAME:seq_round_2_write T:Transactions SCOPE:uvm_test_top.env.rknp_agt.sqr STREAM:1941}
  CREATE_STREAM @6565000 {NAME:seq_round_3_ read T:Transactions SCOPE:uvm_test_top.env.rknp_agt.sqr STREAM:2313}
  CREATE_STREAM @8695000 {NAME:seq_round_4_write T:Transactions SCOPE:uvm_test_top.env.rknp_agt.sqr STREAM:2621}
  CREATE_STREAM @10895000 {NAME:seq_round_5_ read T:Transactions SCOPE:uvm_test_top.env.rknp_agt.sqr STREAM:2993}
  CREATE_STREAM @13025000 {NAME:seq_round_6_write T:Transactions SCOPE:uvm_test_top.env.rknp_agt.sqr STREAM:3301}
  CREATE_STREAM @15225000 {NAME:seq_round_7_ read T:Transactions SCOPE:uvm_test_top.env.rknp_agt.sqr STREAM:3673}
  CREATE_STREAM @17355000 {NAME:seq_round_8_write T:Transactions SCOPE:uvm_test_top.env.rknp_agt.sqr STREAM:3981}
  CREATE_STREAM @0 {NAME:seq T:Transactions SCOPE:uvm_test_top.env.rknp_agt.sqr STREAM:1208}
  CREATE_STREAM @0 {NAME:seq T:Transactions SCOPE:uvm_test_top.env.rknp_agt.sqr STREAM:1208}
  CREATE_STREAM @0 {NAME:seq T:Transactions SCOPE:uvm_test_top.env.rknp_agt.sqr STREAM:1208}
  CREATE_STREAM @0 {NAME:seq T:Transactions SCOPE:uvm_test_top.env.rknp_agt.sqr STREAM:1208}
  CREATE_STREAM @0 {NAME:seq T:Transactions SCOPE:uvm_test_top.env.rknp_agt.sqr STREAM:1208}
  CREATE_STREAM @0 {NAME:seq T:Transactions SCOPE:uvm_test_top.env.rknp_agt.sqr STREAM:1208}
  CREATE_STREAM @0 {NAME:seq T:Transactions SCOPE:uvm_test_top.env.rknp_agt.sqr STREAM:1208}
  CREATE_STREAM @0 {NAME:seq T:Transactions SCOPE:uvm_test_top.env.rknp_agt.sqr STREAM:1208}
  CREATE_STREAM @0 {NAME:seq T:Transactions SCOPE:uvm_test_top.env.rknp_agt.sqr STREAM:1208}
  CREATE_STREAM @0 {NAME:seq T:Transactions SCOPE:uvm_test_top.env.rknp_agt.sqr STREAM:1208}
  CREATE_STREAM @0 {NAME:seq T:Transactions SCOPE:uvm_test_top.env.rknp_agt.sqr STREAM:1210}
  CREATE_STREAM @0 {NAME:seq_combo_00 T:Transactions SCOPE:uvm_test_top.env.rknp_agt.sqr STREAM:1212}
  CREATE_STREAM @125000 {NAME:seq_combo_01 T:Transactions SCOPE:uvm_test_top.env.rknp_agt.sqr STREAM:1398}
  CREATE_STREAM @215000 {NAME:seq_combo_02 T:Transactions SCOPE:uvm_test_top.env.rknp_agt.sqr STREAM:1521}
  CREATE_STREAM @295000 {NAME:seq_combo_03 T:Transactions SCOPE:uvm_test_top.env.rknp_agt.sqr STREAM:1664}
  CREATE_STREAM @385000 {NAME:seq_combo_04 T:Transactions SCOPE:uvm_test_top.env.rknp_agt.sqr STREAM:1787}
  CREATE_STREAM @475000 {NAME:seq_combo_05 T:Transactions SCOPE:uvm_test_top.env.rknp_agt.sqr STREAM:1902}
  CREATE_STREAM @555000 {NAME:seq_combo_06 T:Transactions SCOPE:uvm_test_top.env.rknp_agt.sqr STREAM:2013}
  CREATE_STREAM @645000 {NAME:seq_combo_07 T:Transactions SCOPE:uvm_test_top.env.rknp_agt.sqr STREAM:2136}
  CREATE_STREAM @725000 {NAME:seq_combo_08 T:Transactions SCOPE:uvm_test_top.env.rknp_agt.sqr STREAM:2247}
  CREATE_STREAM @815000 {NAME:seq_combo_09 T:Transactions SCOPE:uvm_test_top.env.rknp_agt.sqr STREAM:2382}
  CREATE_STREAM @895000 {NAME:seq_combo_10 T:Transactions SCOPE:uvm_test_top.env.rknp_agt.sqr STREAM:2513}
  CREATE_STREAM @995000 {NAME:seq_combo_11 T:Transactions SCOPE:uvm_test_top.env.rknp_agt.sqr STREAM:2656}
  CREATE_STREAM @1075000 {NAME:seq_combo_12 T:Transactions SCOPE:uvm_test_top.env.rknp_agt.sqr STREAM:2787}
  CREATE_STREAM @1165000 {NAME:seq_combo_13 T:Transactions SCOPE:uvm_test_top.env.rknp_agt.sqr STREAM:2902}
  CREATE_STREAM @1245000 {NAME:seq_combo_14 T:Transactions SCOPE:uvm_test_top.env.rknp_agt.sqr STREAM:3013}
  CREATE_STREAM @1335000 {NAME:seq_combo_15 T:Transactions SCOPE:uvm_test_top.env.rknp_agt.sqr STREAM:3136}
  CREATE_STREAM @1415000 {NAME:seq_combo_16 T:Transactions SCOPE:uvm_test_top.env.rknp_agt.sqr STREAM:3247}
  CREATE_STREAM @1495000 {NAME:seq_combo_17 T:Transactions SCOPE:uvm_test_top.env.rknp_agt.sqr STREAM:3370}
  CREATE_STREAM @1585000 {NAME:seq_combo_18 T:Transactions SCOPE:uvm_test_top.env.rknp_agt.sqr STREAM:3473}
  CREATE_STREAM @1665000 {NAME:seq_combo_19 T:Transactions SCOPE:uvm_test_top.env.rknp_agt.sqr STREAM:3604}
  CREATE_STREAM @1755000 {NAME:seq_combo_20 T:Transactions SCOPE:uvm_test_top.env.rknp_agt.sqr STREAM:3707}
  CREATE_STREAM @1835000 {NAME:seq_combo_21 T:Transactions SCOPE:uvm_test_top.env.rknp_agt.sqr STREAM:3810}
  CREATE_STREAM @1905000 {NAME:seq_combo_22 T:Transactions SCOPE:uvm_test_top.env.rknp_agt.sqr STREAM:3901}
  CREATE_STREAM @1975000 {NAME:seq_combo_23 T:Transactions SCOPE:uvm_test_top.env.rknp_agt.sqr STREAM:4012}
  CREATE_STREAM @2045000 {NAME:seq_combo_24 T:Transactions SCOPE:uvm_test_top.env.rknp_agt.sqr STREAM:4103}
  CREATE_STREAM @2125000 {NAME:seq_combo_25 T:Transactions SCOPE:uvm_test_top.env.rknp_agt.sqr STREAM:4226}
  CREATE_STREAM @2235000 {NAME:seq_combo_26 T:Transactions SCOPE:uvm_test_top.env.rknp_agt.sqr STREAM:4337}
  CREATE_STREAM @2325000 {NAME:seq_combo_27 T:Transactions SCOPE:uvm_test_top.env.rknp_agt.sqr STREAM:4468}
  CREATE_STREAM @2395000 {NAME:seq_combo_28 T:Transactions SCOPE:uvm_test_top.env.rknp_agt.sqr STREAM:4579}
  CREATE_STREAM @2475000 {NAME:seq_combo_29 T:Transactions SCOPE:uvm_test_top.env.rknp_agt.sqr STREAM:4682}
  CREATE_STREAM @2545000 {NAME:seq_combo_30 T:Transactions SCOPE:uvm_test_top.env.rknp_agt.sqr STREAM:4773}
  CREATE_STREAM @2615000 {NAME:seq_combo_31 T:Transactions SCOPE:uvm_test_top.env.rknp_agt.sqr STREAM:4884}
  CREATE_STREAM @2685000 {NAME:seq_combo_32 T:Transactions SCOPE:uvm_test_top.env.rknp_agt.sqr STREAM:4975}
  CREATE_STREAM @2775000 {NAME:seq_combo_33 T:Transactions SCOPE:uvm_test_top.env.rknp_agt.sqr STREAM:5118}
  CREATE_STREAM @2865000 {NAME:seq_combo_34 T:Transactions SCOPE:uvm_test_top.env.rknp_agt.sqr STREAM:5241}
  CREATE_STREAM @2965000 {NAME:seq_combo_35 T:Transactions SCOPE:uvm_test_top.env.rknp_agt.sqr STREAM:5392}
  CREATE_STREAM @3055000 {NAME:seq_combo_36 T:Transactions SCOPE:uvm_test_top.env.rknp_agt.sqr STREAM:5515}
  CREATE_STREAM @3135000 {NAME:seq_combo_37 T:Transactions SCOPE:uvm_test_top.env.rknp_agt.sqr STREAM:5638}
  CREATE_STREAM @3205000 {NAME:seq_combo_38 T:Transactions SCOPE:uvm_test_top.env.rknp_agt.sqr STREAM:5749}
  CREATE_STREAM @3295000 {NAME:seq_combo_39 T:Transactions SCOPE:uvm_test_top.env.rknp_agt.sqr STREAM:5880}
  CREATE_STREAM @3365000 {NAME:seq_combo_40 T:Transactions SCOPE:uvm_test_top.env.rknp_agt.sqr STREAM:5991}
  CREATE_STREAM @3485000 {NAME:seq_combo_41 T:Transactions SCOPE:uvm_test_top.env.rknp_agt.sqr STREAM:6134}
  CREATE_STREAM @3575000 {NAME:seq_combo_42 T:Transactions SCOPE:uvm_test_top.env.rknp_agt.sqr STREAM:6265}
  CREATE_STREAM @3685000 {NAME:seq_combo_43 T:Transactions SCOPE:uvm_test_top.env.rknp_agt.sqr STREAM:6416}
  CREATE_STREAM @3775000 {NAME:seq_combo_44 T:Transactions SCOPE:uvm_test_top.env.rknp_agt.sqr STREAM:6547}
  CREATE_STREAM @3855000 {NAME:seq_combo_45 T:Transactions SCOPE:uvm_test_top.env.rknp_agt.sqr STREAM:6670}
  CREATE_STREAM @3925000 {NAME:seq_combo_46 T:Transactions SCOPE:uvm_test_top.env.rknp_agt.sqr STREAM:6781}
  CREATE_STREAM @4015000 {NAME:seq_combo_47 T:Transactions SCOPE:uvm_test_top.env.rknp_agt.sqr STREAM:6912}
  CREATE_STREAM @4085000 {NAME:seq_combo_48 T:Transactions SCOPE:uvm_test_top.env.rknp_agt.sqr STREAM:7023}
  CREATE_STREAM @4165000 {NAME:seq_combo_49 T:Transactions SCOPE:uvm_test_top.env.rknp_agt.sqr STREAM:7146}
  CREATE_STREAM @4255000 {NAME:seq_combo_50 T:Transactions SCOPE:uvm_test_top.env.rknp_agt.sqr STREAM:7249}
  CREATE_STREAM @4335000 {NAME:seq_combo_51 T:Transactions SCOPE:uvm_test_top.env.rknp_agt.sqr STREAM:7380}
  CREATE_STREAM @4425000 {NAME:seq_combo_52 T:Transactions SCOPE:uvm_test_top.env.rknp_agt.sqr STREAM:7483}
  CREATE_STREAM @4505000 {NAME:seq_combo_53 T:Transactions SCOPE:uvm_test_top.env.rknp_agt.sqr STREAM:7586}
  CREATE_STREAM @4575000 {NAME:seq_combo_54 T:Transactions SCOPE:uvm_test_top.env.rknp_agt.sqr STREAM:7677}
  CREATE_STREAM @4645000 {NAME:seq_combo_55 T:Transactions SCOPE:uvm_test_top.env.rknp_agt.sqr STREAM:7788}
  CREATE_STREAM @4735000 {NAME:seq_combo_56 T:Transactions SCOPE:uvm_test_top.env.rknp_agt.sqr STREAM:7879}
  CREATE_STREAM @4815000 {NAME:seq_combo_57 T:Transactions SCOPE:uvm_test_top.env.rknp_agt.sqr STREAM:8002}
  CREATE_STREAM @4885000 {NAME:seq_combo_58 T:Transactions SCOPE:uvm_test_top.env.rknp_agt.sqr STREAM:8113}
  CREATE_STREAM @4975000 {NAME:seq_combo_59 T:Transactions SCOPE:uvm_test_top.env.rknp_agt.sqr STREAM:8244}
  CREATE_STREAM @5045000 {NAME:seq_combo_60 T:Transactions SCOPE:uvm_test_top.env.rknp_agt.sqr STREAM:8355}
  CREATE_STREAM @5125000 {NAME:seq_combo_61 T:Transactions SCOPE:uvm_test_top.env.rknp_agt.sqr STREAM:8458}
  CREATE_STREAM @5195000 {NAME:seq_combo_62 T:Transactions SCOPE:uvm_test_top.env.rknp_agt.sqr STREAM:8549}
  CREATE_STREAM @5265000 {NAME:seq_combo_63 T:Transactions SCOPE:uvm_test_top.env.rknp_agt.sqr STREAM:8660}
  CREATE_STREAM @0 {NAME:seq T:Transactions SCOPE:uvm_test_top.env.rknp_agt.sqr STREAM:1208}
  CREATE_STREAM @0 {NAME:seq T:Transactions SCOPE:uvm_test_top.env.rknp_agt.sqr STREAM:1210}
  CREATE_STREAM @0 {NAME:seq T:Transactions SCOPE:uvm_test_top.env.rknp_agt.sqr STREAM:1210}
  CREATE_STREAM @0 {NAME:seq_read_okay_1 T:Transactions SCOPE:uvm_test_top.env.rknp_agt.sqr STREAM:1387}
  CREATE_STREAM @205000 {NAME:seq_read_slverr T:Transactions SCOPE:uvm_test_top.env.rknp_agt.sqr STREAM:1489}
  CREATE_STREAM @335000 {NAME:seq_read_okay_2 T:Transactions SCOPE:uvm_test_top.env.rknp_agt.sqr STREAM:1540}
  CREATE_STREAM @475000 {NAME:seq_read_decerr T:Transactions SCOPE:uvm_test_top.env.rknp_agt.sqr STREAM:1591}
  CREATE_STREAM @645000 {NAME:seq_read_okay_3 T:Transactions SCOPE:uvm_test_top.env.rknp_agt.sqr STREAM:1642}
  CREATE_STREAM @765000 {NAME:seq_write_okay_1 T:Transactions SCOPE:uvm_test_top.env.rknp_agt.sqr STREAM:1693}
  CREATE_STREAM @855000 {NAME:seq_write_slverr T:Transactions SCOPE:uvm_test_top.env.rknp_agt.sqr STREAM:1756}
  CREATE_STREAM @945000 {NAME:seq_write_okay_2 T:Transactions SCOPE:uvm_test_top.env.rknp_agt.sqr STREAM:1819}
  CREATE_STREAM @1045000 {NAME:seq_write_decerr T:Transactions SCOPE:uvm_test_top.env.rknp_agt.sqr STREAM:1882}
  CREATE_STREAM @1165000 {NAME:seq_write_okay_3 T:Transactions SCOPE:uvm_test_top.env.rknp_agt.sqr STREAM:1945}
  CREATE_STREAM @0 {NAME:seq T:Transactions SCOPE:uvm_test_top.env.rknp_agt.sqr STREAM:1208}
  CREATE_STREAM @0 {NAME:seq T:Transactions SCOPE:uvm_test_top.env.rknp_agt.sqr STREAM:1208}
  CREATE_STREAM @0 {NAME:seq_mix_inst T:Transactions SCOPE:uvm_test_top.env.rknp_agt.sqr STREAM:1208}
  CREATE_STREAM @0 {NAME:before_reset_seq T:Transactions SCOPE:uvm_test_top.env.rknp_agt.sqr STREAM:1208}
  CREATE_STREAM @725000 {NAME:reset_seq T:Transactions SCOPE:uvm_test_top.env.vseqr STREAM:1308}
  CREATE_STREAM @785000 {NAME:after_reset_seq T:Transactions SCOPE:uvm_test_top.env.rknp_agt.sqr STREAM:1324}
  CREATE_STREAM @0 {NAME:seq T:Transactions SCOPE:uvm_test_top.env.rknp_agt.sqr STREAM:1208}
  CREATE_STREAM @0 {NAME:seq T:Transactions SCOPE:uvm_test_top.env.rknp_agt.sqr STREAM:1208}
  CREATE_STREAM @0 {NAME:seq T:Transactions SCOPE:uvm_test_top.env.rknp_agt.sqr STREAM:1208}
  CREATE_STREAM @0 {NAME:seq T:Transactions SCOPE:uvm_test_top.env.rknp_agt.sqr STREAM:1208}
  CREATE_STREAM @0 {NAME:seq T:Transactions SCOPE:uvm_test_top.env.rknp_agt.sqr STREAM:1208}
  CREATE_STREAM @0 {NAME:seq T:Transactions SCOPE:uvm_test_top.env.rknp_agt.sqr STREAM:1208}
  CREATE_STREAM @0 {NAME:seq T:Transactions SCOPE:uvm_test_top.env.rknp_agt.sqr STREAM:1210}
  CREATE_STREAM @0 {NAME:seq T:Transactions SCOPE:uvm_test_top.env.rknp_agt.sqr STREAM:1210}
  CREATE_STREAM @0 {NAME:seq T:Transactions SCOPE:uvm_test_top.env.rknp_agt.sqr STREAM:1210}
  CREATE_STREAM @0 {NAME:seq T:Transactions SCOPE:uvm_test_top.env.rknp_agt.sqr STREAM:1210}
  CREATE_STREAM @0 {NAME:seq T:Transactions SCOPE:uvm_test_top.env.rknp_agt.sqr STREAM:1210}
  CREATE_STREAM @0 {NAME:seq T:Transactions SCOPE:uvm_test_top.env.rknp_agt.sqr STREAM:1210}
  CREATE_STREAM @0 {NAME:seq_gap_gt10 T:Transactions SCOPE:uvm_test_top.env.rknp_agt.sqr STREAM:1210}
  CREATE_STREAM @2995000 {NAME:seq_gap_1_10 T:Transactions SCOPE:uvm_test_top.env.rknp_agt.sqr STREAM:2221}
  CREATE_STREAM @0 {NAME:seq T:Transactions SCOPE:uvm_test_top.env.rknp_agt.sqr STREAM:1208}
  CREATE_STREAM @0 {NAME:rd_seq T:Transactions SCOPE:uvm_test_top.env.rknp_agt.sqr STREAM:1208}
  CREATE_STREAM @0 {NAME:rd_seq T:Transactions SCOPE:uvm_test_top.env.rknp_agt.sqr STREAM:1208}
  CREATE_STREAM @0 {NAME:rd_seq T:Transactions SCOPE:uvm_test_top.env.rknp_agt.sqr STREAM:1208}
  CREATE_STREAM @0 {NAME:timeout_seq T:Transactions SCOPE:uvm_test_top.env.rknp_agt.sqr STREAM:1208}
  CREATE_STREAM @100060000 {NAME:normal_seq T:Transactions SCOPE:uvm_test_top.env.rknp_agt.sqr STREAM:1296}
  CREATE_STREAM @0 {NAME:prev_seq T:Transactions SCOPE:uvm_test_top.env.rknp_agt.sqr STREAM:1210}
  CREATE_STREAM @95000 {NAME:timeout_seq T:Transactions SCOPE:uvm_test_top.env.rknp_agt.sqr STREAM:1308}
  CREATE_STREAM @0 {NAME:prev_seq T:Transactions SCOPE:uvm_test_top.env.rknp_agt.sqr STREAM:1210}
  CREATE_STREAM @95000 {NAME:timeout_seq T:Transactions SCOPE:uvm_test_top.env.rknp_agt.sqr STREAM:1316}
  CREATE_STREAM @0 {NAME:prev_seq T:Transactions SCOPE:uvm_test_top.env.rknp_agt.sqr STREAM:1210}
  CREATE_STREAM @95000 {NAME:timeout_seq T:Transactions SCOPE:uvm_test_top.env.rknp_agt.sqr STREAM:1308}
  CREATE_STREAM @0 {NAME:prev_seq T:Transactions SCOPE:uvm_test_top.env.rknp_agt.sqr STREAM:1210}
  CREATE_STREAM @95000 {NAME:timeout_seq T:Transactions SCOPE:uvm_test_top.env.rknp_agt.sqr STREAM:1316}
  CREATE_STREAM @0 {NAME:seq T:Transactions SCOPE:uvm_test_top.env.rknp_agt.sqr STREAM:1208}
  CREATE_STREAM @0 {NAME:seq T:Transactions SCOPE:uvm_test_top.env.rknp_agt.sqr STREAM:1208}
  CREATE_STREAM @0 {NAME:seq T:Transactions SCOPE:uvm_test_top.env.rknp_agt.sqr STREAM:1208}
  CREATE_STREAM @35000 {NAME:seq_watchdog_fifo_full_cov_round_1 T:Transactions SCOPE:uvm_test_top.env.rknp_agt.sqr STREAM:1259}
  CREATE_STREAM @130435000 {NAME:seq_watchdog_fifo_full_cov_round_2 T:Transactions SCOPE:uvm_test_top.env.rknp_agt.sqr STREAM:1664}
  CREATE_STREAM @0 {NAME:seq T:Transactions SCOPE:uvm_test_top.env.rknp_agt.sqr STREAM:1208}
  CREATE_STREAM @0 {NAME:seq T:Transactions SCOPE:uvm_test_top.env.rknp_agt.sqr STREAM:1208}
  CREATE_STREAM @0 {NAME:seq_round_0_write T:Transactions SCOPE:uvm_test_top.env.rknp_agt.sqr STREAM:1210}
  CREATE_STREAM @2235000 {NAME:seq_round_1_ read T:Transactions SCOPE:uvm_test_top.env.rknp_agt.sqr STREAM:1633}
  CREATE_STREAM @4365000 {NAME:seq_round_2_write T:Transactions SCOPE:uvm_test_top.env.rknp_agt.sqr STREAM:1941}
  CREATE_STREAM @6565000 {NAME:seq_round_3_ read T:Transactions SCOPE:uvm_test_top.env.rknp_agt.sqr STREAM:2313}
  CREATE_STREAM @8695000 {NAME:seq_round_4_write T:Transactions SCOPE:uvm_test_top.env.rknp_agt.sqr STREAM:2621}
  CREATE_STREAM @10895000 {NAME:seq_round_5_ read T:Transactions SCOPE:uvm_test_top.env.rknp_agt.sqr STREAM:2993}
  CREATE_STREAM @13025000 {NAME:seq_round_6_write T:Transactions SCOPE:uvm_test_top.env.rknp_agt.sqr STREAM:3301}
  CREATE_STREAM @15225000 {NAME:seq_round_7_ read T:Transactions SCOPE:uvm_test_top.env.rknp_agt.sqr STREAM:3673}
  CREATE_STREAM @17355000 {NAME:seq_round_8_write T:Transactions SCOPE:uvm_test_top.env.rknp_agt.sqr STREAM:3981}
  CREATE_STREAM @0 {NAME:seq T:Transactions SCOPE:uvm_test_top.env.rknp_agt.sqr STREAM:1208}
  CREATE_STREAM @0 {NAME:seq T:Transactions SCOPE:uvm_test_top.env.rknp_agt.sqr STREAM:1208}
  CREATE_STREAM @0 {NAME:seq T:Transactions SCOPE:uvm_test_top.env.rknp_agt.sqr STREAM:1208}
  CREATE_STREAM @0 {NAME:seq T:Transactions SCOPE:uvm_test_top.env.rknp_agt.sqr STREAM:1208}
  CREATE_STREAM @0 {NAME:seq T:Transactions SCOPE:uvm_test_top.env.rknp_agt.sqr STREAM:1208}
  CREATE_STREAM @0 {NAME:seq T:Transactions SCOPE:uvm_test_top.env.rknp_agt.sqr STREAM:1208}
  CREATE_STREAM @0 {NAME:seq T:Transactions SCOPE:uvm_test_top.env.rknp_agt.sqr STREAM:1208}
  CREATE_STREAM @0 {NAME:seq T:Transactions SCOPE:uvm_test_top.env.rknp_agt.sqr STREAM:1208}
  CREATE_STREAM @0 {NAME:seq T:Transactions SCOPE:uvm_test_top.env.rknp_agt.sqr STREAM:1208}
  CREATE_STREAM @0 {NAME:seq T:Transactions SCOPE:uvm_test_top.env.rknp_agt.sqr STREAM:1208}
  CREATE_STREAM @0 {NAME:seq T:Transactions SCOPE:uvm_test_top.env.rknp_agt.sqr STREAM:1210}
  CREATE_STREAM @0 {NAME:seq_combo_00 T:Transactions SCOPE:uvm_test_top.env.rknp_agt.sqr STREAM:1212}
  CREATE_STREAM @125000 {NAME:seq_combo_01 T:Transactions SCOPE:uvm_test_top.env.rknp_agt.sqr STREAM:1398}
  CREATE_STREAM @215000 {NAME:seq_combo_02 T:Transactions SCOPE:uvm_test_top.env.rknp_agt.sqr STREAM:1521}
  CREATE_STREAM @295000 {NAME:seq_combo_03 T:Transactions SCOPE:uvm_test_top.env.rknp_agt.sqr STREAM:1664}
  CREATE_STREAM @385000 {NAME:seq_combo_04 T:Transactions SCOPE:uvm_test_top.env.rknp_agt.sqr STREAM:1787}
  CREATE_STREAM @475000 {NAME:seq_combo_05 T:Transactions SCOPE:uvm_test_top.env.rknp_agt.sqr STREAM:1902}
  CREATE_STREAM @555000 {NAME:seq_combo_06 T:Transactions SCOPE:uvm_test_top.env.rknp_agt.sqr STREAM:2013}
  CREATE_STREAM @645000 {NAME:seq_combo_07 T:Transactions SCOPE:uvm_test_top.env.rknp_agt.sqr STREAM:2136}
  CREATE_STREAM @725000 {NAME:seq_combo_08 T:Transactions SCOPE:uvm_test_top.env.rknp_agt.sqr STREAM:2247}
  CREATE_STREAM @815000 {NAME:seq_combo_09 T:Transactions SCOPE:uvm_test_top.env.rknp_agt.sqr STREAM:2382}
  CREATE_STREAM @895000 {NAME:seq_combo_10 T:Transactions SCOPE:uvm_test_top.env.rknp_agt.sqr STREAM:2513}
  CREATE_STREAM @995000 {NAME:seq_combo_11 T:Transactions SCOPE:uvm_test_top.env.rknp_agt.sqr STREAM:2656}
  CREATE_STREAM @1075000 {NAME:seq_combo_12 T:Transactions SCOPE:uvm_test_top.env.rknp_agt.sqr STREAM:2787}
  CREATE_STREAM @1165000 {NAME:seq_combo_13 T:Transactions SCOPE:uvm_test_top.env.rknp_agt.sqr STREAM:2902}
  CREATE_STREAM @1245000 {NAME:seq_combo_14 T:Transactions SCOPE:uvm_test_top.env.rknp_agt.sqr STREAM:3013}
  CREATE_STREAM @1335000 {NAME:seq_combo_15 T:Transactions SCOPE:uvm_test_top.env.rknp_agt.sqr STREAM:3136}
  CREATE_STREAM @1415000 {NAME:seq_combo_16 T:Transactions SCOPE:uvm_test_top.env.rknp_agt.sqr STREAM:3247}
  CREATE_STREAM @1495000 {NAME:seq_combo_17 T:Transactions SCOPE:uvm_test_top.env.rknp_agt.sqr STREAM:3370}
  CREATE_STREAM @1585000 {NAME:seq_combo_18 T:Transactions SCOPE:uvm_test_top.env.rknp_agt.sqr STREAM:3473}
  CREATE_STREAM @1665000 {NAME:seq_combo_19 T:Transactions SCOPE:uvm_test_top.env.rknp_agt.sqr STREAM:3604}
  CREATE_STREAM @1755000 {NAME:seq_combo_20 T:Transactions SCOPE:uvm_test_top.env.rknp_agt.sqr STREAM:3707}
  CREATE_STREAM @1835000 {NAME:seq_combo_21 T:Transactions SCOPE:uvm_test_top.env.rknp_agt.sqr STREAM:3810}
  CREATE_STREAM @1905000 {NAME:seq_combo_22 T:Transactions SCOPE:uvm_test_top.env.rknp_agt.sqr STREAM:3901}
  CREATE_STREAM @1975000 {NAME:seq_combo_23 T:Transactions SCOPE:uvm_test_top.env.rknp_agt.sqr STREAM:4012}
  CREATE_STREAM @2045000 {NAME:seq_combo_24 T:Transactions SCOPE:uvm_test_top.env.rknp_agt.sqr STREAM:4103}
  CREATE_STREAM @2125000 {NAME:seq_combo_25 T:Transactions SCOPE:uvm_test_top.env.rknp_agt.sqr STREAM:4226}
  CREATE_STREAM @2235000 {NAME:seq_combo_26 T:Transactions SCOPE:uvm_test_top.env.rknp_agt.sqr STREAM:4337}
  CREATE_STREAM @2325000 {NAME:seq_combo_27 T:Transactions SCOPE:uvm_test_top.env.rknp_agt.sqr STREAM:4468}
  CREATE_STREAM @2395000 {NAME:seq_combo_28 T:Transactions SCOPE:uvm_test_top.env.rknp_agt.sqr STREAM:4579}
  CREATE_STREAM @2475000 {NAME:seq_combo_29 T:Transactions SCOPE:uvm_test_top.env.rknp_agt.sqr STREAM:4682}
  CREATE_STREAM @2545000 {NAME:seq_combo_30 T:Transactions SCOPE:uvm_test_top.env.rknp_agt.sqr STREAM:4773}
  CREATE_STREAM @2615000 {NAME:seq_combo_31 T:Transactions SCOPE:uvm_test_top.env.rknp_agt.sqr STREAM:4884}
  CREATE_STREAM @2685000 {NAME:seq_combo_32 T:Transactions SCOPE:uvm_test_top.env.rknp_agt.sqr STREAM:4975}
  CREATE_STREAM @2775000 {NAME:seq_combo_33 T:Transactions SCOPE:uvm_test_top.env.rknp_agt.sqr STREAM:5118}
  CREATE_STREAM @2865000 {NAME:seq_combo_34 T:Transactions SCOPE:uvm_test_top.env.rknp_agt.sqr STREAM:5241}
  CREATE_STREAM @2965000 {NAME:seq_combo_35 T:Transactions SCOPE:uvm_test_top.env.rknp_agt.sqr STREAM:5392}
  CREATE_STREAM @3055000 {NAME:seq_combo_36 T:Transactions SCOPE:uvm_test_top.env.rknp_agt.sqr STREAM:5515}
  CREATE_STREAM @3135000 {NAME:seq_combo_37 T:Transactions SCOPE:uvm_test_top.env.rknp_agt.sqr STREAM:5638}
  CREATE_STREAM @3205000 {NAME:seq_combo_38 T:Transactions SCOPE:uvm_test_top.env.rknp_agt.sqr STREAM:5749}
  CREATE_STREAM @3295000 {NAME:seq_combo_39 T:Transactions SCOPE:uvm_test_top.env.rknp_agt.sqr STREAM:5880}
  CREATE_STREAM @3365000 {NAME:seq_combo_40 T:Transactions SCOPE:uvm_test_top.env.rknp_agt.sqr STREAM:5991}
  CREATE_STREAM @3485000 {NAME:seq_combo_41 T:Transactions SCOPE:uvm_test_top.env.rknp_agt.sqr STREAM:6134}
  CREATE_STREAM @3575000 {NAME:seq_combo_42 T:Transactions SCOPE:uvm_test_top.env.rknp_agt.sqr STREAM:6265}
  CREATE_STREAM @3685000 {NAME:seq_combo_43 T:Transactions SCOPE:uvm_test_top.env.rknp_agt.sqr STREAM:6416}
  CREATE_STREAM @3775000 {NAME:seq_combo_44 T:Transactions SCOPE:uvm_test_top.env.rknp_agt.sqr STREAM:6547}
  CREATE_STREAM @3855000 {NAME:seq_combo_45 T:Transactions SCOPE:uvm_test_top.env.rknp_agt.sqr STREAM:6670}
  CREATE_STREAM @3925000 {NAME:seq_combo_46 T:Transactions SCOPE:uvm_test_top.env.rknp_agt.sqr STREAM:6781}
  CREATE_STREAM @4015000 {NAME:seq_combo_47 T:Transactions SCOPE:uvm_test_top.env.rknp_agt.sqr STREAM:6912}
  CREATE_STREAM @4085000 {NAME:seq_combo_48 T:Transactions SCOPE:uvm_test_top.env.rknp_agt.sqr STREAM:7023}
  CREATE_STREAM @4165000 {NAME:seq_combo_49 T:Transactions SCOPE:uvm_test_top.env.rknp_agt.sqr STREAM:7146}
  CREATE_STREAM @4255000 {NAME:seq_combo_50 T:Transactions SCOPE:uvm_test_top.env.rknp_agt.sqr STREAM:7249}
  CREATE_STREAM @4335000 {NAME:seq_combo_51 T:Transactions SCOPE:uvm_test_top.env.rknp_agt.sqr STREAM:7380}
  CREATE_STREAM @4425000 {NAME:seq_combo_52 T:Transactions SCOPE:uvm_test_top.env.rknp_agt.sqr STREAM:7483}
  CREATE_STREAM @4505000 {NAME:seq_combo_53 T:Transactions SCOPE:uvm_test_top.env.rknp_agt.sqr STREAM:7586}
  CREATE_STREAM @4575000 {NAME:seq_combo_54 T:Transactions SCOPE:uvm_test_top.env.rknp_agt.sqr STREAM:7677}
  CREATE_STREAM @4645000 {NAME:seq_combo_55 T:Transactions SCOPE:uvm_test_top.env.rknp_agt.sqr STREAM:7788}
  CREATE_STREAM @4735000 {NAME:seq_combo_56 T:Transactions SCOPE:uvm_test_top.env.rknp_agt.sqr STREAM:7879}
  CREATE_STREAM @4815000 {NAME:seq_combo_57 T:Transactions SCOPE:uvm_test_top.env.rknp_agt.sqr STREAM:8002}
  CREATE_STREAM @4885000 {NAME:seq_combo_58 T:Transactions SCOPE:uvm_test_top.env.rknp_agt.sqr STREAM:8113}
  CREATE_STREAM @4975000 {NAME:seq_combo_59 T:Transactions SCOPE:uvm_test_top.env.rknp_agt.sqr STREAM:8244}
  CREATE_STREAM @5045000 {NAME:seq_combo_60 T:Transactions SCOPE:uvm_test_top.env.rknp_agt.sqr STREAM:8355}
  CREATE_STREAM @5125000 {NAME:seq_combo_61 T:Transactions SCOPE:uvm_test_top.env.rknp_agt.sqr STREAM:8458}
  CREATE_STREAM @5195000 {NAME:seq_combo_62 T:Transactions SCOPE:uvm_test_top.env.rknp_agt.sqr STREAM:8549}
  CREATE_STREAM @5265000 {NAME:seq_combo_63 T:Transactions SCOPE:uvm_test_top.env.rknp_agt.sqr STREAM:8660}
  CREATE_STREAM @0 {NAME:seq T:Transactions SCOPE:uvm_test_top.env.rknp_agt.sqr STREAM:1210}
  CREATE_STREAM @0 {NAME:seq T:Transactions SCOPE:uvm_test_top.env.rknp_agt.sqr STREAM:1210}
  CREATE_STREAM @0 {NAME:seq T:Transactions SCOPE:uvm_test_top.env.rknp_agt.sqr STREAM:1210}
  CREATE_STREAM @0 {NAME:seq_read_okay_1 T:Transactions SCOPE:uvm_test_top.env.rknp_agt.sqr STREAM:1387}
  CREATE_STREAM @205000 {NAME:seq_read_slverr T:Transactions SCOPE:uvm_test_top.env.rknp_agt.sqr STREAM:1489}
  CREATE_STREAM @335000 {NAME:seq_read_okay_2 T:Transactions SCOPE:uvm_test_top.env.rknp_agt.sqr STREAM:1540}
  CREATE_STREAM @475000 {NAME:seq_read_decerr T:Transactions SCOPE:uvm_test_top.env.rknp_agt.sqr STREAM:1591}
  CREATE_STREAM @645000 {NAME:seq_read_okay_3 T:Transactions SCOPE:uvm_test_top.env.rknp_agt.sqr STREAM:1642}
  CREATE_STREAM @765000 {NAME:seq_write_okay_1 T:Transactions SCOPE:uvm_test_top.env.rknp_agt.sqr STREAM:1693}
  CREATE_STREAM @855000 {NAME:seq_write_slverr T:Transactions SCOPE:uvm_test_top.env.rknp_agt.sqr STREAM:1756}
  CREATE_STREAM @945000 {NAME:seq_write_okay_2 T:Transactions SCOPE:uvm_test_top.env.rknp_agt.sqr STREAM:1819}
  CREATE_STREAM @1045000 {NAME:seq_write_decerr T:Transactions SCOPE:uvm_test_top.env.rknp_agt.sqr STREAM:1882}
  CREATE_STREAM @1165000 {NAME:seq_write_okay_3 T:Transactions SCOPE:uvm_test_top.env.rknp_agt.sqr STREAM:1945}
  CREATE_STREAM @0 {NAME:seq T:Transactions SCOPE:uvm_test_top.env.rknp_agt.sqr STREAM:1208}
  CREATE_STREAM @0 {NAME:seq T:Transactions SCOPE:uvm_test_top.env.rknp_agt.sqr STREAM:1208}
  CREATE_STREAM @0 {NAME:seq_mix_inst T:Transactions SCOPE:uvm_test_top.env.rknp_agt.sqr STREAM:1208}
  CREATE_STREAM @0 {NAME:before_reset_seq T:Transactions SCOPE:uvm_test_top.env.rknp_agt.sqr STREAM:1208}
  CREATE_STREAM @725000 {NAME:reset_seq T:Transactions SCOPE:uvm_test_top.env.vseqr STREAM:1310}
  CREATE_STREAM @785000 {NAME:after_reset_seq T:Transactions SCOPE:uvm_test_top.env.rknp_agt.sqr STREAM:1326}
  CREATE_STREAM @0 {NAME:before_reset_seq T:Transactions SCOPE:uvm_test_top.env.rknp_agt.sqr STREAM:1208}
  CREATE_STREAM @725000 {NAME:reset_seq T:Transactions SCOPE:uvm_test_top.env.vseqr STREAM:1308}
  CREATE_STREAM @785000 {NAME:after_reset_seq T:Transactions SCOPE:uvm_test_top.env.rknp_agt.sqr STREAM:1324}
  CREATE_STREAM @0 {NAME:seq T:Transactions SCOPE:uvm_test_top.env.rknp_agt.sqr STREAM:1208}
  CREATE_STREAM @0 {NAME:seq T:Transactions SCOPE:uvm_test_top.env.rknp_agt.sqr STREAM:1208}
  CREATE_STREAM @0 {NAME:seq T:Transactions SCOPE:uvm_test_top.env.rknp_agt.sqr STREAM:1208}
  CREATE_STREAM @0 {NAME:seq T:Transactions SCOPE:uvm_test_top.env.rknp_agt.sqr STREAM:1208}
  CREATE_STREAM @0 {NAME:seq T:Transactions SCOPE:uvm_test_top.env.rknp_agt.sqr STREAM:1208}
  CREATE_STREAM @0 {NAME:seq T:Transactions SCOPE:uvm_test_top.env.rknp_agt.sqr STREAM:1208}
  CREATE_STREAM @0 {NAME:seq T:Transactions SCOPE:uvm_test_top.env.rknp_agt.sqr STREAM:1210}
  CREATE_STREAM @0 {NAME:seq T:Transactions SCOPE:uvm_test_top.env.rknp_agt.sqr STREAM:1210}
  CREATE_STREAM @0 {NAME:seq T:Transactions SCOPE:uvm_test_top.env.rknp_agt.sqr STREAM:1210}
  CREATE_STREAM @0 {NAME:seq T:Transactions SCOPE:uvm_test_top.env.rknp_agt.sqr STREAM:1210}
  CREATE_STREAM @0 {NAME:seq T:Transactions SCOPE:uvm_test_top.env.rknp_agt.sqr STREAM:1210}
  CREATE_STREAM @0 {NAME:seq T:Transactions SCOPE:uvm_test_top.env.rknp_agt.sqr STREAM:1210}
  CREATE_STREAM @0 {NAME:seq_gap_gt10 T:Transactions SCOPE:uvm_test_top.env.rknp_agt.sqr STREAM:1210}
  CREATE_STREAM @2995000 {NAME:seq_gap_1_10 T:Transactions SCOPE:uvm_test_top.env.rknp_agt.sqr STREAM:2221}
  CREATE_STREAM @0 {NAME:seq T:Transactions SCOPE:uvm_test_top.env.rknp_agt.sqr STREAM:1208}
  CREATE_STREAM @0 {NAME:rd_seq T:Transactions SCOPE:uvm_test_top.env.rknp_agt.sqr STREAM:1208}
  CREATE_STREAM @0 {NAME:rd_seq T:Transactions SCOPE:uvm_test_top.env.rknp_agt.sqr STREAM:1208}
  CREATE_STREAM @0 {NAME:rd_seq T:Transactions SCOPE:uvm_test_top.env.rknp_agt.sqr STREAM:1208}
  CREATE_STREAM @0 {NAME:timeout_seq T:Transactions SCOPE:uvm_test_top.env.rknp_agt.sqr STREAM:1208}
  CREATE_STREAM @100060000 {NAME:normal_seq T:Transactions SCOPE:uvm_test_top.env.rknp_agt.sqr STREAM:1296}
  CREATE_STREAM @0 {NAME:prev_seq T:Transactions SCOPE:uvm_test_top.env.rknp_agt.sqr STREAM:1210}
  CREATE_STREAM @95000 {NAME:timeout_seq T:Transactions SCOPE:uvm_test_top.env.rknp_agt.sqr STREAM:1308}
  CREATE_STREAM @0 {NAME:prev_seq T:Transactions SCOPE:uvm_test_top.env.rknp_agt.sqr STREAM:1210}
  CREATE_STREAM @95000 {NAME:timeout_seq T:Transactions SCOPE:uvm_test_top.env.rknp_agt.sqr STREAM:1316}
  CREATE_STREAM @0 {NAME:prev_seq T:Transactions SCOPE:uvm_test_top.env.rknp_agt.sqr STREAM:1210}
  CREATE_STREAM @95000 {NAME:timeout_seq T:Transactions SCOPE:uvm_test_top.env.rknp_agt.sqr STREAM:1308}
  CREATE_STREAM @0 {NAME:prev_seq T:Transactions SCOPE:uvm_test_top.env.rknp_agt.sqr STREAM:1210}
  CREATE_STREAM @95000 {NAME:timeout_seq T:Transactions SCOPE:uvm_test_top.env.rknp_agt.sqr STREAM:1316}
  CREATE_STREAM @0 {NAME:seq T:Transactions SCOPE:uvm_test_top.env.rknp_agt.sqr STREAM:1208}
  CREATE_STREAM @0 {NAME:seq T:Transactions SCOPE:uvm_test_top.env.rknp_agt.sqr STREAM:1208}
  CREATE_STREAM @0 {NAME:seq T:Transactions SCOPE:uvm_test_top.env.rknp_agt.sqr STREAM:1208}
  CREATE_STREAM @35000 {NAME:seq_watchdog_fifo_full_cov_round_1 T:Transactions SCOPE:uvm_test_top.env.rknp_agt.sqr STREAM:1259}
  CREATE_STREAM @130435000 {NAME:seq_watchdog_fifo_full_cov_round_2 T:Transactions SCOPE:uvm_test_top.env.rknp_agt.sqr STREAM:1664}
  CREATE_STREAM @0 {NAME:seq T:Transactions SCOPE:uvm_test_top.env.rknp_agt.sqr STREAM:1208}
  CREATE_STREAM @0 {NAME:seq T:Transactions SCOPE:uvm_test_top.env.rknp_agt.sqr STREAM:1208}
  CREATE_STREAM @0 {NAME:seq_round_0_write T:Transactions SCOPE:uvm_test_top.env.rknp_agt.sqr STREAM:1210}
  CREATE_STREAM @2235000 {NAME:seq_round_1_ read T:Transactions SCOPE:uvm_test_top.env.rknp_agt.sqr STREAM:1633}
  CREATE_STREAM @4365000 {NAME:seq_round_2_write T:Transactions SCOPE:uvm_test_top.env.rknp_agt.sqr STREAM:1941}
  CREATE_STREAM @6565000 {NAME:seq_round_3_ read T:Transactions SCOPE:uvm_test_top.env.rknp_agt.sqr STREAM:2313}
  CREATE_STREAM @8695000 {NAME:seq_round_4_write T:Transactions SCOPE:uvm_test_top.env.rknp_agt.sqr STREAM:2621}
  CREATE_STREAM @10895000 {NAME:seq_round_5_ read T:Transactions SCOPE:uvm_test_top.env.rknp_agt.sqr STREAM:2993}
  CREATE_STREAM @13025000 {NAME:seq_round_6_write T:Transactions SCOPE:uvm_test_top.env.rknp_agt.sqr STREAM:3301}
  CREATE_STREAM @15225000 {NAME:seq_round_7_ read T:Transactions SCOPE:uvm_test_top.env.rknp_agt.sqr STREAM:3673}
  CREATE_STREAM @17355000 {NAME:seq_round_8_write T:Transactions SCOPE:uvm_test_top.env.rknp_agt.sqr STREAM:3981}
  CREATE_STREAM @0 {NAME:seq T:Transactions SCOPE:uvm_test_top.env.rknp_agt.sqr STREAM:1208}
  CREATE_STREAM @0 {NAME:seq T:Transactions SCOPE:uvm_test_top.env.rknp_agt.sqr STREAM:1208}
  CREATE_STREAM @0 {NAME:seq T:Transactions SCOPE:uvm_test_top.env.rknp_agt.sqr STREAM:1208}
  CREATE_STREAM @0 {NAME:seq T:Transactions SCOPE:uvm_test_top.env.rknp_agt.sqr STREAM:1208}
  CREATE_STREAM @0 {NAME:seq T:Transactions SCOPE:uvm_test_top.env.rknp_agt.sqr STREAM:1208}
  CREATE_STREAM @0 {NAME:seq T:Transactions SCOPE:uvm_test_top.env.rknp_agt.sqr STREAM:1208}
  CREATE_STREAM @0 {NAME:seq T:Transactions SCOPE:uvm_test_top.env.rknp_agt.sqr STREAM:1208}
  CREATE_STREAM @0 {NAME:seq T:Transactions SCOPE:uvm_test_top.env.rknp_agt.sqr STREAM:1208}
  CREATE_STREAM @0 {NAME:seq T:Transactions SCOPE:uvm_test_top.env.rknp_agt.sqr STREAM:1208}
  CREATE_STREAM @0 {NAME:seq T:Transactions SCOPE:uvm_test_top.env.rknp_agt.sqr STREAM:1208}
  CREATE_STREAM @0 {NAME:seq T:Transactions SCOPE:uvm_test_top.env.rknp_agt.sqr STREAM:1210}
  CREATE_STREAM @0 {NAME:seq_combo_00 T:Transactions SCOPE:uvm_test_top.env.rknp_agt.sqr STREAM:1212}
  CREATE_STREAM @125000 {NAME:seq_combo_01 T:Transactions SCOPE:uvm_test_top.env.rknp_agt.sqr STREAM:1398}
  CREATE_STREAM @215000 {NAME:seq_combo_02 T:Transactions SCOPE:uvm_test_top.env.rknp_agt.sqr STREAM:1521}
  CREATE_STREAM @295000 {NAME:seq_combo_03 T:Transactions SCOPE:uvm_test_top.env.rknp_agt.sqr STREAM:1664}
  CREATE_STREAM @385000 {NAME:seq_combo_04 T:Transactions SCOPE:uvm_test_top.env.rknp_agt.sqr STREAM:1787}
  CREATE_STREAM @475000 {NAME:seq_combo_05 T:Transactions SCOPE:uvm_test_top.env.rknp_agt.sqr STREAM:1902}
  CREATE_STREAM @555000 {NAME:seq_combo_06 T:Transactions SCOPE:uvm_test_top.env.rknp_agt.sqr STREAM:2013}
  CREATE_STREAM @645000 {NAME:seq_combo_07 T:Transactions SCOPE:uvm_test_top.env.rknp_agt.sqr STREAM:2136}
  CREATE_STREAM @725000 {NAME:seq_combo_08 T:Transactions SCOPE:uvm_test_top.env.rknp_agt.sqr STREAM:2247}
  CREATE_STREAM @815000 {NAME:seq_combo_09 T:Transactions SCOPE:uvm_test_top.env.rknp_agt.sqr STREAM:2382}
  CREATE_STREAM @895000 {NAME:seq_combo_10 T:Transactions SCOPE:uvm_test_top.env.rknp_agt.sqr STREAM:2513}
  CREATE_STREAM @995000 {NAME:seq_combo_11 T:Transactions SCOPE:uvm_test_top.env.rknp_agt.sqr STREAM:2656}
  CREATE_STREAM @1075000 {NAME:seq_combo_12 T:Transactions SCOPE:uvm_test_top.env.rknp_agt.sqr STREAM:2787}
  CREATE_STREAM @1165000 {NAME:seq_combo_13 T:Transactions SCOPE:uvm_test_top.env.rknp_agt.sqr STREAM:2902}
  CREATE_STREAM @1245000 {NAME:seq_combo_14 T:Transactions SCOPE:uvm_test_top.env.rknp_agt.sqr STREAM:3013}
  CREATE_STREAM @1335000 {NAME:seq_combo_15 T:Transactions SCOPE:uvm_test_top.env.rknp_agt.sqr STREAM:3136}
  CREATE_STREAM @1415000 {NAME:seq_combo_16 T:Transactions SCOPE:uvm_test_top.env.rknp_agt.sqr STREAM:3247}
  CREATE_STREAM @1495000 {NAME:seq_combo_17 T:Transactions SCOPE:uvm_test_top.env.rknp_agt.sqr STREAM:3370}
  CREATE_STREAM @1585000 {NAME:seq_combo_18 T:Transactions SCOPE:uvm_test_top.env.rknp_agt.sqr STREAM:3473}
  CREATE_STREAM @1665000 {NAME:seq_combo_19 T:Transactions SCOPE:uvm_test_top.env.rknp_agt.sqr STREAM:3604}
  CREATE_STREAM @1755000 {NAME:seq_combo_20 T:Transactions SCOPE:uvm_test_top.env.rknp_agt.sqr STREAM:3707}
  CREATE_STREAM @1835000 {NAME:seq_combo_21 T:Transactions SCOPE:uvm_test_top.env.rknp_agt.sqr STREAM:3810}
  CREATE_STREAM @1905000 {NAME:seq_combo_22 T:Transactions SCOPE:uvm_test_top.env.rknp_agt.sqr STREAM:3901}
  CREATE_STREAM @1975000 {NAME:seq_combo_23 T:Transactions SCOPE:uvm_test_top.env.rknp_agt.sqr STREAM:4012}
  CREATE_STREAM @2045000 {NAME:seq_combo_24 T:Transactions SCOPE:uvm_test_top.env.rknp_agt.sqr STREAM:4103}
  CREATE_STREAM @2125000 {NAME:seq_combo_25 T:Transactions SCOPE:uvm_test_top.env.rknp_agt.sqr STREAM:4226}
  CREATE_STREAM @2235000 {NAME:seq_combo_26 T:Transactions SCOPE:uvm_test_top.env.rknp_agt.sqr STREAM:4337}
  CREATE_STREAM @2325000 {NAME:seq_combo_27 T:Transactions SCOPE:uvm_test_top.env.rknp_agt.sqr STREAM:4468}
  CREATE_STREAM @2395000 {NAME:seq_combo_28 T:Transactions SCOPE:uvm_test_top.env.rknp_agt.sqr STREAM:4579}
  CREATE_STREAM @2475000 {NAME:seq_combo_29 T:Transactions SCOPE:uvm_test_top.env.rknp_agt.sqr STREAM:4682}
  CREATE_STREAM @2545000 {NAME:seq_combo_30 T:Transactions SCOPE:uvm_test_top.env.rknp_agt.sqr STREAM:4773}
  CREATE_STREAM @2615000 {NAME:seq_combo_31 T:Transactions SCOPE:uvm_test_top.env.rknp_agt.sqr STREAM:4884}
  CREATE_STREAM @2685000 {NAME:seq_combo_32 T:Transactions SCOPE:uvm_test_top.env.rknp_agt.sqr STREAM:4975}
  CREATE_STREAM @2775000 {NAME:seq_combo_33 T:Transactions SCOPE:uvm_test_top.env.rknp_agt.sqr STREAM:5118}
  CREATE_STREAM @2865000 {NAME:seq_combo_34 T:Transactions SCOPE:uvm_test_top.env.rknp_agt.sqr STREAM:5241}
  CREATE_STREAM @2965000 {NAME:seq_combo_35 T:Transactions SCOPE:uvm_test_top.env.rknp_agt.sqr STREAM:5392}
  CREATE_STREAM @3055000 {NAME:seq_combo_36 T:Transactions SCOPE:uvm_test_top.env.rknp_agt.sqr STREAM:5515}
  CREATE_STREAM @3135000 {NAME:seq_combo_37 T:Transactions SCOPE:uvm_test_top.env.rknp_agt.sqr STREAM:5638}
  CREATE_STREAM @3205000 {NAME:seq_combo_38 T:Transactions SCOPE:uvm_test_top.env.rknp_agt.sqr STREAM:5749}
  CREATE_STREAM @3295000 {NAME:seq_combo_39 T:Transactions SCOPE:uvm_test_top.env.rknp_agt.sqr STREAM:5880}
  CREATE_STREAM @3365000 {NAME:seq_combo_40 T:Transactions SCOPE:uvm_test_top.env.rknp_agt.sqr STREAM:5991}
  CREATE_STREAM @3485000 {NAME:seq_combo_41 T:Transactions SCOPE:uvm_test_top.env.rknp_agt.sqr STREAM:6134}
  CREATE_STREAM @3575000 {NAME:seq_combo_42 T:Transactions SCOPE:uvm_test_top.env.rknp_agt.sqr STREAM:6265}
  CREATE_STREAM @3685000 {NAME:seq_combo_43 T:Transactions SCOPE:uvm_test_top.env.rknp_agt.sqr STREAM:6416}
  CREATE_STREAM @3775000 {NAME:seq_combo_44 T:Transactions SCOPE:uvm_test_top.env.rknp_agt.sqr STREAM:6547}
  CREATE_STREAM @3855000 {NAME:seq_combo_45 T:Transactions SCOPE:uvm_test_top.env.rknp_agt.sqr STREAM:6670}
  CREATE_STREAM @3925000 {NAME:seq_combo_46 T:Transactions SCOPE:uvm_test_top.env.rknp_agt.sqr STREAM:6781}
  CREATE_STREAM @4015000 {NAME:seq_combo_47 T:Transactions SCOPE:uvm_test_top.env.rknp_agt.sqr STREAM:6912}
  CREATE_STREAM @4085000 {NAME:seq_combo_48 T:Transactions SCOPE:uvm_test_top.env.rknp_agt.sqr STREAM:7023}
  CREATE_STREAM @4165000 {NAME:seq_combo_49 T:Transactions SCOPE:uvm_test_top.env.rknp_agt.sqr STREAM:7146}
  CREATE_STREAM @4255000 {NAME:seq_combo_50 T:Transactions SCOPE:uvm_test_top.env.rknp_agt.sqr STREAM:7249}
  CREATE_STREAM @4335000 {NAME:seq_combo_51 T:Transactions SCOPE:uvm_test_top.env.rknp_agt.sqr STREAM:7380}
  CREATE_STREAM @4425000 {NAME:seq_combo_52 T:Transactions SCOPE:uvm_test_top.env.rknp_agt.sqr STREAM:7483}
  CREATE_STREAM @4505000 {NAME:seq_combo_53 T:Transactions SCOPE:uvm_test_top.env.rknp_agt.sqr STREAM:7586}
  CREATE_STREAM @4575000 {NAME:seq_combo_54 T:Transactions SCOPE:uvm_test_top.env.rknp_agt.sqr STREAM:7677}
  CREATE_STREAM @4645000 {NAME:seq_combo_55 T:Transactions SCOPE:uvm_test_top.env.rknp_agt.sqr STREAM:7788}
  CREATE_STREAM @4735000 {NAME:seq_combo_56 T:Transactions SCOPE:uvm_test_top.env.rknp_agt.sqr STREAM:7879}
  CREATE_STREAM @4815000 {NAME:seq_combo_57 T:Transactions SCOPE:uvm_test_top.env.rknp_agt.sqr STREAM:8002}
  CREATE_STREAM @4885000 {NAME:seq_combo_58 T:Transactions SCOPE:uvm_test_top.env.rknp_agt.sqr STREAM:8113}
  CREATE_STREAM @4975000 {NAME:seq_combo_59 T:Transactions SCOPE:uvm_test_top.env.rknp_agt.sqr STREAM:8244}
  CREATE_STREAM @5045000 {NAME:seq_combo_60 T:Transactions SCOPE:uvm_test_top.env.rknp_agt.sqr STREAM:8355}
  CREATE_STREAM @5125000 {NAME:seq_combo_61 T:Transactions SCOPE:uvm_test_top.env.rknp_agt.sqr STREAM:8458}
  CREATE_STREAM @5195000 {NAME:seq_combo_62 T:Transactions SCOPE:uvm_test_top.env.rknp_agt.sqr STREAM:8549}
  CREATE_STREAM @5265000 {NAME:seq_combo_63 T:Transactions SCOPE:uvm_test_top.env.rknp_agt.sqr STREAM:8660}
  CREATE_STREAM @0 {NAME:seq T:Transactions SCOPE:uvm_test_top.env.rknp_agt.sqr STREAM:1210}
  CREATE_STREAM @0 {NAME:seq T:Transactions SCOPE:uvm_test_top.env.rknp_agt.sqr STREAM:1210}
  CREATE_STREAM @0 {NAME:seq T:Transactions SCOPE:uvm_test_top.env.rknp_agt.sqr STREAM:1210}
  CREATE_STREAM @0 {NAME:seq_read_okay_1 T:Transactions SCOPE:uvm_test_top.env.rknp_agt.sqr STREAM:1387}
  CREATE_STREAM @205000 {NAME:seq_read_slverr T:Transactions SCOPE:uvm_test_top.env.rknp_agt.sqr STREAM:1489}
  CREATE_STREAM @335000 {NAME:seq_read_okay_2 T:Transactions SCOPE:uvm_test_top.env.rknp_agt.sqr STREAM:1540}
  CREATE_STREAM @475000 {NAME:seq_read_decerr T:Transactions SCOPE:uvm_test_top.env.rknp_agt.sqr STREAM:1591}
  CREATE_STREAM @645000 {NAME:seq_read_okay_3 T:Transactions SCOPE:uvm_test_top.env.rknp_agt.sqr STREAM:1642}
  CREATE_STREAM @765000 {NAME:seq_write_okay_1 T:Transactions SCOPE:uvm_test_top.env.rknp_agt.sqr STREAM:1693}
  CREATE_STREAM @855000 {NAME:seq_write_slverr T:Transactions SCOPE:uvm_test_top.env.rknp_agt.sqr STREAM:1756}
  CREATE_STREAM @945000 {NAME:seq_write_okay_2 T:Transactions SCOPE:uvm_test_top.env.rknp_agt.sqr STREAM:1819}
  CREATE_STREAM @1045000 {NAME:seq_write_decerr T:Transactions SCOPE:uvm_test_top.env.rknp_agt.sqr STREAM:1882}
  CREATE_STREAM @1165000 {NAME:seq_write_okay_3 T:Transactions SCOPE:uvm_test_top.env.rknp_agt.sqr STREAM:1945}
  CREATE_STREAM @0 {NAME:seq T:Transactions SCOPE:uvm_test_top.env.rknp_agt.sqr STREAM:1208}
  CREATE_STREAM @0 {NAME:seq T:Transactions SCOPE:uvm_test_top.env.rknp_agt.sqr STREAM:1208}
  CREATE_STREAM @0 {NAME:seq_mix_inst T:Transactions SCOPE:uvm_test_top.env.rknp_agt.sqr STREAM:1208}
  CREATE_STREAM @0 {NAME:before_reset_seq T:Transactions SCOPE:uvm_test_top.env.rknp_agt.sqr STREAM:1208}
  CREATE_STREAM @725000 {NAME:reset_seq T:Transactions SCOPE:uvm_test_top.env.vseqr STREAM:1308}
  CREATE_STREAM @785000 {NAME:after_reset_seq T:Transactions SCOPE:uvm_test_top.env.rknp_agt.sqr STREAM:1324}
  CREATE_STREAM @0 {NAME:seq T:Transactions SCOPE:uvm_test_top.env.rknp_agt.sqr STREAM:1208}
  CREATE_STREAM @0 {NAME:seq T:Transactions SCOPE:uvm_test_top.env.rknp_agt.sqr STREAM:1208}
  CREATE_STREAM @0 {NAME:seq T:Transactions SCOPE:uvm_test_top.env.rknp_agt.sqr STREAM:1208}
  CREATE_STREAM @0 {NAME:seq T:Transactions SCOPE:uvm_test_top.env.rknp_agt.sqr STREAM:1208}
  CREATE_STREAM @0 {NAME:seq T:Transactions SCOPE:uvm_test_top.env.rknp_agt.sqr STREAM:1208}
  CREATE_STREAM @0 {NAME:seq T:Transactions SCOPE:uvm_test_top.env.rknp_agt.sqr STREAM:1208}
  CREATE_STREAM @0 {NAME:seq T:Transactions SCOPE:uvm_test_top.env.rknp_agt.sqr STREAM:1210}
  CREATE_STREAM @0 {NAME:seq T:Transactions SCOPE:uvm_test_top.env.rknp_agt.sqr STREAM:1210}
  CREATE_STREAM @0 {NAME:seq T:Transactions SCOPE:uvm_test_top.env.rknp_agt.sqr STREAM:1210}
  CREATE_STREAM @0 {NAME:seq T:Transactions SCOPE:uvm_test_top.env.rknp_agt.sqr STREAM:1210}
  CREATE_STREAM @0 {NAME:seq T:Transactions SCOPE:uvm_test_top.env.rknp_agt.sqr STREAM:1210}
  CREATE_STREAM @0 {NAME:seq T:Transactions SCOPE:uvm_test_top.env.rknp_agt.sqr STREAM:1210}
  CREATE_STREAM @0 {NAME:seq_gap_gt10 T:Transactions SCOPE:uvm_test_top.env.rknp_agt.sqr STREAM:1210}
  CREATE_STREAM @2995000 {NAME:seq_gap_1_10 T:Transactions SCOPE:uvm_test_top.env.rknp_agt.sqr STREAM:2221}
  CREATE_STREAM @0 {NAME:seq T:Transactions SCOPE:uvm_test_top.env.rknp_agt.sqr STREAM:1208}
  CREATE_STREAM @0 {NAME:rd_seq T:Transactions SCOPE:uvm_test_top.env.rknp_agt.sqr STREAM:1208}
  CREATE_STREAM @0 {NAME:rd_seq T:Transactions SCOPE:uvm_test_top.env.rknp_agt.sqr STREAM:1208}
  CREATE_STREAM @0 {NAME:rd_seq T:Transactions SCOPE:uvm_test_top.env.rknp_agt.sqr STREAM:1208}
  CREATE_STREAM @0 {NAME:timeout_seq T:Transactions SCOPE:uvm_test_top.env.rknp_agt.sqr STREAM:1208}
  CREATE_STREAM @100060000 {NAME:normal_seq T:Transactions SCOPE:uvm_test_top.env.rknp_agt.sqr STREAM:1296}
  CREATE_STREAM @0 {NAME:prev_seq T:Transactions SCOPE:uvm_test_top.env.rknp_agt.sqr STREAM:1210}
  CREATE_STREAM @95000 {NAME:timeout_seq T:Transactions SCOPE:uvm_test_top.env.rknp_agt.sqr STREAM:1308}
  CREATE_STREAM @0 {NAME:prev_seq T:Transactions SCOPE:uvm_test_top.env.rknp_agt.sqr STREAM:1210}
  CREATE_STREAM @95000 {NAME:timeout_seq T:Transactions SCOPE:uvm_test_top.env.rknp_agt.sqr STREAM:1316}
  CREATE_STREAM @0 {NAME:prev_seq T:Transactions SCOPE:uvm_test_top.env.rknp_agt.sqr STREAM:1210}
  CREATE_STREAM @95000 {NAME:timeout_seq T:Transactions SCOPE:uvm_test_top.env.rknp_agt.sqr STREAM:1308}
  CREATE_STREAM @0 {NAME:prev_seq T:Transactions SCOPE:uvm_test_top.env.rknp_agt.sqr STREAM:1210}
  CREATE_STREAM @95000 {NAME:timeout_seq T:Transactions SCOPE:uvm_test_top.env.rknp_agt.sqr STREAM:1316}
  CREATE_STREAM @0 {NAME:seq T:Transactions SCOPE:uvm_test_top.env.rknp_agt.sqr STREAM:1208}
  CREATE_STREAM @0 {NAME:seq T:Transactions SCOPE:uvm_test_top.env.rknp_agt.sqr STREAM:1208}
  CREATE_STREAM @0 {NAME:seq T:Transactions SCOPE:uvm_test_top.env.rknp_agt.sqr STREAM:1208}
  CREATE_STREAM @35000 {NAME:seq_watchdog_fifo_full_cov_round_1 T:Transactions SCOPE:uvm_test_top.env.rknp_agt.sqr STREAM:1259}
  CREATE_STREAM @130435000 {NAME:seq_watchdog_fifo_full_cov_round_2 T:Transactions SCOPE:uvm_test_top.env.rknp_agt.sqr STREAM:1664}
  CREATE_STREAM @0 {NAME:seq T:Transactions SCOPE:uvm_test_top.env.rknp_agt.sqr STREAM:1208}
  CREATE_STREAM @0 {NAME:seq T:Transactions SCOPE:uvm_test_top.env.rknp_agt.sqr STREAM:1208}
  CREATE_STREAM @0 {NAME:seq_round_0_write T:Transactions SCOPE:uvm_test_top.env.rknp_agt.sqr STREAM:1210}
  CREATE_STREAM @2235000 {NAME:seq_round_1_ read T:Transactions SCOPE:uvm_test_top.env.rknp_agt.sqr STREAM:1633}
  CREATE_STREAM @4365000 {NAME:seq_round_2_write T:Transactions SCOPE:uvm_test_top.env.rknp_agt.sqr STREAM:1941}
  CREATE_STREAM @6565000 {NAME:seq_round_3_ read T:Transactions SCOPE:uvm_test_top.env.rknp_agt.sqr STREAM:2313}
  CREATE_STREAM @8695000 {NAME:seq_round_4_write T:Transactions SCOPE:uvm_test_top.env.rknp_agt.sqr STREAM:2621}
  CREATE_STREAM @10895000 {NAME:seq_round_5_ read T:Transactions SCOPE:uvm_test_top.env.rknp_agt.sqr STREAM:2993}
  CREATE_STREAM @13025000 {NAME:seq_round_6_write T:Transactions SCOPE:uvm_test_top.env.rknp_agt.sqr STREAM:3301}
  CREATE_STREAM @15225000 {NAME:seq_round_7_ read T:Transactions SCOPE:uvm_test_top.env.rknp_agt.sqr STREAM:3673}
  CREATE_STREAM @17355000 {NAME:seq_round_8_write T:Transactions SCOPE:uvm_test_top.env.rknp_agt.sqr STREAM:3981}
  CREATE_STREAM @0 {NAME:seq T:Transactions SCOPE:uvm_test_top.env.rknp_agt.sqr STREAM:1208}
  CREATE_STREAM @0 {NAME:seq T:Transactions SCOPE:uvm_test_top.env.rknp_agt.sqr STREAM:1208}
  CREATE_STREAM @0 {NAME:seq T:Transactions SCOPE:uvm_test_top.env.rknp_agt.sqr STREAM:1208}
  CREATE_STREAM @0 {NAME:seq T:Transactions SCOPE:uvm_test_top.env.rknp_agt.sqr STREAM:1208}
  CREATE_STREAM @0 {NAME:seq T:Transactions SCOPE:uvm_test_top.env.rknp_agt.sqr STREAM:1208}
  CREATE_STREAM @0 {NAME:seq T:Transactions SCOPE:uvm_test_top.env.rknp_agt.sqr STREAM:1208}
  CREATE_STREAM @0 {NAME:seq T:Transactions SCOPE:uvm_test_top.env.rknp_agt.sqr STREAM:1208}
  CREATE_STREAM @0 {NAME:seq T:Transactions SCOPE:uvm_test_top.env.rknp_agt.sqr STREAM:1208}
  CREATE_STREAM @0 {NAME:seq T:Transactions SCOPE:uvm_test_top.env.rknp_agt.sqr STREAM:1208}
  CREATE_STREAM @0 {NAME:seq T:Transactions SCOPE:uvm_test_top.env.rknp_agt.sqr STREAM:1208}
  CREATE_STREAM @0 {NAME:seq T:Transactions SCOPE:uvm_test_top.env.rknp_agt.sqr STREAM:1210}
  CREATE_STREAM @0 {NAME:seq_combo_00 T:Transactions SCOPE:uvm_test_top.env.rknp_agt.sqr STREAM:1212}
  CREATE_STREAM @125000 {NAME:seq_combo_01 T:Transactions SCOPE:uvm_test_top.env.rknp_agt.sqr STREAM:1398}
  CREATE_STREAM @215000 {NAME:seq_combo_02 T:Transactions SCOPE:uvm_test_top.env.rknp_agt.sqr STREAM:1521}
  CREATE_STREAM @295000 {NAME:seq_combo_03 T:Transactions SCOPE:uvm_test_top.env.rknp_agt.sqr STREAM:1664}
  CREATE_STREAM @385000 {NAME:seq_combo_04 T:Transactions SCOPE:uvm_test_top.env.rknp_agt.sqr STREAM:1787}
  CREATE_STREAM @475000 {NAME:seq_combo_05 T:Transactions SCOPE:uvm_test_top.env.rknp_agt.sqr STREAM:1902}
  CREATE_STREAM @555000 {NAME:seq_combo_06 T:Transactions SCOPE:uvm_test_top.env.rknp_agt.sqr STREAM:2013}
  CREATE_STREAM @645000 {NAME:seq_combo_07 T:Transactions SCOPE:uvm_test_top.env.rknp_agt.sqr STREAM:2136}
  CREATE_STREAM @725000 {NAME:seq_combo_08 T:Transactions SCOPE:uvm_test_top.env.rknp_agt.sqr STREAM:2247}
  CREATE_STREAM @815000 {NAME:seq_combo_09 T:Transactions SCOPE:uvm_test_top.env.rknp_agt.sqr STREAM:2382}
  CREATE_STREAM @895000 {NAME:seq_combo_10 T:Transactions SCOPE:uvm_test_top.env.rknp_agt.sqr STREAM:2513}
  CREATE_STREAM @995000 {NAME:seq_combo_11 T:Transactions SCOPE:uvm_test_top.env.rknp_agt.sqr STREAM:2656}
  CREATE_STREAM @1075000 {NAME:seq_combo_12 T:Transactions SCOPE:uvm_test_top.env.rknp_agt.sqr STREAM:2787}
  CREATE_STREAM @1165000 {NAME:seq_combo_13 T:Transactions SCOPE:uvm_test_top.env.rknp_agt.sqr STREAM:2902}
  CREATE_STREAM @1245000 {NAME:seq_combo_14 T:Transactions SCOPE:uvm_test_top.env.rknp_agt.sqr STREAM:3013}
  CREATE_STREAM @1335000 {NAME:seq_combo_15 T:Transactions SCOPE:uvm_test_top.env.rknp_agt.sqr STREAM:3136}
  CREATE_STREAM @1415000 {NAME:seq_combo_16 T:Transactions SCOPE:uvm_test_top.env.rknp_agt.sqr STREAM:3247}
  CREATE_STREAM @1495000 {NAME:seq_combo_17 T:Transactions SCOPE:uvm_test_top.env.rknp_agt.sqr STREAM:3370}
  CREATE_STREAM @1585000 {NAME:seq_combo_18 T:Transactions SCOPE:uvm_test_top.env.rknp_agt.sqr STREAM:3473}
  CREATE_STREAM @1665000 {NAME:seq_combo_19 T:Transactions SCOPE:uvm_test_top.env.rknp_agt.sqr STREAM:3604}
  CREATE_STREAM @1755000 {NAME:seq_combo_20 T:Transactions SCOPE:uvm_test_top.env.rknp_agt.sqr STREAM:3707}
  CREATE_STREAM @1835000 {NAME:seq_combo_21 T:Transactions SCOPE:uvm_test_top.env.rknp_agt.sqr STREAM:3810}
  CREATE_STREAM @1905000 {NAME:seq_combo_22 T:Transactions SCOPE:uvm_test_top.env.rknp_agt.sqr STREAM:3901}
  CREATE_STREAM @1975000 {NAME:seq_combo_23 T:Transactions SCOPE:uvm_test_top.env.rknp_agt.sqr STREAM:4012}
  CREATE_STREAM @2045000 {NAME:seq_combo_24 T:Transactions SCOPE:uvm_test_top.env.rknp_agt.sqr STREAM:4103}
  CREATE_STREAM @2125000 {NAME:seq_combo_25 T:Transactions SCOPE:uvm_test_top.env.rknp_agt.sqr STREAM:4226}
  CREATE_STREAM @2235000 {NAME:seq_combo_26 T:Transactions SCOPE:uvm_test_top.env.rknp_agt.sqr STREAM:4337}
  CREATE_STREAM @2325000 {NAME:seq_combo_27 T:Transactions SCOPE:uvm_test_top.env.rknp_agt.sqr STREAM:4468}
  CREATE_STREAM @2395000 {NAME:seq_combo_28 T:Transactions SCOPE:uvm_test_top.env.rknp_agt.sqr STREAM:4579}
  CREATE_STREAM @2475000 {NAME:seq_combo_29 T:Transactions SCOPE:uvm_test_top.env.rknp_agt.sqr STREAM:4682}
  CREATE_STREAM @2545000 {NAME:seq_combo_30 T:Transactions SCOPE:uvm_test_top.env.rknp_agt.sqr STREAM:4773}
  CREATE_STREAM @2615000 {NAME:seq_combo_31 T:Transactions SCOPE:uvm_test_top.env.rknp_agt.sqr STREAM:4884}
  CREATE_STREAM @2685000 {NAME:seq_combo_32 T:Transactions SCOPE:uvm_test_top.env.rknp_agt.sqr STREAM:4975}
  CREATE_STREAM @2775000 {NAME:seq_combo_33 T:Transactions SCOPE:uvm_test_top.env.rknp_agt.sqr STREAM:5118}
  CREATE_STREAM @2865000 {NAME:seq_combo_34 T:Transactions SCOPE:uvm_test_top.env.rknp_agt.sqr STREAM:5241}
  CREATE_STREAM @2965000 {NAME:seq_combo_35 T:Transactions SCOPE:uvm_test_top.env.rknp_agt.sqr STREAM:5392}
  CREATE_STREAM @3055000 {NAME:seq_combo_36 T:Transactions SCOPE:uvm_test_top.env.rknp_agt.sqr STREAM:5515}
  CREATE_STREAM @3135000 {NAME:seq_combo_37 T:Transactions SCOPE:uvm_test_top.env.rknp_agt.sqr STREAM:5638}
  CREATE_STREAM @3205000 {NAME:seq_combo_38 T:Transactions SCOPE:uvm_test_top.env.rknp_agt.sqr STREAM:5749}
  CREATE_STREAM @3295000 {NAME:seq_combo_39 T:Transactions SCOPE:uvm_test_top.env.rknp_agt.sqr STREAM:5880}
  CREATE_STREAM @3365000 {NAME:seq_combo_40 T:Transactions SCOPE:uvm_test_top.env.rknp_agt.sqr STREAM:5991}
  CREATE_STREAM @3485000 {NAME:seq_combo_41 T:Transactions SCOPE:uvm_test_top.env.rknp_agt.sqr STREAM:6134}
  CREATE_STREAM @3575000 {NAME:seq_combo_42 T:Transactions SCOPE:uvm_test_top.env.rknp_agt.sqr STREAM:6265}
  CREATE_STREAM @3685000 {NAME:seq_combo_43 T:Transactions SCOPE:uvm_test_top.env.rknp_agt.sqr STREAM:6416}
  CREATE_STREAM @3775000 {NAME:seq_combo_44 T:Transactions SCOPE:uvm_test_top.env.rknp_agt.sqr STREAM:6547}
  CREATE_STREAM @3855000 {NAME:seq_combo_45 T:Transactions SCOPE:uvm_test_top.env.rknp_agt.sqr STREAM:6670}
  CREATE_STREAM @3925000 {NAME:seq_combo_46 T:Transactions SCOPE:uvm_test_top.env.rknp_agt.sqr STREAM:6781}
  CREATE_STREAM @4015000 {NAME:seq_combo_47 T:Transactions SCOPE:uvm_test_top.env.rknp_agt.sqr STREAM:6912}
  CREATE_STREAM @4085000 {NAME:seq_combo_48 T:Transactions SCOPE:uvm_test_top.env.rknp_agt.sqr STREAM:7023}
  CREATE_STREAM @4165000 {NAME:seq_combo_49 T:Transactions SCOPE:uvm_test_top.env.rknp_agt.sqr STREAM:7146}
  CREATE_STREAM @4255000 {NAME:seq_combo_50 T:Transactions SCOPE:uvm_test_top.env.rknp_agt.sqr STREAM:7249}
  CREATE_STREAM @4335000 {NAME:seq_combo_51 T:Transactions SCOPE:uvm_test_top.env.rknp_agt.sqr STREAM:7380}
  CREATE_STREAM @4425000 {NAME:seq_combo_52 T:Transactions SCOPE:uvm_test_top.env.rknp_agt.sqr STREAM:7483}
  CREATE_STREAM @4505000 {NAME:seq_combo_53 T:Transactions SCOPE:uvm_test_top.env.rknp_agt.sqr STREAM:7586}
  CREATE_STREAM @4575000 {NAME:seq_combo_54 T:Transactions SCOPE:uvm_test_top.env.rknp_agt.sqr STREAM:7677}
  CREATE_STREAM @4645000 {NAME:seq_combo_55 T:Transactions SCOPE:uvm_test_top.env.rknp_agt.sqr STREAM:7788}
  CREATE_STREAM @4735000 {NAME:seq_combo_56 T:Transactions SCOPE:uvm_test_top.env.rknp_agt.sqr STREAM:7879}
  CREATE_STREAM @4815000 {NAME:seq_combo_57 T:Transactions SCOPE:uvm_test_top.env.rknp_agt.sqr STREAM:8002}
  CREATE_STREAM @4885000 {NAME:seq_combo_58 T:Transactions SCOPE:uvm_test_top.env.rknp_agt.sqr STREAM:8113}
  CREATE_STREAM @4975000 {NAME:seq_combo_59 T:Transactions SCOPE:uvm_test_top.env.rknp_agt.sqr STREAM:8244}
  CREATE_STREAM @5045000 {NAME:seq_combo_60 T:Transactions SCOPE:uvm_test_top.env.rknp_agt.sqr STREAM:8355}
  CREATE_STREAM @5125000 {NAME:seq_combo_61 T:Transactions SCOPE:uvm_test_top.env.rknp_agt.sqr STREAM:8458}
  CREATE_STREAM @5195000 {NAME:seq_combo_62 T:Transactions SCOPE:uvm_test_top.env.rknp_agt.sqr STREAM:8549}
  CREATE_STREAM @5265000 {NAME:seq_combo_63 T:Transactions SCOPE:uvm_test_top.env.rknp_agt.sqr STREAM:8660}
  CREATE_STREAM @0 {NAME:seq T:Transactions SCOPE:uvm_test_top.env.rknp_agt.sqr STREAM:1210}
  CREATE_STREAM @0 {NAME:seq T:Transactions SCOPE:uvm_test_top.env.rknp_agt.sqr STREAM:1210}
  CREATE_STREAM @0 {NAME:seq T:Transactions SCOPE:uvm_test_top.env.rknp_agt.sqr STREAM:1210}
  CREATE_STREAM @0 {NAME:seq_read_okay_1 T:Transactions SCOPE:uvm_test_top.env.rknp_agt.sqr STREAM:1387}
  CREATE_STREAM @205000 {NAME:seq_read_slverr T:Transactions SCOPE:uvm_test_top.env.rknp_agt.sqr STREAM:1489}
  CREATE_STREAM @335000 {NAME:seq_read_okay_2 T:Transactions SCOPE:uvm_test_top.env.rknp_agt.sqr STREAM:1540}
  CREATE_STREAM @475000 {NAME:seq_read_decerr T:Transactions SCOPE:uvm_test_top.env.rknp_agt.sqr STREAM:1591}
  CREATE_STREAM @645000 {NAME:seq_read_okay_3 T:Transactions SCOPE:uvm_test_top.env.rknp_agt.sqr STREAM:1642}
  CREATE_STREAM @765000 {NAME:seq_write_okay_1 T:Transactions SCOPE:uvm_test_top.env.rknp_agt.sqr STREAM:1693}
  CREATE_STREAM @855000 {NAME:seq_write_slverr T:Transactions SCOPE:uvm_test_top.env.rknp_agt.sqr STREAM:1756}
  CREATE_STREAM @945000 {NAME:seq_write_okay_2 T:Transactions SCOPE:uvm_test_top.env.rknp_agt.sqr STREAM:1819}
  CREATE_STREAM @1045000 {NAME:seq_write_decerr T:Transactions SCOPE:uvm_test_top.env.rknp_agt.sqr STREAM:1882}
  CREATE_STREAM @1165000 {NAME:seq_write_okay_3 T:Transactions SCOPE:uvm_test_top.env.rknp_agt.sqr STREAM:1945}
  CREATE_STREAM @0 {NAME:seq T:Transactions SCOPE:uvm_test_top.env.rknp_agt.sqr STREAM:1208}
  CREATE_STREAM @0 {NAME:seq T:Transactions SCOPE:uvm_test_top.env.rknp_agt.sqr STREAM:1208}
  CREATE_STREAM @0 {NAME:seq_mix_inst T:Transactions SCOPE:uvm_test_top.env.rknp_agt.sqr STREAM:1208}
