 
****************************************
check_design summary:
Version:     O-2018.06-SP1
Date:        Fri Aug 21 19:43:57 2026
****************************************

                   Name                                            Total
--------------------------------------------------------------------------------
Inputs/Outputs                                                    833
    Unconnected ports (LINT-28)                                    37
    Feedthrough (LINT-29)                                         684
    Shorted outputs (LINT-31)                                      96
    Constant outputs (LINT-52)                                     16

Cells                                                              58
    Cells do not drive (LINT-1)                                    58
--------------------------------------------------------------------------------

Warning: In design 'wrap_align_REQ_HEAD_LEN_OFFSET102_ADDR_WITH32_REQ_OPC_OFFSET43_REQ_STATUS_OFFSET47_REQ_LEN_OFFSET49_REQ_ADDR_OFFSET57_REQ_USER_OFFSET89_NBYTEPERWORD8_REQ_FLIT_WITH175_RWRAP_CNT_MAX4_DLY0_0', cell 'B_9' does not drive any nets. (LINT-1)
Warning: In design 'wrap_align_REQ_HEAD_LEN_OFFSET102_ADDR_WITH32_REQ_OPC_OFFSET43_REQ_STATUS_OFFSET47_REQ_LEN_OFFSET49_REQ_ADDR_OFFSET57_REQ_USER_OFFSET89_NBYTEPERWORD8_REQ_FLIT_WITH175_RWRAP_CNT_MAX4_DLY0_0', cell 'C1399' does not drive any nets. (LINT-1)
Warning: In design 'wrap_align_REQ_HEAD_LEN_OFFSET102_ADDR_WITH32_REQ_OPC_OFFSET43_REQ_STATUS_OFFSET47_REQ_LEN_OFFSET49_REQ_ADDR_OFFSET57_REQ_USER_OFFSET89_NBYTEPERWORD8_REQ_FLIT_WITH175_RWRAP_CNT_MAX4_DLY0_0', cell 'C1423' does not drive any nets. (LINT-1)
Warning: In design 'wrap_align_REQ_HEAD_LEN_OFFSET102_ADDR_WITH32_REQ_OPC_OFFSET43_REQ_STATUS_OFFSET47_REQ_LEN_OFFSET49_REQ_ADDR_OFFSET57_REQ_USER_OFFSET89_NBYTEPERWORD8_REQ_FLIT_WITH175_RWRAP_CNT_MAX4_DLY0_0', cell 'C1553' does not drive any nets. (LINT-1)
Warning: In design 'wrap_align_REQ_HEAD_LEN_OFFSET102_ADDR_WITH32_REQ_OPC_OFFSET43_REQ_STATUS_OFFSET47_REQ_LEN_OFFSET49_REQ_ADDR_OFFSET57_REQ_USER_OFFSET89_NBYTEPERWORD8_REQ_FLIT_WITH175_RWRAP_CNT_MAX4_DLY0_0', cell 'C1575' does not drive any nets. (LINT-1)
Warning: In design 'wrap_adjust_RSP_FLIT_WITH157_NBYTEPERWORD8_USER_WITH10_ADDR_WITH32_AXID_WITH4_RWRAP_CNT_MAX4_DLY0_0', cell 'B_27' does not drive any nets. (LINT-1)
Warning: In design 'wrap_adjust_RSP_FLIT_WITH157_NBYTEPERWORD8_USER_WITH10_ADDR_WITH32_AXID_WITH4_RWRAP_CNT_MAX4_DLY0_0', cell 'C2193' does not drive any nets. (LINT-1)
Warning: In design 'wrap_adjust_RSP_FLIT_WITH157_NBYTEPERWORD8_USER_WITH10_ADDR_WITH32_AXID_WITH4_RWRAP_CNT_MAX4_DLY0_0', cell 'B_29' does not drive any nets. (LINT-1)
Warning: In design 'wrap_adjust_RSP_FLIT_WITH157_NBYTEPERWORD8_USER_WITH10_ADDR_WITH32_AXID_WITH4_RWRAP_CNT_MAX4_DLY0_0', cell 'B_30' does not drive any nets. (LINT-1)
Warning: In design 'req_order_REQ_FLIT_WITH175_URGE_WITH7_IID_WITH10_TID_WITH10_SUBR_WITH8_ADDR_WITH32_AXID_WITH4_ORDKEY_WITH8_LEN_WITH8_USER_WITH10_NBYTEPERWORD8_TAG_CNT_WITH3_REQ_IID_OFFSET7_REQ_TID_OFFSET17_REQ_SUBR_OFFSET27_REQ_ORDKEY_OFFSET35_REQ_OPC_OFFSET43_REQ_STATUS_OFFSET47_REQ_LEN_OFFSET49_REQ_ADDR_OFFSET57_REQ_USER_OFFSET89_REQ_ERRC_OFFSET99_REQ_HEAD_LEN_OFFSET102_HEAD_BUFF_DEEP8_ADDR_BLOCK_SIZE64_ADDR_BP_TYPE1_EARLY_RSP_MODE1_DLY0_0', cell 'C11358' does not drive any nets. (LINT-1)
Warning: In design 'req_order_REQ_FLIT_WITH175_URGE_WITH7_IID_WITH10_TID_WITH10_SUBR_WITH8_ADDR_WITH32_AXID_WITH4_ORDKEY_WITH8_LEN_WITH8_USER_WITH10_NBYTEPERWORD8_TAG_CNT_WITH3_REQ_IID_OFFSET7_REQ_TID_OFFSET17_REQ_SUBR_OFFSET27_REQ_ORDKEY_OFFSET35_REQ_OPC_OFFSET43_REQ_STATUS_OFFSET47_REQ_LEN_OFFSET49_REQ_ADDR_OFFSET57_REQ_USER_OFFSET89_REQ_ERRC_OFFSET99_REQ_HEAD_LEN_OFFSET102_HEAD_BUFF_DEEP8_ADDR_BLOCK_SIZE64_ADDR_BP_TYPE1_EARLY_RSP_MODE1_DLY0_0', cell 'C11362' does not drive any nets. (LINT-1)
Warning: In design 'req_order_REQ_FLIT_WITH175_URGE_WITH7_IID_WITH10_TID_WITH10_SUBR_WITH8_ADDR_WITH32_AXID_WITH4_ORDKEY_WITH8_LEN_WITH8_USER_WITH10_NBYTEPERWORD8_TAG_CNT_WITH3_REQ_IID_OFFSET7_REQ_TID_OFFSET17_REQ_SUBR_OFFSET27_REQ_ORDKEY_OFFSET35_REQ_OPC_OFFSET43_REQ_STATUS_OFFSET47_REQ_LEN_OFFSET49_REQ_ADDR_OFFSET57_REQ_USER_OFFSET89_REQ_ERRC_OFFSET99_REQ_HEAD_LEN_OFFSET102_HEAD_BUFF_DEEP8_ADDR_BLOCK_SIZE64_ADDR_BP_TYPE1_EARLY_RSP_MODE1_DLY0_0', cell 'B_140' does not drive any nets. (LINT-1)
Warning: In design 'req_order_REQ_FLIT_WITH175_URGE_WITH7_IID_WITH10_TID_WITH10_SUBR_WITH8_ADDR_WITH32_AXID_WITH4_ORDKEY_WITH8_LEN_WITH8_USER_WITH10_NBYTEPERWORD8_TAG_CNT_WITH3_REQ_IID_OFFSET7_REQ_TID_OFFSET17_REQ_SUBR_OFFSET27_REQ_ORDKEY_OFFSET35_REQ_OPC_OFFSET43_REQ_STATUS_OFFSET47_REQ_LEN_OFFSET49_REQ_ADDR_OFFSET57_REQ_USER_OFFSET89_REQ_ERRC_OFFSET99_REQ_HEAD_LEN_OFFSET102_HEAD_BUFF_DEEP8_ADDR_BLOCK_SIZE64_ADDR_BP_TYPE1_EARLY_RSP_MODE1_DLY0_0', cell 'C11500' does not drive any nets. (LINT-1)
Warning: In design 'req_order_REQ_FLIT_WITH175_URGE_WITH7_IID_WITH10_TID_WITH10_SUBR_WITH8_ADDR_WITH32_AXID_WITH4_ORDKEY_WITH8_LEN_WITH8_USER_WITH10_NBYTEPERWORD8_TAG_CNT_WITH3_REQ_IID_OFFSET7_REQ_TID_OFFSET17_REQ_SUBR_OFFSET27_REQ_ORDKEY_OFFSET35_REQ_OPC_OFFSET43_REQ_STATUS_OFFSET47_REQ_LEN_OFFSET49_REQ_ADDR_OFFSET57_REQ_USER_OFFSET89_REQ_ERRC_OFFSET99_REQ_HEAD_LEN_OFFSET102_HEAD_BUFF_DEEP8_ADDR_BLOCK_SIZE64_ADDR_BP_TYPE1_EARLY_RSP_MODE1_DLY0_0', cell 'C11505' does not drive any nets. (LINT-1)
Warning: In design 'req_order_REQ_FLIT_WITH175_URGE_WITH7_IID_WITH10_TID_WITH10_SUBR_WITH8_ADDR_WITH32_AXID_WITH4_ORDKEY_WITH8_LEN_WITH8_USER_WITH10_NBYTEPERWORD8_TAG_CNT_WITH3_REQ_IID_OFFSET7_REQ_TID_OFFSET17_REQ_SUBR_OFFSET27_REQ_ORDKEY_OFFSET35_REQ_OPC_OFFSET43_REQ_STATUS_OFFSET47_REQ_LEN_OFFSET49_REQ_ADDR_OFFSET57_REQ_USER_OFFSET89_REQ_ERRC_OFFSET99_REQ_HEAD_LEN_OFFSET102_HEAD_BUFF_DEEP8_ADDR_BLOCK_SIZE64_ADDR_BP_TYPE1_EARLY_RSP_MODE1_DLY0_0', cell 'C11540' does not drive any nets. (LINT-1)
Warning: In design 'req_order_REQ_FLIT_WITH175_URGE_WITH7_IID_WITH10_TID_WITH10_SUBR_WITH8_ADDR_WITH32_AXID_WITH4_ORDKEY_WITH8_LEN_WITH8_USER_WITH10_NBYTEPERWORD8_TAG_CNT_WITH3_REQ_IID_OFFSET7_REQ_TID_OFFSET17_REQ_SUBR_OFFSET27_REQ_ORDKEY_OFFSET35_REQ_OPC_OFFSET43_REQ_STATUS_OFFSET47_REQ_LEN_OFFSET49_REQ_ADDR_OFFSET57_REQ_USER_OFFSET89_REQ_ERRC_OFFSET99_REQ_HEAD_LEN_OFFSET102_HEAD_BUFF_DEEP8_ADDR_BLOCK_SIZE64_ADDR_BP_TYPE1_EARLY_RSP_MODE1_DLY0_0', cell 'B_150' does not drive any nets. (LINT-1)
Warning: In design 'req_order_REQ_FLIT_WITH175_URGE_WITH7_IID_WITH10_TID_WITH10_SUBR_WITH8_ADDR_WITH32_AXID_WITH4_ORDKEY_WITH8_LEN_WITH8_USER_WITH10_NBYTEPERWORD8_TAG_CNT_WITH3_REQ_IID_OFFSET7_REQ_TID_OFFSET17_REQ_SUBR_OFFSET27_REQ_ORDKEY_OFFSET35_REQ_OPC_OFFSET43_REQ_STATUS_OFFSET47_REQ_LEN_OFFSET49_REQ_ADDR_OFFSET57_REQ_USER_OFFSET89_REQ_ERRC_OFFSET99_REQ_HEAD_LEN_OFFSET102_HEAD_BUFF_DEEP8_ADDR_BLOCK_SIZE64_ADDR_BP_TYPE1_EARLY_RSP_MODE1_DLY0_0', cell 'B_151' does not drive any nets. (LINT-1)
Warning: In design 'req_order_REQ_FLIT_WITH175_URGE_WITH7_IID_WITH10_TID_WITH10_SUBR_WITH8_ADDR_WITH32_AXID_WITH4_ORDKEY_WITH8_LEN_WITH8_USER_WITH10_NBYTEPERWORD8_TAG_CNT_WITH3_REQ_IID_OFFSET7_REQ_TID_OFFSET17_REQ_SUBR_OFFSET27_REQ_ORDKEY_OFFSET35_REQ_OPC_OFFSET43_REQ_STATUS_OFFSET47_REQ_LEN_OFFSET49_REQ_ADDR_OFFSET57_REQ_USER_OFFSET89_REQ_ERRC_OFFSET99_REQ_HEAD_LEN_OFFSET102_HEAD_BUFF_DEEP8_ADDR_BLOCK_SIZE64_ADDR_BP_TYPE1_EARLY_RSP_MODE1_DLY0_0', cell 'B_152' does not drive any nets. (LINT-1)
Warning: In design 'req_order_REQ_FLIT_WITH175_URGE_WITH7_IID_WITH10_TID_WITH10_SUBR_WITH8_ADDR_WITH32_AXID_WITH4_ORDKEY_WITH8_LEN_WITH8_USER_WITH10_NBYTEPERWORD8_TAG_CNT_WITH3_REQ_IID_OFFSET7_REQ_TID_OFFSET17_REQ_SUBR_OFFSET27_REQ_ORDKEY_OFFSET35_REQ_OPC_OFFSET43_REQ_STATUS_OFFSET47_REQ_LEN_OFFSET49_REQ_ADDR_OFFSET57_REQ_USER_OFFSET89_REQ_ERRC_OFFSET99_REQ_HEAD_LEN_OFFSET102_HEAD_BUFF_DEEP8_ADDR_BLOCK_SIZE64_ADDR_BP_TYPE1_EARLY_RSP_MODE1_DLY0_0', cell 'B_153' does not drive any nets. (LINT-1)
Warning: In design 'req_order_REQ_FLIT_WITH175_URGE_WITH7_IID_WITH10_TID_WITH10_SUBR_WITH8_ADDR_WITH32_AXID_WITH4_ORDKEY_WITH8_LEN_WITH8_USER_WITH10_NBYTEPERWORD8_TAG_CNT_WITH3_REQ_IID_OFFSET7_REQ_TID_OFFSET17_REQ_SUBR_OFFSET27_REQ_ORDKEY_OFFSET35_REQ_OPC_OFFSET43_REQ_STATUS_OFFSET47_REQ_LEN_OFFSET49_REQ_ADDR_OFFSET57_REQ_USER_OFFSET89_REQ_ERRC_OFFSET99_REQ_HEAD_LEN_OFFSET102_HEAD_BUFF_DEEP8_ADDR_BLOCK_SIZE64_ADDR_BP_TYPE1_EARLY_RSP_MODE1_DLY0_0', cell 'B_154' does not drive any nets. (LINT-1)
Warning: In design 'req_order_REQ_FLIT_WITH175_URGE_WITH7_IID_WITH10_TID_WITH10_SUBR_WITH8_ADDR_WITH32_AXID_WITH4_ORDKEY_WITH8_LEN_WITH8_USER_WITH10_NBYTEPERWORD8_TAG_CNT_WITH3_REQ_IID_OFFSET7_REQ_TID_OFFSET17_REQ_SUBR_OFFSET27_REQ_ORDKEY_OFFSET35_REQ_OPC_OFFSET43_REQ_STATUS_OFFSET47_REQ_LEN_OFFSET49_REQ_ADDR_OFFSET57_REQ_USER_OFFSET89_REQ_ERRC_OFFSET99_REQ_HEAD_LEN_OFFSET102_HEAD_BUFF_DEEP8_ADDR_BLOCK_SIZE64_ADDR_BP_TYPE1_EARLY_RSP_MODE1_DLY0_0', cell 'B_155' does not drive any nets. (LINT-1)
Warning: In design 'req_order_REQ_FLIT_WITH175_URGE_WITH7_IID_WITH10_TID_WITH10_SUBR_WITH8_ADDR_WITH32_AXID_WITH4_ORDKEY_WITH8_LEN_WITH8_USER_WITH10_NBYTEPERWORD8_TAG_CNT_WITH3_REQ_IID_OFFSET7_REQ_TID_OFFSET17_REQ_SUBR_OFFSET27_REQ_ORDKEY_OFFSET35_REQ_OPC_OFFSET43_REQ_STATUS_OFFSET47_REQ_LEN_OFFSET49_REQ_ADDR_OFFSET57_REQ_USER_OFFSET89_REQ_ERRC_OFFSET99_REQ_HEAD_LEN_OFFSET102_HEAD_BUFF_DEEP8_ADDR_BLOCK_SIZE64_ADDR_BP_TYPE1_EARLY_RSP_MODE1_DLY0_0', cell 'B_156' does not drive any nets. (LINT-1)
Warning: In design 'req_order_REQ_FLIT_WITH175_URGE_WITH7_IID_WITH10_TID_WITH10_SUBR_WITH8_ADDR_WITH32_AXID_WITH4_ORDKEY_WITH8_LEN_WITH8_USER_WITH10_NBYTEPERWORD8_TAG_CNT_WITH3_REQ_IID_OFFSET7_REQ_TID_OFFSET17_REQ_SUBR_OFFSET27_REQ_ORDKEY_OFFSET35_REQ_OPC_OFFSET43_REQ_STATUS_OFFSET47_REQ_LEN_OFFSET49_REQ_ADDR_OFFSET57_REQ_USER_OFFSET89_REQ_ERRC_OFFSET99_REQ_HEAD_LEN_OFFSET102_HEAD_BUFF_DEEP8_ADDR_BLOCK_SIZE64_ADDR_BP_TYPE1_EARLY_RSP_MODE1_DLY0_0', cell 'B_157' does not drive any nets. (LINT-1)
Warning: In design 'watchdog_AXID_WITH4_TAG_CNT_WITH3_TIMOUT_VALUE10240_TIMOUT_TABLE_DEEP8_DLY0_0', cell 'C2157' does not drive any nets. (LINT-1)
Warning: In design 'watchdog_AXID_WITH4_TAG_CNT_WITH3_TIMOUT_VALUE10240_TIMOUT_TABLE_DEEP8_DLY0_0', cell 'C2158' does not drive any nets. (LINT-1)
Warning: In design 'rsp_trans_AXID_WITH4_USER_WITH10_NBYTEPERWORD8_AUSER_WITH1_DLY0_0', cell 'C1494' does not drive any nets. (LINT-1)
Warning: In design 'ely_rsp_detect_URGE_WITH7_SUBR_WITH8_ADDR_WITH32_AXID_WITH4_LEN_WITH8_USER_WITH10_NBYTEPERWORD8_ELYRSP_TABLE_DEEP8_AUSER_WITH1_TAG_CNT_WITH3_DLY0_0', cell 'C3661' does not drive any nets. (LINT-1)
Warning: In design 'ely_rsp_detect_URGE_WITH7_SUBR_WITH8_ADDR_WITH32_AXID_WITH4_LEN_WITH8_USER_WITH10_NBYTEPERWORD8_ELYRSP_TABLE_DEEP8_AUSER_WITH1_TAG_CNT_WITH3_DLY0_0', cell 'C3664' does not drive any nets. (LINT-1)
Warning: In design 'ely_rsp_detect_URGE_WITH7_SUBR_WITH8_ADDR_WITH32_AXID_WITH4_LEN_WITH8_USER_WITH10_NBYTEPERWORD8_ELYRSP_TABLE_DEEP8_AUSER_WITH1_TAG_CNT_WITH3_DLY0_0', cell 'C3667' does not drive any nets. (LINT-1)
Warning: In design 'ely_rsp_detect_URGE_WITH7_SUBR_WITH8_ADDR_WITH32_AXID_WITH4_LEN_WITH8_USER_WITH10_NBYTEPERWORD8_ELYRSP_TABLE_DEEP8_AUSER_WITH1_TAG_CNT_WITH3_DLY0_0', cell 'C3670' does not drive any nets. (LINT-1)
Warning: In design 'ely_rsp_detect_URGE_WITH7_SUBR_WITH8_ADDR_WITH32_AXID_WITH4_LEN_WITH8_USER_WITH10_NBYTEPERWORD8_ELYRSP_TABLE_DEEP8_AUSER_WITH1_TAG_CNT_WITH3_DLY0_0', cell 'C3673' does not drive any nets. (LINT-1)
Warning: In design 'ely_rsp_detect_URGE_WITH7_SUBR_WITH8_ADDR_WITH32_AXID_WITH4_LEN_WITH8_USER_WITH10_NBYTEPERWORD8_ELYRSP_TABLE_DEEP8_AUSER_WITH1_TAG_CNT_WITH3_DLY0_0', cell 'C3676' does not drive any nets. (LINT-1)
Warning: In design 'ely_rsp_detect_URGE_WITH7_SUBR_WITH8_ADDR_WITH32_AXID_WITH4_LEN_WITH8_USER_WITH10_NBYTEPERWORD8_ELYRSP_TABLE_DEEP8_AUSER_WITH1_TAG_CNT_WITH3_DLY0_0', cell 'C3679' does not drive any nets. (LINT-1)
Warning: In design 'ely_rsp_detect_URGE_WITH7_SUBR_WITH8_ADDR_WITH32_AXID_WITH4_LEN_WITH8_USER_WITH10_NBYTEPERWORD8_ELYRSP_TABLE_DEEP8_AUSER_WITH1_TAG_CNT_WITH3_DLY0_0', cell 'C3682' does not drive any nets. (LINT-1)
Warning: In design 'ely_rsp_detect_URGE_WITH7_SUBR_WITH8_ADDR_WITH32_AXID_WITH4_LEN_WITH8_USER_WITH10_NBYTEPERWORD8_ELYRSP_TABLE_DEEP8_AUSER_WITH1_TAG_CNT_WITH3_DLY0_0', cell 'C3685' does not drive any nets. (LINT-1)
Warning: In design 'rsp_order_URGE_WITH7_SUBR_WITH8_IID_WITH10_TID_WITH10_ADDR_WITH32_AXID_WITH4_ORDKEY_WITH8_LEN_WITH8_USER_WITH10_RSP_IID_OFFSET7_RSP_TID_OFFSET17_RSP_ORDKEY_OFFSET27_RSP_OPC_OFFSET35_RSP_STATUS_OFFSET37_RSP_ADDR_OFFSET39_RSP_USER_OFFSET71_RSP_ERRC_OFFSET81_NBYTEPERWORD8_TAG_CNT_WITH3_SPEC_REQ_BUFF_DEEP8_ADDR_BLOCK_SIZE64_ADDR_BP_TYPE1_AUSER_WITH1_EARLY_RSP_MODE1_DLY0_0', cell 'C5156' does not drive any nets. (LINT-1)
Warning: In design 'rsp_order_URGE_WITH7_SUBR_WITH8_IID_WITH10_TID_WITH10_ADDR_WITH32_AXID_WITH4_ORDKEY_WITH8_LEN_WITH8_USER_WITH10_RSP_IID_OFFSET7_RSP_TID_OFFSET17_RSP_ORDKEY_OFFSET27_RSP_OPC_OFFSET35_RSP_STATUS_OFFSET37_RSP_ADDR_OFFSET39_RSP_USER_OFFSET71_RSP_ERRC_OFFSET81_NBYTEPERWORD8_TAG_CNT_WITH3_SPEC_REQ_BUFF_DEEP8_ADDR_BLOCK_SIZE64_ADDR_BP_TYPE1_AUSER_WITH1_EARLY_RSP_MODE1_DLY0_0', cell 'C5160' does not drive any nets. (LINT-1)
Warning: In design 'rsp_order_URGE_WITH7_SUBR_WITH8_IID_WITH10_TID_WITH10_ADDR_WITH32_AXID_WITH4_ORDKEY_WITH8_LEN_WITH8_USER_WITH10_RSP_IID_OFFSET7_RSP_TID_OFFSET17_RSP_ORDKEY_OFFSET27_RSP_OPC_OFFSET35_RSP_STATUS_OFFSET37_RSP_ADDR_OFFSET39_RSP_USER_OFFSET71_RSP_ERRC_OFFSET81_NBYTEPERWORD8_TAG_CNT_WITH3_SPEC_REQ_BUFF_DEEP8_ADDR_BLOCK_SIZE64_ADDR_BP_TYPE1_AUSER_WITH1_EARLY_RSP_MODE1_DLY0_0', cell 'C5168' does not drive any nets. (LINT-1)
Warning: In design 'rsp_order_URGE_WITH7_SUBR_WITH8_IID_WITH10_TID_WITH10_ADDR_WITH32_AXID_WITH4_ORDKEY_WITH8_LEN_WITH8_USER_WITH10_RSP_IID_OFFSET7_RSP_TID_OFFSET17_RSP_ORDKEY_OFFSET27_RSP_OPC_OFFSET35_RSP_STATUS_OFFSET37_RSP_ADDR_OFFSET39_RSP_USER_OFFSET71_RSP_ERRC_OFFSET81_NBYTEPERWORD8_TAG_CNT_WITH3_SPEC_REQ_BUFF_DEEP8_ADDR_BLOCK_SIZE64_ADDR_BP_TYPE1_AUSER_WITH1_EARLY_RSP_MODE1_DLY0_0', cell 'C5205' does not drive any nets. (LINT-1)
Warning: In design 'rsp_order_URGE_WITH7_SUBR_WITH8_IID_WITH10_TID_WITH10_ADDR_WITH32_AXID_WITH4_ORDKEY_WITH8_LEN_WITH8_USER_WITH10_RSP_IID_OFFSET7_RSP_TID_OFFSET17_RSP_ORDKEY_OFFSET27_RSP_OPC_OFFSET35_RSP_STATUS_OFFSET37_RSP_ADDR_OFFSET39_RSP_USER_OFFSET71_RSP_ERRC_OFFSET81_NBYTEPERWORD8_TAG_CNT_WITH3_SPEC_REQ_BUFF_DEEP8_ADDR_BLOCK_SIZE64_ADDR_BP_TYPE1_AUSER_WITH1_EARLY_RSP_MODE1_DLY0_0', cell 'C5242' does not drive any nets. (LINT-1)
Warning: In design 'rsp_order_URGE_WITH7_SUBR_WITH8_IID_WITH10_TID_WITH10_ADDR_WITH32_AXID_WITH4_ORDKEY_WITH8_LEN_WITH8_USER_WITH10_RSP_IID_OFFSET7_RSP_TID_OFFSET17_RSP_ORDKEY_OFFSET27_RSP_OPC_OFFSET35_RSP_STATUS_OFFSET37_RSP_ADDR_OFFSET39_RSP_USER_OFFSET71_RSP_ERRC_OFFSET81_NBYTEPERWORD8_TAG_CNT_WITH3_SPEC_REQ_BUFF_DEEP8_ADDR_BLOCK_SIZE64_ADDR_BP_TYPE1_AUSER_WITH1_EARLY_RSP_MODE1_DLY0_0', cell 'C5279' does not drive any nets. (LINT-1)
Warning: In design 'rsp_order_URGE_WITH7_SUBR_WITH8_IID_WITH10_TID_WITH10_ADDR_WITH32_AXID_WITH4_ORDKEY_WITH8_LEN_WITH8_USER_WITH10_RSP_IID_OFFSET7_RSP_TID_OFFSET17_RSP_ORDKEY_OFFSET27_RSP_OPC_OFFSET35_RSP_STATUS_OFFSET37_RSP_ADDR_OFFSET39_RSP_USER_OFFSET71_RSP_ERRC_OFFSET81_NBYTEPERWORD8_TAG_CNT_WITH3_SPEC_REQ_BUFF_DEEP8_ADDR_BLOCK_SIZE64_ADDR_BP_TYPE1_AUSER_WITH1_EARLY_RSP_MODE1_DLY0_0', cell 'C5316' does not drive any nets. (LINT-1)
Warning: In design 'rsp_order_URGE_WITH7_SUBR_WITH8_IID_WITH10_TID_WITH10_ADDR_WITH32_AXID_WITH4_ORDKEY_WITH8_LEN_WITH8_USER_WITH10_RSP_IID_OFFSET7_RSP_TID_OFFSET17_RSP_ORDKEY_OFFSET27_RSP_OPC_OFFSET35_RSP_STATUS_OFFSET37_RSP_ADDR_OFFSET39_RSP_USER_OFFSET71_RSP_ERRC_OFFSET81_NBYTEPERWORD8_TAG_CNT_WITH3_SPEC_REQ_BUFF_DEEP8_ADDR_BLOCK_SIZE64_ADDR_BP_TYPE1_AUSER_WITH1_EARLY_RSP_MODE1_DLY0_0', cell 'C5353' does not drive any nets. (LINT-1)
Warning: In design 'rsp_order_URGE_WITH7_SUBR_WITH8_IID_WITH10_TID_WITH10_ADDR_WITH32_AXID_WITH4_ORDKEY_WITH8_LEN_WITH8_USER_WITH10_RSP_IID_OFFSET7_RSP_TID_OFFSET17_RSP_ORDKEY_OFFSET27_RSP_OPC_OFFSET35_RSP_STATUS_OFFSET37_RSP_ADDR_OFFSET39_RSP_USER_OFFSET71_RSP_ERRC_OFFSET81_NBYTEPERWORD8_TAG_CNT_WITH3_SPEC_REQ_BUFF_DEEP8_ADDR_BLOCK_SIZE64_ADDR_BP_TYPE1_AUSER_WITH1_EARLY_RSP_MODE1_DLY0_0', cell 'C5390' does not drive any nets. (LINT-1)
Warning: In design 'rsp_order_URGE_WITH7_SUBR_WITH8_IID_WITH10_TID_WITH10_ADDR_WITH32_AXID_WITH4_ORDKEY_WITH8_LEN_WITH8_USER_WITH10_RSP_IID_OFFSET7_RSP_TID_OFFSET17_RSP_ORDKEY_OFFSET27_RSP_OPC_OFFSET35_RSP_STATUS_OFFSET37_RSP_ADDR_OFFSET39_RSP_USER_OFFSET71_RSP_ERRC_OFFSET81_NBYTEPERWORD8_TAG_CNT_WITH3_SPEC_REQ_BUFF_DEEP8_ADDR_BLOCK_SIZE64_ADDR_BP_TYPE1_AUSER_WITH1_EARLY_RSP_MODE1_DLY0_0', cell 'C5427' does not drive any nets. (LINT-1)
Warning: In design 'rsp_order_URGE_WITH7_SUBR_WITH8_IID_WITH10_TID_WITH10_ADDR_WITH32_AXID_WITH4_ORDKEY_WITH8_LEN_WITH8_USER_WITH10_RSP_IID_OFFSET7_RSP_TID_OFFSET17_RSP_ORDKEY_OFFSET27_RSP_OPC_OFFSET35_RSP_STATUS_OFFSET37_RSP_ADDR_OFFSET39_RSP_USER_OFFSET71_RSP_ERRC_OFFSET81_NBYTEPERWORD8_TAG_CNT_WITH3_SPEC_REQ_BUFF_DEEP8_ADDR_BLOCK_SIZE64_ADDR_BP_TYPE1_AUSER_WITH1_EARLY_RSP_MODE1_DLY0_0', cell 'C5500' does not drive any nets. (LINT-1)
Warning: In design 'rsp_order_URGE_WITH7_SUBR_WITH8_IID_WITH10_TID_WITH10_ADDR_WITH32_AXID_WITH4_ORDKEY_WITH8_LEN_WITH8_USER_WITH10_RSP_IID_OFFSET7_RSP_TID_OFFSET17_RSP_ORDKEY_OFFSET27_RSP_OPC_OFFSET35_RSP_STATUS_OFFSET37_RSP_ADDR_OFFSET39_RSP_USER_OFFSET71_RSP_ERRC_OFFSET81_NBYTEPERWORD8_TAG_CNT_WITH3_SPEC_REQ_BUFF_DEEP8_ADDR_BLOCK_SIZE64_ADDR_BP_TYPE1_AUSER_WITH1_EARLY_RSP_MODE1_DLY0_0', cell 'B_204' does not drive any nets. (LINT-1)
Warning: In design 'rsp_order_URGE_WITH7_SUBR_WITH8_IID_WITH10_TID_WITH10_ADDR_WITH32_AXID_WITH4_ORDKEY_WITH8_LEN_WITH8_USER_WITH10_RSP_IID_OFFSET7_RSP_TID_OFFSET17_RSP_ORDKEY_OFFSET27_RSP_OPC_OFFSET35_RSP_STATUS_OFFSET37_RSP_ADDR_OFFSET39_RSP_USER_OFFSET71_RSP_ERRC_OFFSET81_NBYTEPERWORD8_TAG_CNT_WITH3_SPEC_REQ_BUFF_DEEP8_ADDR_BLOCK_SIZE64_ADDR_BP_TYPE1_AUSER_WITH1_EARLY_RSP_MODE1_DLY0_0', cell 'B_205' does not drive any nets. (LINT-1)
Warning: In design 'rsp_order_URGE_WITH7_SUBR_WITH8_IID_WITH10_TID_WITH10_ADDR_WITH32_AXID_WITH4_ORDKEY_WITH8_LEN_WITH8_USER_WITH10_RSP_IID_OFFSET7_RSP_TID_OFFSET17_RSP_ORDKEY_OFFSET27_RSP_OPC_OFFSET35_RSP_STATUS_OFFSET37_RSP_ADDR_OFFSET39_RSP_USER_OFFSET71_RSP_ERRC_OFFSET81_NBYTEPERWORD8_TAG_CNT_WITH3_SPEC_REQ_BUFF_DEEP8_ADDR_BLOCK_SIZE64_ADDR_BP_TYPE1_AUSER_WITH1_EARLY_RSP_MODE1_DLY0_0', cell 'B_206' does not drive any nets. (LINT-1)
Warning: In design 'rsp_order_URGE_WITH7_SUBR_WITH8_IID_WITH10_TID_WITH10_ADDR_WITH32_AXID_WITH4_ORDKEY_WITH8_LEN_WITH8_USER_WITH10_RSP_IID_OFFSET7_RSP_TID_OFFSET17_RSP_ORDKEY_OFFSET27_RSP_OPC_OFFSET35_RSP_STATUS_OFFSET37_RSP_ADDR_OFFSET39_RSP_USER_OFFSET71_RSP_ERRC_OFFSET81_NBYTEPERWORD8_TAG_CNT_WITH3_SPEC_REQ_BUFF_DEEP8_ADDR_BLOCK_SIZE64_ADDR_BP_TYPE1_AUSER_WITH1_EARLY_RSP_MODE1_DLY0_0', cell 'B_207' does not drive any nets. (LINT-1)
Warning: In design 'rsp_order_URGE_WITH7_SUBR_WITH8_IID_WITH10_TID_WITH10_ADDR_WITH32_AXID_WITH4_ORDKEY_WITH8_LEN_WITH8_USER_WITH10_RSP_IID_OFFSET7_RSP_TID_OFFSET17_RSP_ORDKEY_OFFSET27_RSP_OPC_OFFSET35_RSP_STATUS_OFFSET37_RSP_ADDR_OFFSET39_RSP_USER_OFFSET71_RSP_ERRC_OFFSET81_NBYTEPERWORD8_TAG_CNT_WITH3_SPEC_REQ_BUFF_DEEP8_ADDR_BLOCK_SIZE64_ADDR_BP_TYPE1_AUSER_WITH1_EARLY_RSP_MODE1_DLY0_0', cell 'B_208' does not drive any nets. (LINT-1)
Warning: In design 'rsp_order_URGE_WITH7_SUBR_WITH8_IID_WITH10_TID_WITH10_ADDR_WITH32_AXID_WITH4_ORDKEY_WITH8_LEN_WITH8_USER_WITH10_RSP_IID_OFFSET7_RSP_TID_OFFSET17_RSP_ORDKEY_OFFSET27_RSP_OPC_OFFSET35_RSP_STATUS_OFFSET37_RSP_ADDR_OFFSET39_RSP_USER_OFFSET71_RSP_ERRC_OFFSET81_NBYTEPERWORD8_TAG_CNT_WITH3_SPEC_REQ_BUFF_DEEP8_ADDR_BLOCK_SIZE64_ADDR_BP_TYPE1_AUSER_WITH1_EARLY_RSP_MODE1_DLY0_0', cell 'C5643' does not drive any nets. (LINT-1)
Warning: In design 'addr_border_cout_ADDR_WITH32_LEN_WITH8_NBYTEPERWORD8_ADDR_BLOCK_SIZE1_COUNT_MODE1_0', cell 'B_2' does not drive any nets. (LINT-1)
Warning: In design 'addr_border_cout_ADDR_WITH32_LEN_WITH8_NBYTEPERWORD8_ADDR_BLOCK_SIZE1_COUNT_MODE1_0', cell 'B_3' does not drive any nets. (LINT-1)
Warning: In design 'addr_border_cout_ADDR_WITH32_LEN_WITH8_NBYTEPERWORD8_ADDR_BLOCK_SIZE64_COUNT_MODE0_0', cell 'B_2' does not drive any nets. (LINT-1)
Warning: In design 'addr_border_cout_ADDR_WITH32_LEN_WITH8_NBYTEPERWORD8_ADDR_BLOCK_SIZE64_COUNT_MODE0_0', cell 'B_3' does not drive any nets. (LINT-1)
Warning: In design 'sync_fifo_DATA_WIDTH6_DATA_DEPTH8_DLY0_0', cell 'C293' does not drive any nets. (LINT-1)
Warning: In design 'sync_fifo_DATA_WIDTH6_DATA_DEPTH8_DLY0_0', cell 'C299' does not drive any nets. (LINT-1)
Warning: In design 'addr_map_URGE_WITH7_SUBR_WITH8_ADDR_WITH32_AXID_WITH4_LEN_WITH8_USER_WITH10_NBYTEPERWORD8_AADDR_WITH40_AQOS_WITH3_0', port 'rspo2am_subr[7]' is not connected to any nets. (LINT-28)
Warning: In design 'addr_map_URGE_WITH7_SUBR_WITH8_ADDR_WITH32_AXID_WITH4_LEN_WITH8_USER_WITH10_NBYTEPERWORD8_AADDR_WITH40_AQOS_WITH3_0', port 'rspo2am_subr[6]' is not connected to any nets. (LINT-28)
Warning: In design 'addr_map_URGE_WITH7_SUBR_WITH8_ADDR_WITH32_AXID_WITH4_LEN_WITH8_USER_WITH10_NBYTEPERWORD8_AADDR_WITH40_AQOS_WITH3_0', port 'rspo2am_subr[5]' is not connected to any nets. (LINT-28)
Warning: In design 'addr_map_URGE_WITH7_SUBR_WITH8_ADDR_WITH32_AXID_WITH4_LEN_WITH8_USER_WITH10_NBYTEPERWORD8_AADDR_WITH40_AQOS_WITH3_0', port 'rspo2am_subr[4]' is not connected to any nets. (LINT-28)
Warning: In design 'addr_map_URGE_WITH7_SUBR_WITH8_ADDR_WITH32_AXID_WITH4_LEN_WITH8_USER_WITH10_NBYTEPERWORD8_AADDR_WITH40_AQOS_WITH3_0', port 'rspo2am_subr[3]' is not connected to any nets. (LINT-28)
Warning: In design 'rreq_trans_URGE_WITH7_SUBR_WITH8_AXID_WITH4_LEN_WITH8_USER_WITH10_NBYTEPERWORD8_AADDR_WITH40_AUSER_WITH1_AQOS_WITH3_DLY0_0', port 'clk' is not connected to any nets. (LINT-28)
Warning: In design 'rreq_trans_URGE_WITH7_SUBR_WITH8_AXID_WITH4_LEN_WITH8_USER_WITH10_NBYTEPERWORD8_AADDR_WITH40_AUSER_WITH1_AQOS_WITH3_DLY0_0', port 'resetn' is not connected to any nets. (LINT-28)
Warning: In design 'rreq_trans_URGE_WITH7_SUBR_WITH8_AXID_WITH4_LEN_WITH8_USER_WITH10_NBYTEPERWORD8_AADDR_WITH40_AUSER_WITH1_AQOS_WITH3_DLY0_0', port 'am2rreqt_tail' is not connected to any nets. (LINT-28)
Warning: In design 'rreq_trans_URGE_WITH7_SUBR_WITH8_AXID_WITH4_LEN_WITH8_USER_WITH10_NBYTEPERWORD8_AADDR_WITH40_AUSER_WITH1_AQOS_WITH3_DLY0_0', port 'am2rreqt_user[9]' is not connected to any nets. (LINT-28)
Warning: In design 'wreq_trans_URGE_WITH7_SUBR_WITH8_AXID_WITH4_LEN_WITH8_USER_WITH10_NBYTEPERWORD8_AADDR_WITH40_AUSER_WITH1_AQOS_WITH3_DLY0_0', port 'am2wreqt_user[9]' is not connected to any nets. (LINT-28)
Warning: In design 'wreq_trans_URGE_WITH7_SUBR_WITH8_AXID_WITH4_LEN_WITH8_USER_WITH10_NBYTEPERWORD8_AADDR_WITH40_AUSER_WITH1_AQOS_WITH3_DLY0_0', port 'am2wreqt_data[0]' is not connected to any nets. (LINT-28)
Warning: In design 'watchdog_AXID_WITH4_TAG_CNT_WITH3_TIMOUT_VALUE10240_TIMOUT_TABLE_DEEP8_DLY0_0', port 'reqo2wd_timout_table[3]' is not connected to any nets. (LINT-28)
Warning: In design 'watchdog_AXID_WITH4_TAG_CNT_WITH3_TIMOUT_VALUE10240_TIMOUT_TABLE_DEEP8_DLY0_0', port 'reqo2wd_timout_table[2]' is not connected to any nets. (LINT-28)
Warning: In design 'watchdog_AXID_WITH4_TAG_CNT_WITH3_TIMOUT_VALUE10240_TIMOUT_TABLE_DEEP8_DLY0_0', port 'reqo2wd_timout_table[1]' is not connected to any nets. (LINT-28)
Warning: In design 'watchdog_AXID_WITH4_TAG_CNT_WITH3_TIMOUT_VALUE10240_TIMOUT_TABLE_DEEP8_DLY0_0', port 'reqo2wd_timout_table[0]' is not connected to any nets. (LINT-28)
Warning: In design 'rsp_trans_AXID_WITH4_USER_WITH10_NBYTEPERWORD8_AUSER_WITH1_DLY0_0', port 'axi_m_rresp[0]' is not connected to any nets. (LINT-28)
Warning: In design 'rsp_trans_AXID_WITH4_USER_WITH10_NBYTEPERWORD8_AUSER_WITH1_DLY0_0', port 'axi_m_bresp[0]' is not connected to any nets. (LINT-28)
Warning: In design 'ely_rsp_detect_URGE_WITH7_SUBR_WITH8_ADDR_WITH32_AXID_WITH4_LEN_WITH8_USER_WITH10_NBYTEPERWORD8_ELYRSP_TABLE_DEEP8_AUSER_WITH1_TAG_CNT_WITH3_DLY0_0', port 'rspo2erd_opc[1]' is not connected to any nets. (LINT-28)
Warning: In design 'ely_rsp_detect_URGE_WITH7_SUBR_WITH8_ADDR_WITH32_AXID_WITH4_LEN_WITH8_USER_WITH10_NBYTEPERWORD8_ELYRSP_TABLE_DEEP8_AUSER_WITH1_TAG_CNT_WITH3_DLY0_0', port 'rspo2erd_opc[0]' is not connected to any nets. (LINT-28)
Warning: In design 'ely_rsp_detect_URGE_WITH7_SUBR_WITH8_ADDR_WITH32_AXID_WITH4_LEN_WITH8_USER_WITH10_NBYTEPERWORD8_ELYRSP_TABLE_DEEP8_AUSER_WITH1_TAG_CNT_WITH3_DLY0_0', port 'rspo2erd_user[9]' is not connected to any nets. (LINT-28)
Warning: In design 'ely_rsp_detect_URGE_WITH7_SUBR_WITH8_ADDR_WITH32_AXID_WITH4_LEN_WITH8_USER_WITH10_NBYTEPERWORD8_ELYRSP_TABLE_DEEP8_AUSER_WITH1_TAG_CNT_WITH3_DLY0_0', port 'rspo2erd_user[8]' is not connected to any nets. (LINT-28)
Warning: In design 'ely_rsp_detect_URGE_WITH7_SUBR_WITH8_ADDR_WITH32_AXID_WITH4_LEN_WITH8_USER_WITH10_NBYTEPERWORD8_ELYRSP_TABLE_DEEP8_AUSER_WITH1_TAG_CNT_WITH3_DLY0_0', port 'rspo2erd_user[7]' is not connected to any nets. (LINT-28)
Warning: In design 'ely_rsp_detect_URGE_WITH7_SUBR_WITH8_ADDR_WITH32_AXID_WITH4_LEN_WITH8_USER_WITH10_NBYTEPERWORD8_ELYRSP_TABLE_DEEP8_AUSER_WITH1_TAG_CNT_WITH3_DLY0_0', port 'rspo2erd_user[6]' is not connected to any nets. (LINT-28)
Warning: In design 'ely_rsp_detect_URGE_WITH7_SUBR_WITH8_ADDR_WITH32_AXID_WITH4_LEN_WITH8_USER_WITH10_NBYTEPERWORD8_ELYRSP_TABLE_DEEP8_AUSER_WITH1_TAG_CNT_WITH3_DLY0_0', port 'rspo2erd_user[5]' is not connected to any nets. (LINT-28)
Warning: In design 'ely_rsp_detect_URGE_WITH7_SUBR_WITH8_ADDR_WITH32_AXID_WITH4_LEN_WITH8_USER_WITH10_NBYTEPERWORD8_ELYRSP_TABLE_DEEP8_AUSER_WITH1_TAG_CNT_WITH3_DLY0_0', port 'rspo2erd_user[4]' is not connected to any nets. (LINT-28)
Warning: In design 'ely_rsp_detect_URGE_WITH7_SUBR_WITH8_ADDR_WITH32_AXID_WITH4_LEN_WITH8_USER_WITH10_NBYTEPERWORD8_ELYRSP_TABLE_DEEP8_AUSER_WITH1_TAG_CNT_WITH3_DLY0_0', port 'rspo2erd_user[3]' is not connected to any nets. (LINT-28)
Warning: In design 'ely_rsp_detect_URGE_WITH7_SUBR_WITH8_ADDR_WITH32_AXID_WITH4_LEN_WITH8_USER_WITH10_NBYTEPERWORD8_ELYRSP_TABLE_DEEP8_AUSER_WITH1_TAG_CNT_WITH3_DLY0_0', port 'rspo2erd_user[2]' is not connected to any nets. (LINT-28)
Warning: In design 'ely_rsp_detect_URGE_WITH7_SUBR_WITH8_ADDR_WITH32_AXID_WITH4_LEN_WITH8_USER_WITH10_NBYTEPERWORD8_ELYRSP_TABLE_DEEP8_AUSER_WITH1_TAG_CNT_WITH3_DLY0_0', port 'rspo2erd_user[1]' is not connected to any nets. (LINT-28)
Warning: In design 'rsp_order_URGE_WITH7_SUBR_WITH8_IID_WITH10_TID_WITH10_ADDR_WITH32_AXID_WITH4_ORDKEY_WITH8_LEN_WITH8_USER_WITH10_RSP_IID_OFFSET7_RSP_TID_OFFSET17_RSP_ORDKEY_OFFSET27_RSP_OPC_OFFSET35_RSP_STATUS_OFFSET37_RSP_ADDR_OFFSET39_RSP_USER_OFFSET71_RSP_ERRC_OFFSET81_NBYTEPERWORD8_TAG_CNT_WITH3_SPEC_REQ_BUFF_DEEP8_ADDR_BLOCK_SIZE64_ADDR_BP_TYPE1_AUSER_WITH1_EARLY_RSP_MODE1_DLY0_0', port 'rspt2rspo_data[64]' is not connected to any nets. (LINT-28)
Warning: In design 'rsp_order_URGE_WITH7_SUBR_WITH8_IID_WITH10_TID_WITH10_ADDR_WITH32_AXID_WITH4_ORDKEY_WITH8_LEN_WITH8_USER_WITH10_RSP_IID_OFFSET7_RSP_TID_OFFSET17_RSP_ORDKEY_OFFSET27_RSP_OPC_OFFSET35_RSP_STATUS_OFFSET37_RSP_ADDR_OFFSET39_RSP_USER_OFFSET71_RSP_ERRC_OFFSET81_NBYTEPERWORD8_TAG_CNT_WITH3_SPEC_REQ_BUFF_DEEP8_ADDR_BLOCK_SIZE64_ADDR_BP_TYPE1_AUSER_WITH1_EARLY_RSP_MODE1_DLY0_0', port 'rspt2rspo_data[55]' is not connected to any nets. (LINT-28)
Warning: In design 'rsp_order_URGE_WITH7_SUBR_WITH8_IID_WITH10_TID_WITH10_ADDR_WITH32_AXID_WITH4_ORDKEY_WITH8_LEN_WITH8_USER_WITH10_RSP_IID_OFFSET7_RSP_TID_OFFSET17_RSP_ORDKEY_OFFSET27_RSP_OPC_OFFSET35_RSP_STATUS_OFFSET37_RSP_ADDR_OFFSET39_RSP_USER_OFFSET71_RSP_ERRC_OFFSET81_NBYTEPERWORD8_TAG_CNT_WITH3_SPEC_REQ_BUFF_DEEP8_ADDR_BLOCK_SIZE64_ADDR_BP_TYPE1_AUSER_WITH1_EARLY_RSP_MODE1_DLY0_0', port 'rspt2rspo_data[46]' is not connected to any nets. (LINT-28)
Warning: In design 'rsp_order_URGE_WITH7_SUBR_WITH8_IID_WITH10_TID_WITH10_ADDR_WITH32_AXID_WITH4_ORDKEY_WITH8_LEN_WITH8_USER_WITH10_RSP_IID_OFFSET7_RSP_TID_OFFSET17_RSP_ORDKEY_OFFSET27_RSP_OPC_OFFSET35_RSP_STATUS_OFFSET37_RSP_ADDR_OFFSET39_RSP_USER_OFFSET71_RSP_ERRC_OFFSET81_NBYTEPERWORD8_TAG_CNT_WITH3_SPEC_REQ_BUFF_DEEP8_ADDR_BLOCK_SIZE64_ADDR_BP_TYPE1_AUSER_WITH1_EARLY_RSP_MODE1_DLY0_0', port 'rspt2rspo_data[37]' is not connected to any nets. (LINT-28)
Warning: In design 'rsp_order_URGE_WITH7_SUBR_WITH8_IID_WITH10_TID_WITH10_ADDR_WITH32_AXID_WITH4_ORDKEY_WITH8_LEN_WITH8_USER_WITH10_RSP_IID_OFFSET7_RSP_TID_OFFSET17_RSP_ORDKEY_OFFSET27_RSP_OPC_OFFSET35_RSP_STATUS_OFFSET37_RSP_ADDR_OFFSET39_RSP_USER_OFFSET71_RSP_ERRC_OFFSET81_NBYTEPERWORD8_TAG_CNT_WITH3_SPEC_REQ_BUFF_DEEP8_ADDR_BLOCK_SIZE64_ADDR_BP_TYPE1_AUSER_WITH1_EARLY_RSP_MODE1_DLY0_0', port 'rspt2rspo_data[28]' is not connected to any nets. (LINT-28)
Warning: In design 'rsp_order_URGE_WITH7_SUBR_WITH8_IID_WITH10_TID_WITH10_ADDR_WITH32_AXID_WITH4_ORDKEY_WITH8_LEN_WITH8_USER_WITH10_RSP_IID_OFFSET7_RSP_TID_OFFSET17_RSP_ORDKEY_OFFSET27_RSP_OPC_OFFSET35_RSP_STATUS_OFFSET37_RSP_ADDR_OFFSET39_RSP_USER_OFFSET71_RSP_ERRC_OFFSET81_NBYTEPERWORD8_TAG_CNT_WITH3_SPEC_REQ_BUFF_DEEP8_ADDR_BLOCK_SIZE64_ADDR_BP_TYPE1_AUSER_WITH1_EARLY_RSP_MODE1_DLY0_0', port 'rspt2rspo_data[19]' is not connected to any nets. (LINT-28)
Warning: In design 'rsp_order_URGE_WITH7_SUBR_WITH8_IID_WITH10_TID_WITH10_ADDR_WITH32_AXID_WITH4_ORDKEY_WITH8_LEN_WITH8_USER_WITH10_RSP_IID_OFFSET7_RSP_TID_OFFSET17_RSP_ORDKEY_OFFSET27_RSP_OPC_OFFSET35_RSP_STATUS_OFFSET37_RSP_ADDR_OFFSET39_RSP_USER_OFFSET71_RSP_ERRC_OFFSET81_NBYTEPERWORD8_TAG_CNT_WITH3_SPEC_REQ_BUFF_DEEP8_ADDR_BLOCK_SIZE64_ADDR_BP_TYPE1_AUSER_WITH1_EARLY_RSP_MODE1_DLY0_0', port 'rspt2rspo_data[10]' is not connected to any nets. (LINT-28)
Warning: In design 'rsp_order_URGE_WITH7_SUBR_WITH8_IID_WITH10_TID_WITH10_ADDR_WITH32_AXID_WITH4_ORDKEY_WITH8_LEN_WITH8_USER_WITH10_RSP_IID_OFFSET7_RSP_TID_OFFSET17_RSP_ORDKEY_OFFSET27_RSP_OPC_OFFSET35_RSP_STATUS_OFFSET37_RSP_ADDR_OFFSET39_RSP_USER_OFFSET71_RSP_ERRC_OFFSET81_NBYTEPERWORD8_TAG_CNT_WITH3_SPEC_REQ_BUFF_DEEP8_ADDR_BLOCK_SIZE64_ADDR_BP_TYPE1_AUSER_WITH1_EARLY_RSP_MODE1_DLY0_0', port 'rspt2rspo_data[1]' is not connected to any nets. (LINT-28)
Warning: In design 'rsp_order_URGE_WITH7_SUBR_WITH8_IID_WITH10_TID_WITH10_ADDR_WITH32_AXID_WITH4_ORDKEY_WITH8_LEN_WITH8_USER_WITH10_RSP_IID_OFFSET7_RSP_TID_OFFSET17_RSP_ORDKEY_OFFSET27_RSP_OPC_OFFSET35_RSP_STATUS_OFFSET37_RSP_ADDR_OFFSET39_RSP_USER_OFFSET71_RSP_ERRC_OFFSET81_NBYTEPERWORD8_TAG_CNT_WITH3_SPEC_REQ_BUFF_DEEP8_ADDR_BLOCK_SIZE64_ADDR_BP_TYPE1_AUSER_WITH1_EARLY_RSP_MODE1_DLY0_0', port 'rspt2rspo_data[0]' is not connected to any nets. (LINT-28)
Warning: In design 'addr_map_URGE_WITH7_SUBR_WITH8_ADDR_WITH32_AXID_WITH4_LEN_WITH8_USER_WITH10_NBYTEPERWORD8_AADDR_WITH40_AQOS_WITH3_0', input port 'rspo2am_addr[31]' is connected directly to output port 'am2wreqt_awaddr[31]'. (LINT-29)
Warning: In design 'addr_map_URGE_WITH7_SUBR_WITH8_ADDR_WITH32_AXID_WITH4_LEN_WITH8_USER_WITH10_NBYTEPERWORD8_AADDR_WITH40_AQOS_WITH3_0', input port 'rspo2am_addr[31]' is connected directly to output port 'am2rreqt_araddr[31]'. (LINT-29)
Warning: In design 'addr_map_URGE_WITH7_SUBR_WITH8_ADDR_WITH32_AXID_WITH4_LEN_WITH8_USER_WITH10_NBYTEPERWORD8_AADDR_WITH40_AQOS_WITH3_0', input port 'rspo2am_addr[30]' is connected directly to output port 'am2wreqt_awaddr[30]'. (LINT-29)
Warning: In design 'addr_map_URGE_WITH7_SUBR_WITH8_ADDR_WITH32_AXID_WITH4_LEN_WITH8_USER_WITH10_NBYTEPERWORD8_AADDR_WITH40_AQOS_WITH3_0', input port 'rspo2am_addr[30]' is connected directly to output port 'am2rreqt_araddr[30]'. (LINT-29)
Warning: In design 'addr_map_URGE_WITH7_SUBR_WITH8_ADDR_WITH32_AXID_WITH4_LEN_WITH8_USER_WITH10_NBYTEPERWORD8_AADDR_WITH40_AQOS_WITH3_0', input port 'rspo2am_addr[29]' is connected directly to output port 'am2wreqt_awaddr[29]'. (LINT-29)
Warning: In design 'addr_map_URGE_WITH7_SUBR_WITH8_ADDR_WITH32_AXID_WITH4_LEN_WITH8_USER_WITH10_NBYTEPERWORD8_AADDR_WITH40_AQOS_WITH3_0', input port 'rspo2am_addr[29]' is connected directly to output port 'am2rreqt_araddr[29]'. (LINT-29)
Warning: In design 'addr_map_URGE_WITH7_SUBR_WITH8_ADDR_WITH32_AXID_WITH4_LEN_WITH8_USER_WITH10_NBYTEPERWORD8_AADDR_WITH40_AQOS_WITH3_0', input port 'rspo2am_addr[28]' is connected directly to output port 'am2wreqt_awaddr[28]'. (LINT-29)
Warning: In design 'addr_map_URGE_WITH7_SUBR_WITH8_ADDR_WITH32_AXID_WITH4_LEN_WITH8_USER_WITH10_NBYTEPERWORD8_AADDR_WITH40_AQOS_WITH3_0', input port 'rspo2am_addr[28]' is connected directly to output port 'am2rreqt_araddr[28]'. (LINT-29)
Warning: In design 'addr_map_URGE_WITH7_SUBR_WITH8_ADDR_WITH32_AXID_WITH4_LEN_WITH8_USER_WITH10_NBYTEPERWORD8_AADDR_WITH40_AQOS_WITH3_0', input port 'rspo2am_addr[27]' is connected directly to output port 'am2wreqt_awaddr[27]'. (LINT-29)
Warning: In design 'addr_map_URGE_WITH7_SUBR_WITH8_ADDR_WITH32_AXID_WITH4_LEN_WITH8_USER_WITH10_NBYTEPERWORD8_AADDR_WITH40_AQOS_WITH3_0', input port 'rspo2am_addr[27]' is connected directly to output port 'am2rreqt_araddr[27]'. (LINT-29)
Warning: In design 'addr_map_URGE_WITH7_SUBR_WITH8_ADDR_WITH32_AXID_WITH4_LEN_WITH8_USER_WITH10_NBYTEPERWORD8_AADDR_WITH40_AQOS_WITH3_0', input port 'rspo2am_addr[26]' is connected directly to output port 'am2wreqt_awaddr[26]'. (LINT-29)
Warning: In design 'addr_map_URGE_WITH7_SUBR_WITH8_ADDR_WITH32_AXID_WITH4_LEN_WITH8_USER_WITH10_NBYTEPERWORD8_AADDR_WITH40_AQOS_WITH3_0', input port 'rspo2am_addr[26]' is connected directly to output port 'am2rreqt_araddr[26]'. (LINT-29)
Warning: In design 'addr_map_URGE_WITH7_SUBR_WITH8_ADDR_WITH32_AXID_WITH4_LEN_WITH8_USER_WITH10_NBYTEPERWORD8_AADDR_WITH40_AQOS_WITH3_0', input port 'rspo2am_addr[25]' is connected directly to output port 'am2wreqt_awaddr[25]'. (LINT-29)
Warning: In design 'addr_map_URGE_WITH7_SUBR_WITH8_ADDR_WITH32_AXID_WITH4_LEN_WITH8_USER_WITH10_NBYTEPERWORD8_AADDR_WITH40_AQOS_WITH3_0', input port 'rspo2am_addr[25]' is connected directly to output port 'am2rreqt_araddr[25]'. (LINT-29)
Warning: In design 'addr_map_URGE_WITH7_SUBR_WITH8_ADDR_WITH32_AXID_WITH4_LEN_WITH8_USER_WITH10_NBYTEPERWORD8_AADDR_WITH40_AQOS_WITH3_0', input port 'rspo2am_addr[24]' is connected directly to output port 'am2wreqt_awaddr[24]'. (LINT-29)
Warning: In design 'addr_map_URGE_WITH7_SUBR_WITH8_ADDR_WITH32_AXID_WITH4_LEN_WITH8_USER_WITH10_NBYTEPERWORD8_AADDR_WITH40_AQOS_WITH3_0', input port 'rspo2am_addr[24]' is connected directly to output port 'am2rreqt_araddr[24]'. (LINT-29)
Warning: In design 'addr_map_URGE_WITH7_SUBR_WITH8_ADDR_WITH32_AXID_WITH4_LEN_WITH8_USER_WITH10_NBYTEPERWORD8_AADDR_WITH40_AQOS_WITH3_0', input port 'rspo2am_addr[23]' is connected directly to output port 'am2wreqt_awaddr[23]'. (LINT-29)
Warning: In design 'addr_map_URGE_WITH7_SUBR_WITH8_ADDR_WITH32_AXID_WITH4_LEN_WITH8_USER_WITH10_NBYTEPERWORD8_AADDR_WITH40_AQOS_WITH3_0', input port 'rspo2am_addr[23]' is connected directly to output port 'am2rreqt_araddr[23]'. (LINT-29)
Warning: In design 'addr_map_URGE_WITH7_SUBR_WITH8_ADDR_WITH32_AXID_WITH4_LEN_WITH8_USER_WITH10_NBYTEPERWORD8_AADDR_WITH40_AQOS_WITH3_0', input port 'rspo2am_addr[22]' is connected directly to output port 'am2wreqt_awaddr[22]'. (LINT-29)
Warning: In design 'addr_map_URGE_WITH7_SUBR_WITH8_ADDR_WITH32_AXID_WITH4_LEN_WITH8_USER_WITH10_NBYTEPERWORD8_AADDR_WITH40_AQOS_WITH3_0', input port 'rspo2am_addr[22]' is connected directly to output port 'am2rreqt_araddr[22]'. (LINT-29)
Warning: In design 'addr_map_URGE_WITH7_SUBR_WITH8_ADDR_WITH32_AXID_WITH4_LEN_WITH8_USER_WITH10_NBYTEPERWORD8_AADDR_WITH40_AQOS_WITH3_0', input port 'rspo2am_addr[21]' is connected directly to output port 'am2wreqt_awaddr[21]'. (LINT-29)
Warning: In design 'addr_map_URGE_WITH7_SUBR_WITH8_ADDR_WITH32_AXID_WITH4_LEN_WITH8_USER_WITH10_NBYTEPERWORD8_AADDR_WITH40_AQOS_WITH3_0', input port 'rspo2am_addr[21]' is connected directly to output port 'am2rreqt_araddr[21]'. (LINT-29)
Warning: In design 'addr_map_URGE_WITH7_SUBR_WITH8_ADDR_WITH32_AXID_WITH4_LEN_WITH8_USER_WITH10_NBYTEPERWORD8_AADDR_WITH40_AQOS_WITH3_0', input port 'rspo2am_addr[20]' is connected directly to output port 'am2wreqt_awaddr[20]'. (LINT-29)
Warning: In design 'addr_map_URGE_WITH7_SUBR_WITH8_ADDR_WITH32_AXID_WITH4_LEN_WITH8_USER_WITH10_NBYTEPERWORD8_AADDR_WITH40_AQOS_WITH3_0', input port 'rspo2am_addr[20]' is connected directly to output port 'am2rreqt_araddr[20]'. (LINT-29)
Warning: In design 'addr_map_URGE_WITH7_SUBR_WITH8_ADDR_WITH32_AXID_WITH4_LEN_WITH8_USER_WITH10_NBYTEPERWORD8_AADDR_WITH40_AQOS_WITH3_0', input port 'rspo2am_addr[19]' is connected directly to output port 'am2wreqt_awaddr[19]'. (LINT-29)
Warning: In design 'addr_map_URGE_WITH7_SUBR_WITH8_ADDR_WITH32_AXID_WITH4_LEN_WITH8_USER_WITH10_NBYTEPERWORD8_AADDR_WITH40_AQOS_WITH3_0', input port 'rspo2am_addr[19]' is connected directly to output port 'am2rreqt_araddr[19]'. (LINT-29)
Warning: In design 'addr_map_URGE_WITH7_SUBR_WITH8_ADDR_WITH32_AXID_WITH4_LEN_WITH8_USER_WITH10_NBYTEPERWORD8_AADDR_WITH40_AQOS_WITH3_0', input port 'rspo2am_addr[18]' is connected directly to output port 'am2wreqt_awaddr[18]'. (LINT-29)
Warning: In design 'addr_map_URGE_WITH7_SUBR_WITH8_ADDR_WITH32_AXID_WITH4_LEN_WITH8_USER_WITH10_NBYTEPERWORD8_AADDR_WITH40_AQOS_WITH3_0', input port 'rspo2am_addr[18]' is connected directly to output port 'am2rreqt_araddr[18]'. (LINT-29)
Warning: In design 'addr_map_URGE_WITH7_SUBR_WITH8_ADDR_WITH32_AXID_WITH4_LEN_WITH8_USER_WITH10_NBYTEPERWORD8_AADDR_WITH40_AQOS_WITH3_0', input port 'rspo2am_addr[17]' is connected directly to output port 'am2wreqt_awaddr[17]'. (LINT-29)
Warning: In design 'addr_map_URGE_WITH7_SUBR_WITH8_ADDR_WITH32_AXID_WITH4_LEN_WITH8_USER_WITH10_NBYTEPERWORD8_AADDR_WITH40_AQOS_WITH3_0', input port 'rspo2am_addr[17]' is connected directly to output port 'am2rreqt_araddr[17]'. (LINT-29)
Warning: In design 'addr_map_URGE_WITH7_SUBR_WITH8_ADDR_WITH32_AXID_WITH4_LEN_WITH8_USER_WITH10_NBYTEPERWORD8_AADDR_WITH40_AQOS_WITH3_0', input port 'rspo2am_addr[16]' is connected directly to output port 'am2wreqt_awaddr[16]'. (LINT-29)
Warning: In design 'addr_map_URGE_WITH7_SUBR_WITH8_ADDR_WITH32_AXID_WITH4_LEN_WITH8_USER_WITH10_NBYTEPERWORD8_AADDR_WITH40_AQOS_WITH3_0', input port 'rspo2am_addr[16]' is connected directly to output port 'am2rreqt_araddr[16]'. (LINT-29)
Warning: In design 'addr_map_URGE_WITH7_SUBR_WITH8_ADDR_WITH32_AXID_WITH4_LEN_WITH8_USER_WITH10_NBYTEPERWORD8_AADDR_WITH40_AQOS_WITH3_0', input port 'rspo2am_addr[15]' is connected directly to output port 'am2wreqt_awaddr[15]'. (LINT-29)
Warning: In design 'addr_map_URGE_WITH7_SUBR_WITH8_ADDR_WITH32_AXID_WITH4_LEN_WITH8_USER_WITH10_NBYTEPERWORD8_AADDR_WITH40_AQOS_WITH3_0', input port 'rspo2am_addr[15]' is connected directly to output port 'am2rreqt_araddr[15]'. (LINT-29)
Warning: In design 'addr_map_URGE_WITH7_SUBR_WITH8_ADDR_WITH32_AXID_WITH4_LEN_WITH8_USER_WITH10_NBYTEPERWORD8_AADDR_WITH40_AQOS_WITH3_0', input port 'rspo2am_addr[14]' is connected directly to output port 'am2wreqt_awaddr[14]'. (LINT-29)
Warning: In design 'addr_map_URGE_WITH7_SUBR_WITH8_ADDR_WITH32_AXID_WITH4_LEN_WITH8_USER_WITH10_NBYTEPERWORD8_AADDR_WITH40_AQOS_WITH3_0', input port 'rspo2am_addr[14]' is connected directly to output port 'am2rreqt_araddr[14]'. (LINT-29)
Warning: In design 'addr_map_URGE_WITH7_SUBR_WITH8_ADDR_WITH32_AXID_WITH4_LEN_WITH8_USER_WITH10_NBYTEPERWORD8_AADDR_WITH40_AQOS_WITH3_0', input port 'rspo2am_addr[13]' is connected directly to output port 'am2wreqt_awaddr[13]'. (LINT-29)
Warning: In design 'addr_map_URGE_WITH7_SUBR_WITH8_ADDR_WITH32_AXID_WITH4_LEN_WITH8_USER_WITH10_NBYTEPERWORD8_AADDR_WITH40_AQOS_WITH3_0', input port 'rspo2am_addr[13]' is connected directly to output port 'am2rreqt_araddr[13]'. (LINT-29)
Warning: In design 'addr_map_URGE_WITH7_SUBR_WITH8_ADDR_WITH32_AXID_WITH4_LEN_WITH8_USER_WITH10_NBYTEPERWORD8_AADDR_WITH40_AQOS_WITH3_0', input port 'rspo2am_addr[12]' is connected directly to output port 'am2wreqt_awaddr[12]'. (LINT-29)
Warning: In design 'addr_map_URGE_WITH7_SUBR_WITH8_ADDR_WITH32_AXID_WITH4_LEN_WITH8_USER_WITH10_NBYTEPERWORD8_AADDR_WITH40_AQOS_WITH3_0', input port 'rspo2am_addr[12]' is connected directly to output port 'am2rreqt_araddr[12]'. (LINT-29)
Warning: In design 'addr_map_URGE_WITH7_SUBR_WITH8_ADDR_WITH32_AXID_WITH4_LEN_WITH8_USER_WITH10_NBYTEPERWORD8_AADDR_WITH40_AQOS_WITH3_0', input port 'rspo2am_addr[11]' is connected directly to output port 'am2wreqt_awaddr[11]'. (LINT-29)
Warning: In design 'addr_map_URGE_WITH7_SUBR_WITH8_ADDR_WITH32_AXID_WITH4_LEN_WITH8_USER_WITH10_NBYTEPERWORD8_AADDR_WITH40_AQOS_WITH3_0', input port 'rspo2am_addr[11]' is connected directly to output port 'am2rreqt_araddr[11]'. (LINT-29)
Warning: In design 'addr_map_URGE_WITH7_SUBR_WITH8_ADDR_WITH32_AXID_WITH4_LEN_WITH8_USER_WITH10_NBYTEPERWORD8_AADDR_WITH40_AQOS_WITH3_0', input port 'rspo2am_addr[10]' is connected directly to output port 'am2wreqt_awaddr[10]'. (LINT-29)
Warning: In design 'addr_map_URGE_WITH7_SUBR_WITH8_ADDR_WITH32_AXID_WITH4_LEN_WITH8_USER_WITH10_NBYTEPERWORD8_AADDR_WITH40_AQOS_WITH3_0', input port 'rspo2am_addr[10]' is connected directly to output port 'am2rreqt_araddr[10]'. (LINT-29)
Warning: In design 'addr_map_URGE_WITH7_SUBR_WITH8_ADDR_WITH32_AXID_WITH4_LEN_WITH8_USER_WITH10_NBYTEPERWORD8_AADDR_WITH40_AQOS_WITH3_0', input port 'rspo2am_addr[9]' is connected directly to output port 'am2wreqt_awaddr[9]'. (LINT-29)
Warning: In design 'addr_map_URGE_WITH7_SUBR_WITH8_ADDR_WITH32_AXID_WITH4_LEN_WITH8_USER_WITH10_NBYTEPERWORD8_AADDR_WITH40_AQOS_WITH3_0', input port 'rspo2am_addr[9]' is connected directly to output port 'am2rreqt_araddr[9]'. (LINT-29)
Warning: In design 'addr_map_URGE_WITH7_SUBR_WITH8_ADDR_WITH32_AXID_WITH4_LEN_WITH8_USER_WITH10_NBYTEPERWORD8_AADDR_WITH40_AQOS_WITH3_0', input port 'rspo2am_addr[8]' is connected directly to output port 'am2wreqt_awaddr[8]'. (LINT-29)
Warning: In design 'addr_map_URGE_WITH7_SUBR_WITH8_ADDR_WITH32_AXID_WITH4_LEN_WITH8_USER_WITH10_NBYTEPERWORD8_AADDR_WITH40_AQOS_WITH3_0', input port 'rspo2am_addr[8]' is connected directly to output port 'am2rreqt_araddr[8]'. (LINT-29)
Warning: In design 'addr_map_URGE_WITH7_SUBR_WITH8_ADDR_WITH32_AXID_WITH4_LEN_WITH8_USER_WITH10_NBYTEPERWORD8_AADDR_WITH40_AQOS_WITH3_0', input port 'rspo2am_addr[7]' is connected directly to output port 'am2wreqt_awaddr[7]'. (LINT-29)
Warning: In design 'addr_map_URGE_WITH7_SUBR_WITH8_ADDR_WITH32_AXID_WITH4_LEN_WITH8_USER_WITH10_NBYTEPERWORD8_AADDR_WITH40_AQOS_WITH3_0', input port 'rspo2am_addr[7]' is connected directly to output port 'am2rreqt_araddr[7]'. (LINT-29)
Warning: In design 'addr_map_URGE_WITH7_SUBR_WITH8_ADDR_WITH32_AXID_WITH4_LEN_WITH8_USER_WITH10_NBYTEPERWORD8_AADDR_WITH40_AQOS_WITH3_0', input port 'rspo2am_addr[6]' is connected directly to output port 'am2wreqt_awaddr[6]'. (LINT-29)
Warning: In design 'addr_map_URGE_WITH7_SUBR_WITH8_ADDR_WITH32_AXID_WITH4_LEN_WITH8_USER_WITH10_NBYTEPERWORD8_AADDR_WITH40_AQOS_WITH3_0', input port 'rspo2am_addr[6]' is connected directly to output port 'am2rreqt_araddr[6]'. (LINT-29)
Warning: In design 'addr_map_URGE_WITH7_SUBR_WITH8_ADDR_WITH32_AXID_WITH4_LEN_WITH8_USER_WITH10_NBYTEPERWORD8_AADDR_WITH40_AQOS_WITH3_0', input port 'rspo2am_addr[5]' is connected directly to output port 'am2wreqt_awaddr[5]'. (LINT-29)
Warning: In design 'addr_map_URGE_WITH7_SUBR_WITH8_ADDR_WITH32_AXID_WITH4_LEN_WITH8_USER_WITH10_NBYTEPERWORD8_AADDR_WITH40_AQOS_WITH3_0', input port 'rspo2am_addr[5]' is connected directly to output port 'am2rreqt_araddr[5]'. (LINT-29)
Warning: In design 'addr_map_URGE_WITH7_SUBR_WITH8_ADDR_WITH32_AXID_WITH4_LEN_WITH8_USER_WITH10_NBYTEPERWORD8_AADDR_WITH40_AQOS_WITH3_0', input port 'rspo2am_addr[4]' is connected directly to output port 'am2wreqt_awaddr[4]'. (LINT-29)
Warning: In design 'addr_map_URGE_WITH7_SUBR_WITH8_ADDR_WITH32_AXID_WITH4_LEN_WITH8_USER_WITH10_NBYTEPERWORD8_AADDR_WITH40_AQOS_WITH3_0', input port 'rspo2am_addr[4]' is connected directly to output port 'am2rreqt_araddr[4]'. (LINT-29)
Warning: In design 'addr_map_URGE_WITH7_SUBR_WITH8_ADDR_WITH32_AXID_WITH4_LEN_WITH8_USER_WITH10_NBYTEPERWORD8_AADDR_WITH40_AQOS_WITH3_0', input port 'rspo2am_addr[3]' is connected directly to output port 'am2wreqt_awaddr[3]'. (LINT-29)
Warning: In design 'addr_map_URGE_WITH7_SUBR_WITH8_ADDR_WITH32_AXID_WITH4_LEN_WITH8_USER_WITH10_NBYTEPERWORD8_AADDR_WITH40_AQOS_WITH3_0', input port 'rspo2am_addr[3]' is connected directly to output port 'am2rreqt_araddr[3]'. (LINT-29)
Warning: In design 'addr_map_URGE_WITH7_SUBR_WITH8_ADDR_WITH32_AXID_WITH4_LEN_WITH8_USER_WITH10_NBYTEPERWORD8_AADDR_WITH40_AQOS_WITH3_0', input port 'rspo2am_addr[2]' is connected directly to output port 'am2wreqt_awaddr[2]'. (LINT-29)
Warning: In design 'addr_map_URGE_WITH7_SUBR_WITH8_ADDR_WITH32_AXID_WITH4_LEN_WITH8_USER_WITH10_NBYTEPERWORD8_AADDR_WITH40_AQOS_WITH3_0', input port 'rspo2am_addr[2]' is connected directly to output port 'am2rreqt_araddr[2]'. (LINT-29)
Warning: In design 'addr_map_URGE_WITH7_SUBR_WITH8_ADDR_WITH32_AXID_WITH4_LEN_WITH8_USER_WITH10_NBYTEPERWORD8_AADDR_WITH40_AQOS_WITH3_0', input port 'rspo2am_addr[1]' is connected directly to output port 'am2wreqt_awaddr[1]'. (LINT-29)
Warning: In design 'addr_map_URGE_WITH7_SUBR_WITH8_ADDR_WITH32_AXID_WITH4_LEN_WITH8_USER_WITH10_NBYTEPERWORD8_AADDR_WITH40_AQOS_WITH3_0', input port 'rspo2am_addr[1]' is connected directly to output port 'am2rreqt_araddr[1]'. (LINT-29)
Warning: In design 'addr_map_URGE_WITH7_SUBR_WITH8_ADDR_WITH32_AXID_WITH4_LEN_WITH8_USER_WITH10_NBYTEPERWORD8_AADDR_WITH40_AQOS_WITH3_0', input port 'rspo2am_addr[0]' is connected directly to output port 'am2wreqt_awaddr[0]'. (LINT-29)
Warning: In design 'addr_map_URGE_WITH7_SUBR_WITH8_ADDR_WITH32_AXID_WITH4_LEN_WITH8_USER_WITH10_NBYTEPERWORD8_AADDR_WITH40_AQOS_WITH3_0', input port 'rspo2am_addr[0]' is connected directly to output port 'am2rreqt_araddr[0]'. (LINT-29)
Warning: In design 'addr_map_URGE_WITH7_SUBR_WITH8_ADDR_WITH32_AXID_WITH4_LEN_WITH8_USER_WITH10_NBYTEPERWORD8_AADDR_WITH40_AQOS_WITH3_0', input port 'rspo2am_axid[3]' is connected directly to output port 'am2wreqt_axid[3]'. (LINT-29)
Warning: In design 'addr_map_URGE_WITH7_SUBR_WITH8_ADDR_WITH32_AXID_WITH4_LEN_WITH8_USER_WITH10_NBYTEPERWORD8_AADDR_WITH40_AQOS_WITH3_0', input port 'rspo2am_axid[3]' is connected directly to output port 'am2rreqt_axid[3]'. (LINT-29)
Warning: In design 'addr_map_URGE_WITH7_SUBR_WITH8_ADDR_WITH32_AXID_WITH4_LEN_WITH8_USER_WITH10_NBYTEPERWORD8_AADDR_WITH40_AQOS_WITH3_0', input port 'rspo2am_axid[2]' is connected directly to output port 'am2wreqt_axid[2]'. (LINT-29)
Warning: In design 'addr_map_URGE_WITH7_SUBR_WITH8_ADDR_WITH32_AXID_WITH4_LEN_WITH8_USER_WITH10_NBYTEPERWORD8_AADDR_WITH40_AQOS_WITH3_0', input port 'rspo2am_axid[2]' is connected directly to output port 'am2rreqt_axid[2]'. (LINT-29)
Warning: In design 'addr_map_URGE_WITH7_SUBR_WITH8_ADDR_WITH32_AXID_WITH4_LEN_WITH8_USER_WITH10_NBYTEPERWORD8_AADDR_WITH40_AQOS_WITH3_0', input port 'rspo2am_axid[1]' is connected directly to output port 'am2wreqt_axid[1]'. (LINT-29)
Warning: In design 'addr_map_URGE_WITH7_SUBR_WITH8_ADDR_WITH32_AXID_WITH4_LEN_WITH8_USER_WITH10_NBYTEPERWORD8_AADDR_WITH40_AQOS_WITH3_0', input port 'rspo2am_axid[1]' is connected directly to output port 'am2rreqt_axid[1]'. (LINT-29)
Warning: In design 'addr_map_URGE_WITH7_SUBR_WITH8_ADDR_WITH32_AXID_WITH4_LEN_WITH8_USER_WITH10_NBYTEPERWORD8_AADDR_WITH40_AQOS_WITH3_0', input port 'rspo2am_axid[0]' is connected directly to output port 'am2wreqt_axid[0]'. (LINT-29)
Warning: In design 'addr_map_URGE_WITH7_SUBR_WITH8_ADDR_WITH32_AXID_WITH4_LEN_WITH8_USER_WITH10_NBYTEPERWORD8_AADDR_WITH40_AQOS_WITH3_0', input port 'rspo2am_axid[0]' is connected directly to output port 'am2rreqt_axid[0]'. (LINT-29)
Warning: In design 'addr_map_URGE_WITH7_SUBR_WITH8_ADDR_WITH32_AXID_WITH4_LEN_WITH8_USER_WITH10_NBYTEPERWORD8_AADDR_WITH40_AQOS_WITH3_0', input port 'rspo2am_opc[1]' is connected directly to output port 'am2wreqt_opc[1]'. (LINT-29)
Warning: In design 'addr_map_URGE_WITH7_SUBR_WITH8_ADDR_WITH32_AXID_WITH4_LEN_WITH8_USER_WITH10_NBYTEPERWORD8_AADDR_WITH40_AQOS_WITH3_0', input port 'rspo2am_opc[1]' is connected directly to output port 'am2rreqt_opc[1]'. (LINT-29)
Warning: In design 'addr_map_URGE_WITH7_SUBR_WITH8_ADDR_WITH32_AXID_WITH4_LEN_WITH8_USER_WITH10_NBYTEPERWORD8_AADDR_WITH40_AQOS_WITH3_0', input port 'rspo2am_opc[0]' is connected directly to output port 'am2wreqt_opc[0]'. (LINT-29)
Warning: In design 'addr_map_URGE_WITH7_SUBR_WITH8_ADDR_WITH32_AXID_WITH4_LEN_WITH8_USER_WITH10_NBYTEPERWORD8_AADDR_WITH40_AQOS_WITH3_0', input port 'rspo2am_opc[0]' is connected directly to output port 'am2rreqt_opc[0]'. (LINT-29)
Warning: In design 'addr_map_URGE_WITH7_SUBR_WITH8_ADDR_WITH32_AXID_WITH4_LEN_WITH8_USER_WITH10_NBYTEPERWORD8_AADDR_WITH40_AQOS_WITH3_0', input port 'rspo2am_user[9]' is connected directly to output port 'am2wreqt_user[9]'. (LINT-29)
Warning: In design 'addr_map_URGE_WITH7_SUBR_WITH8_ADDR_WITH32_AXID_WITH4_LEN_WITH8_USER_WITH10_NBYTEPERWORD8_AADDR_WITH40_AQOS_WITH3_0', input port 'rspo2am_user[9]' is connected directly to output port 'am2rreqt_user[9]'. (LINT-29)
Warning: In design 'addr_map_URGE_WITH7_SUBR_WITH8_ADDR_WITH32_AXID_WITH4_LEN_WITH8_USER_WITH10_NBYTEPERWORD8_AADDR_WITH40_AQOS_WITH3_0', input port 'rspo2am_user[8]' is connected directly to output port 'am2wreqt_user[8]'. (LINT-29)
Warning: In design 'addr_map_URGE_WITH7_SUBR_WITH8_ADDR_WITH32_AXID_WITH4_LEN_WITH8_USER_WITH10_NBYTEPERWORD8_AADDR_WITH40_AQOS_WITH3_0', input port 'rspo2am_user[8]' is connected directly to output port 'am2rreqt_user[8]'. (LINT-29)
Warning: In design 'addr_map_URGE_WITH7_SUBR_WITH8_ADDR_WITH32_AXID_WITH4_LEN_WITH8_USER_WITH10_NBYTEPERWORD8_AADDR_WITH40_AQOS_WITH3_0', input port 'rspo2am_user[7]' is connected directly to output port 'am2wreqt_user[7]'. (LINT-29)
Warning: In design 'addr_map_URGE_WITH7_SUBR_WITH8_ADDR_WITH32_AXID_WITH4_LEN_WITH8_USER_WITH10_NBYTEPERWORD8_AADDR_WITH40_AQOS_WITH3_0', input port 'rspo2am_user[7]' is connected directly to output port 'am2rreqt_user[7]'. (LINT-29)
Warning: In design 'addr_map_URGE_WITH7_SUBR_WITH8_ADDR_WITH32_AXID_WITH4_LEN_WITH8_USER_WITH10_NBYTEPERWORD8_AADDR_WITH40_AQOS_WITH3_0', input port 'rspo2am_user[6]' is connected directly to output port 'am2wreqt_user[6]'. (LINT-29)
Warning: In design 'addr_map_URGE_WITH7_SUBR_WITH8_ADDR_WITH32_AXID_WITH4_LEN_WITH8_USER_WITH10_NBYTEPERWORD8_AADDR_WITH40_AQOS_WITH3_0', input port 'rspo2am_user[6]' is connected directly to output port 'am2rreqt_user[6]'. (LINT-29)
Warning: In design 'addr_map_URGE_WITH7_SUBR_WITH8_ADDR_WITH32_AXID_WITH4_LEN_WITH8_USER_WITH10_NBYTEPERWORD8_AADDR_WITH40_AQOS_WITH3_0', input port 'rspo2am_user[5]' is connected directly to output port 'am2wreqt_user[5]'. (LINT-29)
Warning: In design 'addr_map_URGE_WITH7_SUBR_WITH8_ADDR_WITH32_AXID_WITH4_LEN_WITH8_USER_WITH10_NBYTEPERWORD8_AADDR_WITH40_AQOS_WITH3_0', input port 'rspo2am_user[5]' is connected directly to output port 'am2rreqt_user[5]'. (LINT-29)
Warning: In design 'addr_map_URGE_WITH7_SUBR_WITH8_ADDR_WITH32_AXID_WITH4_LEN_WITH8_USER_WITH10_NBYTEPERWORD8_AADDR_WITH40_AQOS_WITH3_0', input port 'rspo2am_user[4]' is connected directly to output port 'am2wreqt_user[4]'. (LINT-29)
Warning: In design 'addr_map_URGE_WITH7_SUBR_WITH8_ADDR_WITH32_AXID_WITH4_LEN_WITH8_USER_WITH10_NBYTEPERWORD8_AADDR_WITH40_AQOS_WITH3_0', input port 'rspo2am_user[4]' is connected directly to output port 'am2rreqt_user[4]'. (LINT-29)
Warning: In design 'addr_map_URGE_WITH7_SUBR_WITH8_ADDR_WITH32_AXID_WITH4_LEN_WITH8_USER_WITH10_NBYTEPERWORD8_AADDR_WITH40_AQOS_WITH3_0', input port 'rspo2am_user[3]' is connected directly to output port 'am2wreqt_user[3]'. (LINT-29)
Warning: In design 'addr_map_URGE_WITH7_SUBR_WITH8_ADDR_WITH32_AXID_WITH4_LEN_WITH8_USER_WITH10_NBYTEPERWORD8_AADDR_WITH40_AQOS_WITH3_0', input port 'rspo2am_user[3]' is connected directly to output port 'am2rreqt_user[3]'. (LINT-29)
Warning: In design 'addr_map_URGE_WITH7_SUBR_WITH8_ADDR_WITH32_AXID_WITH4_LEN_WITH8_USER_WITH10_NBYTEPERWORD8_AADDR_WITH40_AQOS_WITH3_0', input port 'rspo2am_user[2]' is connected directly to output port 'am2wreqt_user[2]'. (LINT-29)
Warning: In design 'addr_map_URGE_WITH7_SUBR_WITH8_ADDR_WITH32_AXID_WITH4_LEN_WITH8_USER_WITH10_NBYTEPERWORD8_AADDR_WITH40_AQOS_WITH3_0', input port 'rspo2am_user[2]' is connected directly to output port 'am2rreqt_user[2]'. (LINT-29)
Warning: In design 'addr_map_URGE_WITH7_SUBR_WITH8_ADDR_WITH32_AXID_WITH4_LEN_WITH8_USER_WITH10_NBYTEPERWORD8_AADDR_WITH40_AQOS_WITH3_0', input port 'rspo2am_user[1]' is connected directly to output port 'am2wreqt_user[1]'. (LINT-29)
Warning: In design 'addr_map_URGE_WITH7_SUBR_WITH8_ADDR_WITH32_AXID_WITH4_LEN_WITH8_USER_WITH10_NBYTEPERWORD8_AADDR_WITH40_AQOS_WITH3_0', input port 'rspo2am_user[1]' is connected directly to output port 'am2rreqt_user[1]'. (LINT-29)
Warning: In design 'addr_map_URGE_WITH7_SUBR_WITH8_ADDR_WITH32_AXID_WITH4_LEN_WITH8_USER_WITH10_NBYTEPERWORD8_AADDR_WITH40_AQOS_WITH3_0', input port 'rspo2am_user[0]' is connected directly to output port 'am2wreqt_user[0]'. (LINT-29)
Warning: In design 'addr_map_URGE_WITH7_SUBR_WITH8_ADDR_WITH32_AXID_WITH4_LEN_WITH8_USER_WITH10_NBYTEPERWORD8_AADDR_WITH40_AQOS_WITH3_0', input port 'rspo2am_user[0]' is connected directly to output port 'am2rreqt_user[0]'. (LINT-29)
Warning: In design 'addr_map_URGE_WITH7_SUBR_WITH8_ADDR_WITH32_AXID_WITH4_LEN_WITH8_USER_WITH10_NBYTEPERWORD8_AADDR_WITH40_AQOS_WITH3_0', input port 'rspo2am_data[72]' is connected directly to output port 'am2wreqt_data[72]'. (LINT-29)
Warning: In design 'addr_map_URGE_WITH7_SUBR_WITH8_ADDR_WITH32_AXID_WITH4_LEN_WITH8_USER_WITH10_NBYTEPERWORD8_AADDR_WITH40_AQOS_WITH3_0', input port 'rspo2am_data[71]' is connected directly to output port 'am2wreqt_data[71]'. (LINT-29)
Warning: In design 'addr_map_URGE_WITH7_SUBR_WITH8_ADDR_WITH32_AXID_WITH4_LEN_WITH8_USER_WITH10_NBYTEPERWORD8_AADDR_WITH40_AQOS_WITH3_0', input port 'rspo2am_data[70]' is connected directly to output port 'am2wreqt_data[70]'. (LINT-29)
Warning: In design 'addr_map_URGE_WITH7_SUBR_WITH8_ADDR_WITH32_AXID_WITH4_LEN_WITH8_USER_WITH10_NBYTEPERWORD8_AADDR_WITH40_AQOS_WITH3_0', input port 'rspo2am_data[69]' is connected directly to output port 'am2wreqt_data[69]'. (LINT-29)
Warning: In design 'addr_map_URGE_WITH7_SUBR_WITH8_ADDR_WITH32_AXID_WITH4_LEN_WITH8_USER_WITH10_NBYTEPERWORD8_AADDR_WITH40_AQOS_WITH3_0', input port 'rspo2am_data[68]' is connected directly to output port 'am2wreqt_data[68]'. (LINT-29)
Warning: In design 'addr_map_URGE_WITH7_SUBR_WITH8_ADDR_WITH32_AXID_WITH4_LEN_WITH8_USER_WITH10_NBYTEPERWORD8_AADDR_WITH40_AQOS_WITH3_0', input port 'rspo2am_data[67]' is connected directly to output port 'am2wreqt_data[67]'. (LINT-29)
Warning: In design 'addr_map_URGE_WITH7_SUBR_WITH8_ADDR_WITH32_AXID_WITH4_LEN_WITH8_USER_WITH10_NBYTEPERWORD8_AADDR_WITH40_AQOS_WITH3_0', input port 'rspo2am_data[66]' is connected directly to output port 'am2wreqt_data[66]'. (LINT-29)
Warning: In design 'addr_map_URGE_WITH7_SUBR_WITH8_ADDR_WITH32_AXID_WITH4_LEN_WITH8_USER_WITH10_NBYTEPERWORD8_AADDR_WITH40_AQOS_WITH3_0', input port 'rspo2am_data[65]' is connected directly to output port 'am2wreqt_data[65]'. (LINT-29)
Warning: In design 'addr_map_URGE_WITH7_SUBR_WITH8_ADDR_WITH32_AXID_WITH4_LEN_WITH8_USER_WITH10_NBYTEPERWORD8_AADDR_WITH40_AQOS_WITH3_0', input port 'rspo2am_data[64]' is connected directly to output port 'am2wreqt_data[64]'. (LINT-29)
Warning: In design 'addr_map_URGE_WITH7_SUBR_WITH8_ADDR_WITH32_AXID_WITH4_LEN_WITH8_USER_WITH10_NBYTEPERWORD8_AADDR_WITH40_AQOS_WITH3_0', input port 'rspo2am_data[63]' is connected directly to output port 'am2wreqt_data[63]'. (LINT-29)
Warning: In design 'addr_map_URGE_WITH7_SUBR_WITH8_ADDR_WITH32_AXID_WITH4_LEN_WITH8_USER_WITH10_NBYTEPERWORD8_AADDR_WITH40_AQOS_WITH3_0', input port 'rspo2am_data[62]' is connected directly to output port 'am2wreqt_data[62]'. (LINT-29)
Warning: In design 'addr_map_URGE_WITH7_SUBR_WITH8_ADDR_WITH32_AXID_WITH4_LEN_WITH8_USER_WITH10_NBYTEPERWORD8_AADDR_WITH40_AQOS_WITH3_0', input port 'rspo2am_data[61]' is connected directly to output port 'am2wreqt_data[61]'. (LINT-29)
Warning: In design 'addr_map_URGE_WITH7_SUBR_WITH8_ADDR_WITH32_AXID_WITH4_LEN_WITH8_USER_WITH10_NBYTEPERWORD8_AADDR_WITH40_AQOS_WITH3_0', input port 'rspo2am_data[60]' is connected directly to output port 'am2wreqt_data[60]'. (LINT-29)
Warning: In design 'addr_map_URGE_WITH7_SUBR_WITH8_ADDR_WITH32_AXID_WITH4_LEN_WITH8_USER_WITH10_NBYTEPERWORD8_AADDR_WITH40_AQOS_WITH3_0', input port 'rspo2am_data[59]' is connected directly to output port 'am2wreqt_data[59]'. (LINT-29)
Warning: In design 'addr_map_URGE_WITH7_SUBR_WITH8_ADDR_WITH32_AXID_WITH4_LEN_WITH8_USER_WITH10_NBYTEPERWORD8_AADDR_WITH40_AQOS_WITH3_0', input port 'rspo2am_data[58]' is connected directly to output port 'am2wreqt_data[58]'. (LINT-29)
Warning: In design 'addr_map_URGE_WITH7_SUBR_WITH8_ADDR_WITH32_AXID_WITH4_LEN_WITH8_USER_WITH10_NBYTEPERWORD8_AADDR_WITH40_AQOS_WITH3_0', input port 'rspo2am_data[57]' is connected directly to output port 'am2wreqt_data[57]'. (LINT-29)
Warning: In design 'addr_map_URGE_WITH7_SUBR_WITH8_ADDR_WITH32_AXID_WITH4_LEN_WITH8_USER_WITH10_NBYTEPERWORD8_AADDR_WITH40_AQOS_WITH3_0', input port 'rspo2am_data[56]' is connected directly to output port 'am2wreqt_data[56]'. (LINT-29)
Warning: In design 'addr_map_URGE_WITH7_SUBR_WITH8_ADDR_WITH32_AXID_WITH4_LEN_WITH8_USER_WITH10_NBYTEPERWORD8_AADDR_WITH40_AQOS_WITH3_0', input port 'rspo2am_data[55]' is connected directly to output port 'am2wreqt_data[55]'. (LINT-29)
Warning: In design 'addr_map_URGE_WITH7_SUBR_WITH8_ADDR_WITH32_AXID_WITH4_LEN_WITH8_USER_WITH10_NBYTEPERWORD8_AADDR_WITH40_AQOS_WITH3_0', input port 'rspo2am_data[54]' is connected directly to output port 'am2wreqt_data[54]'. (LINT-29)
Warning: In design 'addr_map_URGE_WITH7_SUBR_WITH8_ADDR_WITH32_AXID_WITH4_LEN_WITH8_USER_WITH10_NBYTEPERWORD8_AADDR_WITH40_AQOS_WITH3_0', input port 'rspo2am_data[53]' is connected directly to output port 'am2wreqt_data[53]'. (LINT-29)
Warning: In design 'addr_map_URGE_WITH7_SUBR_WITH8_ADDR_WITH32_AXID_WITH4_LEN_WITH8_USER_WITH10_NBYTEPERWORD8_AADDR_WITH40_AQOS_WITH3_0', input port 'rspo2am_data[52]' is connected directly to output port 'am2wreqt_data[52]'. (LINT-29)
Warning: In design 'addr_map_URGE_WITH7_SUBR_WITH8_ADDR_WITH32_AXID_WITH4_LEN_WITH8_USER_WITH10_NBYTEPERWORD8_AADDR_WITH40_AQOS_WITH3_0', input port 'rspo2am_data[51]' is connected directly to output port 'am2wreqt_data[51]'. (LINT-29)
Warning: In design 'addr_map_URGE_WITH7_SUBR_WITH8_ADDR_WITH32_AXID_WITH4_LEN_WITH8_USER_WITH10_NBYTEPERWORD8_AADDR_WITH40_AQOS_WITH3_0', input port 'rspo2am_data[50]' is connected directly to output port 'am2wreqt_data[50]'. (LINT-29)
Warning: In design 'addr_map_URGE_WITH7_SUBR_WITH8_ADDR_WITH32_AXID_WITH4_LEN_WITH8_USER_WITH10_NBYTEPERWORD8_AADDR_WITH40_AQOS_WITH3_0', input port 'rspo2am_data[49]' is connected directly to output port 'am2wreqt_data[49]'. (LINT-29)
Warning: In design 'addr_map_URGE_WITH7_SUBR_WITH8_ADDR_WITH32_AXID_WITH4_LEN_WITH8_USER_WITH10_NBYTEPERWORD8_AADDR_WITH40_AQOS_WITH3_0', input port 'rspo2am_data[48]' is connected directly to output port 'am2wreqt_data[48]'. (LINT-29)
Warning: In design 'addr_map_URGE_WITH7_SUBR_WITH8_ADDR_WITH32_AXID_WITH4_LEN_WITH8_USER_WITH10_NBYTEPERWORD8_AADDR_WITH40_AQOS_WITH3_0', input port 'rspo2am_data[47]' is connected directly to output port 'am2wreqt_data[47]'. (LINT-29)
Warning: In design 'addr_map_URGE_WITH7_SUBR_WITH8_ADDR_WITH32_AXID_WITH4_LEN_WITH8_USER_WITH10_NBYTEPERWORD8_AADDR_WITH40_AQOS_WITH3_0', input port 'rspo2am_data[46]' is connected directly to output port 'am2wreqt_data[46]'. (LINT-29)
Warning: In design 'addr_map_URGE_WITH7_SUBR_WITH8_ADDR_WITH32_AXID_WITH4_LEN_WITH8_USER_WITH10_NBYTEPERWORD8_AADDR_WITH40_AQOS_WITH3_0', input port 'rspo2am_data[45]' is connected directly to output port 'am2wreqt_data[45]'. (LINT-29)
Warning: In design 'addr_map_URGE_WITH7_SUBR_WITH8_ADDR_WITH32_AXID_WITH4_LEN_WITH8_USER_WITH10_NBYTEPERWORD8_AADDR_WITH40_AQOS_WITH3_0', input port 'rspo2am_data[44]' is connected directly to output port 'am2wreqt_data[44]'. (LINT-29)
Warning: In design 'addr_map_URGE_WITH7_SUBR_WITH8_ADDR_WITH32_AXID_WITH4_LEN_WITH8_USER_WITH10_NBYTEPERWORD8_AADDR_WITH40_AQOS_WITH3_0', input port 'rspo2am_data[43]' is connected directly to output port 'am2wreqt_data[43]'. (LINT-29)
Warning: In design 'addr_map_URGE_WITH7_SUBR_WITH8_ADDR_WITH32_AXID_WITH4_LEN_WITH8_USER_WITH10_NBYTEPERWORD8_AADDR_WITH40_AQOS_WITH3_0', input port 'rspo2am_data[42]' is connected directly to output port 'am2wreqt_data[42]'. (LINT-29)
Warning: In design 'addr_map_URGE_WITH7_SUBR_WITH8_ADDR_WITH32_AXID_WITH4_LEN_WITH8_USER_WITH10_NBYTEPERWORD8_AADDR_WITH40_AQOS_WITH3_0', input port 'rspo2am_data[41]' is connected directly to output port 'am2wreqt_data[41]'. (LINT-29)
Warning: In design 'addr_map_URGE_WITH7_SUBR_WITH8_ADDR_WITH32_AXID_WITH4_LEN_WITH8_USER_WITH10_NBYTEPERWORD8_AADDR_WITH40_AQOS_WITH3_0', input port 'rspo2am_data[40]' is connected directly to output port 'am2wreqt_data[40]'. (LINT-29)
Warning: In design 'addr_map_URGE_WITH7_SUBR_WITH8_ADDR_WITH32_AXID_WITH4_LEN_WITH8_USER_WITH10_NBYTEPERWORD8_AADDR_WITH40_AQOS_WITH3_0', input port 'rspo2am_data[39]' is connected directly to output port 'am2wreqt_data[39]'. (LINT-29)
Warning: In design 'addr_map_URGE_WITH7_SUBR_WITH8_ADDR_WITH32_AXID_WITH4_LEN_WITH8_USER_WITH10_NBYTEPERWORD8_AADDR_WITH40_AQOS_WITH3_0', input port 'rspo2am_data[38]' is connected directly to output port 'am2wreqt_data[38]'. (LINT-29)
Warning: In design 'addr_map_URGE_WITH7_SUBR_WITH8_ADDR_WITH32_AXID_WITH4_LEN_WITH8_USER_WITH10_NBYTEPERWORD8_AADDR_WITH40_AQOS_WITH3_0', input port 'rspo2am_data[37]' is connected directly to output port 'am2wreqt_data[37]'. (LINT-29)
Warning: In design 'addr_map_URGE_WITH7_SUBR_WITH8_ADDR_WITH32_AXID_WITH4_LEN_WITH8_USER_WITH10_NBYTEPERWORD8_AADDR_WITH40_AQOS_WITH3_0', input port 'rspo2am_data[36]' is connected directly to output port 'am2wreqt_data[36]'. (LINT-29)
Warning: In design 'addr_map_URGE_WITH7_SUBR_WITH8_ADDR_WITH32_AXID_WITH4_LEN_WITH8_USER_WITH10_NBYTEPERWORD8_AADDR_WITH40_AQOS_WITH3_0', input port 'rspo2am_data[35]' is connected directly to output port 'am2wreqt_data[35]'. (LINT-29)
Warning: In design 'addr_map_URGE_WITH7_SUBR_WITH8_ADDR_WITH32_AXID_WITH4_LEN_WITH8_USER_WITH10_NBYTEPERWORD8_AADDR_WITH40_AQOS_WITH3_0', input port 'rspo2am_data[34]' is connected directly to output port 'am2wreqt_data[34]'. (LINT-29)
Warning: In design 'addr_map_URGE_WITH7_SUBR_WITH8_ADDR_WITH32_AXID_WITH4_LEN_WITH8_USER_WITH10_NBYTEPERWORD8_AADDR_WITH40_AQOS_WITH3_0', input port 'rspo2am_data[33]' is connected directly to output port 'am2wreqt_data[33]'. (LINT-29)
Warning: In design 'addr_map_URGE_WITH7_SUBR_WITH8_ADDR_WITH32_AXID_WITH4_LEN_WITH8_USER_WITH10_NBYTEPERWORD8_AADDR_WITH40_AQOS_WITH3_0', input port 'rspo2am_data[32]' is connected directly to output port 'am2wreqt_data[32]'. (LINT-29)
Warning: In design 'addr_map_URGE_WITH7_SUBR_WITH8_ADDR_WITH32_AXID_WITH4_LEN_WITH8_USER_WITH10_NBYTEPERWORD8_AADDR_WITH40_AQOS_WITH3_0', input port 'rspo2am_data[31]' is connected directly to output port 'am2wreqt_data[31]'. (LINT-29)
Warning: In design 'addr_map_URGE_WITH7_SUBR_WITH8_ADDR_WITH32_AXID_WITH4_LEN_WITH8_USER_WITH10_NBYTEPERWORD8_AADDR_WITH40_AQOS_WITH3_0', input port 'rspo2am_data[30]' is connected directly to output port 'am2wreqt_data[30]'. (LINT-29)
Warning: In design 'addr_map_URGE_WITH7_SUBR_WITH8_ADDR_WITH32_AXID_WITH4_LEN_WITH8_USER_WITH10_NBYTEPERWORD8_AADDR_WITH40_AQOS_WITH3_0', input port 'rspo2am_data[29]' is connected directly to output port 'am2wreqt_data[29]'. (LINT-29)
Warning: In design 'addr_map_URGE_WITH7_SUBR_WITH8_ADDR_WITH32_AXID_WITH4_LEN_WITH8_USER_WITH10_NBYTEPERWORD8_AADDR_WITH40_AQOS_WITH3_0', input port 'rspo2am_data[28]' is connected directly to output port 'am2wreqt_data[28]'. (LINT-29)
Warning: In design 'addr_map_URGE_WITH7_SUBR_WITH8_ADDR_WITH32_AXID_WITH4_LEN_WITH8_USER_WITH10_NBYTEPERWORD8_AADDR_WITH40_AQOS_WITH3_0', input port 'rspo2am_data[27]' is connected directly to output port 'am2wreqt_data[27]'. (LINT-29)
Warning: In design 'addr_map_URGE_WITH7_SUBR_WITH8_ADDR_WITH32_AXID_WITH4_LEN_WITH8_USER_WITH10_NBYTEPERWORD8_AADDR_WITH40_AQOS_WITH3_0', input port 'rspo2am_data[26]' is connected directly to output port 'am2wreqt_data[26]'. (LINT-29)
Warning: In design 'addr_map_URGE_WITH7_SUBR_WITH8_ADDR_WITH32_AXID_WITH4_LEN_WITH8_USER_WITH10_NBYTEPERWORD8_AADDR_WITH40_AQOS_WITH3_0', input port 'rspo2am_data[25]' is connected directly to output port 'am2wreqt_data[25]'. (LINT-29)
Warning: In design 'addr_map_URGE_WITH7_SUBR_WITH8_ADDR_WITH32_AXID_WITH4_LEN_WITH8_USER_WITH10_NBYTEPERWORD8_AADDR_WITH40_AQOS_WITH3_0', input port 'rspo2am_data[24]' is connected directly to output port 'am2wreqt_data[24]'. (LINT-29)
Warning: In design 'addr_map_URGE_WITH7_SUBR_WITH8_ADDR_WITH32_AXID_WITH4_LEN_WITH8_USER_WITH10_NBYTEPERWORD8_AADDR_WITH40_AQOS_WITH3_0', input port 'rspo2am_data[23]' is connected directly to output port 'am2wreqt_data[23]'. (LINT-29)
Warning: In design 'addr_map_URGE_WITH7_SUBR_WITH8_ADDR_WITH32_AXID_WITH4_LEN_WITH8_USER_WITH10_NBYTEPERWORD8_AADDR_WITH40_AQOS_WITH3_0', input port 'rspo2am_data[22]' is connected directly to output port 'am2wreqt_data[22]'. (LINT-29)
Warning: In design 'addr_map_URGE_WITH7_SUBR_WITH8_ADDR_WITH32_AXID_WITH4_LEN_WITH8_USER_WITH10_NBYTEPERWORD8_AADDR_WITH40_AQOS_WITH3_0', input port 'rspo2am_data[21]' is connected directly to output port 'am2wreqt_data[21]'. (LINT-29)
Warning: In design 'addr_map_URGE_WITH7_SUBR_WITH8_ADDR_WITH32_AXID_WITH4_LEN_WITH8_USER_WITH10_NBYTEPERWORD8_AADDR_WITH40_AQOS_WITH3_0', input port 'rspo2am_data[20]' is connected directly to output port 'am2wreqt_data[20]'. (LINT-29)
Warning: In design 'addr_map_URGE_WITH7_SUBR_WITH8_ADDR_WITH32_AXID_WITH4_LEN_WITH8_USER_WITH10_NBYTEPERWORD8_AADDR_WITH40_AQOS_WITH3_0', input port 'rspo2am_data[19]' is connected directly to output port 'am2wreqt_data[19]'. (LINT-29)
Warning: In design 'addr_map_URGE_WITH7_SUBR_WITH8_ADDR_WITH32_AXID_WITH4_LEN_WITH8_USER_WITH10_NBYTEPERWORD8_AADDR_WITH40_AQOS_WITH3_0', input port 'rspo2am_data[18]' is connected directly to output port 'am2wreqt_data[18]'. (LINT-29)
Warning: In design 'addr_map_URGE_WITH7_SUBR_WITH8_ADDR_WITH32_AXID_WITH4_LEN_WITH8_USER_WITH10_NBYTEPERWORD8_AADDR_WITH40_AQOS_WITH3_0', input port 'rspo2am_data[17]' is connected directly to output port 'am2wreqt_data[17]'. (LINT-29)
Warning: In design 'addr_map_URGE_WITH7_SUBR_WITH8_ADDR_WITH32_AXID_WITH4_LEN_WITH8_USER_WITH10_NBYTEPERWORD8_AADDR_WITH40_AQOS_WITH3_0', input port 'rspo2am_data[16]' is connected directly to output port 'am2wreqt_data[16]'. (LINT-29)
Warning: In design 'addr_map_URGE_WITH7_SUBR_WITH8_ADDR_WITH32_AXID_WITH4_LEN_WITH8_USER_WITH10_NBYTEPERWORD8_AADDR_WITH40_AQOS_WITH3_0', input port 'rspo2am_data[15]' is connected directly to output port 'am2wreqt_data[15]'. (LINT-29)
Warning: In design 'addr_map_URGE_WITH7_SUBR_WITH8_ADDR_WITH32_AXID_WITH4_LEN_WITH8_USER_WITH10_NBYTEPERWORD8_AADDR_WITH40_AQOS_WITH3_0', input port 'rspo2am_data[14]' is connected directly to output port 'am2wreqt_data[14]'. (LINT-29)
Warning: In design 'addr_map_URGE_WITH7_SUBR_WITH8_ADDR_WITH32_AXID_WITH4_LEN_WITH8_USER_WITH10_NBYTEPERWORD8_AADDR_WITH40_AQOS_WITH3_0', input port 'rspo2am_data[13]' is connected directly to output port 'am2wreqt_data[13]'. (LINT-29)
Warning: In design 'addr_map_URGE_WITH7_SUBR_WITH8_ADDR_WITH32_AXID_WITH4_LEN_WITH8_USER_WITH10_NBYTEPERWORD8_AADDR_WITH40_AQOS_WITH3_0', input port 'rspo2am_data[12]' is connected directly to output port 'am2wreqt_data[12]'. (LINT-29)
Warning: In design 'addr_map_URGE_WITH7_SUBR_WITH8_ADDR_WITH32_AXID_WITH4_LEN_WITH8_USER_WITH10_NBYTEPERWORD8_AADDR_WITH40_AQOS_WITH3_0', input port 'rspo2am_data[11]' is connected directly to output port 'am2wreqt_data[11]'. (LINT-29)
Warning: In design 'addr_map_URGE_WITH7_SUBR_WITH8_ADDR_WITH32_AXID_WITH4_LEN_WITH8_USER_WITH10_NBYTEPERWORD8_AADDR_WITH40_AQOS_WITH3_0', input port 'rspo2am_data[10]' is connected directly to output port 'am2wreqt_data[10]'. (LINT-29)
Warning: In design 'addr_map_URGE_WITH7_SUBR_WITH8_ADDR_WITH32_AXID_WITH4_LEN_WITH8_USER_WITH10_NBYTEPERWORD8_AADDR_WITH40_AQOS_WITH3_0', input port 'rspo2am_data[9]' is connected directly to output port 'am2wreqt_data[9]'. (LINT-29)
Warning: In design 'addr_map_URGE_WITH7_SUBR_WITH8_ADDR_WITH32_AXID_WITH4_LEN_WITH8_USER_WITH10_NBYTEPERWORD8_AADDR_WITH40_AQOS_WITH3_0', input port 'rspo2am_data[8]' is connected directly to output port 'am2wreqt_data[8]'. (LINT-29)
Warning: In design 'addr_map_URGE_WITH7_SUBR_WITH8_ADDR_WITH32_AXID_WITH4_LEN_WITH8_USER_WITH10_NBYTEPERWORD8_AADDR_WITH40_AQOS_WITH3_0', input port 'rspo2am_data[7]' is connected directly to output port 'am2wreqt_data[7]'. (LINT-29)
Warning: In design 'addr_map_URGE_WITH7_SUBR_WITH8_ADDR_WITH32_AXID_WITH4_LEN_WITH8_USER_WITH10_NBYTEPERWORD8_AADDR_WITH40_AQOS_WITH3_0', input port 'rspo2am_data[6]' is connected directly to output port 'am2wreqt_data[6]'. (LINT-29)
Warning: In design 'addr_map_URGE_WITH7_SUBR_WITH8_ADDR_WITH32_AXID_WITH4_LEN_WITH8_USER_WITH10_NBYTEPERWORD8_AADDR_WITH40_AQOS_WITH3_0', input port 'rspo2am_data[5]' is connected directly to output port 'am2wreqt_data[5]'. (LINT-29)
Warning: In design 'addr_map_URGE_WITH7_SUBR_WITH8_ADDR_WITH32_AXID_WITH4_LEN_WITH8_USER_WITH10_NBYTEPERWORD8_AADDR_WITH40_AQOS_WITH3_0', input port 'rspo2am_data[4]' is connected directly to output port 'am2wreqt_data[4]'. (LINT-29)
Warning: In design 'addr_map_URGE_WITH7_SUBR_WITH8_ADDR_WITH32_AXID_WITH4_LEN_WITH8_USER_WITH10_NBYTEPERWORD8_AADDR_WITH40_AQOS_WITH3_0', input port 'rspo2am_data[3]' is connected directly to output port 'am2wreqt_data[3]'. (LINT-29)
Warning: In design 'addr_map_URGE_WITH7_SUBR_WITH8_ADDR_WITH32_AXID_WITH4_LEN_WITH8_USER_WITH10_NBYTEPERWORD8_AADDR_WITH40_AQOS_WITH3_0', input port 'rspo2am_data[2]' is connected directly to output port 'am2wreqt_data[2]'. (LINT-29)
Warning: In design 'addr_map_URGE_WITH7_SUBR_WITH8_ADDR_WITH32_AXID_WITH4_LEN_WITH8_USER_WITH10_NBYTEPERWORD8_AADDR_WITH40_AQOS_WITH3_0', input port 'rspo2am_data[1]' is connected directly to output port 'am2wreqt_data[1]'. (LINT-29)
Warning: In design 'addr_map_URGE_WITH7_SUBR_WITH8_ADDR_WITH32_AXID_WITH4_LEN_WITH8_USER_WITH10_NBYTEPERWORD8_AADDR_WITH40_AQOS_WITH3_0', input port 'rspo2am_data[0]' is connected directly to output port 'am2wreqt_data[0]'. (LINT-29)
Warning: In design 'rreq_trans_URGE_WITH7_SUBR_WITH8_AXID_WITH4_LEN_WITH8_USER_WITH10_NBYTEPERWORD8_AADDR_WITH40_AUSER_WITH1_AQOS_WITH3_DLY0_0', input port 'am2rreqt_araddr[39]' is connected directly to output port 'axi_m_araddr[39]'. (LINT-29)
Warning: In design 'rreq_trans_URGE_WITH7_SUBR_WITH8_AXID_WITH4_LEN_WITH8_USER_WITH10_NBYTEPERWORD8_AADDR_WITH40_AUSER_WITH1_AQOS_WITH3_DLY0_0', input port 'am2rreqt_araddr[38]' is connected directly to output port 'axi_m_araddr[38]'. (LINT-29)
Warning: In design 'rreq_trans_URGE_WITH7_SUBR_WITH8_AXID_WITH4_LEN_WITH8_USER_WITH10_NBYTEPERWORD8_AADDR_WITH40_AUSER_WITH1_AQOS_WITH3_DLY0_0', input port 'am2rreqt_araddr[37]' is connected directly to output port 'axi_m_araddr[37]'. (LINT-29)
Warning: In design 'rreq_trans_URGE_WITH7_SUBR_WITH8_AXID_WITH4_LEN_WITH8_USER_WITH10_NBYTEPERWORD8_AADDR_WITH40_AUSER_WITH1_AQOS_WITH3_DLY0_0', input port 'am2rreqt_araddr[36]' is connected directly to output port 'axi_m_araddr[36]'. (LINT-29)
Warning: In design 'rreq_trans_URGE_WITH7_SUBR_WITH8_AXID_WITH4_LEN_WITH8_USER_WITH10_NBYTEPERWORD8_AADDR_WITH40_AUSER_WITH1_AQOS_WITH3_DLY0_0', input port 'am2rreqt_araddr[35]' is connected directly to output port 'axi_m_araddr[35]'. (LINT-29)
Warning: In design 'rreq_trans_URGE_WITH7_SUBR_WITH8_AXID_WITH4_LEN_WITH8_USER_WITH10_NBYTEPERWORD8_AADDR_WITH40_AUSER_WITH1_AQOS_WITH3_DLY0_0', input port 'am2rreqt_araddr[34]' is connected directly to output port 'axi_m_araddr[34]'. (LINT-29)
Warning: In design 'rreq_trans_URGE_WITH7_SUBR_WITH8_AXID_WITH4_LEN_WITH8_USER_WITH10_NBYTEPERWORD8_AADDR_WITH40_AUSER_WITH1_AQOS_WITH3_DLY0_0', input port 'am2rreqt_araddr[33]' is connected directly to output port 'axi_m_araddr[33]'. (LINT-29)
Warning: In design 'rreq_trans_URGE_WITH7_SUBR_WITH8_AXID_WITH4_LEN_WITH8_USER_WITH10_NBYTEPERWORD8_AADDR_WITH40_AUSER_WITH1_AQOS_WITH3_DLY0_0', input port 'am2rreqt_araddr[32]' is connected directly to output port 'axi_m_araddr[32]'. (LINT-29)
Warning: In design 'rreq_trans_URGE_WITH7_SUBR_WITH8_AXID_WITH4_LEN_WITH8_USER_WITH10_NBYTEPERWORD8_AADDR_WITH40_AUSER_WITH1_AQOS_WITH3_DLY0_0', input port 'am2rreqt_araddr[31]' is connected directly to output port 'axi_m_araddr[31]'. (LINT-29)
Warning: In design 'rreq_trans_URGE_WITH7_SUBR_WITH8_AXID_WITH4_LEN_WITH8_USER_WITH10_NBYTEPERWORD8_AADDR_WITH40_AUSER_WITH1_AQOS_WITH3_DLY0_0', input port 'am2rreqt_araddr[30]' is connected directly to output port 'axi_m_araddr[30]'. (LINT-29)
Warning: In design 'rreq_trans_URGE_WITH7_SUBR_WITH8_AXID_WITH4_LEN_WITH8_USER_WITH10_NBYTEPERWORD8_AADDR_WITH40_AUSER_WITH1_AQOS_WITH3_DLY0_0', input port 'am2rreqt_araddr[29]' is connected directly to output port 'axi_m_araddr[29]'. (LINT-29)
Warning: In design 'rreq_trans_URGE_WITH7_SUBR_WITH8_AXID_WITH4_LEN_WITH8_USER_WITH10_NBYTEPERWORD8_AADDR_WITH40_AUSER_WITH1_AQOS_WITH3_DLY0_0', input port 'am2rreqt_araddr[28]' is connected directly to output port 'axi_m_araddr[28]'. (LINT-29)
Warning: In design 'rreq_trans_URGE_WITH7_SUBR_WITH8_AXID_WITH4_LEN_WITH8_USER_WITH10_NBYTEPERWORD8_AADDR_WITH40_AUSER_WITH1_AQOS_WITH3_DLY0_0', input port 'am2rreqt_araddr[27]' is connected directly to output port 'axi_m_araddr[27]'. (LINT-29)
Warning: In design 'rreq_trans_URGE_WITH7_SUBR_WITH8_AXID_WITH4_LEN_WITH8_USER_WITH10_NBYTEPERWORD8_AADDR_WITH40_AUSER_WITH1_AQOS_WITH3_DLY0_0', input port 'am2rreqt_araddr[26]' is connected directly to output port 'axi_m_araddr[26]'. (LINT-29)
Warning: In design 'rreq_trans_URGE_WITH7_SUBR_WITH8_AXID_WITH4_LEN_WITH8_USER_WITH10_NBYTEPERWORD8_AADDR_WITH40_AUSER_WITH1_AQOS_WITH3_DLY0_0', input port 'am2rreqt_araddr[25]' is connected directly to output port 'axi_m_araddr[25]'. (LINT-29)
Warning: In design 'rreq_trans_URGE_WITH7_SUBR_WITH8_AXID_WITH4_LEN_WITH8_USER_WITH10_NBYTEPERWORD8_AADDR_WITH40_AUSER_WITH1_AQOS_WITH3_DLY0_0', input port 'am2rreqt_araddr[24]' is connected directly to output port 'axi_m_araddr[24]'. (LINT-29)
Warning: In design 'rreq_trans_URGE_WITH7_SUBR_WITH8_AXID_WITH4_LEN_WITH8_USER_WITH10_NBYTEPERWORD8_AADDR_WITH40_AUSER_WITH1_AQOS_WITH3_DLY0_0', input port 'am2rreqt_araddr[23]' is connected directly to output port 'axi_m_araddr[23]'. (LINT-29)
Warning: In design 'rreq_trans_URGE_WITH7_SUBR_WITH8_AXID_WITH4_LEN_WITH8_USER_WITH10_NBYTEPERWORD8_AADDR_WITH40_AUSER_WITH1_AQOS_WITH3_DLY0_0', input port 'am2rreqt_araddr[22]' is connected directly to output port 'axi_m_araddr[22]'. (LINT-29)
Warning: In design 'rreq_trans_URGE_WITH7_SUBR_WITH8_AXID_WITH4_LEN_WITH8_USER_WITH10_NBYTEPERWORD8_AADDR_WITH40_AUSER_WITH1_AQOS_WITH3_DLY0_0', input port 'am2rreqt_araddr[21]' is connected directly to output port 'axi_m_araddr[21]'. (LINT-29)
Warning: In design 'rreq_trans_URGE_WITH7_SUBR_WITH8_AXID_WITH4_LEN_WITH8_USER_WITH10_NBYTEPERWORD8_AADDR_WITH40_AUSER_WITH1_AQOS_WITH3_DLY0_0', input port 'am2rreqt_araddr[20]' is connected directly to output port 'axi_m_araddr[20]'. (LINT-29)
Warning: In design 'rreq_trans_URGE_WITH7_SUBR_WITH8_AXID_WITH4_LEN_WITH8_USER_WITH10_NBYTEPERWORD8_AADDR_WITH40_AUSER_WITH1_AQOS_WITH3_DLY0_0', input port 'am2rreqt_araddr[19]' is connected directly to output port 'axi_m_araddr[19]'. (LINT-29)
Warning: In design 'rreq_trans_URGE_WITH7_SUBR_WITH8_AXID_WITH4_LEN_WITH8_USER_WITH10_NBYTEPERWORD8_AADDR_WITH40_AUSER_WITH1_AQOS_WITH3_DLY0_0', input port 'am2rreqt_araddr[18]' is connected directly to output port 'axi_m_araddr[18]'. (LINT-29)
Warning: In design 'rreq_trans_URGE_WITH7_SUBR_WITH8_AXID_WITH4_LEN_WITH8_USER_WITH10_NBYTEPERWORD8_AADDR_WITH40_AUSER_WITH1_AQOS_WITH3_DLY0_0', input port 'am2rreqt_araddr[17]' is connected directly to output port 'axi_m_araddr[17]'. (LINT-29)
Warning: In design 'rreq_trans_URGE_WITH7_SUBR_WITH8_AXID_WITH4_LEN_WITH8_USER_WITH10_NBYTEPERWORD8_AADDR_WITH40_AUSER_WITH1_AQOS_WITH3_DLY0_0', input port 'am2rreqt_araddr[16]' is connected directly to output port 'axi_m_araddr[16]'. (LINT-29)
Warning: In design 'rreq_trans_URGE_WITH7_SUBR_WITH8_AXID_WITH4_LEN_WITH8_USER_WITH10_NBYTEPERWORD8_AADDR_WITH40_AUSER_WITH1_AQOS_WITH3_DLY0_0', input port 'am2rreqt_araddr[15]' is connected directly to output port 'axi_m_araddr[15]'. (LINT-29)
Warning: In design 'rreq_trans_URGE_WITH7_SUBR_WITH8_AXID_WITH4_LEN_WITH8_USER_WITH10_NBYTEPERWORD8_AADDR_WITH40_AUSER_WITH1_AQOS_WITH3_DLY0_0', input port 'am2rreqt_araddr[14]' is connected directly to output port 'axi_m_araddr[14]'. (LINT-29)
Warning: In design 'rreq_trans_URGE_WITH7_SUBR_WITH8_AXID_WITH4_LEN_WITH8_USER_WITH10_NBYTEPERWORD8_AADDR_WITH40_AUSER_WITH1_AQOS_WITH3_DLY0_0', input port 'am2rreqt_araddr[13]' is connected directly to output port 'axi_m_araddr[13]'. (LINT-29)
Warning: In design 'rreq_trans_URGE_WITH7_SUBR_WITH8_AXID_WITH4_LEN_WITH8_USER_WITH10_NBYTEPERWORD8_AADDR_WITH40_AUSER_WITH1_AQOS_WITH3_DLY0_0', input port 'am2rreqt_araddr[12]' is connected directly to output port 'axi_m_araddr[12]'. (LINT-29)
Warning: In design 'rreq_trans_URGE_WITH7_SUBR_WITH8_AXID_WITH4_LEN_WITH8_USER_WITH10_NBYTEPERWORD8_AADDR_WITH40_AUSER_WITH1_AQOS_WITH3_DLY0_0', input port 'am2rreqt_araddr[11]' is connected directly to output port 'axi_m_araddr[11]'. (LINT-29)
Warning: In design 'rreq_trans_URGE_WITH7_SUBR_WITH8_AXID_WITH4_LEN_WITH8_USER_WITH10_NBYTEPERWORD8_AADDR_WITH40_AUSER_WITH1_AQOS_WITH3_DLY0_0', input port 'am2rreqt_araddr[10]' is connected directly to output port 'axi_m_araddr[10]'. (LINT-29)
Warning: In design 'rreq_trans_URGE_WITH7_SUBR_WITH8_AXID_WITH4_LEN_WITH8_USER_WITH10_NBYTEPERWORD8_AADDR_WITH40_AUSER_WITH1_AQOS_WITH3_DLY0_0', input port 'am2rreqt_araddr[9]' is connected directly to output port 'axi_m_araddr[9]'. (LINT-29)
Warning: In design 'rreq_trans_URGE_WITH7_SUBR_WITH8_AXID_WITH4_LEN_WITH8_USER_WITH10_NBYTEPERWORD8_AADDR_WITH40_AUSER_WITH1_AQOS_WITH3_DLY0_0', input port 'am2rreqt_araddr[8]' is connected directly to output port 'axi_m_araddr[8]'. (LINT-29)
Warning: In design 'rreq_trans_URGE_WITH7_SUBR_WITH8_AXID_WITH4_LEN_WITH8_USER_WITH10_NBYTEPERWORD8_AADDR_WITH40_AUSER_WITH1_AQOS_WITH3_DLY0_0', input port 'am2rreqt_araddr[7]' is connected directly to output port 'axi_m_araddr[7]'. (LINT-29)
Warning: In design 'rreq_trans_URGE_WITH7_SUBR_WITH8_AXID_WITH4_LEN_WITH8_USER_WITH10_NBYTEPERWORD8_AADDR_WITH40_AUSER_WITH1_AQOS_WITH3_DLY0_0', input port 'am2rreqt_araddr[6]' is connected directly to output port 'axi_m_araddr[6]'. (LINT-29)
Warning: In design 'rreq_trans_URGE_WITH7_SUBR_WITH8_AXID_WITH4_LEN_WITH8_USER_WITH10_NBYTEPERWORD8_AADDR_WITH40_AUSER_WITH1_AQOS_WITH3_DLY0_0', input port 'am2rreqt_araddr[5]' is connected directly to output port 'axi_m_araddr[5]'. (LINT-29)
Warning: In design 'rreq_trans_URGE_WITH7_SUBR_WITH8_AXID_WITH4_LEN_WITH8_USER_WITH10_NBYTEPERWORD8_AADDR_WITH40_AUSER_WITH1_AQOS_WITH3_DLY0_0', input port 'am2rreqt_araddr[4]' is connected directly to output port 'axi_m_araddr[4]'. (LINT-29)
Warning: In design 'rreq_trans_URGE_WITH7_SUBR_WITH8_AXID_WITH4_LEN_WITH8_USER_WITH10_NBYTEPERWORD8_AADDR_WITH40_AUSER_WITH1_AQOS_WITH3_DLY0_0', input port 'am2rreqt_araddr[3]' is connected directly to output port 'axi_m_araddr[3]'. (LINT-29)
Warning: In design 'rreq_trans_URGE_WITH7_SUBR_WITH8_AXID_WITH4_LEN_WITH8_USER_WITH10_NBYTEPERWORD8_AADDR_WITH40_AUSER_WITH1_AQOS_WITH3_DLY0_0', input port 'am2rreqt_araddr[2]' is connected directly to output port 'axi_m_araddr[2]'. (LINT-29)
Warning: In design 'rreq_trans_URGE_WITH7_SUBR_WITH8_AXID_WITH4_LEN_WITH8_USER_WITH10_NBYTEPERWORD8_AADDR_WITH40_AUSER_WITH1_AQOS_WITH3_DLY0_0', input port 'am2rreqt_araddr[1]' is connected directly to output port 'axi_m_araddr[1]'. (LINT-29)
Warning: In design 'rreq_trans_URGE_WITH7_SUBR_WITH8_AXID_WITH4_LEN_WITH8_USER_WITH10_NBYTEPERWORD8_AADDR_WITH40_AUSER_WITH1_AQOS_WITH3_DLY0_0', input port 'am2rreqt_araddr[0]' is connected directly to output port 'axi_m_araddr[0]'. (LINT-29)
Warning: In design 'rreq_trans_URGE_WITH7_SUBR_WITH8_AXID_WITH4_LEN_WITH8_USER_WITH10_NBYTEPERWORD8_AADDR_WITH40_AUSER_WITH1_AQOS_WITH3_DLY0_0', input port 'am2rreqt_axid[3]' is connected directly to output port 'axi_m_arid[3]'. (LINT-29)
Warning: In design 'rreq_trans_URGE_WITH7_SUBR_WITH8_AXID_WITH4_LEN_WITH8_USER_WITH10_NBYTEPERWORD8_AADDR_WITH40_AUSER_WITH1_AQOS_WITH3_DLY0_0', input port 'am2rreqt_axid[2]' is connected directly to output port 'axi_m_arid[2]'. (LINT-29)
Warning: In design 'rreq_trans_URGE_WITH7_SUBR_WITH8_AXID_WITH4_LEN_WITH8_USER_WITH10_NBYTEPERWORD8_AADDR_WITH40_AUSER_WITH1_AQOS_WITH3_DLY0_0', input port 'am2rreqt_axid[1]' is connected directly to output port 'axi_m_arid[1]'. (LINT-29)
Warning: In design 'rreq_trans_URGE_WITH7_SUBR_WITH8_AXID_WITH4_LEN_WITH8_USER_WITH10_NBYTEPERWORD8_AADDR_WITH40_AUSER_WITH1_AQOS_WITH3_DLY0_0', input port 'am2rreqt_axid[0]' is connected directly to output port 'axi_m_arid[0]'. (LINT-29)
Warning: In design 'rreq_trans_URGE_WITH7_SUBR_WITH8_AXID_WITH4_LEN_WITH8_USER_WITH10_NBYTEPERWORD8_AADDR_WITH40_AUSER_WITH1_AQOS_WITH3_DLY0_0', input port 'am2rreqt_arlen[7]' is connected directly to output port 'axi_m_arlen[7]'. (LINT-29)
Warning: In design 'rreq_trans_URGE_WITH7_SUBR_WITH8_AXID_WITH4_LEN_WITH8_USER_WITH10_NBYTEPERWORD8_AADDR_WITH40_AUSER_WITH1_AQOS_WITH3_DLY0_0', input port 'am2rreqt_arlen[6]' is connected directly to output port 'axi_m_arlen[6]'. (LINT-29)
Warning: In design 'rreq_trans_URGE_WITH7_SUBR_WITH8_AXID_WITH4_LEN_WITH8_USER_WITH10_NBYTEPERWORD8_AADDR_WITH40_AUSER_WITH1_AQOS_WITH3_DLY0_0', input port 'am2rreqt_arlen[5]' is connected directly to output port 'axi_m_arlen[5]'. (LINT-29)
Warning: In design 'rreq_trans_URGE_WITH7_SUBR_WITH8_AXID_WITH4_LEN_WITH8_USER_WITH10_NBYTEPERWORD8_AADDR_WITH40_AUSER_WITH1_AQOS_WITH3_DLY0_0', input port 'am2rreqt_arlen[4]' is connected directly to output port 'axi_m_arlen[4]'. (LINT-29)
Warning: In design 'rreq_trans_URGE_WITH7_SUBR_WITH8_AXID_WITH4_LEN_WITH8_USER_WITH10_NBYTEPERWORD8_AADDR_WITH40_AUSER_WITH1_AQOS_WITH3_DLY0_0', input port 'am2rreqt_arlen[3]' is connected directly to output port 'axi_m_arlen[3]'. (LINT-29)
Warning: In design 'rreq_trans_URGE_WITH7_SUBR_WITH8_AXID_WITH4_LEN_WITH8_USER_WITH10_NBYTEPERWORD8_AADDR_WITH40_AUSER_WITH1_AQOS_WITH3_DLY0_0', input port 'am2rreqt_arlen[2]' is connected directly to output port 'axi_m_arlen[2]'. (LINT-29)
Warning: In design 'rreq_trans_URGE_WITH7_SUBR_WITH8_AXID_WITH4_LEN_WITH8_USER_WITH10_NBYTEPERWORD8_AADDR_WITH40_AUSER_WITH1_AQOS_WITH3_DLY0_0', input port 'am2rreqt_arlen[1]' is connected directly to output port 'axi_m_arlen[1]'. (LINT-29)
Warning: In design 'rreq_trans_URGE_WITH7_SUBR_WITH8_AXID_WITH4_LEN_WITH8_USER_WITH10_NBYTEPERWORD8_AADDR_WITH40_AUSER_WITH1_AQOS_WITH3_DLY0_0', input port 'am2rreqt_arlen[0]' is connected directly to output port 'axi_m_arlen[0]'. (LINT-29)
Warning: In design 'rreq_trans_URGE_WITH7_SUBR_WITH8_AXID_WITH4_LEN_WITH8_USER_WITH10_NBYTEPERWORD8_AADDR_WITH40_AUSER_WITH1_AQOS_WITH3_DLY0_0', input port 'am2rreqt_user[8]' is connected directly to output port 'axi_m_aruser[0]'. (LINT-29)
Warning: In design 'rreq_trans_URGE_WITH7_SUBR_WITH8_AXID_WITH4_LEN_WITH8_USER_WITH10_NBYTEPERWORD8_AADDR_WITH40_AUSER_WITH1_AQOS_WITH3_DLY0_0', input port 'am2rreqt_user[7]' is connected directly to output port 'axi_m_arlock'. (LINT-29)
Warning: In design 'rreq_trans_URGE_WITH7_SUBR_WITH8_AXID_WITH4_LEN_WITH8_USER_WITH10_NBYTEPERWORD8_AADDR_WITH40_AUSER_WITH1_AQOS_WITH3_DLY0_0', input port 'am2rreqt_user[6]' is connected directly to output port 'axi_m_arprot[2]'. (LINT-29)
Warning: In design 'rreq_trans_URGE_WITH7_SUBR_WITH8_AXID_WITH4_LEN_WITH8_USER_WITH10_NBYTEPERWORD8_AADDR_WITH40_AUSER_WITH1_AQOS_WITH3_DLY0_0', input port 'am2rreqt_user[5]' is connected directly to output port 'axi_m_arprot[1]'. (LINT-29)
Warning: In design 'rreq_trans_URGE_WITH7_SUBR_WITH8_AXID_WITH4_LEN_WITH8_USER_WITH10_NBYTEPERWORD8_AADDR_WITH40_AUSER_WITH1_AQOS_WITH3_DLY0_0', input port 'am2rreqt_user[4]' is connected directly to output port 'axi_m_arprot[0]'. (LINT-29)
Warning: In design 'rreq_trans_URGE_WITH7_SUBR_WITH8_AXID_WITH4_LEN_WITH8_USER_WITH10_NBYTEPERWORD8_AADDR_WITH40_AUSER_WITH1_AQOS_WITH3_DLY0_0', input port 'am2rreqt_user[3]' is connected directly to output port 'axi_m_arcache[3]'. (LINT-29)
Warning: In design 'rreq_trans_URGE_WITH7_SUBR_WITH8_AXID_WITH4_LEN_WITH8_USER_WITH10_NBYTEPERWORD8_AADDR_WITH40_AUSER_WITH1_AQOS_WITH3_DLY0_0', input port 'am2rreqt_user[2]' is connected directly to output port 'axi_m_arcache[2]'. (LINT-29)
Warning: In design 'rreq_trans_URGE_WITH7_SUBR_WITH8_AXID_WITH4_LEN_WITH8_USER_WITH10_NBYTEPERWORD8_AADDR_WITH40_AUSER_WITH1_AQOS_WITH3_DLY0_0', input port 'am2rreqt_user[1]' is connected directly to output port 'axi_m_arcache[1]'. (LINT-29)
Warning: In design 'rreq_trans_URGE_WITH7_SUBR_WITH8_AXID_WITH4_LEN_WITH8_USER_WITH10_NBYTEPERWORD8_AADDR_WITH40_AUSER_WITH1_AQOS_WITH3_DLY0_0', input port 'am2rreqt_user[0]' is connected directly to output port 'axi_m_arcache[0]'. (LINT-29)
Warning: In design 'rreq_trans_URGE_WITH7_SUBR_WITH8_AXID_WITH4_LEN_WITH8_USER_WITH10_NBYTEPERWORD8_AADDR_WITH40_AUSER_WITH1_AQOS_WITH3_DLY0_0', input port 'am2rreqt_arqos[2]' is connected directly to output port 'axi_m_arqos[2]'. (LINT-29)
Warning: In design 'rreq_trans_URGE_WITH7_SUBR_WITH8_AXID_WITH4_LEN_WITH8_USER_WITH10_NBYTEPERWORD8_AADDR_WITH40_AUSER_WITH1_AQOS_WITH3_DLY0_0', input port 'am2rreqt_arqos[1]' is connected directly to output port 'axi_m_arqos[1]'. (LINT-29)
Warning: In design 'rreq_trans_URGE_WITH7_SUBR_WITH8_AXID_WITH4_LEN_WITH8_USER_WITH10_NBYTEPERWORD8_AADDR_WITH40_AUSER_WITH1_AQOS_WITH3_DLY0_0', input port 'am2rreqt_arqos[0]' is connected directly to output port 'axi_m_arqos[0]'. (LINT-29)
Warning: In design 'rreq_trans_URGE_WITH7_SUBR_WITH8_AXID_WITH4_LEN_WITH8_USER_WITH10_NBYTEPERWORD8_AADDR_WITH40_AUSER_WITH1_AQOS_WITH3_DLY0_0', input port 'axi_m_arready' is connected directly to output port 'rreqt2am_ready'. (LINT-29)
Warning: In design 'wreq_trans_URGE_WITH7_SUBR_WITH8_AXID_WITH4_LEN_WITH8_USER_WITH10_NBYTEPERWORD8_AADDR_WITH40_AUSER_WITH1_AQOS_WITH3_DLY0_0', input port 'am2wreqt_awaddr[39]' is connected directly to output port 'axi_m_awaddr[39]'. (LINT-29)
Warning: In design 'wreq_trans_URGE_WITH7_SUBR_WITH8_AXID_WITH4_LEN_WITH8_USER_WITH10_NBYTEPERWORD8_AADDR_WITH40_AUSER_WITH1_AQOS_WITH3_DLY0_0', input port 'am2wreqt_awaddr[38]' is connected directly to output port 'axi_m_awaddr[38]'. (LINT-29)
Warning: In design 'wreq_trans_URGE_WITH7_SUBR_WITH8_AXID_WITH4_LEN_WITH8_USER_WITH10_NBYTEPERWORD8_AADDR_WITH40_AUSER_WITH1_AQOS_WITH3_DLY0_0', input port 'am2wreqt_awaddr[37]' is connected directly to output port 'axi_m_awaddr[37]'. (LINT-29)
Warning: In design 'wreq_trans_URGE_WITH7_SUBR_WITH8_AXID_WITH4_LEN_WITH8_USER_WITH10_NBYTEPERWORD8_AADDR_WITH40_AUSER_WITH1_AQOS_WITH3_DLY0_0', input port 'am2wreqt_awaddr[36]' is connected directly to output port 'axi_m_awaddr[36]'. (LINT-29)
Warning: In design 'wreq_trans_URGE_WITH7_SUBR_WITH8_AXID_WITH4_LEN_WITH8_USER_WITH10_NBYTEPERWORD8_AADDR_WITH40_AUSER_WITH1_AQOS_WITH3_DLY0_0', input port 'am2wreqt_awaddr[35]' is connected directly to output port 'axi_m_awaddr[35]'. (LINT-29)
Warning: In design 'wreq_trans_URGE_WITH7_SUBR_WITH8_AXID_WITH4_LEN_WITH8_USER_WITH10_NBYTEPERWORD8_AADDR_WITH40_AUSER_WITH1_AQOS_WITH3_DLY0_0', input port 'am2wreqt_awaddr[34]' is connected directly to output port 'axi_m_awaddr[34]'. (LINT-29)
Warning: In design 'wreq_trans_URGE_WITH7_SUBR_WITH8_AXID_WITH4_LEN_WITH8_USER_WITH10_NBYTEPERWORD8_AADDR_WITH40_AUSER_WITH1_AQOS_WITH3_DLY0_0', input port 'am2wreqt_awaddr[33]' is connected directly to output port 'axi_m_awaddr[33]'. (LINT-29)
Warning: In design 'wreq_trans_URGE_WITH7_SUBR_WITH8_AXID_WITH4_LEN_WITH8_USER_WITH10_NBYTEPERWORD8_AADDR_WITH40_AUSER_WITH1_AQOS_WITH3_DLY0_0', input port 'am2wreqt_awaddr[32]' is connected directly to output port 'axi_m_awaddr[32]'. (LINT-29)
Warning: In design 'wreq_trans_URGE_WITH7_SUBR_WITH8_AXID_WITH4_LEN_WITH8_USER_WITH10_NBYTEPERWORD8_AADDR_WITH40_AUSER_WITH1_AQOS_WITH3_DLY0_0', input port 'am2wreqt_awaddr[31]' is connected directly to output port 'axi_m_awaddr[31]'. (LINT-29)
Warning: In design 'wreq_trans_URGE_WITH7_SUBR_WITH8_AXID_WITH4_LEN_WITH8_USER_WITH10_NBYTEPERWORD8_AADDR_WITH40_AUSER_WITH1_AQOS_WITH3_DLY0_0', input port 'am2wreqt_awaddr[30]' is connected directly to output port 'axi_m_awaddr[30]'. (LINT-29)
Warning: In design 'wreq_trans_URGE_WITH7_SUBR_WITH8_AXID_WITH4_LEN_WITH8_USER_WITH10_NBYTEPERWORD8_AADDR_WITH40_AUSER_WITH1_AQOS_WITH3_DLY0_0', input port 'am2wreqt_awaddr[29]' is connected directly to output port 'axi_m_awaddr[29]'. (LINT-29)
Warning: In design 'wreq_trans_URGE_WITH7_SUBR_WITH8_AXID_WITH4_LEN_WITH8_USER_WITH10_NBYTEPERWORD8_AADDR_WITH40_AUSER_WITH1_AQOS_WITH3_DLY0_0', input port 'am2wreqt_awaddr[28]' is connected directly to output port 'axi_m_awaddr[28]'. (LINT-29)
Warning: In design 'wreq_trans_URGE_WITH7_SUBR_WITH8_AXID_WITH4_LEN_WITH8_USER_WITH10_NBYTEPERWORD8_AADDR_WITH40_AUSER_WITH1_AQOS_WITH3_DLY0_0', input port 'am2wreqt_awaddr[27]' is connected directly to output port 'axi_m_awaddr[27]'. (LINT-29)
Warning: In design 'wreq_trans_URGE_WITH7_SUBR_WITH8_AXID_WITH4_LEN_WITH8_USER_WITH10_NBYTEPERWORD8_AADDR_WITH40_AUSER_WITH1_AQOS_WITH3_DLY0_0', input port 'am2wreqt_awaddr[26]' is connected directly to output port 'axi_m_awaddr[26]'. (LINT-29)
Warning: In design 'wreq_trans_URGE_WITH7_SUBR_WITH8_AXID_WITH4_LEN_WITH8_USER_WITH10_NBYTEPERWORD8_AADDR_WITH40_AUSER_WITH1_AQOS_WITH3_DLY0_0', input port 'am2wreqt_awaddr[25]' is connected directly to output port 'axi_m_awaddr[25]'. (LINT-29)
Warning: In design 'wreq_trans_URGE_WITH7_SUBR_WITH8_AXID_WITH4_LEN_WITH8_USER_WITH10_NBYTEPERWORD8_AADDR_WITH40_AUSER_WITH1_AQOS_WITH3_DLY0_0', input port 'am2wreqt_awaddr[24]' is connected directly to output port 'axi_m_awaddr[24]'. (LINT-29)
Warning: In design 'wreq_trans_URGE_WITH7_SUBR_WITH8_AXID_WITH4_LEN_WITH8_USER_WITH10_NBYTEPERWORD8_AADDR_WITH40_AUSER_WITH1_AQOS_WITH3_DLY0_0', input port 'am2wreqt_awaddr[23]' is connected directly to output port 'axi_m_awaddr[23]'. (LINT-29)
Warning: In design 'wreq_trans_URGE_WITH7_SUBR_WITH8_AXID_WITH4_LEN_WITH8_USER_WITH10_NBYTEPERWORD8_AADDR_WITH40_AUSER_WITH1_AQOS_WITH3_DLY0_0', input port 'am2wreqt_awaddr[22]' is connected directly to output port 'axi_m_awaddr[22]'. (LINT-29)
Warning: In design 'wreq_trans_URGE_WITH7_SUBR_WITH8_AXID_WITH4_LEN_WITH8_USER_WITH10_NBYTEPERWORD8_AADDR_WITH40_AUSER_WITH1_AQOS_WITH3_DLY0_0', input port 'am2wreqt_awaddr[21]' is connected directly to output port 'axi_m_awaddr[21]'. (LINT-29)
Warning: In design 'wreq_trans_URGE_WITH7_SUBR_WITH8_AXID_WITH4_LEN_WITH8_USER_WITH10_NBYTEPERWORD8_AADDR_WITH40_AUSER_WITH1_AQOS_WITH3_DLY0_0', input port 'am2wreqt_awaddr[20]' is connected directly to output port 'axi_m_awaddr[20]'. (LINT-29)
Warning: In design 'wreq_trans_URGE_WITH7_SUBR_WITH8_AXID_WITH4_LEN_WITH8_USER_WITH10_NBYTEPERWORD8_AADDR_WITH40_AUSER_WITH1_AQOS_WITH3_DLY0_0', input port 'am2wreqt_awaddr[19]' is connected directly to output port 'axi_m_awaddr[19]'. (LINT-29)
Warning: In design 'wreq_trans_URGE_WITH7_SUBR_WITH8_AXID_WITH4_LEN_WITH8_USER_WITH10_NBYTEPERWORD8_AADDR_WITH40_AUSER_WITH1_AQOS_WITH3_DLY0_0', input port 'am2wreqt_awaddr[18]' is connected directly to output port 'axi_m_awaddr[18]'. (LINT-29)
Warning: In design 'wreq_trans_URGE_WITH7_SUBR_WITH8_AXID_WITH4_LEN_WITH8_USER_WITH10_NBYTEPERWORD8_AADDR_WITH40_AUSER_WITH1_AQOS_WITH3_DLY0_0', input port 'am2wreqt_awaddr[17]' is connected directly to output port 'axi_m_awaddr[17]'. (LINT-29)
Warning: In design 'wreq_trans_URGE_WITH7_SUBR_WITH8_AXID_WITH4_LEN_WITH8_USER_WITH10_NBYTEPERWORD8_AADDR_WITH40_AUSER_WITH1_AQOS_WITH3_DLY0_0', input port 'am2wreqt_awaddr[16]' is connected directly to output port 'axi_m_awaddr[16]'. (LINT-29)
Warning: In design 'wreq_trans_URGE_WITH7_SUBR_WITH8_AXID_WITH4_LEN_WITH8_USER_WITH10_NBYTEPERWORD8_AADDR_WITH40_AUSER_WITH1_AQOS_WITH3_DLY0_0', input port 'am2wreqt_awaddr[15]' is connected directly to output port 'axi_m_awaddr[15]'. (LINT-29)
Warning: In design 'wreq_trans_URGE_WITH7_SUBR_WITH8_AXID_WITH4_LEN_WITH8_USER_WITH10_NBYTEPERWORD8_AADDR_WITH40_AUSER_WITH1_AQOS_WITH3_DLY0_0', input port 'am2wreqt_awaddr[14]' is connected directly to output port 'axi_m_awaddr[14]'. (LINT-29)
Warning: In design 'wreq_trans_URGE_WITH7_SUBR_WITH8_AXID_WITH4_LEN_WITH8_USER_WITH10_NBYTEPERWORD8_AADDR_WITH40_AUSER_WITH1_AQOS_WITH3_DLY0_0', input port 'am2wreqt_awaddr[13]' is connected directly to output port 'axi_m_awaddr[13]'. (LINT-29)
Warning: In design 'wreq_trans_URGE_WITH7_SUBR_WITH8_AXID_WITH4_LEN_WITH8_USER_WITH10_NBYTEPERWORD8_AADDR_WITH40_AUSER_WITH1_AQOS_WITH3_DLY0_0', input port 'am2wreqt_awaddr[12]' is connected directly to output port 'axi_m_awaddr[12]'. (LINT-29)
Warning: In design 'wreq_trans_URGE_WITH7_SUBR_WITH8_AXID_WITH4_LEN_WITH8_USER_WITH10_NBYTEPERWORD8_AADDR_WITH40_AUSER_WITH1_AQOS_WITH3_DLY0_0', input port 'am2wreqt_awaddr[11]' is connected directly to output port 'axi_m_awaddr[11]'. (LINT-29)
Warning: In design 'wreq_trans_URGE_WITH7_SUBR_WITH8_AXID_WITH4_LEN_WITH8_USER_WITH10_NBYTEPERWORD8_AADDR_WITH40_AUSER_WITH1_AQOS_WITH3_DLY0_0', input port 'am2wreqt_awaddr[10]' is connected directly to output port 'axi_m_awaddr[10]'. (LINT-29)
Warning: In design 'wreq_trans_URGE_WITH7_SUBR_WITH8_AXID_WITH4_LEN_WITH8_USER_WITH10_NBYTEPERWORD8_AADDR_WITH40_AUSER_WITH1_AQOS_WITH3_DLY0_0', input port 'am2wreqt_awaddr[9]' is connected directly to output port 'axi_m_awaddr[9]'. (LINT-29)
Warning: In design 'wreq_trans_URGE_WITH7_SUBR_WITH8_AXID_WITH4_LEN_WITH8_USER_WITH10_NBYTEPERWORD8_AADDR_WITH40_AUSER_WITH1_AQOS_WITH3_DLY0_0', input port 'am2wreqt_awaddr[8]' is connected directly to output port 'axi_m_awaddr[8]'. (LINT-29)
Warning: In design 'wreq_trans_URGE_WITH7_SUBR_WITH8_AXID_WITH4_LEN_WITH8_USER_WITH10_NBYTEPERWORD8_AADDR_WITH40_AUSER_WITH1_AQOS_WITH3_DLY0_0', input port 'am2wreqt_awaddr[7]' is connected directly to output port 'axi_m_awaddr[7]'. (LINT-29)
Warning: In design 'wreq_trans_URGE_WITH7_SUBR_WITH8_AXID_WITH4_LEN_WITH8_USER_WITH10_NBYTEPERWORD8_AADDR_WITH40_AUSER_WITH1_AQOS_WITH3_DLY0_0', input port 'am2wreqt_awaddr[6]' is connected directly to output port 'axi_m_awaddr[6]'. (LINT-29)
Warning: In design 'wreq_trans_URGE_WITH7_SUBR_WITH8_AXID_WITH4_LEN_WITH8_USER_WITH10_NBYTEPERWORD8_AADDR_WITH40_AUSER_WITH1_AQOS_WITH3_DLY0_0', input port 'am2wreqt_awaddr[5]' is connected directly to output port 'axi_m_awaddr[5]'. (LINT-29)
Warning: In design 'wreq_trans_URGE_WITH7_SUBR_WITH8_AXID_WITH4_LEN_WITH8_USER_WITH10_NBYTEPERWORD8_AADDR_WITH40_AUSER_WITH1_AQOS_WITH3_DLY0_0', input port 'am2wreqt_awaddr[4]' is connected directly to output port 'axi_m_awaddr[4]'. (LINT-29)
Warning: In design 'wreq_trans_URGE_WITH7_SUBR_WITH8_AXID_WITH4_LEN_WITH8_USER_WITH10_NBYTEPERWORD8_AADDR_WITH40_AUSER_WITH1_AQOS_WITH3_DLY0_0', input port 'am2wreqt_awaddr[3]' is connected directly to output port 'axi_m_awaddr[3]'. (LINT-29)
Warning: In design 'wreq_trans_URGE_WITH7_SUBR_WITH8_AXID_WITH4_LEN_WITH8_USER_WITH10_NBYTEPERWORD8_AADDR_WITH40_AUSER_WITH1_AQOS_WITH3_DLY0_0', input port 'am2wreqt_awaddr[2]' is connected directly to output port 'axi_m_awaddr[2]'. (LINT-29)
Warning: In design 'wreq_trans_URGE_WITH7_SUBR_WITH8_AXID_WITH4_LEN_WITH8_USER_WITH10_NBYTEPERWORD8_AADDR_WITH40_AUSER_WITH1_AQOS_WITH3_DLY0_0', input port 'am2wreqt_awaddr[1]' is connected directly to output port 'axi_m_awaddr[1]'. (LINT-29)
Warning: In design 'wreq_trans_URGE_WITH7_SUBR_WITH8_AXID_WITH4_LEN_WITH8_USER_WITH10_NBYTEPERWORD8_AADDR_WITH40_AUSER_WITH1_AQOS_WITH3_DLY0_0', input port 'am2wreqt_awaddr[0]' is connected directly to output port 'axi_m_awaddr[0]'. (LINT-29)
Warning: In design 'wreq_trans_URGE_WITH7_SUBR_WITH8_AXID_WITH4_LEN_WITH8_USER_WITH10_NBYTEPERWORD8_AADDR_WITH40_AUSER_WITH1_AQOS_WITH3_DLY0_0', input port 'am2wreqt_axid[3]' is connected directly to output port 'axi_m_wid[3]'. (LINT-29)
Warning: In design 'wreq_trans_URGE_WITH7_SUBR_WITH8_AXID_WITH4_LEN_WITH8_USER_WITH10_NBYTEPERWORD8_AADDR_WITH40_AUSER_WITH1_AQOS_WITH3_DLY0_0', input port 'am2wreqt_axid[3]' is connected directly to output port 'axi_m_awid[3]'. (LINT-29)
Warning: In design 'wreq_trans_URGE_WITH7_SUBR_WITH8_AXID_WITH4_LEN_WITH8_USER_WITH10_NBYTEPERWORD8_AADDR_WITH40_AUSER_WITH1_AQOS_WITH3_DLY0_0', input port 'am2wreqt_axid[2]' is connected directly to output port 'axi_m_wid[2]'. (LINT-29)
Warning: In design 'wreq_trans_URGE_WITH7_SUBR_WITH8_AXID_WITH4_LEN_WITH8_USER_WITH10_NBYTEPERWORD8_AADDR_WITH40_AUSER_WITH1_AQOS_WITH3_DLY0_0', input port 'am2wreqt_axid[2]' is connected directly to output port 'axi_m_awid[2]'. (LINT-29)
Warning: In design 'wreq_trans_URGE_WITH7_SUBR_WITH8_AXID_WITH4_LEN_WITH8_USER_WITH10_NBYTEPERWORD8_AADDR_WITH40_AUSER_WITH1_AQOS_WITH3_DLY0_0', input port 'am2wreqt_axid[1]' is connected directly to output port 'axi_m_wid[1]'. (LINT-29)
Warning: In design 'wreq_trans_URGE_WITH7_SUBR_WITH8_AXID_WITH4_LEN_WITH8_USER_WITH10_NBYTEPERWORD8_AADDR_WITH40_AUSER_WITH1_AQOS_WITH3_DLY0_0', input port 'am2wreqt_axid[1]' is connected directly to output port 'axi_m_awid[1]'. (LINT-29)
Warning: In design 'wreq_trans_URGE_WITH7_SUBR_WITH8_AXID_WITH4_LEN_WITH8_USER_WITH10_NBYTEPERWORD8_AADDR_WITH40_AUSER_WITH1_AQOS_WITH3_DLY0_0', input port 'am2wreqt_axid[0]' is connected directly to output port 'axi_m_wid[0]'. (LINT-29)
Warning: In design 'wreq_trans_URGE_WITH7_SUBR_WITH8_AXID_WITH4_LEN_WITH8_USER_WITH10_NBYTEPERWORD8_AADDR_WITH40_AUSER_WITH1_AQOS_WITH3_DLY0_0', input port 'am2wreqt_axid[0]' is connected directly to output port 'axi_m_awid[0]'. (LINT-29)
Warning: In design 'wreq_trans_URGE_WITH7_SUBR_WITH8_AXID_WITH4_LEN_WITH8_USER_WITH10_NBYTEPERWORD8_AADDR_WITH40_AUSER_WITH1_AQOS_WITH3_DLY0_0', input port 'am2wreqt_awlen[7]' is connected directly to output port 'axi_m_awlen[7]'. (LINT-29)
Warning: In design 'wreq_trans_URGE_WITH7_SUBR_WITH8_AXID_WITH4_LEN_WITH8_USER_WITH10_NBYTEPERWORD8_AADDR_WITH40_AUSER_WITH1_AQOS_WITH3_DLY0_0', input port 'am2wreqt_awlen[6]' is connected directly to output port 'axi_m_awlen[6]'. (LINT-29)
Warning: In design 'wreq_trans_URGE_WITH7_SUBR_WITH8_AXID_WITH4_LEN_WITH8_USER_WITH10_NBYTEPERWORD8_AADDR_WITH40_AUSER_WITH1_AQOS_WITH3_DLY0_0', input port 'am2wreqt_awlen[5]' is connected directly to output port 'axi_m_awlen[5]'. (LINT-29)
Warning: In design 'wreq_trans_URGE_WITH7_SUBR_WITH8_AXID_WITH4_LEN_WITH8_USER_WITH10_NBYTEPERWORD8_AADDR_WITH40_AUSER_WITH1_AQOS_WITH3_DLY0_0', input port 'am2wreqt_awlen[4]' is connected directly to output port 'axi_m_awlen[4]'. (LINT-29)
Warning: In design 'wreq_trans_URGE_WITH7_SUBR_WITH8_AXID_WITH4_LEN_WITH8_USER_WITH10_NBYTEPERWORD8_AADDR_WITH40_AUSER_WITH1_AQOS_WITH3_DLY0_0', input port 'am2wreqt_awlen[3]' is connected directly to output port 'axi_m_awlen[3]'. (LINT-29)
Warning: In design 'wreq_trans_URGE_WITH7_SUBR_WITH8_AXID_WITH4_LEN_WITH8_USER_WITH10_NBYTEPERWORD8_AADDR_WITH40_AUSER_WITH1_AQOS_WITH3_DLY0_0', input port 'am2wreqt_awlen[2]' is connected directly to output port 'axi_m_awlen[2]'. (LINT-29)
Warning: In design 'wreq_trans_URGE_WITH7_SUBR_WITH8_AXID_WITH4_LEN_WITH8_USER_WITH10_NBYTEPERWORD8_AADDR_WITH40_AUSER_WITH1_AQOS_WITH3_DLY0_0', input port 'am2wreqt_awlen[1]' is connected directly to output port 'axi_m_awlen[1]'. (LINT-29)
Warning: In design 'wreq_trans_URGE_WITH7_SUBR_WITH8_AXID_WITH4_LEN_WITH8_USER_WITH10_NBYTEPERWORD8_AADDR_WITH40_AUSER_WITH1_AQOS_WITH3_DLY0_0', input port 'am2wreqt_awlen[0]' is connected directly to output port 'axi_m_awlen[0]'. (LINT-29)
Warning: In design 'wreq_trans_URGE_WITH7_SUBR_WITH8_AXID_WITH4_LEN_WITH8_USER_WITH10_NBYTEPERWORD8_AADDR_WITH40_AUSER_WITH1_AQOS_WITH3_DLY0_0', input port 'am2wreqt_user[8]' is connected directly to output port 'axi_m_awuser[0]'. (LINT-29)
Warning: In design 'wreq_trans_URGE_WITH7_SUBR_WITH8_AXID_WITH4_LEN_WITH8_USER_WITH10_NBYTEPERWORD8_AADDR_WITH40_AUSER_WITH1_AQOS_WITH3_DLY0_0', input port 'am2wreqt_user[7]' is connected directly to output port 'axi_m_awlock'. (LINT-29)
Warning: In design 'wreq_trans_URGE_WITH7_SUBR_WITH8_AXID_WITH4_LEN_WITH8_USER_WITH10_NBYTEPERWORD8_AADDR_WITH40_AUSER_WITH1_AQOS_WITH3_DLY0_0', input port 'am2wreqt_user[6]' is connected directly to output port 'axi_m_awprot[2]'. (LINT-29)
Warning: In design 'wreq_trans_URGE_WITH7_SUBR_WITH8_AXID_WITH4_LEN_WITH8_USER_WITH10_NBYTEPERWORD8_AADDR_WITH40_AUSER_WITH1_AQOS_WITH3_DLY0_0', input port 'am2wreqt_user[5]' is connected directly to output port 'axi_m_awprot[1]'. (LINT-29)
Warning: In design 'wreq_trans_URGE_WITH7_SUBR_WITH8_AXID_WITH4_LEN_WITH8_USER_WITH10_NBYTEPERWORD8_AADDR_WITH40_AUSER_WITH1_AQOS_WITH3_DLY0_0', input port 'am2wreqt_user[4]' is connected directly to output port 'axi_m_awprot[0]'. (LINT-29)
Warning: In design 'wreq_trans_URGE_WITH7_SUBR_WITH8_AXID_WITH4_LEN_WITH8_USER_WITH10_NBYTEPERWORD8_AADDR_WITH40_AUSER_WITH1_AQOS_WITH3_DLY0_0', input port 'am2wreqt_user[3]' is connected directly to output port 'axi_m_awcache[3]'. (LINT-29)
Warning: In design 'wreq_trans_URGE_WITH7_SUBR_WITH8_AXID_WITH4_LEN_WITH8_USER_WITH10_NBYTEPERWORD8_AADDR_WITH40_AUSER_WITH1_AQOS_WITH3_DLY0_0', input port 'am2wreqt_user[2]' is connected directly to output port 'axi_m_awcache[2]'. (LINT-29)
Warning: In design 'wreq_trans_URGE_WITH7_SUBR_WITH8_AXID_WITH4_LEN_WITH8_USER_WITH10_NBYTEPERWORD8_AADDR_WITH40_AUSER_WITH1_AQOS_WITH3_DLY0_0', input port 'am2wreqt_user[1]' is connected directly to output port 'axi_m_awcache[1]'. (LINT-29)
Warning: In design 'wreq_trans_URGE_WITH7_SUBR_WITH8_AXID_WITH4_LEN_WITH8_USER_WITH10_NBYTEPERWORD8_AADDR_WITH40_AUSER_WITH1_AQOS_WITH3_DLY0_0', input port 'am2wreqt_user[0]' is connected directly to output port 'axi_m_awcache[0]'. (LINT-29)
Warning: In design 'wreq_trans_URGE_WITH7_SUBR_WITH8_AXID_WITH4_LEN_WITH8_USER_WITH10_NBYTEPERWORD8_AADDR_WITH40_AUSER_WITH1_AQOS_WITH3_DLY0_0', input port 'am2wreqt_data[72]' is connected directly to output port 'axi_m_wdata[63]'. (LINT-29)
Warning: In design 'wreq_trans_URGE_WITH7_SUBR_WITH8_AXID_WITH4_LEN_WITH8_USER_WITH10_NBYTEPERWORD8_AADDR_WITH40_AUSER_WITH1_AQOS_WITH3_DLY0_0', input port 'am2wreqt_data[71]' is connected directly to output port 'axi_m_wdata[62]'. (LINT-29)
Warning: In design 'wreq_trans_URGE_WITH7_SUBR_WITH8_AXID_WITH4_LEN_WITH8_USER_WITH10_NBYTEPERWORD8_AADDR_WITH40_AUSER_WITH1_AQOS_WITH3_DLY0_0', input port 'am2wreqt_data[70]' is connected directly to output port 'axi_m_wdata[61]'. (LINT-29)
Warning: In design 'wreq_trans_URGE_WITH7_SUBR_WITH8_AXID_WITH4_LEN_WITH8_USER_WITH10_NBYTEPERWORD8_AADDR_WITH40_AUSER_WITH1_AQOS_WITH3_DLY0_0', input port 'am2wreqt_data[69]' is connected directly to output port 'axi_m_wdata[60]'. (LINT-29)
Warning: In design 'wreq_trans_URGE_WITH7_SUBR_WITH8_AXID_WITH4_LEN_WITH8_USER_WITH10_NBYTEPERWORD8_AADDR_WITH40_AUSER_WITH1_AQOS_WITH3_DLY0_0', input port 'am2wreqt_data[68]' is connected directly to output port 'axi_m_wdata[59]'. (LINT-29)
Warning: In design 'wreq_trans_URGE_WITH7_SUBR_WITH8_AXID_WITH4_LEN_WITH8_USER_WITH10_NBYTEPERWORD8_AADDR_WITH40_AUSER_WITH1_AQOS_WITH3_DLY0_0', input port 'am2wreqt_data[67]' is connected directly to output port 'axi_m_wdata[58]'. (LINT-29)
Warning: In design 'wreq_trans_URGE_WITH7_SUBR_WITH8_AXID_WITH4_LEN_WITH8_USER_WITH10_NBYTEPERWORD8_AADDR_WITH40_AUSER_WITH1_AQOS_WITH3_DLY0_0', input port 'am2wreqt_data[66]' is connected directly to output port 'axi_m_wdata[57]'. (LINT-29)
Warning: In design 'wreq_trans_URGE_WITH7_SUBR_WITH8_AXID_WITH4_LEN_WITH8_USER_WITH10_NBYTEPERWORD8_AADDR_WITH40_AUSER_WITH1_AQOS_WITH3_DLY0_0', input port 'am2wreqt_data[65]' is connected directly to output port 'axi_m_wdata[56]'. (LINT-29)
Warning: In design 'wreq_trans_URGE_WITH7_SUBR_WITH8_AXID_WITH4_LEN_WITH8_USER_WITH10_NBYTEPERWORD8_AADDR_WITH40_AUSER_WITH1_AQOS_WITH3_DLY0_0', input port 'am2wreqt_data[64]' is connected directly to output port 'axi_m_wstrb[7]'. (LINT-29)
Warning: In design 'wreq_trans_URGE_WITH7_SUBR_WITH8_AXID_WITH4_LEN_WITH8_USER_WITH10_NBYTEPERWORD8_AADDR_WITH40_AUSER_WITH1_AQOS_WITH3_DLY0_0', input port 'am2wreqt_data[63]' is connected directly to output port 'axi_m_wdata[55]'. (LINT-29)
Warning: In design 'wreq_trans_URGE_WITH7_SUBR_WITH8_AXID_WITH4_LEN_WITH8_USER_WITH10_NBYTEPERWORD8_AADDR_WITH40_AUSER_WITH1_AQOS_WITH3_DLY0_0', input port 'am2wreqt_data[62]' is connected directly to output port 'axi_m_wdata[54]'. (LINT-29)
Warning: In design 'wreq_trans_URGE_WITH7_SUBR_WITH8_AXID_WITH4_LEN_WITH8_USER_WITH10_NBYTEPERWORD8_AADDR_WITH40_AUSER_WITH1_AQOS_WITH3_DLY0_0', input port 'am2wreqt_data[61]' is connected directly to output port 'axi_m_wdata[53]'. (LINT-29)
Warning: In design 'wreq_trans_URGE_WITH7_SUBR_WITH8_AXID_WITH4_LEN_WITH8_USER_WITH10_NBYTEPERWORD8_AADDR_WITH40_AUSER_WITH1_AQOS_WITH3_DLY0_0', input port 'am2wreqt_data[60]' is connected directly to output port 'axi_m_wdata[52]'. (LINT-29)
Warning: In design 'wreq_trans_URGE_WITH7_SUBR_WITH8_AXID_WITH4_LEN_WITH8_USER_WITH10_NBYTEPERWORD8_AADDR_WITH40_AUSER_WITH1_AQOS_WITH3_DLY0_0', input port 'am2wreqt_data[59]' is connected directly to output port 'axi_m_wdata[51]'. (LINT-29)
Warning: In design 'wreq_trans_URGE_WITH7_SUBR_WITH8_AXID_WITH4_LEN_WITH8_USER_WITH10_NBYTEPERWORD8_AADDR_WITH40_AUSER_WITH1_AQOS_WITH3_DLY0_0', input port 'am2wreqt_data[58]' is connected directly to output port 'axi_m_wdata[50]'. (LINT-29)
Warning: In design 'wreq_trans_URGE_WITH7_SUBR_WITH8_AXID_WITH4_LEN_WITH8_USER_WITH10_NBYTEPERWORD8_AADDR_WITH40_AUSER_WITH1_AQOS_WITH3_DLY0_0', input port 'am2wreqt_data[57]' is connected directly to output port 'axi_m_wdata[49]'. (LINT-29)
Warning: In design 'wreq_trans_URGE_WITH7_SUBR_WITH8_AXID_WITH4_LEN_WITH8_USER_WITH10_NBYTEPERWORD8_AADDR_WITH40_AUSER_WITH1_AQOS_WITH3_DLY0_0', input port 'am2wreqt_data[56]' is connected directly to output port 'axi_m_wdata[48]'. (LINT-29)
Warning: In design 'wreq_trans_URGE_WITH7_SUBR_WITH8_AXID_WITH4_LEN_WITH8_USER_WITH10_NBYTEPERWORD8_AADDR_WITH40_AUSER_WITH1_AQOS_WITH3_DLY0_0', input port 'am2wreqt_data[55]' is connected directly to output port 'axi_m_wstrb[6]'. (LINT-29)
Warning: In design 'wreq_trans_URGE_WITH7_SUBR_WITH8_AXID_WITH4_LEN_WITH8_USER_WITH10_NBYTEPERWORD8_AADDR_WITH40_AUSER_WITH1_AQOS_WITH3_DLY0_0', input port 'am2wreqt_data[54]' is connected directly to output port 'axi_m_wdata[47]'. (LINT-29)
Warning: In design 'wreq_trans_URGE_WITH7_SUBR_WITH8_AXID_WITH4_LEN_WITH8_USER_WITH10_NBYTEPERWORD8_AADDR_WITH40_AUSER_WITH1_AQOS_WITH3_DLY0_0', input port 'am2wreqt_data[53]' is connected directly to output port 'axi_m_wdata[46]'. (LINT-29)
Warning: In design 'wreq_trans_URGE_WITH7_SUBR_WITH8_AXID_WITH4_LEN_WITH8_USER_WITH10_NBYTEPERWORD8_AADDR_WITH40_AUSER_WITH1_AQOS_WITH3_DLY0_0', input port 'am2wreqt_data[52]' is connected directly to output port 'axi_m_wdata[45]'. (LINT-29)
Warning: In design 'wreq_trans_URGE_WITH7_SUBR_WITH8_AXID_WITH4_LEN_WITH8_USER_WITH10_NBYTEPERWORD8_AADDR_WITH40_AUSER_WITH1_AQOS_WITH3_DLY0_0', input port 'am2wreqt_data[51]' is connected directly to output port 'axi_m_wdata[44]'. (LINT-29)
Warning: In design 'wreq_trans_URGE_WITH7_SUBR_WITH8_AXID_WITH4_LEN_WITH8_USER_WITH10_NBYTEPERWORD8_AADDR_WITH40_AUSER_WITH1_AQOS_WITH3_DLY0_0', input port 'am2wreqt_data[50]' is connected directly to output port 'axi_m_wdata[43]'. (LINT-29)
Warning: In design 'wreq_trans_URGE_WITH7_SUBR_WITH8_AXID_WITH4_LEN_WITH8_USER_WITH10_NBYTEPERWORD8_AADDR_WITH40_AUSER_WITH1_AQOS_WITH3_DLY0_0', input port 'am2wreqt_data[49]' is connected directly to output port 'axi_m_wdata[42]'. (LINT-29)
Warning: In design 'wreq_trans_URGE_WITH7_SUBR_WITH8_AXID_WITH4_LEN_WITH8_USER_WITH10_NBYTEPERWORD8_AADDR_WITH40_AUSER_WITH1_AQOS_WITH3_DLY0_0', input port 'am2wreqt_data[48]' is connected directly to output port 'axi_m_wdata[41]'. (LINT-29)
Warning: In design 'wreq_trans_URGE_WITH7_SUBR_WITH8_AXID_WITH4_LEN_WITH8_USER_WITH10_NBYTEPERWORD8_AADDR_WITH40_AUSER_WITH1_AQOS_WITH3_DLY0_0', input port 'am2wreqt_data[47]' is connected directly to output port 'axi_m_wdata[40]'. (LINT-29)
Warning: In design 'wreq_trans_URGE_WITH7_SUBR_WITH8_AXID_WITH4_LEN_WITH8_USER_WITH10_NBYTEPERWORD8_AADDR_WITH40_AUSER_WITH1_AQOS_WITH3_DLY0_0', input port 'am2wreqt_data[46]' is connected directly to output port 'axi_m_wstrb[5]'. (LINT-29)
Warning: In design 'wreq_trans_URGE_WITH7_SUBR_WITH8_AXID_WITH4_LEN_WITH8_USER_WITH10_NBYTEPERWORD8_AADDR_WITH40_AUSER_WITH1_AQOS_WITH3_DLY0_0', input port 'am2wreqt_data[45]' is connected directly to output port 'axi_m_wdata[39]'. (LINT-29)
Warning: In design 'wreq_trans_URGE_WITH7_SUBR_WITH8_AXID_WITH4_LEN_WITH8_USER_WITH10_NBYTEPERWORD8_AADDR_WITH40_AUSER_WITH1_AQOS_WITH3_DLY0_0', input port 'am2wreqt_data[44]' is connected directly to output port 'axi_m_wdata[38]'. (LINT-29)
Warning: In design 'wreq_trans_URGE_WITH7_SUBR_WITH8_AXID_WITH4_LEN_WITH8_USER_WITH10_NBYTEPERWORD8_AADDR_WITH40_AUSER_WITH1_AQOS_WITH3_DLY0_0', input port 'am2wreqt_data[43]' is connected directly to output port 'axi_m_wdata[37]'. (LINT-29)
Warning: In design 'wreq_trans_URGE_WITH7_SUBR_WITH8_AXID_WITH4_LEN_WITH8_USER_WITH10_NBYTEPERWORD8_AADDR_WITH40_AUSER_WITH1_AQOS_WITH3_DLY0_0', input port 'am2wreqt_data[42]' is connected directly to output port 'axi_m_wdata[36]'. (LINT-29)
Warning: In design 'wreq_trans_URGE_WITH7_SUBR_WITH8_AXID_WITH4_LEN_WITH8_USER_WITH10_NBYTEPERWORD8_AADDR_WITH40_AUSER_WITH1_AQOS_WITH3_DLY0_0', input port 'am2wreqt_data[41]' is connected directly to output port 'axi_m_wdata[35]'. (LINT-29)
Warning: In design 'wreq_trans_URGE_WITH7_SUBR_WITH8_AXID_WITH4_LEN_WITH8_USER_WITH10_NBYTEPERWORD8_AADDR_WITH40_AUSER_WITH1_AQOS_WITH3_DLY0_0', input port 'am2wreqt_data[40]' is connected directly to output port 'axi_m_wdata[34]'. (LINT-29)
Warning: In design 'wreq_trans_URGE_WITH7_SUBR_WITH8_AXID_WITH4_LEN_WITH8_USER_WITH10_NBYTEPERWORD8_AADDR_WITH40_AUSER_WITH1_AQOS_WITH3_DLY0_0', input port 'am2wreqt_data[39]' is connected directly to output port 'axi_m_wdata[33]'. (LINT-29)
Warning: In design 'wreq_trans_URGE_WITH7_SUBR_WITH8_AXID_WITH4_LEN_WITH8_USER_WITH10_NBYTEPERWORD8_AADDR_WITH40_AUSER_WITH1_AQOS_WITH3_DLY0_0', input port 'am2wreqt_data[38]' is connected directly to output port 'axi_m_wdata[32]'. (LINT-29)
Warning: In design 'wreq_trans_URGE_WITH7_SUBR_WITH8_AXID_WITH4_LEN_WITH8_USER_WITH10_NBYTEPERWORD8_AADDR_WITH40_AUSER_WITH1_AQOS_WITH3_DLY0_0', input port 'am2wreqt_data[37]' is connected directly to output port 'axi_m_wstrb[4]'. (LINT-29)
Warning: In design 'wreq_trans_URGE_WITH7_SUBR_WITH8_AXID_WITH4_LEN_WITH8_USER_WITH10_NBYTEPERWORD8_AADDR_WITH40_AUSER_WITH1_AQOS_WITH3_DLY0_0', input port 'am2wreqt_data[36]' is connected directly to output port 'axi_m_wdata[31]'. (LINT-29)
Warning: In design 'wreq_trans_URGE_WITH7_SUBR_WITH8_AXID_WITH4_LEN_WITH8_USER_WITH10_NBYTEPERWORD8_AADDR_WITH40_AUSER_WITH1_AQOS_WITH3_DLY0_0', input port 'am2wreqt_data[35]' is connected directly to output port 'axi_m_wdata[30]'. (LINT-29)
Warning: In design 'wreq_trans_URGE_WITH7_SUBR_WITH8_AXID_WITH4_LEN_WITH8_USER_WITH10_NBYTEPERWORD8_AADDR_WITH40_AUSER_WITH1_AQOS_WITH3_DLY0_0', input port 'am2wreqt_data[34]' is connected directly to output port 'axi_m_wdata[29]'. (LINT-29)
Warning: In design 'wreq_trans_URGE_WITH7_SUBR_WITH8_AXID_WITH4_LEN_WITH8_USER_WITH10_NBYTEPERWORD8_AADDR_WITH40_AUSER_WITH1_AQOS_WITH3_DLY0_0', input port 'am2wreqt_data[33]' is connected directly to output port 'axi_m_wdata[28]'. (LINT-29)
Warning: In design 'wreq_trans_URGE_WITH7_SUBR_WITH8_AXID_WITH4_LEN_WITH8_USER_WITH10_NBYTEPERWORD8_AADDR_WITH40_AUSER_WITH1_AQOS_WITH3_DLY0_0', input port 'am2wreqt_data[32]' is connected directly to output port 'axi_m_wdata[27]'. (LINT-29)
Warning: In design 'wreq_trans_URGE_WITH7_SUBR_WITH8_AXID_WITH4_LEN_WITH8_USER_WITH10_NBYTEPERWORD8_AADDR_WITH40_AUSER_WITH1_AQOS_WITH3_DLY0_0', input port 'am2wreqt_data[31]' is connected directly to output port 'axi_m_wdata[26]'. (LINT-29)
Warning: In design 'wreq_trans_URGE_WITH7_SUBR_WITH8_AXID_WITH4_LEN_WITH8_USER_WITH10_NBYTEPERWORD8_AADDR_WITH40_AUSER_WITH1_AQOS_WITH3_DLY0_0', input port 'am2wreqt_data[30]' is connected directly to output port 'axi_m_wdata[25]'. (LINT-29)
Warning: In design 'wreq_trans_URGE_WITH7_SUBR_WITH8_AXID_WITH4_LEN_WITH8_USER_WITH10_NBYTEPERWORD8_AADDR_WITH40_AUSER_WITH1_AQOS_WITH3_DLY0_0', input port 'am2wreqt_data[29]' is connected directly to output port 'axi_m_wdata[24]'. (LINT-29)
Warning: In design 'wreq_trans_URGE_WITH7_SUBR_WITH8_AXID_WITH4_LEN_WITH8_USER_WITH10_NBYTEPERWORD8_AADDR_WITH40_AUSER_WITH1_AQOS_WITH3_DLY0_0', input port 'am2wreqt_data[28]' is connected directly to output port 'axi_m_wstrb[3]'. (LINT-29)
Warning: In design 'wreq_trans_URGE_WITH7_SUBR_WITH8_AXID_WITH4_LEN_WITH8_USER_WITH10_NBYTEPERWORD8_AADDR_WITH40_AUSER_WITH1_AQOS_WITH3_DLY0_0', input port 'am2wreqt_data[27]' is connected directly to output port 'axi_m_wdata[23]'. (LINT-29)
Warning: In design 'wreq_trans_URGE_WITH7_SUBR_WITH8_AXID_WITH4_LEN_WITH8_USER_WITH10_NBYTEPERWORD8_AADDR_WITH40_AUSER_WITH1_AQOS_WITH3_DLY0_0', input port 'am2wreqt_data[26]' is connected directly to output port 'axi_m_wdata[22]'. (LINT-29)
Warning: In design 'wreq_trans_URGE_WITH7_SUBR_WITH8_AXID_WITH4_LEN_WITH8_USER_WITH10_NBYTEPERWORD8_AADDR_WITH40_AUSER_WITH1_AQOS_WITH3_DLY0_0', input port 'am2wreqt_data[25]' is connected directly to output port 'axi_m_wdata[21]'. (LINT-29)
Warning: In design 'wreq_trans_URGE_WITH7_SUBR_WITH8_AXID_WITH4_LEN_WITH8_USER_WITH10_NBYTEPERWORD8_AADDR_WITH40_AUSER_WITH1_AQOS_WITH3_DLY0_0', input port 'am2wreqt_data[24]' is connected directly to output port 'axi_m_wdata[20]'. (LINT-29)
Warning: In design 'wreq_trans_URGE_WITH7_SUBR_WITH8_AXID_WITH4_LEN_WITH8_USER_WITH10_NBYTEPERWORD8_AADDR_WITH40_AUSER_WITH1_AQOS_WITH3_DLY0_0', input port 'am2wreqt_data[23]' is connected directly to output port 'axi_m_wdata[19]'. (LINT-29)
Warning: In design 'wreq_trans_URGE_WITH7_SUBR_WITH8_AXID_WITH4_LEN_WITH8_USER_WITH10_NBYTEPERWORD8_AADDR_WITH40_AUSER_WITH1_AQOS_WITH3_DLY0_0', input port 'am2wreqt_data[22]' is connected directly to output port 'axi_m_wdata[18]'. (LINT-29)
Warning: In design 'wreq_trans_URGE_WITH7_SUBR_WITH8_AXID_WITH4_LEN_WITH8_USER_WITH10_NBYTEPERWORD8_AADDR_WITH40_AUSER_WITH1_AQOS_WITH3_DLY0_0', input port 'am2wreqt_data[21]' is connected directly to output port 'axi_m_wdata[17]'. (LINT-29)
Warning: In design 'wreq_trans_URGE_WITH7_SUBR_WITH8_AXID_WITH4_LEN_WITH8_USER_WITH10_NBYTEPERWORD8_AADDR_WITH40_AUSER_WITH1_AQOS_WITH3_DLY0_0', input port 'am2wreqt_data[20]' is connected directly to output port 'axi_m_wdata[16]'. (LINT-29)
Warning: In design 'wreq_trans_URGE_WITH7_SUBR_WITH8_AXID_WITH4_LEN_WITH8_USER_WITH10_NBYTEPERWORD8_AADDR_WITH40_AUSER_WITH1_AQOS_WITH3_DLY0_0', input port 'am2wreqt_data[19]' is connected directly to output port 'axi_m_wstrb[2]'. (LINT-29)
Warning: In design 'wreq_trans_URGE_WITH7_SUBR_WITH8_AXID_WITH4_LEN_WITH8_USER_WITH10_NBYTEPERWORD8_AADDR_WITH40_AUSER_WITH1_AQOS_WITH3_DLY0_0', input port 'am2wreqt_data[18]' is connected directly to output port 'axi_m_wdata[15]'. (LINT-29)
Warning: In design 'wreq_trans_URGE_WITH7_SUBR_WITH8_AXID_WITH4_LEN_WITH8_USER_WITH10_NBYTEPERWORD8_AADDR_WITH40_AUSER_WITH1_AQOS_WITH3_DLY0_0', input port 'am2wreqt_data[17]' is connected directly to output port 'axi_m_wdata[14]'. (LINT-29)
Warning: In design 'wreq_trans_URGE_WITH7_SUBR_WITH8_AXID_WITH4_LEN_WITH8_USER_WITH10_NBYTEPERWORD8_AADDR_WITH40_AUSER_WITH1_AQOS_WITH3_DLY0_0', input port 'am2wreqt_data[16]' is connected directly to output port 'axi_m_wdata[13]'. (LINT-29)
Warning: In design 'wreq_trans_URGE_WITH7_SUBR_WITH8_AXID_WITH4_LEN_WITH8_USER_WITH10_NBYTEPERWORD8_AADDR_WITH40_AUSER_WITH1_AQOS_WITH3_DLY0_0', input port 'am2wreqt_data[15]' is connected directly to output port 'axi_m_wdata[12]'. (LINT-29)
Warning: In design 'wreq_trans_URGE_WITH7_SUBR_WITH8_AXID_WITH4_LEN_WITH8_USER_WITH10_NBYTEPERWORD8_AADDR_WITH40_AUSER_WITH1_AQOS_WITH3_DLY0_0', input port 'am2wreqt_data[14]' is connected directly to output port 'axi_m_wdata[11]'. (LINT-29)
Warning: In design 'wreq_trans_URGE_WITH7_SUBR_WITH8_AXID_WITH4_LEN_WITH8_USER_WITH10_NBYTEPERWORD8_AADDR_WITH40_AUSER_WITH1_AQOS_WITH3_DLY0_0', input port 'am2wreqt_data[13]' is connected directly to output port 'axi_m_wdata[10]'. (LINT-29)
Warning: In design 'wreq_trans_URGE_WITH7_SUBR_WITH8_AXID_WITH4_LEN_WITH8_USER_WITH10_NBYTEPERWORD8_AADDR_WITH40_AUSER_WITH1_AQOS_WITH3_DLY0_0', input port 'am2wreqt_data[12]' is connected directly to output port 'axi_m_wdata[9]'. (LINT-29)
Warning: In design 'wreq_trans_URGE_WITH7_SUBR_WITH8_AXID_WITH4_LEN_WITH8_USER_WITH10_NBYTEPERWORD8_AADDR_WITH40_AUSER_WITH1_AQOS_WITH3_DLY0_0', input port 'am2wreqt_data[11]' is connected directly to output port 'axi_m_wdata[8]'. (LINT-29)
Warning: In design 'wreq_trans_URGE_WITH7_SUBR_WITH8_AXID_WITH4_LEN_WITH8_USER_WITH10_NBYTEPERWORD8_AADDR_WITH40_AUSER_WITH1_AQOS_WITH3_DLY0_0', input port 'am2wreqt_data[10]' is connected directly to output port 'axi_m_wstrb[1]'. (LINT-29)
Warning: In design 'wreq_trans_URGE_WITH7_SUBR_WITH8_AXID_WITH4_LEN_WITH8_USER_WITH10_NBYTEPERWORD8_AADDR_WITH40_AUSER_WITH1_AQOS_WITH3_DLY0_0', input port 'am2wreqt_data[9]' is connected directly to output port 'axi_m_wdata[7]'. (LINT-29)
Warning: In design 'wreq_trans_URGE_WITH7_SUBR_WITH8_AXID_WITH4_LEN_WITH8_USER_WITH10_NBYTEPERWORD8_AADDR_WITH40_AUSER_WITH1_AQOS_WITH3_DLY0_0', input port 'am2wreqt_data[8]' is connected directly to output port 'axi_m_wdata[6]'. (LINT-29)
Warning: In design 'wreq_trans_URGE_WITH7_SUBR_WITH8_AXID_WITH4_LEN_WITH8_USER_WITH10_NBYTEPERWORD8_AADDR_WITH40_AUSER_WITH1_AQOS_WITH3_DLY0_0', input port 'am2wreqt_data[7]' is connected directly to output port 'axi_m_wdata[5]'. (LINT-29)
Warning: In design 'wreq_trans_URGE_WITH7_SUBR_WITH8_AXID_WITH4_LEN_WITH8_USER_WITH10_NBYTEPERWORD8_AADDR_WITH40_AUSER_WITH1_AQOS_WITH3_DLY0_0', input port 'am2wreqt_data[6]' is connected directly to output port 'axi_m_wdata[4]'. (LINT-29)
Warning: In design 'wreq_trans_URGE_WITH7_SUBR_WITH8_AXID_WITH4_LEN_WITH8_USER_WITH10_NBYTEPERWORD8_AADDR_WITH40_AUSER_WITH1_AQOS_WITH3_DLY0_0', input port 'am2wreqt_data[5]' is connected directly to output port 'axi_m_wdata[3]'. (LINT-29)
Warning: In design 'wreq_trans_URGE_WITH7_SUBR_WITH8_AXID_WITH4_LEN_WITH8_USER_WITH10_NBYTEPERWORD8_AADDR_WITH40_AUSER_WITH1_AQOS_WITH3_DLY0_0', input port 'am2wreqt_data[4]' is connected directly to output port 'axi_m_wdata[2]'. (LINT-29)
Warning: In design 'wreq_trans_URGE_WITH7_SUBR_WITH8_AXID_WITH4_LEN_WITH8_USER_WITH10_NBYTEPERWORD8_AADDR_WITH40_AUSER_WITH1_AQOS_WITH3_DLY0_0', input port 'am2wreqt_data[3]' is connected directly to output port 'axi_m_wdata[1]'. (LINT-29)
Warning: In design 'wreq_trans_URGE_WITH7_SUBR_WITH8_AXID_WITH4_LEN_WITH8_USER_WITH10_NBYTEPERWORD8_AADDR_WITH40_AUSER_WITH1_AQOS_WITH3_DLY0_0', input port 'am2wreqt_data[2]' is connected directly to output port 'axi_m_wdata[0]'. (LINT-29)
Warning: In design 'wreq_trans_URGE_WITH7_SUBR_WITH8_AXID_WITH4_LEN_WITH8_USER_WITH10_NBYTEPERWORD8_AADDR_WITH40_AUSER_WITH1_AQOS_WITH3_DLY0_0', input port 'am2wreqt_data[1]' is connected directly to output port 'axi_m_wstrb[0]'. (LINT-29)
Warning: In design 'wreq_trans_URGE_WITH7_SUBR_WITH8_AXID_WITH4_LEN_WITH8_USER_WITH10_NBYTEPERWORD8_AADDR_WITH40_AUSER_WITH1_AQOS_WITH3_DLY0_0', input port 'am2wreqt_awqos[2]' is connected directly to output port 'axi_m_awqos[2]'. (LINT-29)
Warning: In design 'wreq_trans_URGE_WITH7_SUBR_WITH8_AXID_WITH4_LEN_WITH8_USER_WITH10_NBYTEPERWORD8_AADDR_WITH40_AUSER_WITH1_AQOS_WITH3_DLY0_0', input port 'am2wreqt_awqos[1]' is connected directly to output port 'axi_m_awqos[1]'. (LINT-29)
Warning: In design 'wreq_trans_URGE_WITH7_SUBR_WITH8_AXID_WITH4_LEN_WITH8_USER_WITH10_NBYTEPERWORD8_AADDR_WITH40_AUSER_WITH1_AQOS_WITH3_DLY0_0', input port 'am2wreqt_awqos[0]' is connected directly to output port 'axi_m_awqos[0]'. (LINT-29)
Warning: In design 'ely_rsp_detect_URGE_WITH7_SUBR_WITH8_ADDR_WITH32_AXID_WITH4_LEN_WITH8_USER_WITH10_NBYTEPERWORD8_ELYRSP_TABLE_DEEP8_AUSER_WITH1_TAG_CNT_WITH3_DLY0_0', input port 'rspt2erd_axid[3]' is connected directly to output port 'erd2rspo_axid[3]'. (LINT-29)
Warning: In design 'ely_rsp_detect_URGE_WITH7_SUBR_WITH8_ADDR_WITH32_AXID_WITH4_LEN_WITH8_USER_WITH10_NBYTEPERWORD8_ELYRSP_TABLE_DEEP8_AUSER_WITH1_TAG_CNT_WITH3_DLY0_0', input port 'rspt2erd_axid[2]' is connected directly to output port 'erd2rspo_axid[2]'. (LINT-29)
Warning: In design 'ely_rsp_detect_URGE_WITH7_SUBR_WITH8_ADDR_WITH32_AXID_WITH4_LEN_WITH8_USER_WITH10_NBYTEPERWORD8_ELYRSP_TABLE_DEEP8_AUSER_WITH1_TAG_CNT_WITH3_DLY0_0', input port 'rspt2erd_axid[1]' is connected directly to output port 'erd2rspo_axid[1]'. (LINT-29)
Warning: In design 'ely_rsp_detect_URGE_WITH7_SUBR_WITH8_ADDR_WITH32_AXID_WITH4_LEN_WITH8_USER_WITH10_NBYTEPERWORD8_ELYRSP_TABLE_DEEP8_AUSER_WITH1_TAG_CNT_WITH3_DLY0_0', input port 'rspt2erd_axid[0]' is connected directly to output port 'erd2rspo_axid[0]'. (LINT-29)
Warning: In design 'ely_rsp_detect_URGE_WITH7_SUBR_WITH8_ADDR_WITH32_AXID_WITH4_LEN_WITH8_USER_WITH10_NBYTEPERWORD8_ELYRSP_TABLE_DEEP8_AUSER_WITH1_TAG_CNT_WITH3_DLY0_0', input port 'rspt2erd_auser[0]' is connected directly to output port 'erd2rspo_auser[0]'. (LINT-29)
Warning: In design 'ely_rsp_detect_URGE_WITH7_SUBR_WITH8_ADDR_WITH32_AXID_WITH4_LEN_WITH8_USER_WITH10_NBYTEPERWORD8_ELYRSP_TABLE_DEEP8_AUSER_WITH1_TAG_CNT_WITH3_DLY0_0', input port 'rspt2erd_opc[1]' is connected directly to output port 'erd2rspo_opc[1]'. (LINT-29)
Warning: In design 'ely_rsp_detect_URGE_WITH7_SUBR_WITH8_ADDR_WITH32_AXID_WITH4_LEN_WITH8_USER_WITH10_NBYTEPERWORD8_ELYRSP_TABLE_DEEP8_AUSER_WITH1_TAG_CNT_WITH3_DLY0_0', input port 'rspt2erd_opc[0]' is connected directly to output port 'erd2rspo_opc[0]'. (LINT-29)
Warning: In design 'ely_rsp_detect_URGE_WITH7_SUBR_WITH8_ADDR_WITH32_AXID_WITH4_LEN_WITH8_USER_WITH10_NBYTEPERWORD8_ELYRSP_TABLE_DEEP8_AUSER_WITH1_TAG_CNT_WITH3_DLY0_0', input port 'rspt2erd_errcode[2]' is connected directly to output port 'erd2rspo_errcode[2]'. (LINT-29)
Warning: In design 'ely_rsp_detect_URGE_WITH7_SUBR_WITH8_ADDR_WITH32_AXID_WITH4_LEN_WITH8_USER_WITH10_NBYTEPERWORD8_ELYRSP_TABLE_DEEP8_AUSER_WITH1_TAG_CNT_WITH3_DLY0_0', input port 'rspt2erd_errcode[1]' is connected directly to output port 'erd2rspo_errcode[1]'. (LINT-29)
Warning: In design 'ely_rsp_detect_URGE_WITH7_SUBR_WITH8_ADDR_WITH32_AXID_WITH4_LEN_WITH8_USER_WITH10_NBYTEPERWORD8_ELYRSP_TABLE_DEEP8_AUSER_WITH1_TAG_CNT_WITH3_DLY0_0', input port 'rspt2erd_errcode[0]' is connected directly to output port 'erd2rspo_errcode[0]'. (LINT-29)
Warning: In design 'ely_rsp_detect_URGE_WITH7_SUBR_WITH8_ADDR_WITH32_AXID_WITH4_LEN_WITH8_USER_WITH10_NBYTEPERWORD8_ELYRSP_TABLE_DEEP8_AUSER_WITH1_TAG_CNT_WITH3_DLY0_0', input port 'rspt2erd_status[1]' is connected directly to output port 'erd2rspo_status[1]'. (LINT-29)
Warning: In design 'ely_rsp_detect_URGE_WITH7_SUBR_WITH8_ADDR_WITH32_AXID_WITH4_LEN_WITH8_USER_WITH10_NBYTEPERWORD8_ELYRSP_TABLE_DEEP8_AUSER_WITH1_TAG_CNT_WITH3_DLY0_0', input port 'rspt2erd_status[0]' is connected directly to output port 'erd2rspo_status[0]'. (LINT-29)
Warning: In design 'ely_rsp_detect_URGE_WITH7_SUBR_WITH8_ADDR_WITH32_AXID_WITH4_LEN_WITH8_USER_WITH10_NBYTEPERWORD8_ELYRSP_TABLE_DEEP8_AUSER_WITH1_TAG_CNT_WITH3_DLY0_0', input port 'rspt2erd_data[72]' is connected directly to output port 'erd2rspo_data[72]'. (LINT-29)
Warning: In design 'ely_rsp_detect_URGE_WITH7_SUBR_WITH8_ADDR_WITH32_AXID_WITH4_LEN_WITH8_USER_WITH10_NBYTEPERWORD8_ELYRSP_TABLE_DEEP8_AUSER_WITH1_TAG_CNT_WITH3_DLY0_0', input port 'rspt2erd_data[71]' is connected directly to output port 'erd2rspo_data[71]'. (LINT-29)
Warning: In design 'ely_rsp_detect_URGE_WITH7_SUBR_WITH8_ADDR_WITH32_AXID_WITH4_LEN_WITH8_USER_WITH10_NBYTEPERWORD8_ELYRSP_TABLE_DEEP8_AUSER_WITH1_TAG_CNT_WITH3_DLY0_0', input port 'rspt2erd_data[70]' is connected directly to output port 'erd2rspo_data[70]'. (LINT-29)
Warning: In design 'ely_rsp_detect_URGE_WITH7_SUBR_WITH8_ADDR_WITH32_AXID_WITH4_LEN_WITH8_USER_WITH10_NBYTEPERWORD8_ELYRSP_TABLE_DEEP8_AUSER_WITH1_TAG_CNT_WITH3_DLY0_0', input port 'rspt2erd_data[69]' is connected directly to output port 'erd2rspo_data[69]'. (LINT-29)
Warning: In design 'ely_rsp_detect_URGE_WITH7_SUBR_WITH8_ADDR_WITH32_AXID_WITH4_LEN_WITH8_USER_WITH10_NBYTEPERWORD8_ELYRSP_TABLE_DEEP8_AUSER_WITH1_TAG_CNT_WITH3_DLY0_0', input port 'rspt2erd_data[68]' is connected directly to output port 'erd2rspo_data[68]'. (LINT-29)
Warning: In design 'ely_rsp_detect_URGE_WITH7_SUBR_WITH8_ADDR_WITH32_AXID_WITH4_LEN_WITH8_USER_WITH10_NBYTEPERWORD8_ELYRSP_TABLE_DEEP8_AUSER_WITH1_TAG_CNT_WITH3_DLY0_0', input port 'rspt2erd_data[67]' is connected directly to output port 'erd2rspo_data[67]'. (LINT-29)
Warning: In design 'ely_rsp_detect_URGE_WITH7_SUBR_WITH8_ADDR_WITH32_AXID_WITH4_LEN_WITH8_USER_WITH10_NBYTEPERWORD8_ELYRSP_TABLE_DEEP8_AUSER_WITH1_TAG_CNT_WITH3_DLY0_0', input port 'rspt2erd_data[66]' is connected directly to output port 'erd2rspo_data[66]'. (LINT-29)
Warning: In design 'ely_rsp_detect_URGE_WITH7_SUBR_WITH8_ADDR_WITH32_AXID_WITH4_LEN_WITH8_USER_WITH10_NBYTEPERWORD8_ELYRSP_TABLE_DEEP8_AUSER_WITH1_TAG_CNT_WITH3_DLY0_0', input port 'rspt2erd_data[65]' is connected directly to output port 'erd2rspo_data[65]'. (LINT-29)
Warning: In design 'ely_rsp_detect_URGE_WITH7_SUBR_WITH8_ADDR_WITH32_AXID_WITH4_LEN_WITH8_USER_WITH10_NBYTEPERWORD8_ELYRSP_TABLE_DEEP8_AUSER_WITH1_TAG_CNT_WITH3_DLY0_0', input port 'rspt2erd_data[64]' is connected directly to output port 'erd2rspo_data[64]'. (LINT-29)
Warning: In design 'ely_rsp_detect_URGE_WITH7_SUBR_WITH8_ADDR_WITH32_AXID_WITH4_LEN_WITH8_USER_WITH10_NBYTEPERWORD8_ELYRSP_TABLE_DEEP8_AUSER_WITH1_TAG_CNT_WITH3_DLY0_0', input port 'rspt2erd_data[63]' is connected directly to output port 'erd2rspo_data[63]'. (LINT-29)
Warning: In design 'ely_rsp_detect_URGE_WITH7_SUBR_WITH8_ADDR_WITH32_AXID_WITH4_LEN_WITH8_USER_WITH10_NBYTEPERWORD8_ELYRSP_TABLE_DEEP8_AUSER_WITH1_TAG_CNT_WITH3_DLY0_0', input port 'rspt2erd_data[62]' is connected directly to output port 'erd2rspo_data[62]'. (LINT-29)
Warning: In design 'ely_rsp_detect_URGE_WITH7_SUBR_WITH8_ADDR_WITH32_AXID_WITH4_LEN_WITH8_USER_WITH10_NBYTEPERWORD8_ELYRSP_TABLE_DEEP8_AUSER_WITH1_TAG_CNT_WITH3_DLY0_0', input port 'rspt2erd_data[61]' is connected directly to output port 'erd2rspo_data[61]'. (LINT-29)
Warning: In design 'ely_rsp_detect_URGE_WITH7_SUBR_WITH8_ADDR_WITH32_AXID_WITH4_LEN_WITH8_USER_WITH10_NBYTEPERWORD8_ELYRSP_TABLE_DEEP8_AUSER_WITH1_TAG_CNT_WITH3_DLY0_0', input port 'rspt2erd_data[60]' is connected directly to output port 'erd2rspo_data[60]'. (LINT-29)
Warning: In design 'ely_rsp_detect_URGE_WITH7_SUBR_WITH8_ADDR_WITH32_AXID_WITH4_LEN_WITH8_USER_WITH10_NBYTEPERWORD8_ELYRSP_TABLE_DEEP8_AUSER_WITH1_TAG_CNT_WITH3_DLY0_0', input port 'rspt2erd_data[59]' is connected directly to output port 'erd2rspo_data[59]'. (LINT-29)
Warning: In design 'ely_rsp_detect_URGE_WITH7_SUBR_WITH8_ADDR_WITH32_AXID_WITH4_LEN_WITH8_USER_WITH10_NBYTEPERWORD8_ELYRSP_TABLE_DEEP8_AUSER_WITH1_TAG_CNT_WITH3_DLY0_0', input port 'rspt2erd_data[58]' is connected directly to output port 'erd2rspo_data[58]'. (LINT-29)
Warning: In design 'ely_rsp_detect_URGE_WITH7_SUBR_WITH8_ADDR_WITH32_AXID_WITH4_LEN_WITH8_USER_WITH10_NBYTEPERWORD8_ELYRSP_TABLE_DEEP8_AUSER_WITH1_TAG_CNT_WITH3_DLY0_0', input port 'rspt2erd_data[57]' is connected directly to output port 'erd2rspo_data[57]'. (LINT-29)
Warning: In design 'ely_rsp_detect_URGE_WITH7_SUBR_WITH8_ADDR_WITH32_AXID_WITH4_LEN_WITH8_USER_WITH10_NBYTEPERWORD8_ELYRSP_TABLE_DEEP8_AUSER_WITH1_TAG_CNT_WITH3_DLY0_0', input port 'rspt2erd_data[56]' is connected directly to output port 'erd2rspo_data[56]'. (LINT-29)
Warning: In design 'ely_rsp_detect_URGE_WITH7_SUBR_WITH8_ADDR_WITH32_AXID_WITH4_LEN_WITH8_USER_WITH10_NBYTEPERWORD8_ELYRSP_TABLE_DEEP8_AUSER_WITH1_TAG_CNT_WITH3_DLY0_0', input port 'rspt2erd_data[55]' is connected directly to output port 'erd2rspo_data[55]'. (LINT-29)
Warning: In design 'ely_rsp_detect_URGE_WITH7_SUBR_WITH8_ADDR_WITH32_AXID_WITH4_LEN_WITH8_USER_WITH10_NBYTEPERWORD8_ELYRSP_TABLE_DEEP8_AUSER_WITH1_TAG_CNT_WITH3_DLY0_0', input port 'rspt2erd_data[54]' is connected directly to output port 'erd2rspo_data[54]'. (LINT-29)
Warning: In design 'ely_rsp_detect_URGE_WITH7_SUBR_WITH8_ADDR_WITH32_AXID_WITH4_LEN_WITH8_USER_WITH10_NBYTEPERWORD8_ELYRSP_TABLE_DEEP8_AUSER_WITH1_TAG_CNT_WITH3_DLY0_0', input port 'rspt2erd_data[53]' is connected directly to output port 'erd2rspo_data[53]'. (LINT-29)
Warning: In design 'ely_rsp_detect_URGE_WITH7_SUBR_WITH8_ADDR_WITH32_AXID_WITH4_LEN_WITH8_USER_WITH10_NBYTEPERWORD8_ELYRSP_TABLE_DEEP8_AUSER_WITH1_TAG_CNT_WITH3_DLY0_0', input port 'rspt2erd_data[52]' is connected directly to output port 'erd2rspo_data[52]'. (LINT-29)
Warning: In design 'ely_rsp_detect_URGE_WITH7_SUBR_WITH8_ADDR_WITH32_AXID_WITH4_LEN_WITH8_USER_WITH10_NBYTEPERWORD8_ELYRSP_TABLE_DEEP8_AUSER_WITH1_TAG_CNT_WITH3_DLY0_0', input port 'rspt2erd_data[51]' is connected directly to output port 'erd2rspo_data[51]'. (LINT-29)
Warning: In design 'ely_rsp_detect_URGE_WITH7_SUBR_WITH8_ADDR_WITH32_AXID_WITH4_LEN_WITH8_USER_WITH10_NBYTEPERWORD8_ELYRSP_TABLE_DEEP8_AUSER_WITH1_TAG_CNT_WITH3_DLY0_0', input port 'rspt2erd_data[50]' is connected directly to output port 'erd2rspo_data[50]'. (LINT-29)
Warning: In design 'ely_rsp_detect_URGE_WITH7_SUBR_WITH8_ADDR_WITH32_AXID_WITH4_LEN_WITH8_USER_WITH10_NBYTEPERWORD8_ELYRSP_TABLE_DEEP8_AUSER_WITH1_TAG_CNT_WITH3_DLY0_0', input port 'rspt2erd_data[49]' is connected directly to output port 'erd2rspo_data[49]'. (LINT-29)
Warning: In design 'ely_rsp_detect_URGE_WITH7_SUBR_WITH8_ADDR_WITH32_AXID_WITH4_LEN_WITH8_USER_WITH10_NBYTEPERWORD8_ELYRSP_TABLE_DEEP8_AUSER_WITH1_TAG_CNT_WITH3_DLY0_0', input port 'rspt2erd_data[48]' is connected directly to output port 'erd2rspo_data[48]'. (LINT-29)
Warning: In design 'ely_rsp_detect_URGE_WITH7_SUBR_WITH8_ADDR_WITH32_AXID_WITH4_LEN_WITH8_USER_WITH10_NBYTEPERWORD8_ELYRSP_TABLE_DEEP8_AUSER_WITH1_TAG_CNT_WITH3_DLY0_0', input port 'rspt2erd_data[47]' is connected directly to output port 'erd2rspo_data[47]'. (LINT-29)
Warning: In design 'ely_rsp_detect_URGE_WITH7_SUBR_WITH8_ADDR_WITH32_AXID_WITH4_LEN_WITH8_USER_WITH10_NBYTEPERWORD8_ELYRSP_TABLE_DEEP8_AUSER_WITH1_TAG_CNT_WITH3_DLY0_0', input port 'rspt2erd_data[46]' is connected directly to output port 'erd2rspo_data[46]'. (LINT-29)
Warning: In design 'ely_rsp_detect_URGE_WITH7_SUBR_WITH8_ADDR_WITH32_AXID_WITH4_LEN_WITH8_USER_WITH10_NBYTEPERWORD8_ELYRSP_TABLE_DEEP8_AUSER_WITH1_TAG_CNT_WITH3_DLY0_0', input port 'rspt2erd_data[45]' is connected directly to output port 'erd2rspo_data[45]'. (LINT-29)
Warning: In design 'ely_rsp_detect_URGE_WITH7_SUBR_WITH8_ADDR_WITH32_AXID_WITH4_LEN_WITH8_USER_WITH10_NBYTEPERWORD8_ELYRSP_TABLE_DEEP8_AUSER_WITH1_TAG_CNT_WITH3_DLY0_0', input port 'rspt2erd_data[44]' is connected directly to output port 'erd2rspo_data[44]'. (LINT-29)
Warning: In design 'ely_rsp_detect_URGE_WITH7_SUBR_WITH8_ADDR_WITH32_AXID_WITH4_LEN_WITH8_USER_WITH10_NBYTEPERWORD8_ELYRSP_TABLE_DEEP8_AUSER_WITH1_TAG_CNT_WITH3_DLY0_0', input port 'rspt2erd_data[43]' is connected directly to output port 'erd2rspo_data[43]'. (LINT-29)
Warning: In design 'ely_rsp_detect_URGE_WITH7_SUBR_WITH8_ADDR_WITH32_AXID_WITH4_LEN_WITH8_USER_WITH10_NBYTEPERWORD8_ELYRSP_TABLE_DEEP8_AUSER_WITH1_TAG_CNT_WITH3_DLY0_0', input port 'rspt2erd_data[42]' is connected directly to output port 'erd2rspo_data[42]'. (LINT-29)
Warning: In design 'ely_rsp_detect_URGE_WITH7_SUBR_WITH8_ADDR_WITH32_AXID_WITH4_LEN_WITH8_USER_WITH10_NBYTEPERWORD8_ELYRSP_TABLE_DEEP8_AUSER_WITH1_TAG_CNT_WITH3_DLY0_0', input port 'rspt2erd_data[41]' is connected directly to output port 'erd2rspo_data[41]'. (LINT-29)
Warning: In design 'ely_rsp_detect_URGE_WITH7_SUBR_WITH8_ADDR_WITH32_AXID_WITH4_LEN_WITH8_USER_WITH10_NBYTEPERWORD8_ELYRSP_TABLE_DEEP8_AUSER_WITH1_TAG_CNT_WITH3_DLY0_0', input port 'rspt2erd_data[40]' is connected directly to output port 'erd2rspo_data[40]'. (LINT-29)
Warning: In design 'ely_rsp_detect_URGE_WITH7_SUBR_WITH8_ADDR_WITH32_AXID_WITH4_LEN_WITH8_USER_WITH10_NBYTEPERWORD8_ELYRSP_TABLE_DEEP8_AUSER_WITH1_TAG_CNT_WITH3_DLY0_0', input port 'rspt2erd_data[39]' is connected directly to output port 'erd2rspo_data[39]'. (LINT-29)
Warning: In design 'ely_rsp_detect_URGE_WITH7_SUBR_WITH8_ADDR_WITH32_AXID_WITH4_LEN_WITH8_USER_WITH10_NBYTEPERWORD8_ELYRSP_TABLE_DEEP8_AUSER_WITH1_TAG_CNT_WITH3_DLY0_0', input port 'rspt2erd_data[38]' is connected directly to output port 'erd2rspo_data[38]'. (LINT-29)
Warning: In design 'ely_rsp_detect_URGE_WITH7_SUBR_WITH8_ADDR_WITH32_AXID_WITH4_LEN_WITH8_USER_WITH10_NBYTEPERWORD8_ELYRSP_TABLE_DEEP8_AUSER_WITH1_TAG_CNT_WITH3_DLY0_0', input port 'rspt2erd_data[37]' is connected directly to output port 'erd2rspo_data[37]'. (LINT-29)
Warning: In design 'ely_rsp_detect_URGE_WITH7_SUBR_WITH8_ADDR_WITH32_AXID_WITH4_LEN_WITH8_USER_WITH10_NBYTEPERWORD8_ELYRSP_TABLE_DEEP8_AUSER_WITH1_TAG_CNT_WITH3_DLY0_0', input port 'rspt2erd_data[36]' is connected directly to output port 'erd2rspo_data[36]'. (LINT-29)
Warning: In design 'ely_rsp_detect_URGE_WITH7_SUBR_WITH8_ADDR_WITH32_AXID_WITH4_LEN_WITH8_USER_WITH10_NBYTEPERWORD8_ELYRSP_TABLE_DEEP8_AUSER_WITH1_TAG_CNT_WITH3_DLY0_0', input port 'rspt2erd_data[35]' is connected directly to output port 'erd2rspo_data[35]'. (LINT-29)
Warning: In design 'ely_rsp_detect_URGE_WITH7_SUBR_WITH8_ADDR_WITH32_AXID_WITH4_LEN_WITH8_USER_WITH10_NBYTEPERWORD8_ELYRSP_TABLE_DEEP8_AUSER_WITH1_TAG_CNT_WITH3_DLY0_0', input port 'rspt2erd_data[34]' is connected directly to output port 'erd2rspo_data[34]'. (LINT-29)
Warning: In design 'ely_rsp_detect_URGE_WITH7_SUBR_WITH8_ADDR_WITH32_AXID_WITH4_LEN_WITH8_USER_WITH10_NBYTEPERWORD8_ELYRSP_TABLE_DEEP8_AUSER_WITH1_TAG_CNT_WITH3_DLY0_0', input port 'rspt2erd_data[33]' is connected directly to output port 'erd2rspo_data[33]'. (LINT-29)
Warning: In design 'ely_rsp_detect_URGE_WITH7_SUBR_WITH8_ADDR_WITH32_AXID_WITH4_LEN_WITH8_USER_WITH10_NBYTEPERWORD8_ELYRSP_TABLE_DEEP8_AUSER_WITH1_TAG_CNT_WITH3_DLY0_0', input port 'rspt2erd_data[32]' is connected directly to output port 'erd2rspo_data[32]'. (LINT-29)
Warning: In design 'ely_rsp_detect_URGE_WITH7_SUBR_WITH8_ADDR_WITH32_AXID_WITH4_LEN_WITH8_USER_WITH10_NBYTEPERWORD8_ELYRSP_TABLE_DEEP8_AUSER_WITH1_TAG_CNT_WITH3_DLY0_0', input port 'rspt2erd_data[31]' is connected directly to output port 'erd2rspo_data[31]'. (LINT-29)
Warning: In design 'ely_rsp_detect_URGE_WITH7_SUBR_WITH8_ADDR_WITH32_AXID_WITH4_LEN_WITH8_USER_WITH10_NBYTEPERWORD8_ELYRSP_TABLE_DEEP8_AUSER_WITH1_TAG_CNT_WITH3_DLY0_0', input port 'rspt2erd_data[30]' is connected directly to output port 'erd2rspo_data[30]'. (LINT-29)
Warning: In design 'ely_rsp_detect_URGE_WITH7_SUBR_WITH8_ADDR_WITH32_AXID_WITH4_LEN_WITH8_USER_WITH10_NBYTEPERWORD8_ELYRSP_TABLE_DEEP8_AUSER_WITH1_TAG_CNT_WITH3_DLY0_0', input port 'rspt2erd_data[29]' is connected directly to output port 'erd2rspo_data[29]'. (LINT-29)
Warning: In design 'ely_rsp_detect_URGE_WITH7_SUBR_WITH8_ADDR_WITH32_AXID_WITH4_LEN_WITH8_USER_WITH10_NBYTEPERWORD8_ELYRSP_TABLE_DEEP8_AUSER_WITH1_TAG_CNT_WITH3_DLY0_0', input port 'rspt2erd_data[28]' is connected directly to output port 'erd2rspo_data[28]'. (LINT-29)
Warning: In design 'ely_rsp_detect_URGE_WITH7_SUBR_WITH8_ADDR_WITH32_AXID_WITH4_LEN_WITH8_USER_WITH10_NBYTEPERWORD8_ELYRSP_TABLE_DEEP8_AUSER_WITH1_TAG_CNT_WITH3_DLY0_0', input port 'rspt2erd_data[27]' is connected directly to output port 'erd2rspo_data[27]'. (LINT-29)
Warning: In design 'ely_rsp_detect_URGE_WITH7_SUBR_WITH8_ADDR_WITH32_AXID_WITH4_LEN_WITH8_USER_WITH10_NBYTEPERWORD8_ELYRSP_TABLE_DEEP8_AUSER_WITH1_TAG_CNT_WITH3_DLY0_0', input port 'rspt2erd_data[26]' is connected directly to output port 'erd2rspo_data[26]'. (LINT-29)
Warning: In design 'ely_rsp_detect_URGE_WITH7_SUBR_WITH8_ADDR_WITH32_AXID_WITH4_LEN_WITH8_USER_WITH10_NBYTEPERWORD8_ELYRSP_TABLE_DEEP8_AUSER_WITH1_TAG_CNT_WITH3_DLY0_0', input port 'rspt2erd_data[25]' is connected directly to output port 'erd2rspo_data[25]'. (LINT-29)
Warning: In design 'ely_rsp_detect_URGE_WITH7_SUBR_WITH8_ADDR_WITH32_AXID_WITH4_LEN_WITH8_USER_WITH10_NBYTEPERWORD8_ELYRSP_TABLE_DEEP8_AUSER_WITH1_TAG_CNT_WITH3_DLY0_0', input port 'rspt2erd_data[24]' is connected directly to output port 'erd2rspo_data[24]'. (LINT-29)
Warning: In design 'ely_rsp_detect_URGE_WITH7_SUBR_WITH8_ADDR_WITH32_AXID_WITH4_LEN_WITH8_USER_WITH10_NBYTEPERWORD8_ELYRSP_TABLE_DEEP8_AUSER_WITH1_TAG_CNT_WITH3_DLY0_0', input port 'rspt2erd_data[23]' is connected directly to output port 'erd2rspo_data[23]'. (LINT-29)
Warning: In design 'ely_rsp_detect_URGE_WITH7_SUBR_WITH8_ADDR_WITH32_AXID_WITH4_LEN_WITH8_USER_WITH10_NBYTEPERWORD8_ELYRSP_TABLE_DEEP8_AUSER_WITH1_TAG_CNT_WITH3_DLY0_0', input port 'rspt2erd_data[22]' is connected directly to output port 'erd2rspo_data[22]'. (LINT-29)
Warning: In design 'ely_rsp_detect_URGE_WITH7_SUBR_WITH8_ADDR_WITH32_AXID_WITH4_LEN_WITH8_USER_WITH10_NBYTEPERWORD8_ELYRSP_TABLE_DEEP8_AUSER_WITH1_TAG_CNT_WITH3_DLY0_0', input port 'rspt2erd_data[21]' is connected directly to output port 'erd2rspo_data[21]'. (LINT-29)
Warning: In design 'ely_rsp_detect_URGE_WITH7_SUBR_WITH8_ADDR_WITH32_AXID_WITH4_LEN_WITH8_USER_WITH10_NBYTEPERWORD8_ELYRSP_TABLE_DEEP8_AUSER_WITH1_TAG_CNT_WITH3_DLY0_0', input port 'rspt2erd_data[20]' is connected directly to output port 'erd2rspo_data[20]'. (LINT-29)
Warning: In design 'ely_rsp_detect_URGE_WITH7_SUBR_WITH8_ADDR_WITH32_AXID_WITH4_LEN_WITH8_USER_WITH10_NBYTEPERWORD8_ELYRSP_TABLE_DEEP8_AUSER_WITH1_TAG_CNT_WITH3_DLY0_0', input port 'rspt2erd_data[19]' is connected directly to output port 'erd2rspo_data[19]'. (LINT-29)
Warning: In design 'ely_rsp_detect_URGE_WITH7_SUBR_WITH8_ADDR_WITH32_AXID_WITH4_LEN_WITH8_USER_WITH10_NBYTEPERWORD8_ELYRSP_TABLE_DEEP8_AUSER_WITH1_TAG_CNT_WITH3_DLY0_0', input port 'rspt2erd_data[18]' is connected directly to output port 'erd2rspo_data[18]'. (LINT-29)
Warning: In design 'ely_rsp_detect_URGE_WITH7_SUBR_WITH8_ADDR_WITH32_AXID_WITH4_LEN_WITH8_USER_WITH10_NBYTEPERWORD8_ELYRSP_TABLE_DEEP8_AUSER_WITH1_TAG_CNT_WITH3_DLY0_0', input port 'rspt2erd_data[17]' is connected directly to output port 'erd2rspo_data[17]'. (LINT-29)
Warning: In design 'ely_rsp_detect_URGE_WITH7_SUBR_WITH8_ADDR_WITH32_AXID_WITH4_LEN_WITH8_USER_WITH10_NBYTEPERWORD8_ELYRSP_TABLE_DEEP8_AUSER_WITH1_TAG_CNT_WITH3_DLY0_0', input port 'rspt2erd_data[16]' is connected directly to output port 'erd2rspo_data[16]'. (LINT-29)
Warning: In design 'ely_rsp_detect_URGE_WITH7_SUBR_WITH8_ADDR_WITH32_AXID_WITH4_LEN_WITH8_USER_WITH10_NBYTEPERWORD8_ELYRSP_TABLE_DEEP8_AUSER_WITH1_TAG_CNT_WITH3_DLY0_0', input port 'rspt2erd_data[15]' is connected directly to output port 'erd2rspo_data[15]'. (LINT-29)
Warning: In design 'ely_rsp_detect_URGE_WITH7_SUBR_WITH8_ADDR_WITH32_AXID_WITH4_LEN_WITH8_USER_WITH10_NBYTEPERWORD8_ELYRSP_TABLE_DEEP8_AUSER_WITH1_TAG_CNT_WITH3_DLY0_0', input port 'rspt2erd_data[14]' is connected directly to output port 'erd2rspo_data[14]'. (LINT-29)
Warning: In design 'ely_rsp_detect_URGE_WITH7_SUBR_WITH8_ADDR_WITH32_AXID_WITH4_LEN_WITH8_USER_WITH10_NBYTEPERWORD8_ELYRSP_TABLE_DEEP8_AUSER_WITH1_TAG_CNT_WITH3_DLY0_0', input port 'rspt2erd_data[13]' is connected directly to output port 'erd2rspo_data[13]'. (LINT-29)
Warning: In design 'ely_rsp_detect_URGE_WITH7_SUBR_WITH8_ADDR_WITH32_AXID_WITH4_LEN_WITH8_USER_WITH10_NBYTEPERWORD8_ELYRSP_TABLE_DEEP8_AUSER_WITH1_TAG_CNT_WITH3_DLY0_0', input port 'rspt2erd_data[12]' is connected directly to output port 'erd2rspo_data[12]'. (LINT-29)
Warning: In design 'ely_rsp_detect_URGE_WITH7_SUBR_WITH8_ADDR_WITH32_AXID_WITH4_LEN_WITH8_USER_WITH10_NBYTEPERWORD8_ELYRSP_TABLE_DEEP8_AUSER_WITH1_TAG_CNT_WITH3_DLY0_0', input port 'rspt2erd_data[11]' is connected directly to output port 'erd2rspo_data[11]'. (LINT-29)
Warning: In design 'ely_rsp_detect_URGE_WITH7_SUBR_WITH8_ADDR_WITH32_AXID_WITH4_LEN_WITH8_USER_WITH10_NBYTEPERWORD8_ELYRSP_TABLE_DEEP8_AUSER_WITH1_TAG_CNT_WITH3_DLY0_0', input port 'rspt2erd_data[10]' is connected directly to output port 'erd2rspo_data[10]'. (LINT-29)
Warning: In design 'ely_rsp_detect_URGE_WITH7_SUBR_WITH8_ADDR_WITH32_AXID_WITH4_LEN_WITH8_USER_WITH10_NBYTEPERWORD8_ELYRSP_TABLE_DEEP8_AUSER_WITH1_TAG_CNT_WITH3_DLY0_0', input port 'rspt2erd_data[9]' is connected directly to output port 'erd2rspo_data[9]'. (LINT-29)
Warning: In design 'ely_rsp_detect_URGE_WITH7_SUBR_WITH8_ADDR_WITH32_AXID_WITH4_LEN_WITH8_USER_WITH10_NBYTEPERWORD8_ELYRSP_TABLE_DEEP8_AUSER_WITH1_TAG_CNT_WITH3_DLY0_0', input port 'rspt2erd_data[8]' is connected directly to output port 'erd2rspo_data[8]'. (LINT-29)
Warning: In design 'ely_rsp_detect_URGE_WITH7_SUBR_WITH8_ADDR_WITH32_AXID_WITH4_LEN_WITH8_USER_WITH10_NBYTEPERWORD8_ELYRSP_TABLE_DEEP8_AUSER_WITH1_TAG_CNT_WITH3_DLY0_0', input port 'rspt2erd_data[7]' is connected directly to output port 'erd2rspo_data[7]'. (LINT-29)
Warning: In design 'ely_rsp_detect_URGE_WITH7_SUBR_WITH8_ADDR_WITH32_AXID_WITH4_LEN_WITH8_USER_WITH10_NBYTEPERWORD8_ELYRSP_TABLE_DEEP8_AUSER_WITH1_TAG_CNT_WITH3_DLY0_0', input port 'rspt2erd_data[6]' is connected directly to output port 'erd2rspo_data[6]'. (LINT-29)
Warning: In design 'ely_rsp_detect_URGE_WITH7_SUBR_WITH8_ADDR_WITH32_AXID_WITH4_LEN_WITH8_USER_WITH10_NBYTEPERWORD8_ELYRSP_TABLE_DEEP8_AUSER_WITH1_TAG_CNT_WITH3_DLY0_0', input port 'rspt2erd_data[5]' is connected directly to output port 'erd2rspo_data[5]'. (LINT-29)
Warning: In design 'ely_rsp_detect_URGE_WITH7_SUBR_WITH8_ADDR_WITH32_AXID_WITH4_LEN_WITH8_USER_WITH10_NBYTEPERWORD8_ELYRSP_TABLE_DEEP8_AUSER_WITH1_TAG_CNT_WITH3_DLY0_0', input port 'rspt2erd_data[4]' is connected directly to output port 'erd2rspo_data[4]'. (LINT-29)
Warning: In design 'ely_rsp_detect_URGE_WITH7_SUBR_WITH8_ADDR_WITH32_AXID_WITH4_LEN_WITH8_USER_WITH10_NBYTEPERWORD8_ELYRSP_TABLE_DEEP8_AUSER_WITH1_TAG_CNT_WITH3_DLY0_0', input port 'rspt2erd_data[3]' is connected directly to output port 'erd2rspo_data[3]'. (LINT-29)
Warning: In design 'ely_rsp_detect_URGE_WITH7_SUBR_WITH8_ADDR_WITH32_AXID_WITH4_LEN_WITH8_USER_WITH10_NBYTEPERWORD8_ELYRSP_TABLE_DEEP8_AUSER_WITH1_TAG_CNT_WITH3_DLY0_0', input port 'rspt2erd_data[2]' is connected directly to output port 'erd2rspo_data[2]'. (LINT-29)
Warning: In design 'ely_rsp_detect_URGE_WITH7_SUBR_WITH8_ADDR_WITH32_AXID_WITH4_LEN_WITH8_USER_WITH10_NBYTEPERWORD8_ELYRSP_TABLE_DEEP8_AUSER_WITH1_TAG_CNT_WITH3_DLY0_0', input port 'rspt2erd_data[1]' is connected directly to output port 'erd2rspo_data[1]'. (LINT-29)
Warning: In design 'ely_rsp_detect_URGE_WITH7_SUBR_WITH8_ADDR_WITH32_AXID_WITH4_LEN_WITH8_USER_WITH10_NBYTEPERWORD8_ELYRSP_TABLE_DEEP8_AUSER_WITH1_TAG_CNT_WITH3_DLY0_0', input port 'rspt2erd_data[0]' is connected directly to output port 'erd2rspo_data[0]'. (LINT-29)
Warning: In design 'ely_rsp_detect_URGE_WITH7_SUBR_WITH8_ADDR_WITH32_AXID_WITH4_LEN_WITH8_USER_WITH10_NBYTEPERWORD8_ELYRSP_TABLE_DEEP8_AUSER_WITH1_TAG_CNT_WITH3_DLY0_0', input port 'rspo2erd_ready' is connected directly to output port 'erd2rspt_ready'. (LINT-29)
Warning: In design 'rsp_order_URGE_WITH7_SUBR_WITH8_IID_WITH10_TID_WITH10_ADDR_WITH32_AXID_WITH4_ORDKEY_WITH8_LEN_WITH8_USER_WITH10_RSP_IID_OFFSET7_RSP_TID_OFFSET17_RSP_ORDKEY_OFFSET27_RSP_OPC_OFFSET35_RSP_STATUS_OFFSET37_RSP_ADDR_OFFSET39_RSP_USER_OFFSET71_RSP_ERRC_OFFSET81_NBYTEPERWORD8_TAG_CNT_WITH3_SPEC_REQ_BUFF_DEEP8_ADDR_BLOCK_SIZE64_ADDR_BP_TYPE1_AUSER_WITH1_EARLY_RSP_MODE1_DLY0_0', input port 'reqo2rspo_urg[6]' is connected directly to output port 'rspo2am_urg[6]'. (LINT-29)
Warning: In design 'rsp_order_URGE_WITH7_SUBR_WITH8_IID_WITH10_TID_WITH10_ADDR_WITH32_AXID_WITH4_ORDKEY_WITH8_LEN_WITH8_USER_WITH10_RSP_IID_OFFSET7_RSP_TID_OFFSET17_RSP_ORDKEY_OFFSET27_RSP_OPC_OFFSET35_RSP_STATUS_OFFSET37_RSP_ADDR_OFFSET39_RSP_USER_OFFSET71_RSP_ERRC_OFFSET81_NBYTEPERWORD8_TAG_CNT_WITH3_SPEC_REQ_BUFF_DEEP8_ADDR_BLOCK_SIZE64_ADDR_BP_TYPE1_AUSER_WITH1_EARLY_RSP_MODE1_DLY0_0', input port 'reqo2rspo_urg[5]' is connected directly to output port 'rspo2am_urg[5]'. (LINT-29)
Warning: In design 'rsp_order_URGE_WITH7_SUBR_WITH8_IID_WITH10_TID_WITH10_ADDR_WITH32_AXID_WITH4_ORDKEY_WITH8_LEN_WITH8_USER_WITH10_RSP_IID_OFFSET7_RSP_TID_OFFSET17_RSP_ORDKEY_OFFSET27_RSP_OPC_OFFSET35_RSP_STATUS_OFFSET37_RSP_ADDR_OFFSET39_RSP_USER_OFFSET71_RSP_ERRC_OFFSET81_NBYTEPERWORD8_TAG_CNT_WITH3_SPEC_REQ_BUFF_DEEP8_ADDR_BLOCK_SIZE64_ADDR_BP_TYPE1_AUSER_WITH1_EARLY_RSP_MODE1_DLY0_0', input port 'reqo2rspo_urg[4]' is connected directly to output port 'rspo2am_urg[4]'. (LINT-29)
Warning: In design 'rsp_order_URGE_WITH7_SUBR_WITH8_IID_WITH10_TID_WITH10_ADDR_WITH32_AXID_WITH4_ORDKEY_WITH8_LEN_WITH8_USER_WITH10_RSP_IID_OFFSET7_RSP_TID_OFFSET17_RSP_ORDKEY_OFFSET27_RSP_OPC_OFFSET35_RSP_STATUS_OFFSET37_RSP_ADDR_OFFSET39_RSP_USER_OFFSET71_RSP_ERRC_OFFSET81_NBYTEPERWORD8_TAG_CNT_WITH3_SPEC_REQ_BUFF_DEEP8_ADDR_BLOCK_SIZE64_ADDR_BP_TYPE1_AUSER_WITH1_EARLY_RSP_MODE1_DLY0_0', input port 'reqo2rspo_urg[3]' is connected directly to output port 'rspo2am_urg[3]'. (LINT-29)
Warning: In design 'rsp_order_URGE_WITH7_SUBR_WITH8_IID_WITH10_TID_WITH10_ADDR_WITH32_AXID_WITH4_ORDKEY_WITH8_LEN_WITH8_USER_WITH10_RSP_IID_OFFSET7_RSP_TID_OFFSET17_RSP_ORDKEY_OFFSET27_RSP_OPC_OFFSET35_RSP_STATUS_OFFSET37_RSP_ADDR_OFFSET39_RSP_USER_OFFSET71_RSP_ERRC_OFFSET81_NBYTEPERWORD8_TAG_CNT_WITH3_SPEC_REQ_BUFF_DEEP8_ADDR_BLOCK_SIZE64_ADDR_BP_TYPE1_AUSER_WITH1_EARLY_RSP_MODE1_DLY0_0', input port 'reqo2rspo_urg[2]' is connected directly to output port 'rspo2am_urg[2]'. (LINT-29)
Warning: In design 'rsp_order_URGE_WITH7_SUBR_WITH8_IID_WITH10_TID_WITH10_ADDR_WITH32_AXID_WITH4_ORDKEY_WITH8_LEN_WITH8_USER_WITH10_RSP_IID_OFFSET7_RSP_TID_OFFSET17_RSP_ORDKEY_OFFSET27_RSP_OPC_OFFSET35_RSP_STATUS_OFFSET37_RSP_ADDR_OFFSET39_RSP_USER_OFFSET71_RSP_ERRC_OFFSET81_NBYTEPERWORD8_TAG_CNT_WITH3_SPEC_REQ_BUFF_DEEP8_ADDR_BLOCK_SIZE64_ADDR_BP_TYPE1_AUSER_WITH1_EARLY_RSP_MODE1_DLY0_0', input port 'reqo2rspo_urg[1]' is connected directly to output port 'rspo2am_urg[1]'. (LINT-29)
Warning: In design 'rsp_order_URGE_WITH7_SUBR_WITH8_IID_WITH10_TID_WITH10_ADDR_WITH32_AXID_WITH4_ORDKEY_WITH8_LEN_WITH8_USER_WITH10_RSP_IID_OFFSET7_RSP_TID_OFFSET17_RSP_ORDKEY_OFFSET27_RSP_OPC_OFFSET35_RSP_STATUS_OFFSET37_RSP_ADDR_OFFSET39_RSP_USER_OFFSET71_RSP_ERRC_OFFSET81_NBYTEPERWORD8_TAG_CNT_WITH3_SPEC_REQ_BUFF_DEEP8_ADDR_BLOCK_SIZE64_ADDR_BP_TYPE1_AUSER_WITH1_EARLY_RSP_MODE1_DLY0_0', input port 'reqo2rspo_urg[0]' is connected directly to output port 'rspo2am_urg[0]'. (LINT-29)
Warning: In design 'rsp_order_URGE_WITH7_SUBR_WITH8_IID_WITH10_TID_WITH10_ADDR_WITH32_AXID_WITH4_ORDKEY_WITH8_LEN_WITH8_USER_WITH10_RSP_IID_OFFSET7_RSP_TID_OFFSET17_RSP_ORDKEY_OFFSET27_RSP_OPC_OFFSET35_RSP_STATUS_OFFSET37_RSP_ADDR_OFFSET39_RSP_USER_OFFSET71_RSP_ERRC_OFFSET81_NBYTEPERWORD8_TAG_CNT_WITH3_SPEC_REQ_BUFF_DEEP8_ADDR_BLOCK_SIZE64_ADDR_BP_TYPE1_AUSER_WITH1_EARLY_RSP_MODE1_DLY0_0', input port 'reqo2rspo_subr[7]' is connected directly to output port 'rspo2am_subr[7]'. (LINT-29)
Warning: In design 'rsp_order_URGE_WITH7_SUBR_WITH8_IID_WITH10_TID_WITH10_ADDR_WITH32_AXID_WITH4_ORDKEY_WITH8_LEN_WITH8_USER_WITH10_RSP_IID_OFFSET7_RSP_TID_OFFSET17_RSP_ORDKEY_OFFSET27_RSP_OPC_OFFSET35_RSP_STATUS_OFFSET37_RSP_ADDR_OFFSET39_RSP_USER_OFFSET71_RSP_ERRC_OFFSET81_NBYTEPERWORD8_TAG_CNT_WITH3_SPEC_REQ_BUFF_DEEP8_ADDR_BLOCK_SIZE64_ADDR_BP_TYPE1_AUSER_WITH1_EARLY_RSP_MODE1_DLY0_0', input port 'reqo2rspo_subr[6]' is connected directly to output port 'rspo2am_subr[6]'. (LINT-29)
Warning: In design 'rsp_order_URGE_WITH7_SUBR_WITH8_IID_WITH10_TID_WITH10_ADDR_WITH32_AXID_WITH4_ORDKEY_WITH8_LEN_WITH8_USER_WITH10_RSP_IID_OFFSET7_RSP_TID_OFFSET17_RSP_ORDKEY_OFFSET27_RSP_OPC_OFFSET35_RSP_STATUS_OFFSET37_RSP_ADDR_OFFSET39_RSP_USER_OFFSET71_RSP_ERRC_OFFSET81_NBYTEPERWORD8_TAG_CNT_WITH3_SPEC_REQ_BUFF_DEEP8_ADDR_BLOCK_SIZE64_ADDR_BP_TYPE1_AUSER_WITH1_EARLY_RSP_MODE1_DLY0_0', input port 'reqo2rspo_subr[5]' is connected directly to output port 'rspo2am_subr[5]'. (LINT-29)
Warning: In design 'rsp_order_URGE_WITH7_SUBR_WITH8_IID_WITH10_TID_WITH10_ADDR_WITH32_AXID_WITH4_ORDKEY_WITH8_LEN_WITH8_USER_WITH10_RSP_IID_OFFSET7_RSP_TID_OFFSET17_RSP_ORDKEY_OFFSET27_RSP_OPC_OFFSET35_RSP_STATUS_OFFSET37_RSP_ADDR_OFFSET39_RSP_USER_OFFSET71_RSP_ERRC_OFFSET81_NBYTEPERWORD8_TAG_CNT_WITH3_SPEC_REQ_BUFF_DEEP8_ADDR_BLOCK_SIZE64_ADDR_BP_TYPE1_AUSER_WITH1_EARLY_RSP_MODE1_DLY0_0', input port 'reqo2rspo_subr[4]' is connected directly to output port 'rspo2am_subr[4]'. (LINT-29)
Warning: In design 'rsp_order_URGE_WITH7_SUBR_WITH8_IID_WITH10_TID_WITH10_ADDR_WITH32_AXID_WITH4_ORDKEY_WITH8_LEN_WITH8_USER_WITH10_RSP_IID_OFFSET7_RSP_TID_OFFSET17_RSP_ORDKEY_OFFSET27_RSP_OPC_OFFSET35_RSP_STATUS_OFFSET37_RSP_ADDR_OFFSET39_RSP_USER_OFFSET71_RSP_ERRC_OFFSET81_NBYTEPERWORD8_TAG_CNT_WITH3_SPEC_REQ_BUFF_DEEP8_ADDR_BLOCK_SIZE64_ADDR_BP_TYPE1_AUSER_WITH1_EARLY_RSP_MODE1_DLY0_0', input port 'reqo2rspo_subr[3]' is connected directly to output port 'rspo2am_subr[3]'. (LINT-29)
Warning: In design 'rsp_order_URGE_WITH7_SUBR_WITH8_IID_WITH10_TID_WITH10_ADDR_WITH32_AXID_WITH4_ORDKEY_WITH8_LEN_WITH8_USER_WITH10_RSP_IID_OFFSET7_RSP_TID_OFFSET17_RSP_ORDKEY_OFFSET27_RSP_OPC_OFFSET35_RSP_STATUS_OFFSET37_RSP_ADDR_OFFSET39_RSP_USER_OFFSET71_RSP_ERRC_OFFSET81_NBYTEPERWORD8_TAG_CNT_WITH3_SPEC_REQ_BUFF_DEEP8_ADDR_BLOCK_SIZE64_ADDR_BP_TYPE1_AUSER_WITH1_EARLY_RSP_MODE1_DLY0_0', input port 'reqo2rspo_subr[2]' is connected directly to output port 'rspo2am_subr[2]'. (LINT-29)
Warning: In design 'rsp_order_URGE_WITH7_SUBR_WITH8_IID_WITH10_TID_WITH10_ADDR_WITH32_AXID_WITH4_ORDKEY_WITH8_LEN_WITH8_USER_WITH10_RSP_IID_OFFSET7_RSP_TID_OFFSET17_RSP_ORDKEY_OFFSET27_RSP_OPC_OFFSET35_RSP_STATUS_OFFSET37_RSP_ADDR_OFFSET39_RSP_USER_OFFSET71_RSP_ERRC_OFFSET81_NBYTEPERWORD8_TAG_CNT_WITH3_SPEC_REQ_BUFF_DEEP8_ADDR_BLOCK_SIZE64_ADDR_BP_TYPE1_AUSER_WITH1_EARLY_RSP_MODE1_DLY0_0', input port 'reqo2rspo_subr[1]' is connected directly to output port 'rspo2am_subr[1]'. (LINT-29)
Warning: In design 'rsp_order_URGE_WITH7_SUBR_WITH8_IID_WITH10_TID_WITH10_ADDR_WITH32_AXID_WITH4_ORDKEY_WITH8_LEN_WITH8_USER_WITH10_RSP_IID_OFFSET7_RSP_TID_OFFSET17_RSP_ORDKEY_OFFSET27_RSP_OPC_OFFSET35_RSP_STATUS_OFFSET37_RSP_ADDR_OFFSET39_RSP_USER_OFFSET71_RSP_ERRC_OFFSET81_NBYTEPERWORD8_TAG_CNT_WITH3_SPEC_REQ_BUFF_DEEP8_ADDR_BLOCK_SIZE64_ADDR_BP_TYPE1_AUSER_WITH1_EARLY_RSP_MODE1_DLY0_0', input port 'reqo2rspo_subr[0]' is connected directly to output port 'rspo2am_subr[0]'. (LINT-29)
Warning: In design 'rsp_order_URGE_WITH7_SUBR_WITH8_IID_WITH10_TID_WITH10_ADDR_WITH32_AXID_WITH4_ORDKEY_WITH8_LEN_WITH8_USER_WITH10_RSP_IID_OFFSET7_RSP_TID_OFFSET17_RSP_ORDKEY_OFFSET27_RSP_OPC_OFFSET35_RSP_STATUS_OFFSET37_RSP_ADDR_OFFSET39_RSP_USER_OFFSET71_RSP_ERRC_OFFSET81_NBYTEPERWORD8_TAG_CNT_WITH3_SPEC_REQ_BUFF_DEEP8_ADDR_BLOCK_SIZE64_ADDR_BP_TYPE1_AUSER_WITH1_EARLY_RSP_MODE1_DLY0_0', input port 'reqo2rspo_addr[31]' is connected directly to output port 'rspo2am_addr[31]'. (LINT-29)
Warning: In design 'rsp_order_URGE_WITH7_SUBR_WITH8_IID_WITH10_TID_WITH10_ADDR_WITH32_AXID_WITH4_ORDKEY_WITH8_LEN_WITH8_USER_WITH10_RSP_IID_OFFSET7_RSP_TID_OFFSET17_RSP_ORDKEY_OFFSET27_RSP_OPC_OFFSET35_RSP_STATUS_OFFSET37_RSP_ADDR_OFFSET39_RSP_USER_OFFSET71_RSP_ERRC_OFFSET81_NBYTEPERWORD8_TAG_CNT_WITH3_SPEC_REQ_BUFF_DEEP8_ADDR_BLOCK_SIZE64_ADDR_BP_TYPE1_AUSER_WITH1_EARLY_RSP_MODE1_DLY0_0', input port 'reqo2rspo_addr[30]' is connected directly to output port 'rspo2am_addr[30]'. (LINT-29)
Warning: In design 'rsp_order_URGE_WITH7_SUBR_WITH8_IID_WITH10_TID_WITH10_ADDR_WITH32_AXID_WITH4_ORDKEY_WITH8_LEN_WITH8_USER_WITH10_RSP_IID_OFFSET7_RSP_TID_OFFSET17_RSP_ORDKEY_OFFSET27_RSP_OPC_OFFSET35_RSP_STATUS_OFFSET37_RSP_ADDR_OFFSET39_RSP_USER_OFFSET71_RSP_ERRC_OFFSET81_NBYTEPERWORD8_TAG_CNT_WITH3_SPEC_REQ_BUFF_DEEP8_ADDR_BLOCK_SIZE64_ADDR_BP_TYPE1_AUSER_WITH1_EARLY_RSP_MODE1_DLY0_0', input port 'reqo2rspo_addr[29]' is connected directly to output port 'rspo2am_addr[29]'. (LINT-29)
Warning: In design 'rsp_order_URGE_WITH7_SUBR_WITH8_IID_WITH10_TID_WITH10_ADDR_WITH32_AXID_WITH4_ORDKEY_WITH8_LEN_WITH8_USER_WITH10_RSP_IID_OFFSET7_RSP_TID_OFFSET17_RSP_ORDKEY_OFFSET27_RSP_OPC_OFFSET35_RSP_STATUS_OFFSET37_RSP_ADDR_OFFSET39_RSP_USER_OFFSET71_RSP_ERRC_OFFSET81_NBYTEPERWORD8_TAG_CNT_WITH3_SPEC_REQ_BUFF_DEEP8_ADDR_BLOCK_SIZE64_ADDR_BP_TYPE1_AUSER_WITH1_EARLY_RSP_MODE1_DLY0_0', input port 'reqo2rspo_addr[28]' is connected directly to output port 'rspo2am_addr[28]'. (LINT-29)
Warning: In design 'rsp_order_URGE_WITH7_SUBR_WITH8_IID_WITH10_TID_WITH10_ADDR_WITH32_AXID_WITH4_ORDKEY_WITH8_LEN_WITH8_USER_WITH10_RSP_IID_OFFSET7_RSP_TID_OFFSET17_RSP_ORDKEY_OFFSET27_RSP_OPC_OFFSET35_RSP_STATUS_OFFSET37_RSP_ADDR_OFFSET39_RSP_USER_OFFSET71_RSP_ERRC_OFFSET81_NBYTEPERWORD8_TAG_CNT_WITH3_SPEC_REQ_BUFF_DEEP8_ADDR_BLOCK_SIZE64_ADDR_BP_TYPE1_AUSER_WITH1_EARLY_RSP_MODE1_DLY0_0', input port 'reqo2rspo_addr[27]' is connected directly to output port 'rspo2am_addr[27]'. (LINT-29)
Warning: In design 'rsp_order_URGE_WITH7_SUBR_WITH8_IID_WITH10_TID_WITH10_ADDR_WITH32_AXID_WITH4_ORDKEY_WITH8_LEN_WITH8_USER_WITH10_RSP_IID_OFFSET7_RSP_TID_OFFSET17_RSP_ORDKEY_OFFSET27_RSP_OPC_OFFSET35_RSP_STATUS_OFFSET37_RSP_ADDR_OFFSET39_RSP_USER_OFFSET71_RSP_ERRC_OFFSET81_NBYTEPERWORD8_TAG_CNT_WITH3_SPEC_REQ_BUFF_DEEP8_ADDR_BLOCK_SIZE64_ADDR_BP_TYPE1_AUSER_WITH1_EARLY_RSP_MODE1_DLY0_0', input port 'reqo2rspo_addr[26]' is connected directly to output port 'rspo2am_addr[26]'. (LINT-29)
Warning: In design 'rsp_order_URGE_WITH7_SUBR_WITH8_IID_WITH10_TID_WITH10_ADDR_WITH32_AXID_WITH4_ORDKEY_WITH8_LEN_WITH8_USER_WITH10_RSP_IID_OFFSET7_RSP_TID_OFFSET17_RSP_ORDKEY_OFFSET27_RSP_OPC_OFFSET35_RSP_STATUS_OFFSET37_RSP_ADDR_OFFSET39_RSP_USER_OFFSET71_RSP_ERRC_OFFSET81_NBYTEPERWORD8_TAG_CNT_WITH3_SPEC_REQ_BUFF_DEEP8_ADDR_BLOCK_SIZE64_ADDR_BP_TYPE1_AUSER_WITH1_EARLY_RSP_MODE1_DLY0_0', input port 'reqo2rspo_addr[25]' is connected directly to output port 'rspo2am_addr[25]'. (LINT-29)
Warning: In design 'rsp_order_URGE_WITH7_SUBR_WITH8_IID_WITH10_TID_WITH10_ADDR_WITH32_AXID_WITH4_ORDKEY_WITH8_LEN_WITH8_USER_WITH10_RSP_IID_OFFSET7_RSP_TID_OFFSET17_RSP_ORDKEY_OFFSET27_RSP_OPC_OFFSET35_RSP_STATUS_OFFSET37_RSP_ADDR_OFFSET39_RSP_USER_OFFSET71_RSP_ERRC_OFFSET81_NBYTEPERWORD8_TAG_CNT_WITH3_SPEC_REQ_BUFF_DEEP8_ADDR_BLOCK_SIZE64_ADDR_BP_TYPE1_AUSER_WITH1_EARLY_RSP_MODE1_DLY0_0', input port 'reqo2rspo_addr[24]' is connected directly to output port 'rspo2am_addr[24]'. (LINT-29)
Warning: In design 'rsp_order_URGE_WITH7_SUBR_WITH8_IID_WITH10_TID_WITH10_ADDR_WITH32_AXID_WITH4_ORDKEY_WITH8_LEN_WITH8_USER_WITH10_RSP_IID_OFFSET7_RSP_TID_OFFSET17_RSP_ORDKEY_OFFSET27_RSP_OPC_OFFSET35_RSP_STATUS_OFFSET37_RSP_ADDR_OFFSET39_RSP_USER_OFFSET71_RSP_ERRC_OFFSET81_NBYTEPERWORD8_TAG_CNT_WITH3_SPEC_REQ_BUFF_DEEP8_ADDR_BLOCK_SIZE64_ADDR_BP_TYPE1_AUSER_WITH1_EARLY_RSP_MODE1_DLY0_0', input port 'reqo2rspo_addr[23]' is connected directly to output port 'rspo2am_addr[23]'. (LINT-29)
Warning: In design 'rsp_order_URGE_WITH7_SUBR_WITH8_IID_WITH10_TID_WITH10_ADDR_WITH32_AXID_WITH4_ORDKEY_WITH8_LEN_WITH8_USER_WITH10_RSP_IID_OFFSET7_RSP_TID_OFFSET17_RSP_ORDKEY_OFFSET27_RSP_OPC_OFFSET35_RSP_STATUS_OFFSET37_RSP_ADDR_OFFSET39_RSP_USER_OFFSET71_RSP_ERRC_OFFSET81_NBYTEPERWORD8_TAG_CNT_WITH3_SPEC_REQ_BUFF_DEEP8_ADDR_BLOCK_SIZE64_ADDR_BP_TYPE1_AUSER_WITH1_EARLY_RSP_MODE1_DLY0_0', input port 'reqo2rspo_addr[22]' is connected directly to output port 'rspo2am_addr[22]'. (LINT-29)
Warning: In design 'rsp_order_URGE_WITH7_SUBR_WITH8_IID_WITH10_TID_WITH10_ADDR_WITH32_AXID_WITH4_ORDKEY_WITH8_LEN_WITH8_USER_WITH10_RSP_IID_OFFSET7_RSP_TID_OFFSET17_RSP_ORDKEY_OFFSET27_RSP_OPC_OFFSET35_RSP_STATUS_OFFSET37_RSP_ADDR_OFFSET39_RSP_USER_OFFSET71_RSP_ERRC_OFFSET81_NBYTEPERWORD8_TAG_CNT_WITH3_SPEC_REQ_BUFF_DEEP8_ADDR_BLOCK_SIZE64_ADDR_BP_TYPE1_AUSER_WITH1_EARLY_RSP_MODE1_DLY0_0', input port 'reqo2rspo_addr[21]' is connected directly to output port 'rspo2am_addr[21]'. (LINT-29)
Warning: In design 'rsp_order_URGE_WITH7_SUBR_WITH8_IID_WITH10_TID_WITH10_ADDR_WITH32_AXID_WITH4_ORDKEY_WITH8_LEN_WITH8_USER_WITH10_RSP_IID_OFFSET7_RSP_TID_OFFSET17_RSP_ORDKEY_OFFSET27_RSP_OPC_OFFSET35_RSP_STATUS_OFFSET37_RSP_ADDR_OFFSET39_RSP_USER_OFFSET71_RSP_ERRC_OFFSET81_NBYTEPERWORD8_TAG_CNT_WITH3_SPEC_REQ_BUFF_DEEP8_ADDR_BLOCK_SIZE64_ADDR_BP_TYPE1_AUSER_WITH1_EARLY_RSP_MODE1_DLY0_0', input port 'reqo2rspo_addr[20]' is connected directly to output port 'rspo2am_addr[20]'. (LINT-29)
Warning: In design 'rsp_order_URGE_WITH7_SUBR_WITH8_IID_WITH10_TID_WITH10_ADDR_WITH32_AXID_WITH4_ORDKEY_WITH8_LEN_WITH8_USER_WITH10_RSP_IID_OFFSET7_RSP_TID_OFFSET17_RSP_ORDKEY_OFFSET27_RSP_OPC_OFFSET35_RSP_STATUS_OFFSET37_RSP_ADDR_OFFSET39_RSP_USER_OFFSET71_RSP_ERRC_OFFSET81_NBYTEPERWORD8_TAG_CNT_WITH3_SPEC_REQ_BUFF_DEEP8_ADDR_BLOCK_SIZE64_ADDR_BP_TYPE1_AUSER_WITH1_EARLY_RSP_MODE1_DLY0_0', input port 'reqo2rspo_addr[19]' is connected directly to output port 'rspo2am_addr[19]'. (LINT-29)
Warning: In design 'rsp_order_URGE_WITH7_SUBR_WITH8_IID_WITH10_TID_WITH10_ADDR_WITH32_AXID_WITH4_ORDKEY_WITH8_LEN_WITH8_USER_WITH10_RSP_IID_OFFSET7_RSP_TID_OFFSET17_RSP_ORDKEY_OFFSET27_RSP_OPC_OFFSET35_RSP_STATUS_OFFSET37_RSP_ADDR_OFFSET39_RSP_USER_OFFSET71_RSP_ERRC_OFFSET81_NBYTEPERWORD8_TAG_CNT_WITH3_SPEC_REQ_BUFF_DEEP8_ADDR_BLOCK_SIZE64_ADDR_BP_TYPE1_AUSER_WITH1_EARLY_RSP_MODE1_DLY0_0', input port 'reqo2rspo_addr[18]' is connected directly to output port 'rspo2am_addr[18]'. (LINT-29)
Warning: In design 'rsp_order_URGE_WITH7_SUBR_WITH8_IID_WITH10_TID_WITH10_ADDR_WITH32_AXID_WITH4_ORDKEY_WITH8_LEN_WITH8_USER_WITH10_RSP_IID_OFFSET7_RSP_TID_OFFSET17_RSP_ORDKEY_OFFSET27_RSP_OPC_OFFSET35_RSP_STATUS_OFFSET37_RSP_ADDR_OFFSET39_RSP_USER_OFFSET71_RSP_ERRC_OFFSET81_NBYTEPERWORD8_TAG_CNT_WITH3_SPEC_REQ_BUFF_DEEP8_ADDR_BLOCK_SIZE64_ADDR_BP_TYPE1_AUSER_WITH1_EARLY_RSP_MODE1_DLY0_0', input port 'reqo2rspo_addr[17]' is connected directly to output port 'rspo2am_addr[17]'. (LINT-29)
Warning: In design 'rsp_order_URGE_WITH7_SUBR_WITH8_IID_WITH10_TID_WITH10_ADDR_WITH32_AXID_WITH4_ORDKEY_WITH8_LEN_WITH8_USER_WITH10_RSP_IID_OFFSET7_RSP_TID_OFFSET17_RSP_ORDKEY_OFFSET27_RSP_OPC_OFFSET35_RSP_STATUS_OFFSET37_RSP_ADDR_OFFSET39_RSP_USER_OFFSET71_RSP_ERRC_OFFSET81_NBYTEPERWORD8_TAG_CNT_WITH3_SPEC_REQ_BUFF_DEEP8_ADDR_BLOCK_SIZE64_ADDR_BP_TYPE1_AUSER_WITH1_EARLY_RSP_MODE1_DLY0_0', input port 'reqo2rspo_addr[16]' is connected directly to output port 'rspo2am_addr[16]'. (LINT-29)
Warning: In design 'rsp_order_URGE_WITH7_SUBR_WITH8_IID_WITH10_TID_WITH10_ADDR_WITH32_AXID_WITH4_ORDKEY_WITH8_LEN_WITH8_USER_WITH10_RSP_IID_OFFSET7_RSP_TID_OFFSET17_RSP_ORDKEY_OFFSET27_RSP_OPC_OFFSET35_RSP_STATUS_OFFSET37_RSP_ADDR_OFFSET39_RSP_USER_OFFSET71_RSP_ERRC_OFFSET81_NBYTEPERWORD8_TAG_CNT_WITH3_SPEC_REQ_BUFF_DEEP8_ADDR_BLOCK_SIZE64_ADDR_BP_TYPE1_AUSER_WITH1_EARLY_RSP_MODE1_DLY0_0', input port 'reqo2rspo_addr[15]' is connected directly to output port 'rspo2am_addr[15]'. (LINT-29)
Warning: In design 'rsp_order_URGE_WITH7_SUBR_WITH8_IID_WITH10_TID_WITH10_ADDR_WITH32_AXID_WITH4_ORDKEY_WITH8_LEN_WITH8_USER_WITH10_RSP_IID_OFFSET7_RSP_TID_OFFSET17_RSP_ORDKEY_OFFSET27_RSP_OPC_OFFSET35_RSP_STATUS_OFFSET37_RSP_ADDR_OFFSET39_RSP_USER_OFFSET71_RSP_ERRC_OFFSET81_NBYTEPERWORD8_TAG_CNT_WITH3_SPEC_REQ_BUFF_DEEP8_ADDR_BLOCK_SIZE64_ADDR_BP_TYPE1_AUSER_WITH1_EARLY_RSP_MODE1_DLY0_0', input port 'reqo2rspo_addr[14]' is connected directly to output port 'rspo2am_addr[14]'. (LINT-29)
Warning: In design 'rsp_order_URGE_WITH7_SUBR_WITH8_IID_WITH10_TID_WITH10_ADDR_WITH32_AXID_WITH4_ORDKEY_WITH8_LEN_WITH8_USER_WITH10_RSP_IID_OFFSET7_RSP_TID_OFFSET17_RSP_ORDKEY_OFFSET27_RSP_OPC_OFFSET35_RSP_STATUS_OFFSET37_RSP_ADDR_OFFSET39_RSP_USER_OFFSET71_RSP_ERRC_OFFSET81_NBYTEPERWORD8_TAG_CNT_WITH3_SPEC_REQ_BUFF_DEEP8_ADDR_BLOCK_SIZE64_ADDR_BP_TYPE1_AUSER_WITH1_EARLY_RSP_MODE1_DLY0_0', input port 'reqo2rspo_addr[13]' is connected directly to output port 'rspo2am_addr[13]'. (LINT-29)
Warning: In design 'rsp_order_URGE_WITH7_SUBR_WITH8_IID_WITH10_TID_WITH10_ADDR_WITH32_AXID_WITH4_ORDKEY_WITH8_LEN_WITH8_USER_WITH10_RSP_IID_OFFSET7_RSP_TID_OFFSET17_RSP_ORDKEY_OFFSET27_RSP_OPC_OFFSET35_RSP_STATUS_OFFSET37_RSP_ADDR_OFFSET39_RSP_USER_OFFSET71_RSP_ERRC_OFFSET81_NBYTEPERWORD8_TAG_CNT_WITH3_SPEC_REQ_BUFF_DEEP8_ADDR_BLOCK_SIZE64_ADDR_BP_TYPE1_AUSER_WITH1_EARLY_RSP_MODE1_DLY0_0', input port 'reqo2rspo_addr[12]' is connected directly to output port 'rspo2am_addr[12]'. (LINT-29)
Warning: In design 'rsp_order_URGE_WITH7_SUBR_WITH8_IID_WITH10_TID_WITH10_ADDR_WITH32_AXID_WITH4_ORDKEY_WITH8_LEN_WITH8_USER_WITH10_RSP_IID_OFFSET7_RSP_TID_OFFSET17_RSP_ORDKEY_OFFSET27_RSP_OPC_OFFSET35_RSP_STATUS_OFFSET37_RSP_ADDR_OFFSET39_RSP_USER_OFFSET71_RSP_ERRC_OFFSET81_NBYTEPERWORD8_TAG_CNT_WITH3_SPEC_REQ_BUFF_DEEP8_ADDR_BLOCK_SIZE64_ADDR_BP_TYPE1_AUSER_WITH1_EARLY_RSP_MODE1_DLY0_0', input port 'reqo2rspo_addr[11]' is connected directly to output port 'rspo2am_addr[11]'. (LINT-29)
Warning: In design 'rsp_order_URGE_WITH7_SUBR_WITH8_IID_WITH10_TID_WITH10_ADDR_WITH32_AXID_WITH4_ORDKEY_WITH8_LEN_WITH8_USER_WITH10_RSP_IID_OFFSET7_RSP_TID_OFFSET17_RSP_ORDKEY_OFFSET27_RSP_OPC_OFFSET35_RSP_STATUS_OFFSET37_RSP_ADDR_OFFSET39_RSP_USER_OFFSET71_RSP_ERRC_OFFSET81_NBYTEPERWORD8_TAG_CNT_WITH3_SPEC_REQ_BUFF_DEEP8_ADDR_BLOCK_SIZE64_ADDR_BP_TYPE1_AUSER_WITH1_EARLY_RSP_MODE1_DLY0_0', input port 'reqo2rspo_addr[10]' is connected directly to output port 'rspo2am_addr[10]'. (LINT-29)
Warning: In design 'rsp_order_URGE_WITH7_SUBR_WITH8_IID_WITH10_TID_WITH10_ADDR_WITH32_AXID_WITH4_ORDKEY_WITH8_LEN_WITH8_USER_WITH10_RSP_IID_OFFSET7_RSP_TID_OFFSET17_RSP_ORDKEY_OFFSET27_RSP_OPC_OFFSET35_RSP_STATUS_OFFSET37_RSP_ADDR_OFFSET39_RSP_USER_OFFSET71_RSP_ERRC_OFFSET81_NBYTEPERWORD8_TAG_CNT_WITH3_SPEC_REQ_BUFF_DEEP8_ADDR_BLOCK_SIZE64_ADDR_BP_TYPE1_AUSER_WITH1_EARLY_RSP_MODE1_DLY0_0', input port 'reqo2rspo_addr[9]' is connected directly to output port 'rspo2am_addr[9]'. (LINT-29)
Warning: In design 'rsp_order_URGE_WITH7_SUBR_WITH8_IID_WITH10_TID_WITH10_ADDR_WITH32_AXID_WITH4_ORDKEY_WITH8_LEN_WITH8_USER_WITH10_RSP_IID_OFFSET7_RSP_TID_OFFSET17_RSP_ORDKEY_OFFSET27_RSP_OPC_OFFSET35_RSP_STATUS_OFFSET37_RSP_ADDR_OFFSET39_RSP_USER_OFFSET71_RSP_ERRC_OFFSET81_NBYTEPERWORD8_TAG_CNT_WITH3_SPEC_REQ_BUFF_DEEP8_ADDR_BLOCK_SIZE64_ADDR_BP_TYPE1_AUSER_WITH1_EARLY_RSP_MODE1_DLY0_0', input port 'reqo2rspo_addr[8]' is connected directly to output port 'rspo2am_addr[8]'. (LINT-29)
Warning: In design 'rsp_order_URGE_WITH7_SUBR_WITH8_IID_WITH10_TID_WITH10_ADDR_WITH32_AXID_WITH4_ORDKEY_WITH8_LEN_WITH8_USER_WITH10_RSP_IID_OFFSET7_RSP_TID_OFFSET17_RSP_ORDKEY_OFFSET27_RSP_OPC_OFFSET35_RSP_STATUS_OFFSET37_RSP_ADDR_OFFSET39_RSP_USER_OFFSET71_RSP_ERRC_OFFSET81_NBYTEPERWORD8_TAG_CNT_WITH3_SPEC_REQ_BUFF_DEEP8_ADDR_BLOCK_SIZE64_ADDR_BP_TYPE1_AUSER_WITH1_EARLY_RSP_MODE1_DLY0_0', input port 'reqo2rspo_addr[7]' is connected directly to output port 'rspo2am_addr[7]'. (LINT-29)
Warning: In design 'rsp_order_URGE_WITH7_SUBR_WITH8_IID_WITH10_TID_WITH10_ADDR_WITH32_AXID_WITH4_ORDKEY_WITH8_LEN_WITH8_USER_WITH10_RSP_IID_OFFSET7_RSP_TID_OFFSET17_RSP_ORDKEY_OFFSET27_RSP_OPC_OFFSET35_RSP_STATUS_OFFSET37_RSP_ADDR_OFFSET39_RSP_USER_OFFSET71_RSP_ERRC_OFFSET81_NBYTEPERWORD8_TAG_CNT_WITH3_SPEC_REQ_BUFF_DEEP8_ADDR_BLOCK_SIZE64_ADDR_BP_TYPE1_AUSER_WITH1_EARLY_RSP_MODE1_DLY0_0', input port 'reqo2rspo_addr[6]' is connected directly to output port 'rspo2am_addr[6]'. (LINT-29)
Warning: In design 'rsp_order_URGE_WITH7_SUBR_WITH8_IID_WITH10_TID_WITH10_ADDR_WITH32_AXID_WITH4_ORDKEY_WITH8_LEN_WITH8_USER_WITH10_RSP_IID_OFFSET7_RSP_TID_OFFSET17_RSP_ORDKEY_OFFSET27_RSP_OPC_OFFSET35_RSP_STATUS_OFFSET37_RSP_ADDR_OFFSET39_RSP_USER_OFFSET71_RSP_ERRC_OFFSET81_NBYTEPERWORD8_TAG_CNT_WITH3_SPEC_REQ_BUFF_DEEP8_ADDR_BLOCK_SIZE64_ADDR_BP_TYPE1_AUSER_WITH1_EARLY_RSP_MODE1_DLY0_0', input port 'reqo2rspo_addr[5]' is connected directly to output port 'rspo2am_addr[5]'. (LINT-29)
Warning: In design 'rsp_order_URGE_WITH7_SUBR_WITH8_IID_WITH10_TID_WITH10_ADDR_WITH32_AXID_WITH4_ORDKEY_WITH8_LEN_WITH8_USER_WITH10_RSP_IID_OFFSET7_RSP_TID_OFFSET17_RSP_ORDKEY_OFFSET27_RSP_OPC_OFFSET35_RSP_STATUS_OFFSET37_RSP_ADDR_OFFSET39_RSP_USER_OFFSET71_RSP_ERRC_OFFSET81_NBYTEPERWORD8_TAG_CNT_WITH3_SPEC_REQ_BUFF_DEEP8_ADDR_BLOCK_SIZE64_ADDR_BP_TYPE1_AUSER_WITH1_EARLY_RSP_MODE1_DLY0_0', input port 'reqo2rspo_addr[4]' is connected directly to output port 'rspo2am_addr[4]'. (LINT-29)
Warning: In design 'rsp_order_URGE_WITH7_SUBR_WITH8_IID_WITH10_TID_WITH10_ADDR_WITH32_AXID_WITH4_ORDKEY_WITH8_LEN_WITH8_USER_WITH10_RSP_IID_OFFSET7_RSP_TID_OFFSET17_RSP_ORDKEY_OFFSET27_RSP_OPC_OFFSET35_RSP_STATUS_OFFSET37_RSP_ADDR_OFFSET39_RSP_USER_OFFSET71_RSP_ERRC_OFFSET81_NBYTEPERWORD8_TAG_CNT_WITH3_SPEC_REQ_BUFF_DEEP8_ADDR_BLOCK_SIZE64_ADDR_BP_TYPE1_AUSER_WITH1_EARLY_RSP_MODE1_DLY0_0', input port 'reqo2rspo_addr[3]' is connected directly to output port 'rspo2am_addr[3]'. (LINT-29)
Warning: In design 'rsp_order_URGE_WITH7_SUBR_WITH8_IID_WITH10_TID_WITH10_ADDR_WITH32_AXID_WITH4_ORDKEY_WITH8_LEN_WITH8_USER_WITH10_RSP_IID_OFFSET7_RSP_TID_OFFSET17_RSP_ORDKEY_OFFSET27_RSP_OPC_OFFSET35_RSP_STATUS_OFFSET37_RSP_ADDR_OFFSET39_RSP_USER_OFFSET71_RSP_ERRC_OFFSET81_NBYTEPERWORD8_TAG_CNT_WITH3_SPEC_REQ_BUFF_DEEP8_ADDR_BLOCK_SIZE64_ADDR_BP_TYPE1_AUSER_WITH1_EARLY_RSP_MODE1_DLY0_0', input port 'reqo2rspo_addr[2]' is connected directly to output port 'rspo2am_addr[2]'. (LINT-29)
Warning: In design 'rsp_order_URGE_WITH7_SUBR_WITH8_IID_WITH10_TID_WITH10_ADDR_WITH32_AXID_WITH4_ORDKEY_WITH8_LEN_WITH8_USER_WITH10_RSP_IID_OFFSET7_RSP_TID_OFFSET17_RSP_ORDKEY_OFFSET27_RSP_OPC_OFFSET35_RSP_STATUS_OFFSET37_RSP_ADDR_OFFSET39_RSP_USER_OFFSET71_RSP_ERRC_OFFSET81_NBYTEPERWORD8_TAG_CNT_WITH3_SPEC_REQ_BUFF_DEEP8_ADDR_BLOCK_SIZE64_ADDR_BP_TYPE1_AUSER_WITH1_EARLY_RSP_MODE1_DLY0_0', input port 'reqo2rspo_addr[1]' is connected directly to output port 'rspo2am_addr[1]'. (LINT-29)
Warning: In design 'rsp_order_URGE_WITH7_SUBR_WITH8_IID_WITH10_TID_WITH10_ADDR_WITH32_AXID_WITH4_ORDKEY_WITH8_LEN_WITH8_USER_WITH10_RSP_IID_OFFSET7_RSP_TID_OFFSET17_RSP_ORDKEY_OFFSET27_RSP_OPC_OFFSET35_RSP_STATUS_OFFSET37_RSP_ADDR_OFFSET39_RSP_USER_OFFSET71_RSP_ERRC_OFFSET81_NBYTEPERWORD8_TAG_CNT_WITH3_SPEC_REQ_BUFF_DEEP8_ADDR_BLOCK_SIZE64_ADDR_BP_TYPE1_AUSER_WITH1_EARLY_RSP_MODE1_DLY0_0', input port 'reqo2rspo_addr[0]' is connected directly to output port 'rspo2am_addr[0]'. (LINT-29)
Warning: In design 'rsp_order_URGE_WITH7_SUBR_WITH8_IID_WITH10_TID_WITH10_ADDR_WITH32_AXID_WITH4_ORDKEY_WITH8_LEN_WITH8_USER_WITH10_RSP_IID_OFFSET7_RSP_TID_OFFSET17_RSP_ORDKEY_OFFSET27_RSP_OPC_OFFSET35_RSP_STATUS_OFFSET37_RSP_ADDR_OFFSET39_RSP_USER_OFFSET71_RSP_ERRC_OFFSET81_NBYTEPERWORD8_TAG_CNT_WITH3_SPEC_REQ_BUFF_DEEP8_ADDR_BLOCK_SIZE64_ADDR_BP_TYPE1_AUSER_WITH1_EARLY_RSP_MODE1_DLY0_0', input port 'reqo2rspo_axid[3]' is connected directly to output port 'rspo2erd_axid[3]'. (LINT-29)
Warning: In design 'rsp_order_URGE_WITH7_SUBR_WITH8_IID_WITH10_TID_WITH10_ADDR_WITH32_AXID_WITH4_ORDKEY_WITH8_LEN_WITH8_USER_WITH10_RSP_IID_OFFSET7_RSP_TID_OFFSET17_RSP_ORDKEY_OFFSET27_RSP_OPC_OFFSET35_RSP_STATUS_OFFSET37_RSP_ADDR_OFFSET39_RSP_USER_OFFSET71_RSP_ERRC_OFFSET81_NBYTEPERWORD8_TAG_CNT_WITH3_SPEC_REQ_BUFF_DEEP8_ADDR_BLOCK_SIZE64_ADDR_BP_TYPE1_AUSER_WITH1_EARLY_RSP_MODE1_DLY0_0', input port 'reqo2rspo_axid[3]' is connected directly to output port 'rspo2am_axid[3]'. (LINT-29)
Warning: In design 'rsp_order_URGE_WITH7_SUBR_WITH8_IID_WITH10_TID_WITH10_ADDR_WITH32_AXID_WITH4_ORDKEY_WITH8_LEN_WITH8_USER_WITH10_RSP_IID_OFFSET7_RSP_TID_OFFSET17_RSP_ORDKEY_OFFSET27_RSP_OPC_OFFSET35_RSP_STATUS_OFFSET37_RSP_ADDR_OFFSET39_RSP_USER_OFFSET71_RSP_ERRC_OFFSET81_NBYTEPERWORD8_TAG_CNT_WITH3_SPEC_REQ_BUFF_DEEP8_ADDR_BLOCK_SIZE64_ADDR_BP_TYPE1_AUSER_WITH1_EARLY_RSP_MODE1_DLY0_0', input port 'reqo2rspo_axid[2]' is connected directly to output port 'rspo2erd_axid[2]'. (LINT-29)
Warning: In design 'rsp_order_URGE_WITH7_SUBR_WITH8_IID_WITH10_TID_WITH10_ADDR_WITH32_AXID_WITH4_ORDKEY_WITH8_LEN_WITH8_USER_WITH10_RSP_IID_OFFSET7_RSP_TID_OFFSET17_RSP_ORDKEY_OFFSET27_RSP_OPC_OFFSET35_RSP_STATUS_OFFSET37_RSP_ADDR_OFFSET39_RSP_USER_OFFSET71_RSP_ERRC_OFFSET81_NBYTEPERWORD8_TAG_CNT_WITH3_SPEC_REQ_BUFF_DEEP8_ADDR_BLOCK_SIZE64_ADDR_BP_TYPE1_AUSER_WITH1_EARLY_RSP_MODE1_DLY0_0', input port 'reqo2rspo_axid[2]' is connected directly to output port 'rspo2am_axid[2]'. (LINT-29)
Warning: In design 'rsp_order_URGE_WITH7_SUBR_WITH8_IID_WITH10_TID_WITH10_ADDR_WITH32_AXID_WITH4_ORDKEY_WITH8_LEN_WITH8_USER_WITH10_RSP_IID_OFFSET7_RSP_TID_OFFSET17_RSP_ORDKEY_OFFSET27_RSP_OPC_OFFSET35_RSP_STATUS_OFFSET37_RSP_ADDR_OFFSET39_RSP_USER_OFFSET71_RSP_ERRC_OFFSET81_NBYTEPERWORD8_TAG_CNT_WITH3_SPEC_REQ_BUFF_DEEP8_ADDR_BLOCK_SIZE64_ADDR_BP_TYPE1_AUSER_WITH1_EARLY_RSP_MODE1_DLY0_0', input port 'reqo2rspo_axid[1]' is connected directly to output port 'rspo2erd_axid[1]'. (LINT-29)
Warning: In design 'rsp_order_URGE_WITH7_SUBR_WITH8_IID_WITH10_TID_WITH10_ADDR_WITH32_AXID_WITH4_ORDKEY_WITH8_LEN_WITH8_USER_WITH10_RSP_IID_OFFSET7_RSP_TID_OFFSET17_RSP_ORDKEY_OFFSET27_RSP_OPC_OFFSET35_RSP_STATUS_OFFSET37_RSP_ADDR_OFFSET39_RSP_USER_OFFSET71_RSP_ERRC_OFFSET81_NBYTEPERWORD8_TAG_CNT_WITH3_SPEC_REQ_BUFF_DEEP8_ADDR_BLOCK_SIZE64_ADDR_BP_TYPE1_AUSER_WITH1_EARLY_RSP_MODE1_DLY0_0', input port 'reqo2rspo_axid[1]' is connected directly to output port 'rspo2am_axid[1]'. (LINT-29)
Warning: In design 'rsp_order_URGE_WITH7_SUBR_WITH8_IID_WITH10_TID_WITH10_ADDR_WITH32_AXID_WITH4_ORDKEY_WITH8_LEN_WITH8_USER_WITH10_RSP_IID_OFFSET7_RSP_TID_OFFSET17_RSP_ORDKEY_OFFSET27_RSP_OPC_OFFSET35_RSP_STATUS_OFFSET37_RSP_ADDR_OFFSET39_RSP_USER_OFFSET71_RSP_ERRC_OFFSET81_NBYTEPERWORD8_TAG_CNT_WITH3_SPEC_REQ_BUFF_DEEP8_ADDR_BLOCK_SIZE64_ADDR_BP_TYPE1_AUSER_WITH1_EARLY_RSP_MODE1_DLY0_0', input port 'reqo2rspo_axid[0]' is connected directly to output port 'rspo2erd_axid[0]'. (LINT-29)
Warning: In design 'rsp_order_URGE_WITH7_SUBR_WITH8_IID_WITH10_TID_WITH10_ADDR_WITH32_AXID_WITH4_ORDKEY_WITH8_LEN_WITH8_USER_WITH10_RSP_IID_OFFSET7_RSP_TID_OFFSET17_RSP_ORDKEY_OFFSET27_RSP_OPC_OFFSET35_RSP_STATUS_OFFSET37_RSP_ADDR_OFFSET39_RSP_USER_OFFSET71_RSP_ERRC_OFFSET81_NBYTEPERWORD8_TAG_CNT_WITH3_SPEC_REQ_BUFF_DEEP8_ADDR_BLOCK_SIZE64_ADDR_BP_TYPE1_AUSER_WITH1_EARLY_RSP_MODE1_DLY0_0', input port 'reqo2rspo_axid[0]' is connected directly to output port 'rspo2am_axid[0]'. (LINT-29)
Warning: In design 'rsp_order_URGE_WITH7_SUBR_WITH8_IID_WITH10_TID_WITH10_ADDR_WITH32_AXID_WITH4_ORDKEY_WITH8_LEN_WITH8_USER_WITH10_RSP_IID_OFFSET7_RSP_TID_OFFSET17_RSP_ORDKEY_OFFSET27_RSP_OPC_OFFSET35_RSP_STATUS_OFFSET37_RSP_ADDR_OFFSET39_RSP_USER_OFFSET71_RSP_ERRC_OFFSET81_NBYTEPERWORD8_TAG_CNT_WITH3_SPEC_REQ_BUFF_DEEP8_ADDR_BLOCK_SIZE64_ADDR_BP_TYPE1_AUSER_WITH1_EARLY_RSP_MODE1_DLY0_0', input port 'reqo2rspo_opc[3]' is connected directly to output port 'rspo2erd_opc[3]'. (LINT-29)
Warning: In design 'rsp_order_URGE_WITH7_SUBR_WITH8_IID_WITH10_TID_WITH10_ADDR_WITH32_AXID_WITH4_ORDKEY_WITH8_LEN_WITH8_USER_WITH10_RSP_IID_OFFSET7_RSP_TID_OFFSET17_RSP_ORDKEY_OFFSET27_RSP_OPC_OFFSET35_RSP_STATUS_OFFSET37_RSP_ADDR_OFFSET39_RSP_USER_OFFSET71_RSP_ERRC_OFFSET81_NBYTEPERWORD8_TAG_CNT_WITH3_SPEC_REQ_BUFF_DEEP8_ADDR_BLOCK_SIZE64_ADDR_BP_TYPE1_AUSER_WITH1_EARLY_RSP_MODE1_DLY0_0', input port 'reqo2rspo_opc[3]' is connected directly to output port 'rspo2am_opc[3]'. (LINT-29)
Warning: In design 'rsp_order_URGE_WITH7_SUBR_WITH8_IID_WITH10_TID_WITH10_ADDR_WITH32_AXID_WITH4_ORDKEY_WITH8_LEN_WITH8_USER_WITH10_RSP_IID_OFFSET7_RSP_TID_OFFSET17_RSP_ORDKEY_OFFSET27_RSP_OPC_OFFSET35_RSP_STATUS_OFFSET37_RSP_ADDR_OFFSET39_RSP_USER_OFFSET71_RSP_ERRC_OFFSET81_NBYTEPERWORD8_TAG_CNT_WITH3_SPEC_REQ_BUFF_DEEP8_ADDR_BLOCK_SIZE64_ADDR_BP_TYPE1_AUSER_WITH1_EARLY_RSP_MODE1_DLY0_0', input port 'reqo2rspo_opc[2]' is connected directly to output port 'rspo2erd_opc[2]'. (LINT-29)
Warning: In design 'rsp_order_URGE_WITH7_SUBR_WITH8_IID_WITH10_TID_WITH10_ADDR_WITH32_AXID_WITH4_ORDKEY_WITH8_LEN_WITH8_USER_WITH10_RSP_IID_OFFSET7_RSP_TID_OFFSET17_RSP_ORDKEY_OFFSET27_RSP_OPC_OFFSET35_RSP_STATUS_OFFSET37_RSP_ADDR_OFFSET39_RSP_USER_OFFSET71_RSP_ERRC_OFFSET81_NBYTEPERWORD8_TAG_CNT_WITH3_SPEC_REQ_BUFF_DEEP8_ADDR_BLOCK_SIZE64_ADDR_BP_TYPE1_AUSER_WITH1_EARLY_RSP_MODE1_DLY0_0', input port 'reqo2rspo_opc[2]' is connected directly to output port 'rspo2am_opc[2]'. (LINT-29)
Warning: In design 'rsp_order_URGE_WITH7_SUBR_WITH8_IID_WITH10_TID_WITH10_ADDR_WITH32_AXID_WITH4_ORDKEY_WITH8_LEN_WITH8_USER_WITH10_RSP_IID_OFFSET7_RSP_TID_OFFSET17_RSP_ORDKEY_OFFSET27_RSP_OPC_OFFSET35_RSP_STATUS_OFFSET37_RSP_ADDR_OFFSET39_RSP_USER_OFFSET71_RSP_ERRC_OFFSET81_NBYTEPERWORD8_TAG_CNT_WITH3_SPEC_REQ_BUFF_DEEP8_ADDR_BLOCK_SIZE64_ADDR_BP_TYPE1_AUSER_WITH1_EARLY_RSP_MODE1_DLY0_0', input port 'reqo2rspo_opc[1]' is connected directly to output port 'rspo2erd_opc[1]'. (LINT-29)
Warning: In design 'rsp_order_URGE_WITH7_SUBR_WITH8_IID_WITH10_TID_WITH10_ADDR_WITH32_AXID_WITH4_ORDKEY_WITH8_LEN_WITH8_USER_WITH10_RSP_IID_OFFSET7_RSP_TID_OFFSET17_RSP_ORDKEY_OFFSET27_RSP_OPC_OFFSET35_RSP_STATUS_OFFSET37_RSP_ADDR_OFFSET39_RSP_USER_OFFSET71_RSP_ERRC_OFFSET81_NBYTEPERWORD8_TAG_CNT_WITH3_SPEC_REQ_BUFF_DEEP8_ADDR_BLOCK_SIZE64_ADDR_BP_TYPE1_AUSER_WITH1_EARLY_RSP_MODE1_DLY0_0', input port 'reqo2rspo_opc[1]' is connected directly to output port 'rspo2am_opc[1]'. (LINT-29)
Warning: In design 'rsp_order_URGE_WITH7_SUBR_WITH8_IID_WITH10_TID_WITH10_ADDR_WITH32_AXID_WITH4_ORDKEY_WITH8_LEN_WITH8_USER_WITH10_RSP_IID_OFFSET7_RSP_TID_OFFSET17_RSP_ORDKEY_OFFSET27_RSP_OPC_OFFSET35_RSP_STATUS_OFFSET37_RSP_ADDR_OFFSET39_RSP_USER_OFFSET71_RSP_ERRC_OFFSET81_NBYTEPERWORD8_TAG_CNT_WITH3_SPEC_REQ_BUFF_DEEP8_ADDR_BLOCK_SIZE64_ADDR_BP_TYPE1_AUSER_WITH1_EARLY_RSP_MODE1_DLY0_0', input port 'reqo2rspo_opc[0]' is connected directly to output port 'rspo2erd_opc[0]'. (LINT-29)
Warning: In design 'rsp_order_URGE_WITH7_SUBR_WITH8_IID_WITH10_TID_WITH10_ADDR_WITH32_AXID_WITH4_ORDKEY_WITH8_LEN_WITH8_USER_WITH10_RSP_IID_OFFSET7_RSP_TID_OFFSET17_RSP_ORDKEY_OFFSET27_RSP_OPC_OFFSET35_RSP_STATUS_OFFSET37_RSP_ADDR_OFFSET39_RSP_USER_OFFSET71_RSP_ERRC_OFFSET81_NBYTEPERWORD8_TAG_CNT_WITH3_SPEC_REQ_BUFF_DEEP8_ADDR_BLOCK_SIZE64_ADDR_BP_TYPE1_AUSER_WITH1_EARLY_RSP_MODE1_DLY0_0', input port 'reqo2rspo_opc[0]' is connected directly to output port 'rspo2am_opc[0]'. (LINT-29)
Warning: In design 'rsp_order_URGE_WITH7_SUBR_WITH8_IID_WITH10_TID_WITH10_ADDR_WITH32_AXID_WITH4_ORDKEY_WITH8_LEN_WITH8_USER_WITH10_RSP_IID_OFFSET7_RSP_TID_OFFSET17_RSP_ORDKEY_OFFSET27_RSP_OPC_OFFSET35_RSP_STATUS_OFFSET37_RSP_ADDR_OFFSET39_RSP_USER_OFFSET71_RSP_ERRC_OFFSET81_NBYTEPERWORD8_TAG_CNT_WITH3_SPEC_REQ_BUFF_DEEP8_ADDR_BLOCK_SIZE64_ADDR_BP_TYPE1_AUSER_WITH1_EARLY_RSP_MODE1_DLY0_0', input port 'reqo2rspo_len[7]' is connected directly to output port 'rspo2am_len[7]'. (LINT-29)
Warning: In design 'rsp_order_URGE_WITH7_SUBR_WITH8_IID_WITH10_TID_WITH10_ADDR_WITH32_AXID_WITH4_ORDKEY_WITH8_LEN_WITH8_USER_WITH10_RSP_IID_OFFSET7_RSP_TID_OFFSET17_RSP_ORDKEY_OFFSET27_RSP_OPC_OFFSET35_RSP_STATUS_OFFSET37_RSP_ADDR_OFFSET39_RSP_USER_OFFSET71_RSP_ERRC_OFFSET81_NBYTEPERWORD8_TAG_CNT_WITH3_SPEC_REQ_BUFF_DEEP8_ADDR_BLOCK_SIZE64_ADDR_BP_TYPE1_AUSER_WITH1_EARLY_RSP_MODE1_DLY0_0', input port 'reqo2rspo_len[6]' is connected directly to output port 'rspo2am_len[6]'. (LINT-29)
Warning: In design 'rsp_order_URGE_WITH7_SUBR_WITH8_IID_WITH10_TID_WITH10_ADDR_WITH32_AXID_WITH4_ORDKEY_WITH8_LEN_WITH8_USER_WITH10_RSP_IID_OFFSET7_RSP_TID_OFFSET17_RSP_ORDKEY_OFFSET27_RSP_OPC_OFFSET35_RSP_STATUS_OFFSET37_RSP_ADDR_OFFSET39_RSP_USER_OFFSET71_RSP_ERRC_OFFSET81_NBYTEPERWORD8_TAG_CNT_WITH3_SPEC_REQ_BUFF_DEEP8_ADDR_BLOCK_SIZE64_ADDR_BP_TYPE1_AUSER_WITH1_EARLY_RSP_MODE1_DLY0_0', input port 'reqo2rspo_len[5]' is connected directly to output port 'rspo2am_len[5]'. (LINT-29)
Warning: In design 'rsp_order_URGE_WITH7_SUBR_WITH8_IID_WITH10_TID_WITH10_ADDR_WITH32_AXID_WITH4_ORDKEY_WITH8_LEN_WITH8_USER_WITH10_RSP_IID_OFFSET7_RSP_TID_OFFSET17_RSP_ORDKEY_OFFSET27_RSP_OPC_OFFSET35_RSP_STATUS_OFFSET37_RSP_ADDR_OFFSET39_RSP_USER_OFFSET71_RSP_ERRC_OFFSET81_NBYTEPERWORD8_TAG_CNT_WITH3_SPEC_REQ_BUFF_DEEP8_ADDR_BLOCK_SIZE64_ADDR_BP_TYPE1_AUSER_WITH1_EARLY_RSP_MODE1_DLY0_0', input port 'reqo2rspo_len[4]' is connected directly to output port 'rspo2am_len[4]'. (LINT-29)
Warning: In design 'rsp_order_URGE_WITH7_SUBR_WITH8_IID_WITH10_TID_WITH10_ADDR_WITH32_AXID_WITH4_ORDKEY_WITH8_LEN_WITH8_USER_WITH10_RSP_IID_OFFSET7_RSP_TID_OFFSET17_RSP_ORDKEY_OFFSET27_RSP_OPC_OFFSET35_RSP_STATUS_OFFSET37_RSP_ADDR_OFFSET39_RSP_USER_OFFSET71_RSP_ERRC_OFFSET81_NBYTEPERWORD8_TAG_CNT_WITH3_SPEC_REQ_BUFF_DEEP8_ADDR_BLOCK_SIZE64_ADDR_BP_TYPE1_AUSER_WITH1_EARLY_RSP_MODE1_DLY0_0', input port 'reqo2rspo_len[3]' is connected directly to output port 'rspo2am_len[3]'. (LINT-29)
Warning: In design 'rsp_order_URGE_WITH7_SUBR_WITH8_IID_WITH10_TID_WITH10_ADDR_WITH32_AXID_WITH4_ORDKEY_WITH8_LEN_WITH8_USER_WITH10_RSP_IID_OFFSET7_RSP_TID_OFFSET17_RSP_ORDKEY_OFFSET27_RSP_OPC_OFFSET35_RSP_STATUS_OFFSET37_RSP_ADDR_OFFSET39_RSP_USER_OFFSET71_RSP_ERRC_OFFSET81_NBYTEPERWORD8_TAG_CNT_WITH3_SPEC_REQ_BUFF_DEEP8_ADDR_BLOCK_SIZE64_ADDR_BP_TYPE1_AUSER_WITH1_EARLY_RSP_MODE1_DLY0_0', input port 'reqo2rspo_len[2]' is connected directly to output port 'rspo2am_len[2]'. (LINT-29)
Warning: In design 'rsp_order_URGE_WITH7_SUBR_WITH8_IID_WITH10_TID_WITH10_ADDR_WITH32_AXID_WITH4_ORDKEY_WITH8_LEN_WITH8_USER_WITH10_RSP_IID_OFFSET7_RSP_TID_OFFSET17_RSP_ORDKEY_OFFSET27_RSP_OPC_OFFSET35_RSP_STATUS_OFFSET37_RSP_ADDR_OFFSET39_RSP_USER_OFFSET71_RSP_ERRC_OFFSET81_NBYTEPERWORD8_TAG_CNT_WITH3_SPEC_REQ_BUFF_DEEP8_ADDR_BLOCK_SIZE64_ADDR_BP_TYPE1_AUSER_WITH1_EARLY_RSP_MODE1_DLY0_0', input port 'reqo2rspo_len[1]' is connected directly to output port 'rspo2am_len[1]'. (LINT-29)
Warning: In design 'rsp_order_URGE_WITH7_SUBR_WITH8_IID_WITH10_TID_WITH10_ADDR_WITH32_AXID_WITH4_ORDKEY_WITH8_LEN_WITH8_USER_WITH10_RSP_IID_OFFSET7_RSP_TID_OFFSET17_RSP_ORDKEY_OFFSET27_RSP_OPC_OFFSET35_RSP_STATUS_OFFSET37_RSP_ADDR_OFFSET39_RSP_USER_OFFSET71_RSP_ERRC_OFFSET81_NBYTEPERWORD8_TAG_CNT_WITH3_SPEC_REQ_BUFF_DEEP8_ADDR_BLOCK_SIZE64_ADDR_BP_TYPE1_AUSER_WITH1_EARLY_RSP_MODE1_DLY0_0', input port 'reqo2rspo_len[0]' is connected directly to output port 'rspo2am_len[0]'. (LINT-29)
Warning: In design 'rsp_order_URGE_WITH7_SUBR_WITH8_IID_WITH10_TID_WITH10_ADDR_WITH32_AXID_WITH4_ORDKEY_WITH8_LEN_WITH8_USER_WITH10_RSP_IID_OFFSET7_RSP_TID_OFFSET17_RSP_ORDKEY_OFFSET27_RSP_OPC_OFFSET35_RSP_STATUS_OFFSET37_RSP_ADDR_OFFSET39_RSP_USER_OFFSET71_RSP_ERRC_OFFSET81_NBYTEPERWORD8_TAG_CNT_WITH3_SPEC_REQ_BUFF_DEEP8_ADDR_BLOCK_SIZE64_ADDR_BP_TYPE1_AUSER_WITH1_EARLY_RSP_MODE1_DLY0_0', input port 'reqo2rspo_user[9]' is connected directly to output port 'rspo2erd_user[9]'. (LINT-29)
Warning: In design 'rsp_order_URGE_WITH7_SUBR_WITH8_IID_WITH10_TID_WITH10_ADDR_WITH32_AXID_WITH4_ORDKEY_WITH8_LEN_WITH8_USER_WITH10_RSP_IID_OFFSET7_RSP_TID_OFFSET17_RSP_ORDKEY_OFFSET27_RSP_OPC_OFFSET35_RSP_STATUS_OFFSET37_RSP_ADDR_OFFSET39_RSP_USER_OFFSET71_RSP_ERRC_OFFSET81_NBYTEPERWORD8_TAG_CNT_WITH3_SPEC_REQ_BUFF_DEEP8_ADDR_BLOCK_SIZE64_ADDR_BP_TYPE1_AUSER_WITH1_EARLY_RSP_MODE1_DLY0_0', input port 'reqo2rspo_user[9]' is connected directly to output port 'rspo2am_user[9]'. (LINT-29)
Warning: In design 'rsp_order_URGE_WITH7_SUBR_WITH8_IID_WITH10_TID_WITH10_ADDR_WITH32_AXID_WITH4_ORDKEY_WITH8_LEN_WITH8_USER_WITH10_RSP_IID_OFFSET7_RSP_TID_OFFSET17_RSP_ORDKEY_OFFSET27_RSP_OPC_OFFSET35_RSP_STATUS_OFFSET37_RSP_ADDR_OFFSET39_RSP_USER_OFFSET71_RSP_ERRC_OFFSET81_NBYTEPERWORD8_TAG_CNT_WITH3_SPEC_REQ_BUFF_DEEP8_ADDR_BLOCK_SIZE64_ADDR_BP_TYPE1_AUSER_WITH1_EARLY_RSP_MODE1_DLY0_0', input port 'reqo2rspo_user[8]' is connected directly to output port 'rspo2erd_user[8]'. (LINT-29)
Warning: In design 'rsp_order_URGE_WITH7_SUBR_WITH8_IID_WITH10_TID_WITH10_ADDR_WITH32_AXID_WITH4_ORDKEY_WITH8_LEN_WITH8_USER_WITH10_RSP_IID_OFFSET7_RSP_TID_OFFSET17_RSP_ORDKEY_OFFSET27_RSP_OPC_OFFSET35_RSP_STATUS_OFFSET37_RSP_ADDR_OFFSET39_RSP_USER_OFFSET71_RSP_ERRC_OFFSET81_NBYTEPERWORD8_TAG_CNT_WITH3_SPEC_REQ_BUFF_DEEP8_ADDR_BLOCK_SIZE64_ADDR_BP_TYPE1_AUSER_WITH1_EARLY_RSP_MODE1_DLY0_0', input port 'reqo2rspo_user[8]' is connected directly to output port 'rspo2am_user[8]'. (LINT-29)
Warning: In design 'rsp_order_URGE_WITH7_SUBR_WITH8_IID_WITH10_TID_WITH10_ADDR_WITH32_AXID_WITH4_ORDKEY_WITH8_LEN_WITH8_USER_WITH10_RSP_IID_OFFSET7_RSP_TID_OFFSET17_RSP_ORDKEY_OFFSET27_RSP_OPC_OFFSET35_RSP_STATUS_OFFSET37_RSP_ADDR_OFFSET39_RSP_USER_OFFSET71_RSP_ERRC_OFFSET81_NBYTEPERWORD8_TAG_CNT_WITH3_SPEC_REQ_BUFF_DEEP8_ADDR_BLOCK_SIZE64_ADDR_BP_TYPE1_AUSER_WITH1_EARLY_RSP_MODE1_DLY0_0', input port 'reqo2rspo_user[7]' is connected directly to output port 'rspo2erd_user[7]'. (LINT-29)
Warning: In design 'rsp_order_URGE_WITH7_SUBR_WITH8_IID_WITH10_TID_WITH10_ADDR_WITH32_AXID_WITH4_ORDKEY_WITH8_LEN_WITH8_USER_WITH10_RSP_IID_OFFSET7_RSP_TID_OFFSET17_RSP_ORDKEY_OFFSET27_RSP_OPC_OFFSET35_RSP_STATUS_OFFSET37_RSP_ADDR_OFFSET39_RSP_USER_OFFSET71_RSP_ERRC_OFFSET81_NBYTEPERWORD8_TAG_CNT_WITH3_SPEC_REQ_BUFF_DEEP8_ADDR_BLOCK_SIZE64_ADDR_BP_TYPE1_AUSER_WITH1_EARLY_RSP_MODE1_DLY0_0', input port 'reqo2rspo_user[7]' is connected directly to output port 'rspo2am_user[7]'. (LINT-29)
Warning: In design 'rsp_order_URGE_WITH7_SUBR_WITH8_IID_WITH10_TID_WITH10_ADDR_WITH32_AXID_WITH4_ORDKEY_WITH8_LEN_WITH8_USER_WITH10_RSP_IID_OFFSET7_RSP_TID_OFFSET17_RSP_ORDKEY_OFFSET27_RSP_OPC_OFFSET35_RSP_STATUS_OFFSET37_RSP_ADDR_OFFSET39_RSP_USER_OFFSET71_RSP_ERRC_OFFSET81_NBYTEPERWORD8_TAG_CNT_WITH3_SPEC_REQ_BUFF_DEEP8_ADDR_BLOCK_SIZE64_ADDR_BP_TYPE1_AUSER_WITH1_EARLY_RSP_MODE1_DLY0_0', input port 'reqo2rspo_user[6]' is connected directly to output port 'rspo2erd_user[6]'. (LINT-29)
Warning: In design 'rsp_order_URGE_WITH7_SUBR_WITH8_IID_WITH10_TID_WITH10_ADDR_WITH32_AXID_WITH4_ORDKEY_WITH8_LEN_WITH8_USER_WITH10_RSP_IID_OFFSET7_RSP_TID_OFFSET17_RSP_ORDKEY_OFFSET27_RSP_OPC_OFFSET35_RSP_STATUS_OFFSET37_RSP_ADDR_OFFSET39_RSP_USER_OFFSET71_RSP_ERRC_OFFSET81_NBYTEPERWORD8_TAG_CNT_WITH3_SPEC_REQ_BUFF_DEEP8_ADDR_BLOCK_SIZE64_ADDR_BP_TYPE1_AUSER_WITH1_EARLY_RSP_MODE1_DLY0_0', input port 'reqo2rspo_user[6]' is connected directly to output port 'rspo2am_user[6]'. (LINT-29)
Warning: In design 'rsp_order_URGE_WITH7_SUBR_WITH8_IID_WITH10_TID_WITH10_ADDR_WITH32_AXID_WITH4_ORDKEY_WITH8_LEN_WITH8_USER_WITH10_RSP_IID_OFFSET7_RSP_TID_OFFSET17_RSP_ORDKEY_OFFSET27_RSP_OPC_OFFSET35_RSP_STATUS_OFFSET37_RSP_ADDR_OFFSET39_RSP_USER_OFFSET71_RSP_ERRC_OFFSET81_NBYTEPERWORD8_TAG_CNT_WITH3_SPEC_REQ_BUFF_DEEP8_ADDR_BLOCK_SIZE64_ADDR_BP_TYPE1_AUSER_WITH1_EARLY_RSP_MODE1_DLY0_0', input port 'reqo2rspo_user[5]' is connected directly to output port 'rspo2erd_user[5]'. (LINT-29)
Warning: In design 'rsp_order_URGE_WITH7_SUBR_WITH8_IID_WITH10_TID_WITH10_ADDR_WITH32_AXID_WITH4_ORDKEY_WITH8_LEN_WITH8_USER_WITH10_RSP_IID_OFFSET7_RSP_TID_OFFSET17_RSP_ORDKEY_OFFSET27_RSP_OPC_OFFSET35_RSP_STATUS_OFFSET37_RSP_ADDR_OFFSET39_RSP_USER_OFFSET71_RSP_ERRC_OFFSET81_NBYTEPERWORD8_TAG_CNT_WITH3_SPEC_REQ_BUFF_DEEP8_ADDR_BLOCK_SIZE64_ADDR_BP_TYPE1_AUSER_WITH1_EARLY_RSP_MODE1_DLY0_0', input port 'reqo2rspo_user[5]' is connected directly to output port 'rspo2am_user[5]'. (LINT-29)
Warning: In design 'rsp_order_URGE_WITH7_SUBR_WITH8_IID_WITH10_TID_WITH10_ADDR_WITH32_AXID_WITH4_ORDKEY_WITH8_LEN_WITH8_USER_WITH10_RSP_IID_OFFSET7_RSP_TID_OFFSET17_RSP_ORDKEY_OFFSET27_RSP_OPC_OFFSET35_RSP_STATUS_OFFSET37_RSP_ADDR_OFFSET39_RSP_USER_OFFSET71_RSP_ERRC_OFFSET81_NBYTEPERWORD8_TAG_CNT_WITH3_SPEC_REQ_BUFF_DEEP8_ADDR_BLOCK_SIZE64_ADDR_BP_TYPE1_AUSER_WITH1_EARLY_RSP_MODE1_DLY0_0', input port 'reqo2rspo_user[4]' is connected directly to output port 'rspo2erd_user[4]'. (LINT-29)
Warning: In design 'rsp_order_URGE_WITH7_SUBR_WITH8_IID_WITH10_TID_WITH10_ADDR_WITH32_AXID_WITH4_ORDKEY_WITH8_LEN_WITH8_USER_WITH10_RSP_IID_OFFSET7_RSP_TID_OFFSET17_RSP_ORDKEY_OFFSET27_RSP_OPC_OFFSET35_RSP_STATUS_OFFSET37_RSP_ADDR_OFFSET39_RSP_USER_OFFSET71_RSP_ERRC_OFFSET81_NBYTEPERWORD8_TAG_CNT_WITH3_SPEC_REQ_BUFF_DEEP8_ADDR_BLOCK_SIZE64_ADDR_BP_TYPE1_AUSER_WITH1_EARLY_RSP_MODE1_DLY0_0', input port 'reqo2rspo_user[4]' is connected directly to output port 'rspo2am_user[4]'. (LINT-29)
Warning: In design 'rsp_order_URGE_WITH7_SUBR_WITH8_IID_WITH10_TID_WITH10_ADDR_WITH32_AXID_WITH4_ORDKEY_WITH8_LEN_WITH8_USER_WITH10_RSP_IID_OFFSET7_RSP_TID_OFFSET17_RSP_ORDKEY_OFFSET27_RSP_OPC_OFFSET35_RSP_STATUS_OFFSET37_RSP_ADDR_OFFSET39_RSP_USER_OFFSET71_RSP_ERRC_OFFSET81_NBYTEPERWORD8_TAG_CNT_WITH3_SPEC_REQ_BUFF_DEEP8_ADDR_BLOCK_SIZE64_ADDR_BP_TYPE1_AUSER_WITH1_EARLY_RSP_MODE1_DLY0_0', input port 'reqo2rspo_user[3]' is connected directly to output port 'rspo2erd_user[3]'. (LINT-29)
Warning: In design 'rsp_order_URGE_WITH7_SUBR_WITH8_IID_WITH10_TID_WITH10_ADDR_WITH32_AXID_WITH4_ORDKEY_WITH8_LEN_WITH8_USER_WITH10_RSP_IID_OFFSET7_RSP_TID_OFFSET17_RSP_ORDKEY_OFFSET27_RSP_OPC_OFFSET35_RSP_STATUS_OFFSET37_RSP_ADDR_OFFSET39_RSP_USER_OFFSET71_RSP_ERRC_OFFSET81_NBYTEPERWORD8_TAG_CNT_WITH3_SPEC_REQ_BUFF_DEEP8_ADDR_BLOCK_SIZE64_ADDR_BP_TYPE1_AUSER_WITH1_EARLY_RSP_MODE1_DLY0_0', input port 'reqo2rspo_user[3]' is connected directly to output port 'rspo2am_user[3]'. (LINT-29)
Warning: In design 'rsp_order_URGE_WITH7_SUBR_WITH8_IID_WITH10_TID_WITH10_ADDR_WITH32_AXID_WITH4_ORDKEY_WITH8_LEN_WITH8_USER_WITH10_RSP_IID_OFFSET7_RSP_TID_OFFSET17_RSP_ORDKEY_OFFSET27_RSP_OPC_OFFSET35_RSP_STATUS_OFFSET37_RSP_ADDR_OFFSET39_RSP_USER_OFFSET71_RSP_ERRC_OFFSET81_NBYTEPERWORD8_TAG_CNT_WITH3_SPEC_REQ_BUFF_DEEP8_ADDR_BLOCK_SIZE64_ADDR_BP_TYPE1_AUSER_WITH1_EARLY_RSP_MODE1_DLY0_0', input port 'reqo2rspo_user[2]' is connected directly to output port 'rspo2erd_user[2]'. (LINT-29)
Warning: In design 'rsp_order_URGE_WITH7_SUBR_WITH8_IID_WITH10_TID_WITH10_ADDR_WITH32_AXID_WITH4_ORDKEY_WITH8_LEN_WITH8_USER_WITH10_RSP_IID_OFFSET7_RSP_TID_OFFSET17_RSP_ORDKEY_OFFSET27_RSP_OPC_OFFSET35_RSP_STATUS_OFFSET37_RSP_ADDR_OFFSET39_RSP_USER_OFFSET71_RSP_ERRC_OFFSET81_NBYTEPERWORD8_TAG_CNT_WITH3_SPEC_REQ_BUFF_DEEP8_ADDR_BLOCK_SIZE64_ADDR_BP_TYPE1_AUSER_WITH1_EARLY_RSP_MODE1_DLY0_0', input port 'reqo2rspo_user[2]' is connected directly to output port 'rspo2am_user[2]'. (LINT-29)
Warning: In design 'rsp_order_URGE_WITH7_SUBR_WITH8_IID_WITH10_TID_WITH10_ADDR_WITH32_AXID_WITH4_ORDKEY_WITH8_LEN_WITH8_USER_WITH10_RSP_IID_OFFSET7_RSP_TID_OFFSET17_RSP_ORDKEY_OFFSET27_RSP_OPC_OFFSET35_RSP_STATUS_OFFSET37_RSP_ADDR_OFFSET39_RSP_USER_OFFSET71_RSP_ERRC_OFFSET81_NBYTEPERWORD8_TAG_CNT_WITH3_SPEC_REQ_BUFF_DEEP8_ADDR_BLOCK_SIZE64_ADDR_BP_TYPE1_AUSER_WITH1_EARLY_RSP_MODE1_DLY0_0', input port 'reqo2rspo_user[1]' is connected directly to output port 'rspo2erd_user[1]'. (LINT-29)
Warning: In design 'rsp_order_URGE_WITH7_SUBR_WITH8_IID_WITH10_TID_WITH10_ADDR_WITH32_AXID_WITH4_ORDKEY_WITH8_LEN_WITH8_USER_WITH10_RSP_IID_OFFSET7_RSP_TID_OFFSET17_RSP_ORDKEY_OFFSET27_RSP_OPC_OFFSET35_RSP_STATUS_OFFSET37_RSP_ADDR_OFFSET39_RSP_USER_OFFSET71_RSP_ERRC_OFFSET81_NBYTEPERWORD8_TAG_CNT_WITH3_SPEC_REQ_BUFF_DEEP8_ADDR_BLOCK_SIZE64_ADDR_BP_TYPE1_AUSER_WITH1_EARLY_RSP_MODE1_DLY0_0', input port 'reqo2rspo_user[1]' is connected directly to output port 'rspo2am_user[1]'. (LINT-29)
Warning: In design 'rsp_order_URGE_WITH7_SUBR_WITH8_IID_WITH10_TID_WITH10_ADDR_WITH32_AXID_WITH4_ORDKEY_WITH8_LEN_WITH8_USER_WITH10_RSP_IID_OFFSET7_RSP_TID_OFFSET17_RSP_ORDKEY_OFFSET27_RSP_OPC_OFFSET35_RSP_STATUS_OFFSET37_RSP_ADDR_OFFSET39_RSP_USER_OFFSET71_RSP_ERRC_OFFSET81_NBYTEPERWORD8_TAG_CNT_WITH3_SPEC_REQ_BUFF_DEEP8_ADDR_BLOCK_SIZE64_ADDR_BP_TYPE1_AUSER_WITH1_EARLY_RSP_MODE1_DLY0_0', input port 'reqo2rspo_user[0]' is connected directly to output port 'rspo2erd_user[0]'. (LINT-29)
Warning: In design 'rsp_order_URGE_WITH7_SUBR_WITH8_IID_WITH10_TID_WITH10_ADDR_WITH32_AXID_WITH4_ORDKEY_WITH8_LEN_WITH8_USER_WITH10_RSP_IID_OFFSET7_RSP_TID_OFFSET17_RSP_ORDKEY_OFFSET27_RSP_OPC_OFFSET35_RSP_STATUS_OFFSET37_RSP_ADDR_OFFSET39_RSP_USER_OFFSET71_RSP_ERRC_OFFSET81_NBYTEPERWORD8_TAG_CNT_WITH3_SPEC_REQ_BUFF_DEEP8_ADDR_BLOCK_SIZE64_ADDR_BP_TYPE1_AUSER_WITH1_EARLY_RSP_MODE1_DLY0_0', input port 'reqo2rspo_user[0]' is connected directly to output port 'rspo2am_user[0]'. (LINT-29)
Warning: In design 'rsp_order_URGE_WITH7_SUBR_WITH8_IID_WITH10_TID_WITH10_ADDR_WITH32_AXID_WITH4_ORDKEY_WITH8_LEN_WITH8_USER_WITH10_RSP_IID_OFFSET7_RSP_TID_OFFSET17_RSP_ORDKEY_OFFSET27_RSP_OPC_OFFSET35_RSP_STATUS_OFFSET37_RSP_ADDR_OFFSET39_RSP_USER_OFFSET71_RSP_ERRC_OFFSET81_NBYTEPERWORD8_TAG_CNT_WITH3_SPEC_REQ_BUFF_DEEP8_ADDR_BLOCK_SIZE64_ADDR_BP_TYPE1_AUSER_WITH1_EARLY_RSP_MODE1_DLY0_0', input port 'reqo2rspo_data[72]' is connected directly to output port 'rspo2am_data[72]'. (LINT-29)
Warning: In design 'rsp_order_URGE_WITH7_SUBR_WITH8_IID_WITH10_TID_WITH10_ADDR_WITH32_AXID_WITH4_ORDKEY_WITH8_LEN_WITH8_USER_WITH10_RSP_IID_OFFSET7_RSP_TID_OFFSET17_RSP_ORDKEY_OFFSET27_RSP_OPC_OFFSET35_RSP_STATUS_OFFSET37_RSP_ADDR_OFFSET39_RSP_USER_OFFSET71_RSP_ERRC_OFFSET81_NBYTEPERWORD8_TAG_CNT_WITH3_SPEC_REQ_BUFF_DEEP8_ADDR_BLOCK_SIZE64_ADDR_BP_TYPE1_AUSER_WITH1_EARLY_RSP_MODE1_DLY0_0', input port 'reqo2rspo_data[71]' is connected directly to output port 'rspo2am_data[71]'. (LINT-29)
Warning: In design 'rsp_order_URGE_WITH7_SUBR_WITH8_IID_WITH10_TID_WITH10_ADDR_WITH32_AXID_WITH4_ORDKEY_WITH8_LEN_WITH8_USER_WITH10_RSP_IID_OFFSET7_RSP_TID_OFFSET17_RSP_ORDKEY_OFFSET27_RSP_OPC_OFFSET35_RSP_STATUS_OFFSET37_RSP_ADDR_OFFSET39_RSP_USER_OFFSET71_RSP_ERRC_OFFSET81_NBYTEPERWORD8_TAG_CNT_WITH3_SPEC_REQ_BUFF_DEEP8_ADDR_BLOCK_SIZE64_ADDR_BP_TYPE1_AUSER_WITH1_EARLY_RSP_MODE1_DLY0_0', input port 'reqo2rspo_data[70]' is connected directly to output port 'rspo2am_data[70]'. (LINT-29)
Warning: In design 'rsp_order_URGE_WITH7_SUBR_WITH8_IID_WITH10_TID_WITH10_ADDR_WITH32_AXID_WITH4_ORDKEY_WITH8_LEN_WITH8_USER_WITH10_RSP_IID_OFFSET7_RSP_TID_OFFSET17_RSP_ORDKEY_OFFSET27_RSP_OPC_OFFSET35_RSP_STATUS_OFFSET37_RSP_ADDR_OFFSET39_RSP_USER_OFFSET71_RSP_ERRC_OFFSET81_NBYTEPERWORD8_TAG_CNT_WITH3_SPEC_REQ_BUFF_DEEP8_ADDR_BLOCK_SIZE64_ADDR_BP_TYPE1_AUSER_WITH1_EARLY_RSP_MODE1_DLY0_0', input port 'reqo2rspo_data[69]' is connected directly to output port 'rspo2am_data[69]'. (LINT-29)
Warning: In design 'rsp_order_URGE_WITH7_SUBR_WITH8_IID_WITH10_TID_WITH10_ADDR_WITH32_AXID_WITH4_ORDKEY_WITH8_LEN_WITH8_USER_WITH10_RSP_IID_OFFSET7_RSP_TID_OFFSET17_RSP_ORDKEY_OFFSET27_RSP_OPC_OFFSET35_RSP_STATUS_OFFSET37_RSP_ADDR_OFFSET39_RSP_USER_OFFSET71_RSP_ERRC_OFFSET81_NBYTEPERWORD8_TAG_CNT_WITH3_SPEC_REQ_BUFF_DEEP8_ADDR_BLOCK_SIZE64_ADDR_BP_TYPE1_AUSER_WITH1_EARLY_RSP_MODE1_DLY0_0', input port 'reqo2rspo_data[68]' is connected directly to output port 'rspo2am_data[68]'. (LINT-29)
Warning: In design 'rsp_order_URGE_WITH7_SUBR_WITH8_IID_WITH10_TID_WITH10_ADDR_WITH32_AXID_WITH4_ORDKEY_WITH8_LEN_WITH8_USER_WITH10_RSP_IID_OFFSET7_RSP_TID_OFFSET17_RSP_ORDKEY_OFFSET27_RSP_OPC_OFFSET35_RSP_STATUS_OFFSET37_RSP_ADDR_OFFSET39_RSP_USER_OFFSET71_RSP_ERRC_OFFSET81_NBYTEPERWORD8_TAG_CNT_WITH3_SPEC_REQ_BUFF_DEEP8_ADDR_BLOCK_SIZE64_ADDR_BP_TYPE1_AUSER_WITH1_EARLY_RSP_MODE1_DLY0_0', input port 'reqo2rspo_data[67]' is connected directly to output port 'rspo2am_data[67]'. (LINT-29)
Warning: In design 'rsp_order_URGE_WITH7_SUBR_WITH8_IID_WITH10_TID_WITH10_ADDR_WITH32_AXID_WITH4_ORDKEY_WITH8_LEN_WITH8_USER_WITH10_RSP_IID_OFFSET7_RSP_TID_OFFSET17_RSP_ORDKEY_OFFSET27_RSP_OPC_OFFSET35_RSP_STATUS_OFFSET37_RSP_ADDR_OFFSET39_RSP_USER_OFFSET71_RSP_ERRC_OFFSET81_NBYTEPERWORD8_TAG_CNT_WITH3_SPEC_REQ_BUFF_DEEP8_ADDR_BLOCK_SIZE64_ADDR_BP_TYPE1_AUSER_WITH1_EARLY_RSP_MODE1_DLY0_0', input port 'reqo2rspo_data[66]' is connected directly to output port 'rspo2am_data[66]'. (LINT-29)
Warning: In design 'rsp_order_URGE_WITH7_SUBR_WITH8_IID_WITH10_TID_WITH10_ADDR_WITH32_AXID_WITH4_ORDKEY_WITH8_LEN_WITH8_USER_WITH10_RSP_IID_OFFSET7_RSP_TID_OFFSET17_RSP_ORDKEY_OFFSET27_RSP_OPC_OFFSET35_RSP_STATUS_OFFSET37_RSP_ADDR_OFFSET39_RSP_USER_OFFSET71_RSP_ERRC_OFFSET81_NBYTEPERWORD8_TAG_CNT_WITH3_SPEC_REQ_BUFF_DEEP8_ADDR_BLOCK_SIZE64_ADDR_BP_TYPE1_AUSER_WITH1_EARLY_RSP_MODE1_DLY0_0', input port 'reqo2rspo_data[65]' is connected directly to output port 'rspo2am_data[65]'. (LINT-29)
Warning: In design 'rsp_order_URGE_WITH7_SUBR_WITH8_IID_WITH10_TID_WITH10_ADDR_WITH32_AXID_WITH4_ORDKEY_WITH8_LEN_WITH8_USER_WITH10_RSP_IID_OFFSET7_RSP_TID_OFFSET17_RSP_ORDKEY_OFFSET27_RSP_OPC_OFFSET35_RSP_STATUS_OFFSET37_RSP_ADDR_OFFSET39_RSP_USER_OFFSET71_RSP_ERRC_OFFSET81_NBYTEPERWORD8_TAG_CNT_WITH3_SPEC_REQ_BUFF_DEEP8_ADDR_BLOCK_SIZE64_ADDR_BP_TYPE1_AUSER_WITH1_EARLY_RSP_MODE1_DLY0_0', input port 'reqo2rspo_data[64]' is connected directly to output port 'rspo2am_data[64]'. (LINT-29)
Warning: In design 'rsp_order_URGE_WITH7_SUBR_WITH8_IID_WITH10_TID_WITH10_ADDR_WITH32_AXID_WITH4_ORDKEY_WITH8_LEN_WITH8_USER_WITH10_RSP_IID_OFFSET7_RSP_TID_OFFSET17_RSP_ORDKEY_OFFSET27_RSP_OPC_OFFSET35_RSP_STATUS_OFFSET37_RSP_ADDR_OFFSET39_RSP_USER_OFFSET71_RSP_ERRC_OFFSET81_NBYTEPERWORD8_TAG_CNT_WITH3_SPEC_REQ_BUFF_DEEP8_ADDR_BLOCK_SIZE64_ADDR_BP_TYPE1_AUSER_WITH1_EARLY_RSP_MODE1_DLY0_0', input port 'reqo2rspo_data[63]' is connected directly to output port 'rspo2am_data[63]'. (LINT-29)
Warning: In design 'rsp_order_URGE_WITH7_SUBR_WITH8_IID_WITH10_TID_WITH10_ADDR_WITH32_AXID_WITH4_ORDKEY_WITH8_LEN_WITH8_USER_WITH10_RSP_IID_OFFSET7_RSP_TID_OFFSET17_RSP_ORDKEY_OFFSET27_RSP_OPC_OFFSET35_RSP_STATUS_OFFSET37_RSP_ADDR_OFFSET39_RSP_USER_OFFSET71_RSP_ERRC_OFFSET81_NBYTEPERWORD8_TAG_CNT_WITH3_SPEC_REQ_BUFF_DEEP8_ADDR_BLOCK_SIZE64_ADDR_BP_TYPE1_AUSER_WITH1_EARLY_RSP_MODE1_DLY0_0', input port 'reqo2rspo_data[62]' is connected directly to output port 'rspo2am_data[62]'. (LINT-29)
Warning: In design 'rsp_order_URGE_WITH7_SUBR_WITH8_IID_WITH10_TID_WITH10_ADDR_WITH32_AXID_WITH4_ORDKEY_WITH8_LEN_WITH8_USER_WITH10_RSP_IID_OFFSET7_RSP_TID_OFFSET17_RSP_ORDKEY_OFFSET27_RSP_OPC_OFFSET35_RSP_STATUS_OFFSET37_RSP_ADDR_OFFSET39_RSP_USER_OFFSET71_RSP_ERRC_OFFSET81_NBYTEPERWORD8_TAG_CNT_WITH3_SPEC_REQ_BUFF_DEEP8_ADDR_BLOCK_SIZE64_ADDR_BP_TYPE1_AUSER_WITH1_EARLY_RSP_MODE1_DLY0_0', input port 'reqo2rspo_data[61]' is connected directly to output port 'rspo2am_data[61]'. (LINT-29)
Warning: In design 'rsp_order_URGE_WITH7_SUBR_WITH8_IID_WITH10_TID_WITH10_ADDR_WITH32_AXID_WITH4_ORDKEY_WITH8_LEN_WITH8_USER_WITH10_RSP_IID_OFFSET7_RSP_TID_OFFSET17_RSP_ORDKEY_OFFSET27_RSP_OPC_OFFSET35_RSP_STATUS_OFFSET37_RSP_ADDR_OFFSET39_RSP_USER_OFFSET71_RSP_ERRC_OFFSET81_NBYTEPERWORD8_TAG_CNT_WITH3_SPEC_REQ_BUFF_DEEP8_ADDR_BLOCK_SIZE64_ADDR_BP_TYPE1_AUSER_WITH1_EARLY_RSP_MODE1_DLY0_0', input port 'reqo2rspo_data[60]' is connected directly to output port 'rspo2am_data[60]'. (LINT-29)
Warning: In design 'rsp_order_URGE_WITH7_SUBR_WITH8_IID_WITH10_TID_WITH10_ADDR_WITH32_AXID_WITH4_ORDKEY_WITH8_LEN_WITH8_USER_WITH10_RSP_IID_OFFSET7_RSP_TID_OFFSET17_RSP_ORDKEY_OFFSET27_RSP_OPC_OFFSET35_RSP_STATUS_OFFSET37_RSP_ADDR_OFFSET39_RSP_USER_OFFSET71_RSP_ERRC_OFFSET81_NBYTEPERWORD8_TAG_CNT_WITH3_SPEC_REQ_BUFF_DEEP8_ADDR_BLOCK_SIZE64_ADDR_BP_TYPE1_AUSER_WITH1_EARLY_RSP_MODE1_DLY0_0', input port 'reqo2rspo_data[59]' is connected directly to output port 'rspo2am_data[59]'. (LINT-29)
Warning: In design 'rsp_order_URGE_WITH7_SUBR_WITH8_IID_WITH10_TID_WITH10_ADDR_WITH32_AXID_WITH4_ORDKEY_WITH8_LEN_WITH8_USER_WITH10_RSP_IID_OFFSET7_RSP_TID_OFFSET17_RSP_ORDKEY_OFFSET27_RSP_OPC_OFFSET35_RSP_STATUS_OFFSET37_RSP_ADDR_OFFSET39_RSP_USER_OFFSET71_RSP_ERRC_OFFSET81_NBYTEPERWORD8_TAG_CNT_WITH3_SPEC_REQ_BUFF_DEEP8_ADDR_BLOCK_SIZE64_ADDR_BP_TYPE1_AUSER_WITH1_EARLY_RSP_MODE1_DLY0_0', input port 'reqo2rspo_data[58]' is connected directly to output port 'rspo2am_data[58]'. (LINT-29)
Warning: In design 'rsp_order_URGE_WITH7_SUBR_WITH8_IID_WITH10_TID_WITH10_ADDR_WITH32_AXID_WITH4_ORDKEY_WITH8_LEN_WITH8_USER_WITH10_RSP_IID_OFFSET7_RSP_TID_OFFSET17_RSP_ORDKEY_OFFSET27_RSP_OPC_OFFSET35_RSP_STATUS_OFFSET37_RSP_ADDR_OFFSET39_RSP_USER_OFFSET71_RSP_ERRC_OFFSET81_NBYTEPERWORD8_TAG_CNT_WITH3_SPEC_REQ_BUFF_DEEP8_ADDR_BLOCK_SIZE64_ADDR_BP_TYPE1_AUSER_WITH1_EARLY_RSP_MODE1_DLY0_0', input port 'reqo2rspo_data[57]' is connected directly to output port 'rspo2am_data[57]'. (LINT-29)
Warning: In design 'rsp_order_URGE_WITH7_SUBR_WITH8_IID_WITH10_TID_WITH10_ADDR_WITH32_AXID_WITH4_ORDKEY_WITH8_LEN_WITH8_USER_WITH10_RSP_IID_OFFSET7_RSP_TID_OFFSET17_RSP_ORDKEY_OFFSET27_RSP_OPC_OFFSET35_RSP_STATUS_OFFSET37_RSP_ADDR_OFFSET39_RSP_USER_OFFSET71_RSP_ERRC_OFFSET81_NBYTEPERWORD8_TAG_CNT_WITH3_SPEC_REQ_BUFF_DEEP8_ADDR_BLOCK_SIZE64_ADDR_BP_TYPE1_AUSER_WITH1_EARLY_RSP_MODE1_DLY0_0', input port 'reqo2rspo_data[56]' is connected directly to output port 'rspo2am_data[56]'. (LINT-29)
Warning: In design 'rsp_order_URGE_WITH7_SUBR_WITH8_IID_WITH10_TID_WITH10_ADDR_WITH32_AXID_WITH4_ORDKEY_WITH8_LEN_WITH8_USER_WITH10_RSP_IID_OFFSET7_RSP_TID_OFFSET17_RSP_ORDKEY_OFFSET27_RSP_OPC_OFFSET35_RSP_STATUS_OFFSET37_RSP_ADDR_OFFSET39_RSP_USER_OFFSET71_RSP_ERRC_OFFSET81_NBYTEPERWORD8_TAG_CNT_WITH3_SPEC_REQ_BUFF_DEEP8_ADDR_BLOCK_SIZE64_ADDR_BP_TYPE1_AUSER_WITH1_EARLY_RSP_MODE1_DLY0_0', input port 'reqo2rspo_data[55]' is connected directly to output port 'rspo2am_data[55]'. (LINT-29)
Warning: In design 'rsp_order_URGE_WITH7_SUBR_WITH8_IID_WITH10_TID_WITH10_ADDR_WITH32_AXID_WITH4_ORDKEY_WITH8_LEN_WITH8_USER_WITH10_RSP_IID_OFFSET7_RSP_TID_OFFSET17_RSP_ORDKEY_OFFSET27_RSP_OPC_OFFSET35_RSP_STATUS_OFFSET37_RSP_ADDR_OFFSET39_RSP_USER_OFFSET71_RSP_ERRC_OFFSET81_NBYTEPERWORD8_TAG_CNT_WITH3_SPEC_REQ_BUFF_DEEP8_ADDR_BLOCK_SIZE64_ADDR_BP_TYPE1_AUSER_WITH1_EARLY_RSP_MODE1_DLY0_0', input port 'reqo2rspo_data[54]' is connected directly to output port 'rspo2am_data[54]'. (LINT-29)
Warning: In design 'rsp_order_URGE_WITH7_SUBR_WITH8_IID_WITH10_TID_WITH10_ADDR_WITH32_AXID_WITH4_ORDKEY_WITH8_LEN_WITH8_USER_WITH10_RSP_IID_OFFSET7_RSP_TID_OFFSET17_RSP_ORDKEY_OFFSET27_RSP_OPC_OFFSET35_RSP_STATUS_OFFSET37_RSP_ADDR_OFFSET39_RSP_USER_OFFSET71_RSP_ERRC_OFFSET81_NBYTEPERWORD8_TAG_CNT_WITH3_SPEC_REQ_BUFF_DEEP8_ADDR_BLOCK_SIZE64_ADDR_BP_TYPE1_AUSER_WITH1_EARLY_RSP_MODE1_DLY0_0', input port 'reqo2rspo_data[53]' is connected directly to output port 'rspo2am_data[53]'. (LINT-29)
Warning: In design 'rsp_order_URGE_WITH7_SUBR_WITH8_IID_WITH10_TID_WITH10_ADDR_WITH32_AXID_WITH4_ORDKEY_WITH8_LEN_WITH8_USER_WITH10_RSP_IID_OFFSET7_RSP_TID_OFFSET17_RSP_ORDKEY_OFFSET27_RSP_OPC_OFFSET35_RSP_STATUS_OFFSET37_RSP_ADDR_OFFSET39_RSP_USER_OFFSET71_RSP_ERRC_OFFSET81_NBYTEPERWORD8_TAG_CNT_WITH3_SPEC_REQ_BUFF_DEEP8_ADDR_BLOCK_SIZE64_ADDR_BP_TYPE1_AUSER_WITH1_EARLY_RSP_MODE1_DLY0_0', input port 'reqo2rspo_data[52]' is connected directly to output port 'rspo2am_data[52]'. (LINT-29)
Warning: In design 'rsp_order_URGE_WITH7_SUBR_WITH8_IID_WITH10_TID_WITH10_ADDR_WITH32_AXID_WITH4_ORDKEY_WITH8_LEN_WITH8_USER_WITH10_RSP_IID_OFFSET7_RSP_TID_OFFSET17_RSP_ORDKEY_OFFSET27_RSP_OPC_OFFSET35_RSP_STATUS_OFFSET37_RSP_ADDR_OFFSET39_RSP_USER_OFFSET71_RSP_ERRC_OFFSET81_NBYTEPERWORD8_TAG_CNT_WITH3_SPEC_REQ_BUFF_DEEP8_ADDR_BLOCK_SIZE64_ADDR_BP_TYPE1_AUSER_WITH1_EARLY_RSP_MODE1_DLY0_0', input port 'reqo2rspo_data[51]' is connected directly to output port 'rspo2am_data[51]'. (LINT-29)
Warning: In design 'rsp_order_URGE_WITH7_SUBR_WITH8_IID_WITH10_TID_WITH10_ADDR_WITH32_AXID_WITH4_ORDKEY_WITH8_LEN_WITH8_USER_WITH10_RSP_IID_OFFSET7_RSP_TID_OFFSET17_RSP_ORDKEY_OFFSET27_RSP_OPC_OFFSET35_RSP_STATUS_OFFSET37_RSP_ADDR_OFFSET39_RSP_USER_OFFSET71_RSP_ERRC_OFFSET81_NBYTEPERWORD8_TAG_CNT_WITH3_SPEC_REQ_BUFF_DEEP8_ADDR_BLOCK_SIZE64_ADDR_BP_TYPE1_AUSER_WITH1_EARLY_RSP_MODE1_DLY0_0', input port 'reqo2rspo_data[50]' is connected directly to output port 'rspo2am_data[50]'. (LINT-29)
Warning: In design 'rsp_order_URGE_WITH7_SUBR_WITH8_IID_WITH10_TID_WITH10_ADDR_WITH32_AXID_WITH4_ORDKEY_WITH8_LEN_WITH8_USER_WITH10_RSP_IID_OFFSET7_RSP_TID_OFFSET17_RSP_ORDKEY_OFFSET27_RSP_OPC_OFFSET35_RSP_STATUS_OFFSET37_RSP_ADDR_OFFSET39_RSP_USER_OFFSET71_RSP_ERRC_OFFSET81_NBYTEPERWORD8_TAG_CNT_WITH3_SPEC_REQ_BUFF_DEEP8_ADDR_BLOCK_SIZE64_ADDR_BP_TYPE1_AUSER_WITH1_EARLY_RSP_MODE1_DLY0_0', input port 'reqo2rspo_data[49]' is connected directly to output port 'rspo2am_data[49]'. (LINT-29)
Warning: In design 'rsp_order_URGE_WITH7_SUBR_WITH8_IID_WITH10_TID_WITH10_ADDR_WITH32_AXID_WITH4_ORDKEY_WITH8_LEN_WITH8_USER_WITH10_RSP_IID_OFFSET7_RSP_TID_OFFSET17_RSP_ORDKEY_OFFSET27_RSP_OPC_OFFSET35_RSP_STATUS_OFFSET37_RSP_ADDR_OFFSET39_RSP_USER_OFFSET71_RSP_ERRC_OFFSET81_NBYTEPERWORD8_TAG_CNT_WITH3_SPEC_REQ_BUFF_DEEP8_ADDR_BLOCK_SIZE64_ADDR_BP_TYPE1_AUSER_WITH1_EARLY_RSP_MODE1_DLY0_0', input port 'reqo2rspo_data[48]' is connected directly to output port 'rspo2am_data[48]'. (LINT-29)
Warning: In design 'rsp_order_URGE_WITH7_SUBR_WITH8_IID_WITH10_TID_WITH10_ADDR_WITH32_AXID_WITH4_ORDKEY_WITH8_LEN_WITH8_USER_WITH10_RSP_IID_OFFSET7_RSP_TID_OFFSET17_RSP_ORDKEY_OFFSET27_RSP_OPC_OFFSET35_RSP_STATUS_OFFSET37_RSP_ADDR_OFFSET39_RSP_USER_OFFSET71_RSP_ERRC_OFFSET81_NBYTEPERWORD8_TAG_CNT_WITH3_SPEC_REQ_BUFF_DEEP8_ADDR_BLOCK_SIZE64_ADDR_BP_TYPE1_AUSER_WITH1_EARLY_RSP_MODE1_DLY0_0', input port 'reqo2rspo_data[47]' is connected directly to output port 'rspo2am_data[47]'. (LINT-29)
Warning: In design 'rsp_order_URGE_WITH7_SUBR_WITH8_IID_WITH10_TID_WITH10_ADDR_WITH32_AXID_WITH4_ORDKEY_WITH8_LEN_WITH8_USER_WITH10_RSP_IID_OFFSET7_RSP_TID_OFFSET17_RSP_ORDKEY_OFFSET27_RSP_OPC_OFFSET35_RSP_STATUS_OFFSET37_RSP_ADDR_OFFSET39_RSP_USER_OFFSET71_RSP_ERRC_OFFSET81_NBYTEPERWORD8_TAG_CNT_WITH3_SPEC_REQ_BUFF_DEEP8_ADDR_BLOCK_SIZE64_ADDR_BP_TYPE1_AUSER_WITH1_EARLY_RSP_MODE1_DLY0_0', input port 'reqo2rspo_data[46]' is connected directly to output port 'rspo2am_data[46]'. (LINT-29)
Warning: In design 'rsp_order_URGE_WITH7_SUBR_WITH8_IID_WITH10_TID_WITH10_ADDR_WITH32_AXID_WITH4_ORDKEY_WITH8_LEN_WITH8_USER_WITH10_RSP_IID_OFFSET7_RSP_TID_OFFSET17_RSP_ORDKEY_OFFSET27_RSP_OPC_OFFSET35_RSP_STATUS_OFFSET37_RSP_ADDR_OFFSET39_RSP_USER_OFFSET71_RSP_ERRC_OFFSET81_NBYTEPERWORD8_TAG_CNT_WITH3_SPEC_REQ_BUFF_DEEP8_ADDR_BLOCK_SIZE64_ADDR_BP_TYPE1_AUSER_WITH1_EARLY_RSP_MODE1_DLY0_0', input port 'reqo2rspo_data[45]' is connected directly to output port 'rspo2am_data[45]'. (LINT-29)
Warning: In design 'rsp_order_URGE_WITH7_SUBR_WITH8_IID_WITH10_TID_WITH10_ADDR_WITH32_AXID_WITH4_ORDKEY_WITH8_LEN_WITH8_USER_WITH10_RSP_IID_OFFSET7_RSP_TID_OFFSET17_RSP_ORDKEY_OFFSET27_RSP_OPC_OFFSET35_RSP_STATUS_OFFSET37_RSP_ADDR_OFFSET39_RSP_USER_OFFSET71_RSP_ERRC_OFFSET81_NBYTEPERWORD8_TAG_CNT_WITH3_SPEC_REQ_BUFF_DEEP8_ADDR_BLOCK_SIZE64_ADDR_BP_TYPE1_AUSER_WITH1_EARLY_RSP_MODE1_DLY0_0', input port 'reqo2rspo_data[44]' is connected directly to output port 'rspo2am_data[44]'. (LINT-29)
Warning: In design 'rsp_order_URGE_WITH7_SUBR_WITH8_IID_WITH10_TID_WITH10_ADDR_WITH32_AXID_WITH4_ORDKEY_WITH8_LEN_WITH8_USER_WITH10_RSP_IID_OFFSET7_RSP_TID_OFFSET17_RSP_ORDKEY_OFFSET27_RSP_OPC_OFFSET35_RSP_STATUS_OFFSET37_RSP_ADDR_OFFSET39_RSP_USER_OFFSET71_RSP_ERRC_OFFSET81_NBYTEPERWORD8_TAG_CNT_WITH3_SPEC_REQ_BUFF_DEEP8_ADDR_BLOCK_SIZE64_ADDR_BP_TYPE1_AUSER_WITH1_EARLY_RSP_MODE1_DLY0_0', input port 'reqo2rspo_data[43]' is connected directly to output port 'rspo2am_data[43]'. (LINT-29)
Warning: In design 'rsp_order_URGE_WITH7_SUBR_WITH8_IID_WITH10_TID_WITH10_ADDR_WITH32_AXID_WITH4_ORDKEY_WITH8_LEN_WITH8_USER_WITH10_RSP_IID_OFFSET7_RSP_TID_OFFSET17_RSP_ORDKEY_OFFSET27_RSP_OPC_OFFSET35_RSP_STATUS_OFFSET37_RSP_ADDR_OFFSET39_RSP_USER_OFFSET71_RSP_ERRC_OFFSET81_NBYTEPERWORD8_TAG_CNT_WITH3_SPEC_REQ_BUFF_DEEP8_ADDR_BLOCK_SIZE64_ADDR_BP_TYPE1_AUSER_WITH1_EARLY_RSP_MODE1_DLY0_0', input port 'reqo2rspo_data[42]' is connected directly to output port 'rspo2am_data[42]'. (LINT-29)
Warning: In design 'rsp_order_URGE_WITH7_SUBR_WITH8_IID_WITH10_TID_WITH10_ADDR_WITH32_AXID_WITH4_ORDKEY_WITH8_LEN_WITH8_USER_WITH10_RSP_IID_OFFSET7_RSP_TID_OFFSET17_RSP_ORDKEY_OFFSET27_RSP_OPC_OFFSET35_RSP_STATUS_OFFSET37_RSP_ADDR_OFFSET39_RSP_USER_OFFSET71_RSP_ERRC_OFFSET81_NBYTEPERWORD8_TAG_CNT_WITH3_SPEC_REQ_BUFF_DEEP8_ADDR_BLOCK_SIZE64_ADDR_BP_TYPE1_AUSER_WITH1_EARLY_RSP_MODE1_DLY0_0', input port 'reqo2rspo_data[41]' is connected directly to output port 'rspo2am_data[41]'. (LINT-29)
Warning: In design 'rsp_order_URGE_WITH7_SUBR_WITH8_IID_WITH10_TID_WITH10_ADDR_WITH32_AXID_WITH4_ORDKEY_WITH8_LEN_WITH8_USER_WITH10_RSP_IID_OFFSET7_RSP_TID_OFFSET17_RSP_ORDKEY_OFFSET27_RSP_OPC_OFFSET35_RSP_STATUS_OFFSET37_RSP_ADDR_OFFSET39_RSP_USER_OFFSET71_RSP_ERRC_OFFSET81_NBYTEPERWORD8_TAG_CNT_WITH3_SPEC_REQ_BUFF_DEEP8_ADDR_BLOCK_SIZE64_ADDR_BP_TYPE1_AUSER_WITH1_EARLY_RSP_MODE1_DLY0_0', input port 'reqo2rspo_data[40]' is connected directly to output port 'rspo2am_data[40]'. (LINT-29)
Warning: In design 'rsp_order_URGE_WITH7_SUBR_WITH8_IID_WITH10_TID_WITH10_ADDR_WITH32_AXID_WITH4_ORDKEY_WITH8_LEN_WITH8_USER_WITH10_RSP_IID_OFFSET7_RSP_TID_OFFSET17_RSP_ORDKEY_OFFSET27_RSP_OPC_OFFSET35_RSP_STATUS_OFFSET37_RSP_ADDR_OFFSET39_RSP_USER_OFFSET71_RSP_ERRC_OFFSET81_NBYTEPERWORD8_TAG_CNT_WITH3_SPEC_REQ_BUFF_DEEP8_ADDR_BLOCK_SIZE64_ADDR_BP_TYPE1_AUSER_WITH1_EARLY_RSP_MODE1_DLY0_0', input port 'reqo2rspo_data[39]' is connected directly to output port 'rspo2am_data[39]'. (LINT-29)
Warning: In design 'rsp_order_URGE_WITH7_SUBR_WITH8_IID_WITH10_TID_WITH10_ADDR_WITH32_AXID_WITH4_ORDKEY_WITH8_LEN_WITH8_USER_WITH10_RSP_IID_OFFSET7_RSP_TID_OFFSET17_RSP_ORDKEY_OFFSET27_RSP_OPC_OFFSET35_RSP_STATUS_OFFSET37_RSP_ADDR_OFFSET39_RSP_USER_OFFSET71_RSP_ERRC_OFFSET81_NBYTEPERWORD8_TAG_CNT_WITH3_SPEC_REQ_BUFF_DEEP8_ADDR_BLOCK_SIZE64_ADDR_BP_TYPE1_AUSER_WITH1_EARLY_RSP_MODE1_DLY0_0', input port 'reqo2rspo_data[38]' is connected directly to output port 'rspo2am_data[38]'. (LINT-29)
Warning: In design 'rsp_order_URGE_WITH7_SUBR_WITH8_IID_WITH10_TID_WITH10_ADDR_WITH32_AXID_WITH4_ORDKEY_WITH8_LEN_WITH8_USER_WITH10_RSP_IID_OFFSET7_RSP_TID_OFFSET17_RSP_ORDKEY_OFFSET27_RSP_OPC_OFFSET35_RSP_STATUS_OFFSET37_RSP_ADDR_OFFSET39_RSP_USER_OFFSET71_RSP_ERRC_OFFSET81_NBYTEPERWORD8_TAG_CNT_WITH3_SPEC_REQ_BUFF_DEEP8_ADDR_BLOCK_SIZE64_ADDR_BP_TYPE1_AUSER_WITH1_EARLY_RSP_MODE1_DLY0_0', input port 'reqo2rspo_data[37]' is connected directly to output port 'rspo2am_data[37]'. (LINT-29)
Warning: In design 'rsp_order_URGE_WITH7_SUBR_WITH8_IID_WITH10_TID_WITH10_ADDR_WITH32_AXID_WITH4_ORDKEY_WITH8_LEN_WITH8_USER_WITH10_RSP_IID_OFFSET7_RSP_TID_OFFSET17_RSP_ORDKEY_OFFSET27_RSP_OPC_OFFSET35_RSP_STATUS_OFFSET37_RSP_ADDR_OFFSET39_RSP_USER_OFFSET71_RSP_ERRC_OFFSET81_NBYTEPERWORD8_TAG_CNT_WITH3_SPEC_REQ_BUFF_DEEP8_ADDR_BLOCK_SIZE64_ADDR_BP_TYPE1_AUSER_WITH1_EARLY_RSP_MODE1_DLY0_0', input port 'reqo2rspo_data[36]' is connected directly to output port 'rspo2am_data[36]'. (LINT-29)
Warning: In design 'rsp_order_URGE_WITH7_SUBR_WITH8_IID_WITH10_TID_WITH10_ADDR_WITH32_AXID_WITH4_ORDKEY_WITH8_LEN_WITH8_USER_WITH10_RSP_IID_OFFSET7_RSP_TID_OFFSET17_RSP_ORDKEY_OFFSET27_RSP_OPC_OFFSET35_RSP_STATUS_OFFSET37_RSP_ADDR_OFFSET39_RSP_USER_OFFSET71_RSP_ERRC_OFFSET81_NBYTEPERWORD8_TAG_CNT_WITH3_SPEC_REQ_BUFF_DEEP8_ADDR_BLOCK_SIZE64_ADDR_BP_TYPE1_AUSER_WITH1_EARLY_RSP_MODE1_DLY0_0', input port 'reqo2rspo_data[35]' is connected directly to output port 'rspo2am_data[35]'. (LINT-29)
Warning: In design 'rsp_order_URGE_WITH7_SUBR_WITH8_IID_WITH10_TID_WITH10_ADDR_WITH32_AXID_WITH4_ORDKEY_WITH8_LEN_WITH8_USER_WITH10_RSP_IID_OFFSET7_RSP_TID_OFFSET17_RSP_ORDKEY_OFFSET27_RSP_OPC_OFFSET35_RSP_STATUS_OFFSET37_RSP_ADDR_OFFSET39_RSP_USER_OFFSET71_RSP_ERRC_OFFSET81_NBYTEPERWORD8_TAG_CNT_WITH3_SPEC_REQ_BUFF_DEEP8_ADDR_BLOCK_SIZE64_ADDR_BP_TYPE1_AUSER_WITH1_EARLY_RSP_MODE1_DLY0_0', input port 'reqo2rspo_data[34]' is connected directly to output port 'rspo2am_data[34]'. (LINT-29)
Warning: In design 'rsp_order_URGE_WITH7_SUBR_WITH8_IID_WITH10_TID_WITH10_ADDR_WITH32_AXID_WITH4_ORDKEY_WITH8_LEN_WITH8_USER_WITH10_RSP_IID_OFFSET7_RSP_TID_OFFSET17_RSP_ORDKEY_OFFSET27_RSP_OPC_OFFSET35_RSP_STATUS_OFFSET37_RSP_ADDR_OFFSET39_RSP_USER_OFFSET71_RSP_ERRC_OFFSET81_NBYTEPERWORD8_TAG_CNT_WITH3_SPEC_REQ_BUFF_DEEP8_ADDR_BLOCK_SIZE64_ADDR_BP_TYPE1_AUSER_WITH1_EARLY_RSP_MODE1_DLY0_0', input port 'reqo2rspo_data[33]' is connected directly to output port 'rspo2am_data[33]'. (LINT-29)
Warning: In design 'rsp_order_URGE_WITH7_SUBR_WITH8_IID_WITH10_TID_WITH10_ADDR_WITH32_AXID_WITH4_ORDKEY_WITH8_LEN_WITH8_USER_WITH10_RSP_IID_OFFSET7_RSP_TID_OFFSET17_RSP_ORDKEY_OFFSET27_RSP_OPC_OFFSET35_RSP_STATUS_OFFSET37_RSP_ADDR_OFFSET39_RSP_USER_OFFSET71_RSP_ERRC_OFFSET81_NBYTEPERWORD8_TAG_CNT_WITH3_SPEC_REQ_BUFF_DEEP8_ADDR_BLOCK_SIZE64_ADDR_BP_TYPE1_AUSER_WITH1_EARLY_RSP_MODE1_DLY0_0', input port 'reqo2rspo_data[32]' is connected directly to output port 'rspo2am_data[32]'. (LINT-29)
Warning: In design 'rsp_order_URGE_WITH7_SUBR_WITH8_IID_WITH10_TID_WITH10_ADDR_WITH32_AXID_WITH4_ORDKEY_WITH8_LEN_WITH8_USER_WITH10_RSP_IID_OFFSET7_RSP_TID_OFFSET17_RSP_ORDKEY_OFFSET27_RSP_OPC_OFFSET35_RSP_STATUS_OFFSET37_RSP_ADDR_OFFSET39_RSP_USER_OFFSET71_RSP_ERRC_OFFSET81_NBYTEPERWORD8_TAG_CNT_WITH3_SPEC_REQ_BUFF_DEEP8_ADDR_BLOCK_SIZE64_ADDR_BP_TYPE1_AUSER_WITH1_EARLY_RSP_MODE1_DLY0_0', input port 'reqo2rspo_data[31]' is connected directly to output port 'rspo2am_data[31]'. (LINT-29)
Warning: In design 'rsp_order_URGE_WITH7_SUBR_WITH8_IID_WITH10_TID_WITH10_ADDR_WITH32_AXID_WITH4_ORDKEY_WITH8_LEN_WITH8_USER_WITH10_RSP_IID_OFFSET7_RSP_TID_OFFSET17_RSP_ORDKEY_OFFSET27_RSP_OPC_OFFSET35_RSP_STATUS_OFFSET37_RSP_ADDR_OFFSET39_RSP_USER_OFFSET71_RSP_ERRC_OFFSET81_NBYTEPERWORD8_TAG_CNT_WITH3_SPEC_REQ_BUFF_DEEP8_ADDR_BLOCK_SIZE64_ADDR_BP_TYPE1_AUSER_WITH1_EARLY_RSP_MODE1_DLY0_0', input port 'reqo2rspo_data[30]' is connected directly to output port 'rspo2am_data[30]'. (LINT-29)
Warning: In design 'rsp_order_URGE_WITH7_SUBR_WITH8_IID_WITH10_TID_WITH10_ADDR_WITH32_AXID_WITH4_ORDKEY_WITH8_LEN_WITH8_USER_WITH10_RSP_IID_OFFSET7_RSP_TID_OFFSET17_RSP_ORDKEY_OFFSET27_RSP_OPC_OFFSET35_RSP_STATUS_OFFSET37_RSP_ADDR_OFFSET39_RSP_USER_OFFSET71_RSP_ERRC_OFFSET81_NBYTEPERWORD8_TAG_CNT_WITH3_SPEC_REQ_BUFF_DEEP8_ADDR_BLOCK_SIZE64_ADDR_BP_TYPE1_AUSER_WITH1_EARLY_RSP_MODE1_DLY0_0', input port 'reqo2rspo_data[29]' is connected directly to output port 'rspo2am_data[29]'. (LINT-29)
Warning: In design 'rsp_order_URGE_WITH7_SUBR_WITH8_IID_WITH10_TID_WITH10_ADDR_WITH32_AXID_WITH4_ORDKEY_WITH8_LEN_WITH8_USER_WITH10_RSP_IID_OFFSET7_RSP_TID_OFFSET17_RSP_ORDKEY_OFFSET27_RSP_OPC_OFFSET35_RSP_STATUS_OFFSET37_RSP_ADDR_OFFSET39_RSP_USER_OFFSET71_RSP_ERRC_OFFSET81_NBYTEPERWORD8_TAG_CNT_WITH3_SPEC_REQ_BUFF_DEEP8_ADDR_BLOCK_SIZE64_ADDR_BP_TYPE1_AUSER_WITH1_EARLY_RSP_MODE1_DLY0_0', input port 'reqo2rspo_data[28]' is connected directly to output port 'rspo2am_data[28]'. (LINT-29)
Warning: In design 'rsp_order_URGE_WITH7_SUBR_WITH8_IID_WITH10_TID_WITH10_ADDR_WITH32_AXID_WITH4_ORDKEY_WITH8_LEN_WITH8_USER_WITH10_RSP_IID_OFFSET7_RSP_TID_OFFSET17_RSP_ORDKEY_OFFSET27_RSP_OPC_OFFSET35_RSP_STATUS_OFFSET37_RSP_ADDR_OFFSET39_RSP_USER_OFFSET71_RSP_ERRC_OFFSET81_NBYTEPERWORD8_TAG_CNT_WITH3_SPEC_REQ_BUFF_DEEP8_ADDR_BLOCK_SIZE64_ADDR_BP_TYPE1_AUSER_WITH1_EARLY_RSP_MODE1_DLY0_0', input port 'reqo2rspo_data[27]' is connected directly to output port 'rspo2am_data[27]'. (LINT-29)
Warning: In design 'rsp_order_URGE_WITH7_SUBR_WITH8_IID_WITH10_TID_WITH10_ADDR_WITH32_AXID_WITH4_ORDKEY_WITH8_LEN_WITH8_USER_WITH10_RSP_IID_OFFSET7_RSP_TID_OFFSET17_RSP_ORDKEY_OFFSET27_RSP_OPC_OFFSET35_RSP_STATUS_OFFSET37_RSP_ADDR_OFFSET39_RSP_USER_OFFSET71_RSP_ERRC_OFFSET81_NBYTEPERWORD8_TAG_CNT_WITH3_SPEC_REQ_BUFF_DEEP8_ADDR_BLOCK_SIZE64_ADDR_BP_TYPE1_AUSER_WITH1_EARLY_RSP_MODE1_DLY0_0', input port 'reqo2rspo_data[26]' is connected directly to output port 'rspo2am_data[26]'. (LINT-29)
Warning: In design 'rsp_order_URGE_WITH7_SUBR_WITH8_IID_WITH10_TID_WITH10_ADDR_WITH32_AXID_WITH4_ORDKEY_WITH8_LEN_WITH8_USER_WITH10_RSP_IID_OFFSET7_RSP_TID_OFFSET17_RSP_ORDKEY_OFFSET27_RSP_OPC_OFFSET35_RSP_STATUS_OFFSET37_RSP_ADDR_OFFSET39_RSP_USER_OFFSET71_RSP_ERRC_OFFSET81_NBYTEPERWORD8_TAG_CNT_WITH3_SPEC_REQ_BUFF_DEEP8_ADDR_BLOCK_SIZE64_ADDR_BP_TYPE1_AUSER_WITH1_EARLY_RSP_MODE1_DLY0_0', input port 'reqo2rspo_data[25]' is connected directly to output port 'rspo2am_data[25]'. (LINT-29)
Warning: In design 'rsp_order_URGE_WITH7_SUBR_WITH8_IID_WITH10_TID_WITH10_ADDR_WITH32_AXID_WITH4_ORDKEY_WITH8_LEN_WITH8_USER_WITH10_RSP_IID_OFFSET7_RSP_TID_OFFSET17_RSP_ORDKEY_OFFSET27_RSP_OPC_OFFSET35_RSP_STATUS_OFFSET37_RSP_ADDR_OFFSET39_RSP_USER_OFFSET71_RSP_ERRC_OFFSET81_NBYTEPERWORD8_TAG_CNT_WITH3_SPEC_REQ_BUFF_DEEP8_ADDR_BLOCK_SIZE64_ADDR_BP_TYPE1_AUSER_WITH1_EARLY_RSP_MODE1_DLY0_0', input port 'reqo2rspo_data[24]' is connected directly to output port 'rspo2am_data[24]'. (LINT-29)
Warning: In design 'rsp_order_URGE_WITH7_SUBR_WITH8_IID_WITH10_TID_WITH10_ADDR_WITH32_AXID_WITH4_ORDKEY_WITH8_LEN_WITH8_USER_WITH10_RSP_IID_OFFSET7_RSP_TID_OFFSET17_RSP_ORDKEY_OFFSET27_RSP_OPC_OFFSET35_RSP_STATUS_OFFSET37_RSP_ADDR_OFFSET39_RSP_USER_OFFSET71_RSP_ERRC_OFFSET81_NBYTEPERWORD8_TAG_CNT_WITH3_SPEC_REQ_BUFF_DEEP8_ADDR_BLOCK_SIZE64_ADDR_BP_TYPE1_AUSER_WITH1_EARLY_RSP_MODE1_DLY0_0', input port 'reqo2rspo_data[23]' is connected directly to output port 'rspo2am_data[23]'. (LINT-29)
Warning: In design 'rsp_order_URGE_WITH7_SUBR_WITH8_IID_WITH10_TID_WITH10_ADDR_WITH32_AXID_WITH4_ORDKEY_WITH8_LEN_WITH8_USER_WITH10_RSP_IID_OFFSET7_RSP_TID_OFFSET17_RSP_ORDKEY_OFFSET27_RSP_OPC_OFFSET35_RSP_STATUS_OFFSET37_RSP_ADDR_OFFSET39_RSP_USER_OFFSET71_RSP_ERRC_OFFSET81_NBYTEPERWORD8_TAG_CNT_WITH3_SPEC_REQ_BUFF_DEEP8_ADDR_BLOCK_SIZE64_ADDR_BP_TYPE1_AUSER_WITH1_EARLY_RSP_MODE1_DLY0_0', input port 'reqo2rspo_data[22]' is connected directly to output port 'rspo2am_data[22]'. (LINT-29)
Warning: In design 'rsp_order_URGE_WITH7_SUBR_WITH8_IID_WITH10_TID_WITH10_ADDR_WITH32_AXID_WITH4_ORDKEY_WITH8_LEN_WITH8_USER_WITH10_RSP_IID_OFFSET7_RSP_TID_OFFSET17_RSP_ORDKEY_OFFSET27_RSP_OPC_OFFSET35_RSP_STATUS_OFFSET37_RSP_ADDR_OFFSET39_RSP_USER_OFFSET71_RSP_ERRC_OFFSET81_NBYTEPERWORD8_TAG_CNT_WITH3_SPEC_REQ_BUFF_DEEP8_ADDR_BLOCK_SIZE64_ADDR_BP_TYPE1_AUSER_WITH1_EARLY_RSP_MODE1_DLY0_0', input port 'reqo2rspo_data[21]' is connected directly to output port 'rspo2am_data[21]'. (LINT-29)
Warning: In design 'rsp_order_URGE_WITH7_SUBR_WITH8_IID_WITH10_TID_WITH10_ADDR_WITH32_AXID_WITH4_ORDKEY_WITH8_LEN_WITH8_USER_WITH10_RSP_IID_OFFSET7_RSP_TID_OFFSET17_RSP_ORDKEY_OFFSET27_RSP_OPC_OFFSET35_RSP_STATUS_OFFSET37_RSP_ADDR_OFFSET39_RSP_USER_OFFSET71_RSP_ERRC_OFFSET81_NBYTEPERWORD8_TAG_CNT_WITH3_SPEC_REQ_BUFF_DEEP8_ADDR_BLOCK_SIZE64_ADDR_BP_TYPE1_AUSER_WITH1_EARLY_RSP_MODE1_DLY0_0', input port 'reqo2rspo_data[20]' is connected directly to output port 'rspo2am_data[20]'. (LINT-29)
Warning: In design 'rsp_order_URGE_WITH7_SUBR_WITH8_IID_WITH10_TID_WITH10_ADDR_WITH32_AXID_WITH4_ORDKEY_WITH8_LEN_WITH8_USER_WITH10_RSP_IID_OFFSET7_RSP_TID_OFFSET17_RSP_ORDKEY_OFFSET27_RSP_OPC_OFFSET35_RSP_STATUS_OFFSET37_RSP_ADDR_OFFSET39_RSP_USER_OFFSET71_RSP_ERRC_OFFSET81_NBYTEPERWORD8_TAG_CNT_WITH3_SPEC_REQ_BUFF_DEEP8_ADDR_BLOCK_SIZE64_ADDR_BP_TYPE1_AUSER_WITH1_EARLY_RSP_MODE1_DLY0_0', input port 'reqo2rspo_data[19]' is connected directly to output port 'rspo2am_data[19]'. (LINT-29)
Warning: In design 'rsp_order_URGE_WITH7_SUBR_WITH8_IID_WITH10_TID_WITH10_ADDR_WITH32_AXID_WITH4_ORDKEY_WITH8_LEN_WITH8_USER_WITH10_RSP_IID_OFFSET7_RSP_TID_OFFSET17_RSP_ORDKEY_OFFSET27_RSP_OPC_OFFSET35_RSP_STATUS_OFFSET37_RSP_ADDR_OFFSET39_RSP_USER_OFFSET71_RSP_ERRC_OFFSET81_NBYTEPERWORD8_TAG_CNT_WITH3_SPEC_REQ_BUFF_DEEP8_ADDR_BLOCK_SIZE64_ADDR_BP_TYPE1_AUSER_WITH1_EARLY_RSP_MODE1_DLY0_0', input port 'reqo2rspo_data[18]' is connected directly to output port 'rspo2am_data[18]'. (LINT-29)
Warning: In design 'rsp_order_URGE_WITH7_SUBR_WITH8_IID_WITH10_TID_WITH10_ADDR_WITH32_AXID_WITH4_ORDKEY_WITH8_LEN_WITH8_USER_WITH10_RSP_IID_OFFSET7_RSP_TID_OFFSET17_RSP_ORDKEY_OFFSET27_RSP_OPC_OFFSET35_RSP_STATUS_OFFSET37_RSP_ADDR_OFFSET39_RSP_USER_OFFSET71_RSP_ERRC_OFFSET81_NBYTEPERWORD8_TAG_CNT_WITH3_SPEC_REQ_BUFF_DEEP8_ADDR_BLOCK_SIZE64_ADDR_BP_TYPE1_AUSER_WITH1_EARLY_RSP_MODE1_DLY0_0', input port 'reqo2rspo_data[17]' is connected directly to output port 'rspo2am_data[17]'. (LINT-29)
Warning: In design 'rsp_order_URGE_WITH7_SUBR_WITH8_IID_WITH10_TID_WITH10_ADDR_WITH32_AXID_WITH4_ORDKEY_WITH8_LEN_WITH8_USER_WITH10_RSP_IID_OFFSET7_RSP_TID_OFFSET17_RSP_ORDKEY_OFFSET27_RSP_OPC_OFFSET35_RSP_STATUS_OFFSET37_RSP_ADDR_OFFSET39_RSP_USER_OFFSET71_RSP_ERRC_OFFSET81_NBYTEPERWORD8_TAG_CNT_WITH3_SPEC_REQ_BUFF_DEEP8_ADDR_BLOCK_SIZE64_ADDR_BP_TYPE1_AUSER_WITH1_EARLY_RSP_MODE1_DLY0_0', input port 'reqo2rspo_data[16]' is connected directly to output port 'rspo2am_data[16]'. (LINT-29)
Warning: In design 'rsp_order_URGE_WITH7_SUBR_WITH8_IID_WITH10_TID_WITH10_ADDR_WITH32_AXID_WITH4_ORDKEY_WITH8_LEN_WITH8_USER_WITH10_RSP_IID_OFFSET7_RSP_TID_OFFSET17_RSP_ORDKEY_OFFSET27_RSP_OPC_OFFSET35_RSP_STATUS_OFFSET37_RSP_ADDR_OFFSET39_RSP_USER_OFFSET71_RSP_ERRC_OFFSET81_NBYTEPERWORD8_TAG_CNT_WITH3_SPEC_REQ_BUFF_DEEP8_ADDR_BLOCK_SIZE64_ADDR_BP_TYPE1_AUSER_WITH1_EARLY_RSP_MODE1_DLY0_0', input port 'reqo2rspo_data[15]' is connected directly to output port 'rspo2am_data[15]'. (LINT-29)
Warning: In design 'rsp_order_URGE_WITH7_SUBR_WITH8_IID_WITH10_TID_WITH10_ADDR_WITH32_AXID_WITH4_ORDKEY_WITH8_LEN_WITH8_USER_WITH10_RSP_IID_OFFSET7_RSP_TID_OFFSET17_RSP_ORDKEY_OFFSET27_RSP_OPC_OFFSET35_RSP_STATUS_OFFSET37_RSP_ADDR_OFFSET39_RSP_USER_OFFSET71_RSP_ERRC_OFFSET81_NBYTEPERWORD8_TAG_CNT_WITH3_SPEC_REQ_BUFF_DEEP8_ADDR_BLOCK_SIZE64_ADDR_BP_TYPE1_AUSER_WITH1_EARLY_RSP_MODE1_DLY0_0', input port 'reqo2rspo_data[14]' is connected directly to output port 'rspo2am_data[14]'. (LINT-29)
Warning: In design 'rsp_order_URGE_WITH7_SUBR_WITH8_IID_WITH10_TID_WITH10_ADDR_WITH32_AXID_WITH4_ORDKEY_WITH8_LEN_WITH8_USER_WITH10_RSP_IID_OFFSET7_RSP_TID_OFFSET17_RSP_ORDKEY_OFFSET27_RSP_OPC_OFFSET35_RSP_STATUS_OFFSET37_RSP_ADDR_OFFSET39_RSP_USER_OFFSET71_RSP_ERRC_OFFSET81_NBYTEPERWORD8_TAG_CNT_WITH3_SPEC_REQ_BUFF_DEEP8_ADDR_BLOCK_SIZE64_ADDR_BP_TYPE1_AUSER_WITH1_EARLY_RSP_MODE1_DLY0_0', input port 'reqo2rspo_data[13]' is connected directly to output port 'rspo2am_data[13]'. (LINT-29)
Warning: In design 'rsp_order_URGE_WITH7_SUBR_WITH8_IID_WITH10_TID_WITH10_ADDR_WITH32_AXID_WITH4_ORDKEY_WITH8_LEN_WITH8_USER_WITH10_RSP_IID_OFFSET7_RSP_TID_OFFSET17_RSP_ORDKEY_OFFSET27_RSP_OPC_OFFSET35_RSP_STATUS_OFFSET37_RSP_ADDR_OFFSET39_RSP_USER_OFFSET71_RSP_ERRC_OFFSET81_NBYTEPERWORD8_TAG_CNT_WITH3_SPEC_REQ_BUFF_DEEP8_ADDR_BLOCK_SIZE64_ADDR_BP_TYPE1_AUSER_WITH1_EARLY_RSP_MODE1_DLY0_0', input port 'reqo2rspo_data[12]' is connected directly to output port 'rspo2am_data[12]'. (LINT-29)
Warning: In design 'rsp_order_URGE_WITH7_SUBR_WITH8_IID_WITH10_TID_WITH10_ADDR_WITH32_AXID_WITH4_ORDKEY_WITH8_LEN_WITH8_USER_WITH10_RSP_IID_OFFSET7_RSP_TID_OFFSET17_RSP_ORDKEY_OFFSET27_RSP_OPC_OFFSET35_RSP_STATUS_OFFSET37_RSP_ADDR_OFFSET39_RSP_USER_OFFSET71_RSP_ERRC_OFFSET81_NBYTEPERWORD8_TAG_CNT_WITH3_SPEC_REQ_BUFF_DEEP8_ADDR_BLOCK_SIZE64_ADDR_BP_TYPE1_AUSER_WITH1_EARLY_RSP_MODE1_DLY0_0', input port 'reqo2rspo_data[11]' is connected directly to output port 'rspo2am_data[11]'. (LINT-29)
Warning: In design 'rsp_order_URGE_WITH7_SUBR_WITH8_IID_WITH10_TID_WITH10_ADDR_WITH32_AXID_WITH4_ORDKEY_WITH8_LEN_WITH8_USER_WITH10_RSP_IID_OFFSET7_RSP_TID_OFFSET17_RSP_ORDKEY_OFFSET27_RSP_OPC_OFFSET35_RSP_STATUS_OFFSET37_RSP_ADDR_OFFSET39_RSP_USER_OFFSET71_RSP_ERRC_OFFSET81_NBYTEPERWORD8_TAG_CNT_WITH3_SPEC_REQ_BUFF_DEEP8_ADDR_BLOCK_SIZE64_ADDR_BP_TYPE1_AUSER_WITH1_EARLY_RSP_MODE1_DLY0_0', input port 'reqo2rspo_data[10]' is connected directly to output port 'rspo2am_data[10]'. (LINT-29)
Warning: In design 'rsp_order_URGE_WITH7_SUBR_WITH8_IID_WITH10_TID_WITH10_ADDR_WITH32_AXID_WITH4_ORDKEY_WITH8_LEN_WITH8_USER_WITH10_RSP_IID_OFFSET7_RSP_TID_OFFSET17_RSP_ORDKEY_OFFSET27_RSP_OPC_OFFSET35_RSP_STATUS_OFFSET37_RSP_ADDR_OFFSET39_RSP_USER_OFFSET71_RSP_ERRC_OFFSET81_NBYTEPERWORD8_TAG_CNT_WITH3_SPEC_REQ_BUFF_DEEP8_ADDR_BLOCK_SIZE64_ADDR_BP_TYPE1_AUSER_WITH1_EARLY_RSP_MODE1_DLY0_0', input port 'reqo2rspo_data[9]' is connected directly to output port 'rspo2am_data[9]'. (LINT-29)
Warning: In design 'rsp_order_URGE_WITH7_SUBR_WITH8_IID_WITH10_TID_WITH10_ADDR_WITH32_AXID_WITH4_ORDKEY_WITH8_LEN_WITH8_USER_WITH10_RSP_IID_OFFSET7_RSP_TID_OFFSET17_RSP_ORDKEY_OFFSET27_RSP_OPC_OFFSET35_RSP_STATUS_OFFSET37_RSP_ADDR_OFFSET39_RSP_USER_OFFSET71_RSP_ERRC_OFFSET81_NBYTEPERWORD8_TAG_CNT_WITH3_SPEC_REQ_BUFF_DEEP8_ADDR_BLOCK_SIZE64_ADDR_BP_TYPE1_AUSER_WITH1_EARLY_RSP_MODE1_DLY0_0', input port 'reqo2rspo_data[8]' is connected directly to output port 'rspo2am_data[8]'. (LINT-29)
Warning: In design 'rsp_order_URGE_WITH7_SUBR_WITH8_IID_WITH10_TID_WITH10_ADDR_WITH32_AXID_WITH4_ORDKEY_WITH8_LEN_WITH8_USER_WITH10_RSP_IID_OFFSET7_RSP_TID_OFFSET17_RSP_ORDKEY_OFFSET27_RSP_OPC_OFFSET35_RSP_STATUS_OFFSET37_RSP_ADDR_OFFSET39_RSP_USER_OFFSET71_RSP_ERRC_OFFSET81_NBYTEPERWORD8_TAG_CNT_WITH3_SPEC_REQ_BUFF_DEEP8_ADDR_BLOCK_SIZE64_ADDR_BP_TYPE1_AUSER_WITH1_EARLY_RSP_MODE1_DLY0_0', input port 'reqo2rspo_data[7]' is connected directly to output port 'rspo2am_data[7]'. (LINT-29)
Warning: In design 'rsp_order_URGE_WITH7_SUBR_WITH8_IID_WITH10_TID_WITH10_ADDR_WITH32_AXID_WITH4_ORDKEY_WITH8_LEN_WITH8_USER_WITH10_RSP_IID_OFFSET7_RSP_TID_OFFSET17_RSP_ORDKEY_OFFSET27_RSP_OPC_OFFSET35_RSP_STATUS_OFFSET37_RSP_ADDR_OFFSET39_RSP_USER_OFFSET71_RSP_ERRC_OFFSET81_NBYTEPERWORD8_TAG_CNT_WITH3_SPEC_REQ_BUFF_DEEP8_ADDR_BLOCK_SIZE64_ADDR_BP_TYPE1_AUSER_WITH1_EARLY_RSP_MODE1_DLY0_0', input port 'reqo2rspo_data[6]' is connected directly to output port 'rspo2am_data[6]'. (LINT-29)
Warning: In design 'rsp_order_URGE_WITH7_SUBR_WITH8_IID_WITH10_TID_WITH10_ADDR_WITH32_AXID_WITH4_ORDKEY_WITH8_LEN_WITH8_USER_WITH10_RSP_IID_OFFSET7_RSP_TID_OFFSET17_RSP_ORDKEY_OFFSET27_RSP_OPC_OFFSET35_RSP_STATUS_OFFSET37_RSP_ADDR_OFFSET39_RSP_USER_OFFSET71_RSP_ERRC_OFFSET81_NBYTEPERWORD8_TAG_CNT_WITH3_SPEC_REQ_BUFF_DEEP8_ADDR_BLOCK_SIZE64_ADDR_BP_TYPE1_AUSER_WITH1_EARLY_RSP_MODE1_DLY0_0', input port 'reqo2rspo_data[5]' is connected directly to output port 'rspo2am_data[5]'. (LINT-29)
Warning: In design 'rsp_order_URGE_WITH7_SUBR_WITH8_IID_WITH10_TID_WITH10_ADDR_WITH32_AXID_WITH4_ORDKEY_WITH8_LEN_WITH8_USER_WITH10_RSP_IID_OFFSET7_RSP_TID_OFFSET17_RSP_ORDKEY_OFFSET27_RSP_OPC_OFFSET35_RSP_STATUS_OFFSET37_RSP_ADDR_OFFSET39_RSP_USER_OFFSET71_RSP_ERRC_OFFSET81_NBYTEPERWORD8_TAG_CNT_WITH3_SPEC_REQ_BUFF_DEEP8_ADDR_BLOCK_SIZE64_ADDR_BP_TYPE1_AUSER_WITH1_EARLY_RSP_MODE1_DLY0_0', input port 'reqo2rspo_data[4]' is connected directly to output port 'rspo2am_data[4]'. (LINT-29)
Warning: In design 'rsp_order_URGE_WITH7_SUBR_WITH8_IID_WITH10_TID_WITH10_ADDR_WITH32_AXID_WITH4_ORDKEY_WITH8_LEN_WITH8_USER_WITH10_RSP_IID_OFFSET7_RSP_TID_OFFSET17_RSP_ORDKEY_OFFSET27_RSP_OPC_OFFSET35_RSP_STATUS_OFFSET37_RSP_ADDR_OFFSET39_RSP_USER_OFFSET71_RSP_ERRC_OFFSET81_NBYTEPERWORD8_TAG_CNT_WITH3_SPEC_REQ_BUFF_DEEP8_ADDR_BLOCK_SIZE64_ADDR_BP_TYPE1_AUSER_WITH1_EARLY_RSP_MODE1_DLY0_0', input port 'reqo2rspo_data[3]' is connected directly to output port 'rspo2am_data[3]'. (LINT-29)
Warning: In design 'rsp_order_URGE_WITH7_SUBR_WITH8_IID_WITH10_TID_WITH10_ADDR_WITH32_AXID_WITH4_ORDKEY_WITH8_LEN_WITH8_USER_WITH10_RSP_IID_OFFSET7_RSP_TID_OFFSET17_RSP_ORDKEY_OFFSET27_RSP_OPC_OFFSET35_RSP_STATUS_OFFSET37_RSP_ADDR_OFFSET39_RSP_USER_OFFSET71_RSP_ERRC_OFFSET81_NBYTEPERWORD8_TAG_CNT_WITH3_SPEC_REQ_BUFF_DEEP8_ADDR_BLOCK_SIZE64_ADDR_BP_TYPE1_AUSER_WITH1_EARLY_RSP_MODE1_DLY0_0', input port 'reqo2rspo_data[2]' is connected directly to output port 'rspo2am_data[2]'. (LINT-29)
Warning: In design 'rsp_order_URGE_WITH7_SUBR_WITH8_IID_WITH10_TID_WITH10_ADDR_WITH32_AXID_WITH4_ORDKEY_WITH8_LEN_WITH8_USER_WITH10_RSP_IID_OFFSET7_RSP_TID_OFFSET17_RSP_ORDKEY_OFFSET27_RSP_OPC_OFFSET35_RSP_STATUS_OFFSET37_RSP_ADDR_OFFSET39_RSP_USER_OFFSET71_RSP_ERRC_OFFSET81_NBYTEPERWORD8_TAG_CNT_WITH3_SPEC_REQ_BUFF_DEEP8_ADDR_BLOCK_SIZE64_ADDR_BP_TYPE1_AUSER_WITH1_EARLY_RSP_MODE1_DLY0_0', input port 'reqo2rspo_data[1]' is connected directly to output port 'rspo2am_data[1]'. (LINT-29)
Warning: In design 'rsp_order_URGE_WITH7_SUBR_WITH8_IID_WITH10_TID_WITH10_ADDR_WITH32_AXID_WITH4_ORDKEY_WITH8_LEN_WITH8_USER_WITH10_RSP_IID_OFFSET7_RSP_TID_OFFSET17_RSP_ORDKEY_OFFSET27_RSP_OPC_OFFSET35_RSP_STATUS_OFFSET37_RSP_ADDR_OFFSET39_RSP_USER_OFFSET71_RSP_ERRC_OFFSET81_NBYTEPERWORD8_TAG_CNT_WITH3_SPEC_REQ_BUFF_DEEP8_ADDR_BLOCK_SIZE64_ADDR_BP_TYPE1_AUSER_WITH1_EARLY_RSP_MODE1_DLY0_0', input port 'reqo2rspo_data[0]' is connected directly to output port 'rspo2am_data[0]'. (LINT-29)
Warning: In design 'rsp_order_URGE_WITH7_SUBR_WITH8_IID_WITH10_TID_WITH10_ADDR_WITH32_AXID_WITH4_ORDKEY_WITH8_LEN_WITH8_USER_WITH10_RSP_IID_OFFSET7_RSP_TID_OFFSET17_RSP_ORDKEY_OFFSET27_RSP_OPC_OFFSET35_RSP_STATUS_OFFSET37_RSP_ADDR_OFFSET39_RSP_USER_OFFSET71_RSP_ERRC_OFFSET81_NBYTEPERWORD8_TAG_CNT_WITH3_SPEC_REQ_BUFF_DEEP8_ADDR_BLOCK_SIZE64_ADDR_BP_TYPE1_AUSER_WITH1_EARLY_RSP_MODE1_DLY0_0', input port 'reqo2rspo_tag_cnt[2]' is connected directly to output port 'rspo2erd_tag_cnt[2]'. (LINT-29)
Warning: In design 'rsp_order_URGE_WITH7_SUBR_WITH8_IID_WITH10_TID_WITH10_ADDR_WITH32_AXID_WITH4_ORDKEY_WITH8_LEN_WITH8_USER_WITH10_RSP_IID_OFFSET7_RSP_TID_OFFSET17_RSP_ORDKEY_OFFSET27_RSP_OPC_OFFSET35_RSP_STATUS_OFFSET37_RSP_ADDR_OFFSET39_RSP_USER_OFFSET71_RSP_ERRC_OFFSET81_NBYTEPERWORD8_TAG_CNT_WITH3_SPEC_REQ_BUFF_DEEP8_ADDR_BLOCK_SIZE64_ADDR_BP_TYPE1_AUSER_WITH1_EARLY_RSP_MODE1_DLY0_0', input port 'reqo2rspo_tag_cnt[1]' is connected directly to output port 'rspo2erd_tag_cnt[1]'. (LINT-29)
Warning: In design 'rsp_order_URGE_WITH7_SUBR_WITH8_IID_WITH10_TID_WITH10_ADDR_WITH32_AXID_WITH4_ORDKEY_WITH8_LEN_WITH8_USER_WITH10_RSP_IID_OFFSET7_RSP_TID_OFFSET17_RSP_ORDKEY_OFFSET27_RSP_OPC_OFFSET35_RSP_STATUS_OFFSET37_RSP_ADDR_OFFSET39_RSP_USER_OFFSET71_RSP_ERRC_OFFSET81_NBYTEPERWORD8_TAG_CNT_WITH3_SPEC_REQ_BUFF_DEEP8_ADDR_BLOCK_SIZE64_ADDR_BP_TYPE1_AUSER_WITH1_EARLY_RSP_MODE1_DLY0_0', input port 'reqo2rspo_tag_cnt[0]' is connected directly to output port 'rspo2erd_tag_cnt[0]'. (LINT-29)
Warning: In design 'rsp_order_URGE_WITH7_SUBR_WITH8_IID_WITH10_TID_WITH10_ADDR_WITH32_AXID_WITH4_ORDKEY_WITH8_LEN_WITH8_USER_WITH10_RSP_IID_OFFSET7_RSP_TID_OFFSET17_RSP_ORDKEY_OFFSET27_RSP_OPC_OFFSET35_RSP_STATUS_OFFSET37_RSP_ADDR_OFFSET39_RSP_USER_OFFSET71_RSP_ERRC_OFFSET81_NBYTEPERWORD8_TAG_CNT_WITH3_SPEC_REQ_BUFF_DEEP8_ADDR_BLOCK_SIZE64_ADDR_BP_TYPE1_AUSER_WITH1_EARLY_RSP_MODE1_DLY0_0', input port 'am2rspo_ready' is connected directly to output port 'rspo2reqo_ready'. (LINT-29)
Warning: In design 'rsp_order_URGE_WITH7_SUBR_WITH8_IID_WITH10_TID_WITH10_ADDR_WITH32_AXID_WITH4_ORDKEY_WITH8_LEN_WITH8_USER_WITH10_RSP_IID_OFFSET7_RSP_TID_OFFSET17_RSP_ORDKEY_OFFSET27_RSP_OPC_OFFSET35_RSP_STATUS_OFFSET37_RSP_ADDR_OFFSET39_RSP_USER_OFFSET71_RSP_ERRC_OFFSET81_NBYTEPERWORD8_TAG_CNT_WITH3_SPEC_REQ_BUFF_DEEP8_ADDR_BLOCK_SIZE64_ADDR_BP_TYPE1_AUSER_WITH1_EARLY_RSP_MODE1_DLY0_0', input port 'reqo2rspo_rsp_offset_addr[7]' is connected directly to output port 'rspo2wad_offset_addr[7]'. (LINT-29)
Warning: In design 'rsp_order_URGE_WITH7_SUBR_WITH8_IID_WITH10_TID_WITH10_ADDR_WITH32_AXID_WITH4_ORDKEY_WITH8_LEN_WITH8_USER_WITH10_RSP_IID_OFFSET7_RSP_TID_OFFSET17_RSP_ORDKEY_OFFSET27_RSP_OPC_OFFSET35_RSP_STATUS_OFFSET37_RSP_ADDR_OFFSET39_RSP_USER_OFFSET71_RSP_ERRC_OFFSET81_NBYTEPERWORD8_TAG_CNT_WITH3_SPEC_REQ_BUFF_DEEP8_ADDR_BLOCK_SIZE64_ADDR_BP_TYPE1_AUSER_WITH1_EARLY_RSP_MODE1_DLY0_0', input port 'reqo2rspo_rsp_offset_addr[6]' is connected directly to output port 'rspo2wad_offset_addr[6]'. (LINT-29)
Warning: In design 'rsp_order_URGE_WITH7_SUBR_WITH8_IID_WITH10_TID_WITH10_ADDR_WITH32_AXID_WITH4_ORDKEY_WITH8_LEN_WITH8_USER_WITH10_RSP_IID_OFFSET7_RSP_TID_OFFSET17_RSP_ORDKEY_OFFSET27_RSP_OPC_OFFSET35_RSP_STATUS_OFFSET37_RSP_ADDR_OFFSET39_RSP_USER_OFFSET71_RSP_ERRC_OFFSET81_NBYTEPERWORD8_TAG_CNT_WITH3_SPEC_REQ_BUFF_DEEP8_ADDR_BLOCK_SIZE64_ADDR_BP_TYPE1_AUSER_WITH1_EARLY_RSP_MODE1_DLY0_0', input port 'reqo2rspo_rsp_offset_addr[5]' is connected directly to output port 'rspo2wad_offset_addr[5]'. (LINT-29)
Warning: In design 'rsp_order_URGE_WITH7_SUBR_WITH8_IID_WITH10_TID_WITH10_ADDR_WITH32_AXID_WITH4_ORDKEY_WITH8_LEN_WITH8_USER_WITH10_RSP_IID_OFFSET7_RSP_TID_OFFSET17_RSP_ORDKEY_OFFSET27_RSP_OPC_OFFSET35_RSP_STATUS_OFFSET37_RSP_ADDR_OFFSET39_RSP_USER_OFFSET71_RSP_ERRC_OFFSET81_NBYTEPERWORD8_TAG_CNT_WITH3_SPEC_REQ_BUFF_DEEP8_ADDR_BLOCK_SIZE64_ADDR_BP_TYPE1_AUSER_WITH1_EARLY_RSP_MODE1_DLY0_0', input port 'reqo2rspo_rsp_offset_addr[4]' is connected directly to output port 'rspo2wad_offset_addr[4]'. (LINT-29)
Warning: In design 'rsp_order_URGE_WITH7_SUBR_WITH8_IID_WITH10_TID_WITH10_ADDR_WITH32_AXID_WITH4_ORDKEY_WITH8_LEN_WITH8_USER_WITH10_RSP_IID_OFFSET7_RSP_TID_OFFSET17_RSP_ORDKEY_OFFSET27_RSP_OPC_OFFSET35_RSP_STATUS_OFFSET37_RSP_ADDR_OFFSET39_RSP_USER_OFFSET71_RSP_ERRC_OFFSET81_NBYTEPERWORD8_TAG_CNT_WITH3_SPEC_REQ_BUFF_DEEP8_ADDR_BLOCK_SIZE64_ADDR_BP_TYPE1_AUSER_WITH1_EARLY_RSP_MODE1_DLY0_0', input port 'reqo2rspo_rsp_offset_addr[3]' is connected directly to output port 'rspo2wad_offset_addr[3]'. (LINT-29)
Warning: In design 'rsp_order_URGE_WITH7_SUBR_WITH8_IID_WITH10_TID_WITH10_ADDR_WITH32_AXID_WITH4_ORDKEY_WITH8_LEN_WITH8_USER_WITH10_RSP_IID_OFFSET7_RSP_TID_OFFSET17_RSP_ORDKEY_OFFSET27_RSP_OPC_OFFSET35_RSP_STATUS_OFFSET37_RSP_ADDR_OFFSET39_RSP_USER_OFFSET71_RSP_ERRC_OFFSET81_NBYTEPERWORD8_TAG_CNT_WITH3_SPEC_REQ_BUFF_DEEP8_ADDR_BLOCK_SIZE64_ADDR_BP_TYPE1_AUSER_WITH1_EARLY_RSP_MODE1_DLY0_0', input port 'reqo2rspo_rsp_offset_addr[2]' is connected directly to output port 'rspo2wad_offset_addr[2]'. (LINT-29)
Warning: In design 'rsp_order_URGE_WITH7_SUBR_WITH8_IID_WITH10_TID_WITH10_ADDR_WITH32_AXID_WITH4_ORDKEY_WITH8_LEN_WITH8_USER_WITH10_RSP_IID_OFFSET7_RSP_TID_OFFSET17_RSP_ORDKEY_OFFSET27_RSP_OPC_OFFSET35_RSP_STATUS_OFFSET37_RSP_ADDR_OFFSET39_RSP_USER_OFFSET71_RSP_ERRC_OFFSET81_NBYTEPERWORD8_TAG_CNT_WITH3_SPEC_REQ_BUFF_DEEP8_ADDR_BLOCK_SIZE64_ADDR_BP_TYPE1_AUSER_WITH1_EARLY_RSP_MODE1_DLY0_0', input port 'reqo2rspo_rsp_offset_addr[1]' is connected directly to output port 'rspo2wad_offset_addr[1]'. (LINT-29)
Warning: In design 'rsp_order_URGE_WITH7_SUBR_WITH8_IID_WITH10_TID_WITH10_ADDR_WITH32_AXID_WITH4_ORDKEY_WITH8_LEN_WITH8_USER_WITH10_RSP_IID_OFFSET7_RSP_TID_OFFSET17_RSP_ORDKEY_OFFSET27_RSP_OPC_OFFSET35_RSP_STATUS_OFFSET37_RSP_ADDR_OFFSET39_RSP_USER_OFFSET71_RSP_ERRC_OFFSET81_NBYTEPERWORD8_TAG_CNT_WITH3_SPEC_REQ_BUFF_DEEP8_ADDR_BLOCK_SIZE64_ADDR_BP_TYPE1_AUSER_WITH1_EARLY_RSP_MODE1_DLY0_0', input port 'reqo2rspo_rsp_offset_addr[0]' is connected directly to output port 'rspo2wad_offset_addr[0]'. (LINT-29)
Warning: In design 'addr_border_cout_ADDR_WITH32_LEN_WITH8_NBYTEPERWORD8_ADDR_BLOCK_SIZE1_COUNT_MODE1_0', input port 'addr[31]' is connected directly to output port 'addr_begin[31]'. (LINT-29)
Warning: In design 'addr_border_cout_ADDR_WITH32_LEN_WITH8_NBYTEPERWORD8_ADDR_BLOCK_SIZE1_COUNT_MODE1_0', input port 'addr[30]' is connected directly to output port 'addr_begin[30]'. (LINT-29)
Warning: In design 'addr_border_cout_ADDR_WITH32_LEN_WITH8_NBYTEPERWORD8_ADDR_BLOCK_SIZE1_COUNT_MODE1_0', input port 'addr[29]' is connected directly to output port 'addr_begin[29]'. (LINT-29)
Warning: In design 'addr_border_cout_ADDR_WITH32_LEN_WITH8_NBYTEPERWORD8_ADDR_BLOCK_SIZE1_COUNT_MODE1_0', input port 'addr[28]' is connected directly to output port 'addr_begin[28]'. (LINT-29)
Warning: In design 'addr_border_cout_ADDR_WITH32_LEN_WITH8_NBYTEPERWORD8_ADDR_BLOCK_SIZE1_COUNT_MODE1_0', input port 'addr[27]' is connected directly to output port 'addr_begin[27]'. (LINT-29)
Warning: In design 'addr_border_cout_ADDR_WITH32_LEN_WITH8_NBYTEPERWORD8_ADDR_BLOCK_SIZE1_COUNT_MODE1_0', input port 'addr[26]' is connected directly to output port 'addr_begin[26]'. (LINT-29)
Warning: In design 'addr_border_cout_ADDR_WITH32_LEN_WITH8_NBYTEPERWORD8_ADDR_BLOCK_SIZE1_COUNT_MODE1_0', input port 'addr[25]' is connected directly to output port 'addr_begin[25]'. (LINT-29)
Warning: In design 'addr_border_cout_ADDR_WITH32_LEN_WITH8_NBYTEPERWORD8_ADDR_BLOCK_SIZE1_COUNT_MODE1_0', input port 'addr[24]' is connected directly to output port 'addr_begin[24]'. (LINT-29)
Warning: In design 'addr_border_cout_ADDR_WITH32_LEN_WITH8_NBYTEPERWORD8_ADDR_BLOCK_SIZE1_COUNT_MODE1_0', input port 'addr[23]' is connected directly to output port 'addr_begin[23]'. (LINT-29)
Warning: In design 'addr_border_cout_ADDR_WITH32_LEN_WITH8_NBYTEPERWORD8_ADDR_BLOCK_SIZE1_COUNT_MODE1_0', input port 'addr[22]' is connected directly to output port 'addr_begin[22]'. (LINT-29)
Warning: In design 'addr_border_cout_ADDR_WITH32_LEN_WITH8_NBYTEPERWORD8_ADDR_BLOCK_SIZE1_COUNT_MODE1_0', input port 'addr[21]' is connected directly to output port 'addr_begin[21]'. (LINT-29)
Warning: In design 'addr_border_cout_ADDR_WITH32_LEN_WITH8_NBYTEPERWORD8_ADDR_BLOCK_SIZE1_COUNT_MODE1_0', input port 'addr[20]' is connected directly to output port 'addr_begin[20]'. (LINT-29)
Warning: In design 'addr_border_cout_ADDR_WITH32_LEN_WITH8_NBYTEPERWORD8_ADDR_BLOCK_SIZE1_COUNT_MODE1_0', input port 'addr[19]' is connected directly to output port 'addr_begin[19]'. (LINT-29)
Warning: In design 'addr_border_cout_ADDR_WITH32_LEN_WITH8_NBYTEPERWORD8_ADDR_BLOCK_SIZE1_COUNT_MODE1_0', input port 'addr[18]' is connected directly to output port 'addr_begin[18]'. (LINT-29)
Warning: In design 'addr_border_cout_ADDR_WITH32_LEN_WITH8_NBYTEPERWORD8_ADDR_BLOCK_SIZE1_COUNT_MODE1_0', input port 'addr[17]' is connected directly to output port 'addr_begin[17]'. (LINT-29)
Warning: In design 'addr_border_cout_ADDR_WITH32_LEN_WITH8_NBYTEPERWORD8_ADDR_BLOCK_SIZE1_COUNT_MODE1_0', input port 'addr[16]' is connected directly to output port 'addr_begin[16]'. (LINT-29)
Warning: In design 'addr_border_cout_ADDR_WITH32_LEN_WITH8_NBYTEPERWORD8_ADDR_BLOCK_SIZE1_COUNT_MODE1_0', input port 'addr[15]' is connected directly to output port 'addr_begin[15]'. (LINT-29)
Warning: In design 'addr_border_cout_ADDR_WITH32_LEN_WITH8_NBYTEPERWORD8_ADDR_BLOCK_SIZE1_COUNT_MODE1_0', input port 'addr[14]' is connected directly to output port 'addr_begin[14]'. (LINT-29)
Warning: In design 'addr_border_cout_ADDR_WITH32_LEN_WITH8_NBYTEPERWORD8_ADDR_BLOCK_SIZE1_COUNT_MODE1_0', input port 'addr[13]' is connected directly to output port 'addr_begin[13]'. (LINT-29)
Warning: In design 'addr_border_cout_ADDR_WITH32_LEN_WITH8_NBYTEPERWORD8_ADDR_BLOCK_SIZE1_COUNT_MODE1_0', input port 'addr[12]' is connected directly to output port 'addr_begin[12]'. (LINT-29)
Warning: In design 'addr_border_cout_ADDR_WITH32_LEN_WITH8_NBYTEPERWORD8_ADDR_BLOCK_SIZE1_COUNT_MODE1_0', input port 'addr[11]' is connected directly to output port 'addr_begin[11]'. (LINT-29)
Warning: In design 'addr_border_cout_ADDR_WITH32_LEN_WITH8_NBYTEPERWORD8_ADDR_BLOCK_SIZE1_COUNT_MODE1_0', input port 'addr[10]' is connected directly to output port 'addr_begin[10]'. (LINT-29)
Warning: In design 'addr_border_cout_ADDR_WITH32_LEN_WITH8_NBYTEPERWORD8_ADDR_BLOCK_SIZE1_COUNT_MODE1_0', input port 'addr[9]' is connected directly to output port 'addr_begin[9]'. (LINT-29)
Warning: In design 'addr_border_cout_ADDR_WITH32_LEN_WITH8_NBYTEPERWORD8_ADDR_BLOCK_SIZE1_COUNT_MODE1_0', input port 'addr[8]' is connected directly to output port 'addr_begin[8]'. (LINT-29)
Warning: In design 'addr_border_cout_ADDR_WITH32_LEN_WITH8_NBYTEPERWORD8_ADDR_BLOCK_SIZE64_COUNT_MODE0_0', input port 'addr[31]' is connected directly to output port 'addr_begin[25]'. (LINT-29)
Warning: In design 'addr_border_cout_ADDR_WITH32_LEN_WITH8_NBYTEPERWORD8_ADDR_BLOCK_SIZE64_COUNT_MODE0_0', input port 'addr[30]' is connected directly to output port 'addr_begin[24]'. (LINT-29)
Warning: In design 'addr_border_cout_ADDR_WITH32_LEN_WITH8_NBYTEPERWORD8_ADDR_BLOCK_SIZE64_COUNT_MODE0_0', input port 'addr[29]' is connected directly to output port 'addr_begin[23]'. (LINT-29)
Warning: In design 'addr_border_cout_ADDR_WITH32_LEN_WITH8_NBYTEPERWORD8_ADDR_BLOCK_SIZE64_COUNT_MODE0_0', input port 'addr[28]' is connected directly to output port 'addr_begin[22]'. (LINT-29)
Warning: In design 'addr_border_cout_ADDR_WITH32_LEN_WITH8_NBYTEPERWORD8_ADDR_BLOCK_SIZE64_COUNT_MODE0_0', input port 'addr[27]' is connected directly to output port 'addr_begin[21]'. (LINT-29)
Warning: In design 'addr_border_cout_ADDR_WITH32_LEN_WITH8_NBYTEPERWORD8_ADDR_BLOCK_SIZE64_COUNT_MODE0_0', input port 'addr[26]' is connected directly to output port 'addr_begin[20]'. (LINT-29)
Warning: In design 'addr_border_cout_ADDR_WITH32_LEN_WITH8_NBYTEPERWORD8_ADDR_BLOCK_SIZE64_COUNT_MODE0_0', input port 'addr[25]' is connected directly to output port 'addr_begin[19]'. (LINT-29)
Warning: In design 'addr_border_cout_ADDR_WITH32_LEN_WITH8_NBYTEPERWORD8_ADDR_BLOCK_SIZE64_COUNT_MODE0_0', input port 'addr[24]' is connected directly to output port 'addr_begin[18]'. (LINT-29)
Warning: In design 'addr_border_cout_ADDR_WITH32_LEN_WITH8_NBYTEPERWORD8_ADDR_BLOCK_SIZE64_COUNT_MODE0_0', input port 'addr[23]' is connected directly to output port 'addr_begin[17]'. (LINT-29)
Warning: In design 'addr_border_cout_ADDR_WITH32_LEN_WITH8_NBYTEPERWORD8_ADDR_BLOCK_SIZE64_COUNT_MODE0_0', input port 'addr[22]' is connected directly to output port 'addr_begin[16]'. (LINT-29)
Warning: In design 'addr_border_cout_ADDR_WITH32_LEN_WITH8_NBYTEPERWORD8_ADDR_BLOCK_SIZE64_COUNT_MODE0_0', input port 'addr[21]' is connected directly to output port 'addr_begin[15]'. (LINT-29)
Warning: In design 'addr_border_cout_ADDR_WITH32_LEN_WITH8_NBYTEPERWORD8_ADDR_BLOCK_SIZE64_COUNT_MODE0_0', input port 'addr[20]' is connected directly to output port 'addr_begin[14]'. (LINT-29)
Warning: In design 'addr_border_cout_ADDR_WITH32_LEN_WITH8_NBYTEPERWORD8_ADDR_BLOCK_SIZE64_COUNT_MODE0_0', input port 'addr[19]' is connected directly to output port 'addr_begin[13]'. (LINT-29)
Warning: In design 'addr_border_cout_ADDR_WITH32_LEN_WITH8_NBYTEPERWORD8_ADDR_BLOCK_SIZE64_COUNT_MODE0_0', input port 'addr[18]' is connected directly to output port 'addr_begin[12]'. (LINT-29)
Warning: In design 'addr_border_cout_ADDR_WITH32_LEN_WITH8_NBYTEPERWORD8_ADDR_BLOCK_SIZE64_COUNT_MODE0_0', input port 'addr[17]' is connected directly to output port 'addr_begin[11]'. (LINT-29)
Warning: In design 'addr_border_cout_ADDR_WITH32_LEN_WITH8_NBYTEPERWORD8_ADDR_BLOCK_SIZE64_COUNT_MODE0_0', input port 'addr[16]' is connected directly to output port 'addr_begin[10]'. (LINT-29)
Warning: In design 'addr_border_cout_ADDR_WITH32_LEN_WITH8_NBYTEPERWORD8_ADDR_BLOCK_SIZE64_COUNT_MODE0_0', input port 'addr[15]' is connected directly to output port 'addr_begin[9]'. (LINT-29)
Warning: In design 'addr_border_cout_ADDR_WITH32_LEN_WITH8_NBYTEPERWORD8_ADDR_BLOCK_SIZE64_COUNT_MODE0_0', input port 'addr[14]' is connected directly to output port 'addr_begin[8]'. (LINT-29)
Warning: In design 'addr_border_cout_ADDR_WITH32_LEN_WITH8_NBYTEPERWORD8_ADDR_BLOCK_SIZE64_COUNT_MODE0_0', input port 'addr[13]' is connected directly to output port 'addr_begin[7]'. (LINT-29)
Warning: In design 'addr_border_cout_ADDR_WITH32_LEN_WITH8_NBYTEPERWORD8_ADDR_BLOCK_SIZE64_COUNT_MODE0_0', input port 'addr[12]' is connected directly to output port 'addr_begin[6]'. (LINT-29)
Warning: In design 'addr_border_cout_ADDR_WITH32_LEN_WITH8_NBYTEPERWORD8_ADDR_BLOCK_SIZE64_COUNT_MODE0_0', input port 'addr[11]' is connected directly to output port 'addr_begin[5]'. (LINT-29)
Warning: In design 'addr_border_cout_ADDR_WITH32_LEN_WITH8_NBYTEPERWORD8_ADDR_BLOCK_SIZE64_COUNT_MODE0_0', input port 'addr[10]' is connected directly to output port 'addr_begin[4]'. (LINT-29)
Warning: In design 'addr_border_cout_ADDR_WITH32_LEN_WITH8_NBYTEPERWORD8_ADDR_BLOCK_SIZE64_COUNT_MODE0_0', input port 'addr[9]' is connected directly to output port 'addr_begin[3]'. (LINT-29)
Warning: In design 'addr_border_cout_ADDR_WITH32_LEN_WITH8_NBYTEPERWORD8_ADDR_BLOCK_SIZE64_COUNT_MODE0_0', input port 'addr[8]' is connected directly to output port 'addr_begin[2]'. (LINT-29)
Warning: In design 'addr_map_URGE_WITH7_SUBR_WITH8_ADDR_WITH32_AXID_WITH4_LEN_WITH8_USER_WITH10_NBYTEPERWORD8_AADDR_WITH40_AQOS_WITH3_0', output port 'am2rreqt_araddr[31]' is connected directly to output port 'am2wreqt_awaddr[31]'. (LINT-31)
Warning: In design 'addr_map_URGE_WITH7_SUBR_WITH8_ADDR_WITH32_AXID_WITH4_LEN_WITH8_USER_WITH10_NBYTEPERWORD8_AADDR_WITH40_AQOS_WITH3_0', output port 'am2rreqt_araddr[30]' is connected directly to output port 'am2wreqt_awaddr[30]'. (LINT-31)
Warning: In design 'addr_map_URGE_WITH7_SUBR_WITH8_ADDR_WITH32_AXID_WITH4_LEN_WITH8_USER_WITH10_NBYTEPERWORD8_AADDR_WITH40_AQOS_WITH3_0', output port 'am2rreqt_araddr[29]' is connected directly to output port 'am2wreqt_awaddr[29]'. (LINT-31)
Warning: In design 'addr_map_URGE_WITH7_SUBR_WITH8_ADDR_WITH32_AXID_WITH4_LEN_WITH8_USER_WITH10_NBYTEPERWORD8_AADDR_WITH40_AQOS_WITH3_0', output port 'am2rreqt_araddr[28]' is connected directly to output port 'am2wreqt_awaddr[28]'. (LINT-31)
Warning: In design 'addr_map_URGE_WITH7_SUBR_WITH8_ADDR_WITH32_AXID_WITH4_LEN_WITH8_USER_WITH10_NBYTEPERWORD8_AADDR_WITH40_AQOS_WITH3_0', output port 'am2rreqt_araddr[27]' is connected directly to output port 'am2wreqt_awaddr[27]'. (LINT-31)
Warning: In design 'addr_map_URGE_WITH7_SUBR_WITH8_ADDR_WITH32_AXID_WITH4_LEN_WITH8_USER_WITH10_NBYTEPERWORD8_AADDR_WITH40_AQOS_WITH3_0', output port 'am2rreqt_araddr[26]' is connected directly to output port 'am2wreqt_awaddr[26]'. (LINT-31)
Warning: In design 'addr_map_URGE_WITH7_SUBR_WITH8_ADDR_WITH32_AXID_WITH4_LEN_WITH8_USER_WITH10_NBYTEPERWORD8_AADDR_WITH40_AQOS_WITH3_0', output port 'am2rreqt_araddr[25]' is connected directly to output port 'am2wreqt_awaddr[25]'. (LINT-31)
Warning: In design 'addr_map_URGE_WITH7_SUBR_WITH8_ADDR_WITH32_AXID_WITH4_LEN_WITH8_USER_WITH10_NBYTEPERWORD8_AADDR_WITH40_AQOS_WITH3_0', output port 'am2rreqt_araddr[24]' is connected directly to output port 'am2wreqt_awaddr[24]'. (LINT-31)
Warning: In design 'addr_map_URGE_WITH7_SUBR_WITH8_ADDR_WITH32_AXID_WITH4_LEN_WITH8_USER_WITH10_NBYTEPERWORD8_AADDR_WITH40_AQOS_WITH3_0', output port 'am2rreqt_araddr[23]' is connected directly to output port 'am2wreqt_awaddr[23]'. (LINT-31)
Warning: In design 'addr_map_URGE_WITH7_SUBR_WITH8_ADDR_WITH32_AXID_WITH4_LEN_WITH8_USER_WITH10_NBYTEPERWORD8_AADDR_WITH40_AQOS_WITH3_0', output port 'am2rreqt_araddr[22]' is connected directly to output port 'am2wreqt_awaddr[22]'. (LINT-31)
Warning: In design 'addr_map_URGE_WITH7_SUBR_WITH8_ADDR_WITH32_AXID_WITH4_LEN_WITH8_USER_WITH10_NBYTEPERWORD8_AADDR_WITH40_AQOS_WITH3_0', output port 'am2rreqt_araddr[21]' is connected directly to output port 'am2wreqt_awaddr[21]'. (LINT-31)
Warning: In design 'addr_map_URGE_WITH7_SUBR_WITH8_ADDR_WITH32_AXID_WITH4_LEN_WITH8_USER_WITH10_NBYTEPERWORD8_AADDR_WITH40_AQOS_WITH3_0', output port 'am2rreqt_araddr[20]' is connected directly to output port 'am2wreqt_awaddr[20]'. (LINT-31)
Warning: In design 'addr_map_URGE_WITH7_SUBR_WITH8_ADDR_WITH32_AXID_WITH4_LEN_WITH8_USER_WITH10_NBYTEPERWORD8_AADDR_WITH40_AQOS_WITH3_0', output port 'am2rreqt_araddr[19]' is connected directly to output port 'am2wreqt_awaddr[19]'. (LINT-31)
Warning: In design 'addr_map_URGE_WITH7_SUBR_WITH8_ADDR_WITH32_AXID_WITH4_LEN_WITH8_USER_WITH10_NBYTEPERWORD8_AADDR_WITH40_AQOS_WITH3_0', output port 'am2rreqt_araddr[18]' is connected directly to output port 'am2wreqt_awaddr[18]'. (LINT-31)
Warning: In design 'addr_map_URGE_WITH7_SUBR_WITH8_ADDR_WITH32_AXID_WITH4_LEN_WITH8_USER_WITH10_NBYTEPERWORD8_AADDR_WITH40_AQOS_WITH3_0', output port 'am2rreqt_araddr[17]' is connected directly to output port 'am2wreqt_awaddr[17]'. (LINT-31)
Warning: In design 'addr_map_URGE_WITH7_SUBR_WITH8_ADDR_WITH32_AXID_WITH4_LEN_WITH8_USER_WITH10_NBYTEPERWORD8_AADDR_WITH40_AQOS_WITH3_0', output port 'am2rreqt_araddr[16]' is connected directly to output port 'am2wreqt_awaddr[16]'. (LINT-31)
Warning: In design 'addr_map_URGE_WITH7_SUBR_WITH8_ADDR_WITH32_AXID_WITH4_LEN_WITH8_USER_WITH10_NBYTEPERWORD8_AADDR_WITH40_AQOS_WITH3_0', output port 'am2rreqt_araddr[15]' is connected directly to output port 'am2wreqt_awaddr[15]'. (LINT-31)
Warning: In design 'addr_map_URGE_WITH7_SUBR_WITH8_ADDR_WITH32_AXID_WITH4_LEN_WITH8_USER_WITH10_NBYTEPERWORD8_AADDR_WITH40_AQOS_WITH3_0', output port 'am2rreqt_araddr[14]' is connected directly to output port 'am2wreqt_awaddr[14]'. (LINT-31)
Warning: In design 'addr_map_URGE_WITH7_SUBR_WITH8_ADDR_WITH32_AXID_WITH4_LEN_WITH8_USER_WITH10_NBYTEPERWORD8_AADDR_WITH40_AQOS_WITH3_0', output port 'am2rreqt_araddr[13]' is connected directly to output port 'am2wreqt_awaddr[13]'. (LINT-31)
Warning: In design 'addr_map_URGE_WITH7_SUBR_WITH8_ADDR_WITH32_AXID_WITH4_LEN_WITH8_USER_WITH10_NBYTEPERWORD8_AADDR_WITH40_AQOS_WITH3_0', output port 'am2rreqt_araddr[12]' is connected directly to output port 'am2wreqt_awaddr[12]'. (LINT-31)
Warning: In design 'addr_map_URGE_WITH7_SUBR_WITH8_ADDR_WITH32_AXID_WITH4_LEN_WITH8_USER_WITH10_NBYTEPERWORD8_AADDR_WITH40_AQOS_WITH3_0', output port 'am2rreqt_araddr[11]' is connected directly to output port 'am2wreqt_awaddr[11]'. (LINT-31)
Warning: In design 'addr_map_URGE_WITH7_SUBR_WITH8_ADDR_WITH32_AXID_WITH4_LEN_WITH8_USER_WITH10_NBYTEPERWORD8_AADDR_WITH40_AQOS_WITH3_0', output port 'am2rreqt_araddr[10]' is connected directly to output port 'am2wreqt_awaddr[10]'. (LINT-31)
Warning: In design 'addr_map_URGE_WITH7_SUBR_WITH8_ADDR_WITH32_AXID_WITH4_LEN_WITH8_USER_WITH10_NBYTEPERWORD8_AADDR_WITH40_AQOS_WITH3_0', output port 'am2rreqt_araddr[9]' is connected directly to output port 'am2wreqt_awaddr[9]'. (LINT-31)
Warning: In design 'addr_map_URGE_WITH7_SUBR_WITH8_ADDR_WITH32_AXID_WITH4_LEN_WITH8_USER_WITH10_NBYTEPERWORD8_AADDR_WITH40_AQOS_WITH3_0', output port 'am2rreqt_araddr[8]' is connected directly to output port 'am2wreqt_awaddr[8]'. (LINT-31)
Warning: In design 'addr_map_URGE_WITH7_SUBR_WITH8_ADDR_WITH32_AXID_WITH4_LEN_WITH8_USER_WITH10_NBYTEPERWORD8_AADDR_WITH40_AQOS_WITH3_0', output port 'am2rreqt_araddr[7]' is connected directly to output port 'am2wreqt_awaddr[7]'. (LINT-31)
Warning: In design 'addr_map_URGE_WITH7_SUBR_WITH8_ADDR_WITH32_AXID_WITH4_LEN_WITH8_USER_WITH10_NBYTEPERWORD8_AADDR_WITH40_AQOS_WITH3_0', output port 'am2rreqt_araddr[6]' is connected directly to output port 'am2wreqt_awaddr[6]'. (LINT-31)
Warning: In design 'addr_map_URGE_WITH7_SUBR_WITH8_ADDR_WITH32_AXID_WITH4_LEN_WITH8_USER_WITH10_NBYTEPERWORD8_AADDR_WITH40_AQOS_WITH3_0', output port 'am2rreqt_araddr[5]' is connected directly to output port 'am2wreqt_awaddr[5]'. (LINT-31)
Warning: In design 'addr_map_URGE_WITH7_SUBR_WITH8_ADDR_WITH32_AXID_WITH4_LEN_WITH8_USER_WITH10_NBYTEPERWORD8_AADDR_WITH40_AQOS_WITH3_0', output port 'am2rreqt_araddr[4]' is connected directly to output port 'am2wreqt_awaddr[4]'. (LINT-31)
Warning: In design 'addr_map_URGE_WITH7_SUBR_WITH8_ADDR_WITH32_AXID_WITH4_LEN_WITH8_USER_WITH10_NBYTEPERWORD8_AADDR_WITH40_AQOS_WITH3_0', output port 'am2rreqt_araddr[3]' is connected directly to output port 'am2wreqt_awaddr[3]'. (LINT-31)
Warning: In design 'addr_map_URGE_WITH7_SUBR_WITH8_ADDR_WITH32_AXID_WITH4_LEN_WITH8_USER_WITH10_NBYTEPERWORD8_AADDR_WITH40_AQOS_WITH3_0', output port 'am2rreqt_araddr[2]' is connected directly to output port 'am2wreqt_awaddr[2]'. (LINT-31)
Warning: In design 'addr_map_URGE_WITH7_SUBR_WITH8_ADDR_WITH32_AXID_WITH4_LEN_WITH8_USER_WITH10_NBYTEPERWORD8_AADDR_WITH40_AQOS_WITH3_0', output port 'am2rreqt_araddr[1]' is connected directly to output port 'am2wreqt_awaddr[1]'. (LINT-31)
Warning: In design 'addr_map_URGE_WITH7_SUBR_WITH8_ADDR_WITH32_AXID_WITH4_LEN_WITH8_USER_WITH10_NBYTEPERWORD8_AADDR_WITH40_AQOS_WITH3_0', output port 'am2rreqt_araddr[0]' is connected directly to output port 'am2wreqt_awaddr[0]'. (LINT-31)
Warning: In design 'addr_map_URGE_WITH7_SUBR_WITH8_ADDR_WITH32_AXID_WITH4_LEN_WITH8_USER_WITH10_NBYTEPERWORD8_AADDR_WITH40_AQOS_WITH3_0', output port 'am2rreqt_axid[3]' is connected directly to output port 'am2wreqt_axid[3]'. (LINT-31)
Warning: In design 'addr_map_URGE_WITH7_SUBR_WITH8_ADDR_WITH32_AXID_WITH4_LEN_WITH8_USER_WITH10_NBYTEPERWORD8_AADDR_WITH40_AQOS_WITH3_0', output port 'am2rreqt_axid[2]' is connected directly to output port 'am2wreqt_axid[2]'. (LINT-31)
Warning: In design 'addr_map_URGE_WITH7_SUBR_WITH8_ADDR_WITH32_AXID_WITH4_LEN_WITH8_USER_WITH10_NBYTEPERWORD8_AADDR_WITH40_AQOS_WITH3_0', output port 'am2rreqt_axid[1]' is connected directly to output port 'am2wreqt_axid[1]'. (LINT-31)
Warning: In design 'addr_map_URGE_WITH7_SUBR_WITH8_ADDR_WITH32_AXID_WITH4_LEN_WITH8_USER_WITH10_NBYTEPERWORD8_AADDR_WITH40_AQOS_WITH3_0', output port 'am2rreqt_axid[0]' is connected directly to output port 'am2wreqt_axid[0]'. (LINT-31)
Warning: In design 'addr_map_URGE_WITH7_SUBR_WITH8_ADDR_WITH32_AXID_WITH4_LEN_WITH8_USER_WITH10_NBYTEPERWORD8_AADDR_WITH40_AQOS_WITH3_0', output port 'am2rreqt_opc[1]' is connected directly to output port 'am2wreqt_opc[1]'. (LINT-31)
Warning: In design 'addr_map_URGE_WITH7_SUBR_WITH8_ADDR_WITH32_AXID_WITH4_LEN_WITH8_USER_WITH10_NBYTEPERWORD8_AADDR_WITH40_AQOS_WITH3_0', output port 'am2rreqt_opc[0]' is connected directly to output port 'am2wreqt_opc[0]'. (LINT-31)
Warning: In design 'addr_map_URGE_WITH7_SUBR_WITH8_ADDR_WITH32_AXID_WITH4_LEN_WITH8_USER_WITH10_NBYTEPERWORD8_AADDR_WITH40_AQOS_WITH3_0', output port 'am2rreqt_arlen[7]' is connected directly to output port 'am2wreqt_awlen[6]'. (LINT-31)
Warning: In design 'addr_map_URGE_WITH7_SUBR_WITH8_ADDR_WITH32_AXID_WITH4_LEN_WITH8_USER_WITH10_NBYTEPERWORD8_AADDR_WITH40_AQOS_WITH3_0', output port 'am2rreqt_arlen[7]' is connected directly to output port 'am2wreqt_awlen[7]'. (LINT-31)
Warning: In design 'addr_map_URGE_WITH7_SUBR_WITH8_ADDR_WITH32_AXID_WITH4_LEN_WITH8_USER_WITH10_NBYTEPERWORD8_AADDR_WITH40_AQOS_WITH3_0', output port 'am2rreqt_arlen[7]' is connected directly to output port 'am2rreqt_arlen[6]'. (LINT-31)
Warning: In design 'addr_map_URGE_WITH7_SUBR_WITH8_ADDR_WITH32_AXID_WITH4_LEN_WITH8_USER_WITH10_NBYTEPERWORD8_AADDR_WITH40_AQOS_WITH3_0', output port 'am2rreqt_arlen[5]' is connected directly to output port 'am2wreqt_awlen[5]'. (LINT-31)
Warning: In design 'addr_map_URGE_WITH7_SUBR_WITH8_ADDR_WITH32_AXID_WITH4_LEN_WITH8_USER_WITH10_NBYTEPERWORD8_AADDR_WITH40_AQOS_WITH3_0', output port 'am2rreqt_arlen[4]' is connected directly to output port 'am2wreqt_awlen[4]'. (LINT-31)
Warning: In design 'addr_map_URGE_WITH7_SUBR_WITH8_ADDR_WITH32_AXID_WITH4_LEN_WITH8_USER_WITH10_NBYTEPERWORD8_AADDR_WITH40_AQOS_WITH3_0', output port 'am2rreqt_arlen[3]' is connected directly to output port 'am2wreqt_awlen[3]'. (LINT-31)
Warning: In design 'addr_map_URGE_WITH7_SUBR_WITH8_ADDR_WITH32_AXID_WITH4_LEN_WITH8_USER_WITH10_NBYTEPERWORD8_AADDR_WITH40_AQOS_WITH3_0', output port 'am2rreqt_arlen[2]' is connected directly to output port 'am2wreqt_awlen[2]'. (LINT-31)
Warning: In design 'addr_map_URGE_WITH7_SUBR_WITH8_ADDR_WITH32_AXID_WITH4_LEN_WITH8_USER_WITH10_NBYTEPERWORD8_AADDR_WITH40_AQOS_WITH3_0', output port 'am2rreqt_arlen[1]' is connected directly to output port 'am2wreqt_awlen[1]'. (LINT-31)
Warning: In design 'addr_map_URGE_WITH7_SUBR_WITH8_ADDR_WITH32_AXID_WITH4_LEN_WITH8_USER_WITH10_NBYTEPERWORD8_AADDR_WITH40_AQOS_WITH3_0', output port 'am2rreqt_arlen[0]' is connected directly to output port 'am2wreqt_awlen[0]'. (LINT-31)
Warning: In design 'addr_map_URGE_WITH7_SUBR_WITH8_ADDR_WITH32_AXID_WITH4_LEN_WITH8_USER_WITH10_NBYTEPERWORD8_AADDR_WITH40_AQOS_WITH3_0', output port 'am2rreqt_user[9]' is connected directly to output port 'am2wreqt_user[9]'. (LINT-31)
Warning: In design 'addr_map_URGE_WITH7_SUBR_WITH8_ADDR_WITH32_AXID_WITH4_LEN_WITH8_USER_WITH10_NBYTEPERWORD8_AADDR_WITH40_AQOS_WITH3_0', output port 'am2rreqt_user[8]' is connected directly to output port 'am2wreqt_user[8]'. (LINT-31)
Warning: In design 'addr_map_URGE_WITH7_SUBR_WITH8_ADDR_WITH32_AXID_WITH4_LEN_WITH8_USER_WITH10_NBYTEPERWORD8_AADDR_WITH40_AQOS_WITH3_0', output port 'am2rreqt_user[7]' is connected directly to output port 'am2wreqt_user[7]'. (LINT-31)
Warning: In design 'addr_map_URGE_WITH7_SUBR_WITH8_ADDR_WITH32_AXID_WITH4_LEN_WITH8_USER_WITH10_NBYTEPERWORD8_AADDR_WITH40_AQOS_WITH3_0', output port 'am2rreqt_user[6]' is connected directly to output port 'am2wreqt_user[6]'. (LINT-31)
Warning: In design 'addr_map_URGE_WITH7_SUBR_WITH8_ADDR_WITH32_AXID_WITH4_LEN_WITH8_USER_WITH10_NBYTEPERWORD8_AADDR_WITH40_AQOS_WITH3_0', output port 'am2rreqt_user[5]' is connected directly to output port 'am2wreqt_user[5]'. (LINT-31)
Warning: In design 'addr_map_URGE_WITH7_SUBR_WITH8_ADDR_WITH32_AXID_WITH4_LEN_WITH8_USER_WITH10_NBYTEPERWORD8_AADDR_WITH40_AQOS_WITH3_0', output port 'am2rreqt_user[4]' is connected directly to output port 'am2wreqt_user[4]'. (LINT-31)
Warning: In design 'addr_map_URGE_WITH7_SUBR_WITH8_ADDR_WITH32_AXID_WITH4_LEN_WITH8_USER_WITH10_NBYTEPERWORD8_AADDR_WITH40_AQOS_WITH3_0', output port 'am2rreqt_user[3]' is connected directly to output port 'am2wreqt_user[3]'. (LINT-31)
Warning: In design 'addr_map_URGE_WITH7_SUBR_WITH8_ADDR_WITH32_AXID_WITH4_LEN_WITH8_USER_WITH10_NBYTEPERWORD8_AADDR_WITH40_AQOS_WITH3_0', output port 'am2rreqt_user[2]' is connected directly to output port 'am2wreqt_user[2]'. (LINT-31)
Warning: In design 'addr_map_URGE_WITH7_SUBR_WITH8_ADDR_WITH32_AXID_WITH4_LEN_WITH8_USER_WITH10_NBYTEPERWORD8_AADDR_WITH40_AQOS_WITH3_0', output port 'am2rreqt_user[1]' is connected directly to output port 'am2wreqt_user[1]'. (LINT-31)
Warning: In design 'addr_map_URGE_WITH7_SUBR_WITH8_ADDR_WITH32_AXID_WITH4_LEN_WITH8_USER_WITH10_NBYTEPERWORD8_AADDR_WITH40_AQOS_WITH3_0', output port 'am2rreqt_user[0]' is connected directly to output port 'am2wreqt_user[0]'. (LINT-31)
Warning: In design 'addr_map_URGE_WITH7_SUBR_WITH8_ADDR_WITH32_AXID_WITH4_LEN_WITH8_USER_WITH10_NBYTEPERWORD8_AADDR_WITH40_AQOS_WITH3_0', output port 'am2rreqt_arqos[2]' is connected directly to output port 'am2wreqt_awqos[2]'. (LINT-31)
Warning: In design 'addr_map_URGE_WITH7_SUBR_WITH8_ADDR_WITH32_AXID_WITH4_LEN_WITH8_USER_WITH10_NBYTEPERWORD8_AADDR_WITH40_AQOS_WITH3_0', output port 'am2rreqt_arqos[1]' is connected directly to output port 'am2wreqt_awqos[1]'. (LINT-31)
Warning: In design 'addr_map_URGE_WITH7_SUBR_WITH8_ADDR_WITH32_AXID_WITH4_LEN_WITH8_USER_WITH10_NBYTEPERWORD8_AADDR_WITH40_AQOS_WITH3_0', output port 'am2rreqt_arqos[0]' is connected directly to output port 'am2wreqt_awqos[0]'. (LINT-31)
Warning: In design 'rreq_trans_URGE_WITH7_SUBR_WITH8_AXID_WITH4_LEN_WITH8_USER_WITH10_NBYTEPERWORD8_AADDR_WITH40_AUSER_WITH1_AQOS_WITH3_DLY0_0', output port 'axi_m_arsize[1]' is connected directly to output port 'axi_m_arsize[0]'. (LINT-31)
Warning: In design 'wreq_trans_URGE_WITH7_SUBR_WITH8_AXID_WITH4_LEN_WITH8_USER_WITH10_NBYTEPERWORD8_AADDR_WITH40_AUSER_WITH1_AQOS_WITH3_DLY0_0', output port 'axi_m_awid[3]' is connected directly to output port 'axi_m_wid[3]'. (LINT-31)
Warning: In design 'wreq_trans_URGE_WITH7_SUBR_WITH8_AXID_WITH4_LEN_WITH8_USER_WITH10_NBYTEPERWORD8_AADDR_WITH40_AUSER_WITH1_AQOS_WITH3_DLY0_0', output port 'axi_m_awid[2]' is connected directly to output port 'axi_m_wid[2]'. (LINT-31)
Warning: In design 'wreq_trans_URGE_WITH7_SUBR_WITH8_AXID_WITH4_LEN_WITH8_USER_WITH10_NBYTEPERWORD8_AADDR_WITH40_AUSER_WITH1_AQOS_WITH3_DLY0_0', output port 'axi_m_awid[1]' is connected directly to output port 'axi_m_wid[1]'. (LINT-31)
Warning: In design 'wreq_trans_URGE_WITH7_SUBR_WITH8_AXID_WITH4_LEN_WITH8_USER_WITH10_NBYTEPERWORD8_AADDR_WITH40_AUSER_WITH1_AQOS_WITH3_DLY0_0', output port 'axi_m_awid[0]' is connected directly to output port 'axi_m_wid[0]'. (LINT-31)
Warning: In design 'wreq_trans_URGE_WITH7_SUBR_WITH8_AXID_WITH4_LEN_WITH8_USER_WITH10_NBYTEPERWORD8_AADDR_WITH40_AUSER_WITH1_AQOS_WITH3_DLY0_0', output port 'axi_m_awsize[1]' is connected directly to output port 'axi_m_awsize[0]'. (LINT-31)
Warning: In design 'rsp_trans_AXID_WITH4_USER_WITH10_NBYTEPERWORD8_AUSER_WITH1_DLY0_0', output port 'rspt2rspo_opc[1]' is connected directly to output port 'rspt2rspo_data[0]'. (LINT-31)
Warning: In design 'rsp_trans_AXID_WITH4_USER_WITH10_NBYTEPERWORD8_AUSER_WITH1_DLY0_0', output port 'rspt2rspo_opc[1]' is connected directly to output port 'rspt2rspo_status[1]'. (LINT-31)
Warning: In design 'rsp_trans_AXID_WITH4_USER_WITH10_NBYTEPERWORD8_AUSER_WITH1_DLY0_0', output port 'rspt2rspo_opc[1]' is connected directly to output port 'rspt2rspo_errcode[0]'. (LINT-31)
Warning: In design 'rsp_trans_AXID_WITH4_USER_WITH10_NBYTEPERWORD8_AUSER_WITH1_DLY0_0', output port 'rspt2rspo_opc[1]' is connected directly to output port 'rspt2rspo_errcode[1]'. (LINT-31)
Warning: In design 'rsp_trans_AXID_WITH4_USER_WITH10_NBYTEPERWORD8_AUSER_WITH1_DLY0_0', output port 'rspt2rspo_opc[1]' is connected directly to output port 'rspt2rspo_errcode[2]'. (LINT-31)
Warning: In design 'rsp_trans_AXID_WITH4_USER_WITH10_NBYTEPERWORD8_AUSER_WITH1_DLY0_0', output port 'rspt2rspo_data[64]' is connected directly to output port 'rspt2rspo_data[1]'. (LINT-31)
Warning: In design 'rsp_trans_AXID_WITH4_USER_WITH10_NBYTEPERWORD8_AUSER_WITH1_DLY0_0', output port 'rspt2rspo_data[64]' is connected directly to output port 'rspt2rspo_data[10]'. (LINT-31)
Warning: In design 'rsp_trans_AXID_WITH4_USER_WITH10_NBYTEPERWORD8_AUSER_WITH1_DLY0_0', output port 'rspt2rspo_data[64]' is connected directly to output port 'rspt2rspo_data[19]'. (LINT-31)
Warning: In design 'rsp_trans_AXID_WITH4_USER_WITH10_NBYTEPERWORD8_AUSER_WITH1_DLY0_0', output port 'rspt2rspo_data[64]' is connected directly to output port 'rspt2rspo_data[28]'. (LINT-31)
Warning: In design 'rsp_trans_AXID_WITH4_USER_WITH10_NBYTEPERWORD8_AUSER_WITH1_DLY0_0', output port 'rspt2rspo_data[64]' is connected directly to output port 'rspt2rspo_data[37]'. (LINT-31)
Warning: In design 'rsp_trans_AXID_WITH4_USER_WITH10_NBYTEPERWORD8_AUSER_WITH1_DLY0_0', output port 'rspt2rspo_data[64]' is connected directly to output port 'rspt2rspo_data[46]'. (LINT-31)
Warning: In design 'rsp_trans_AXID_WITH4_USER_WITH10_NBYTEPERWORD8_AUSER_WITH1_DLY0_0', output port 'rspt2rspo_data[64]' is connected directly to output port 'rspt2rspo_data[55]'. (LINT-31)
Warning: In design 'rsp_order_URGE_WITH7_SUBR_WITH8_IID_WITH10_TID_WITH10_ADDR_WITH32_AXID_WITH4_ORDKEY_WITH8_LEN_WITH8_USER_WITH10_RSP_IID_OFFSET7_RSP_TID_OFFSET17_RSP_ORDKEY_OFFSET27_RSP_OPC_OFFSET35_RSP_STATUS_OFFSET37_RSP_ADDR_OFFSET39_RSP_USER_OFFSET71_RSP_ERRC_OFFSET81_NBYTEPERWORD8_TAG_CNT_WITH3_SPEC_REQ_BUFF_DEEP8_ADDR_BLOCK_SIZE64_ADDR_BP_TYPE1_AUSER_WITH1_EARLY_RSP_MODE1_DLY0_0', output port 'rspo2am_axid[3]' is connected directly to output port 'rspo2erd_axid[3]'. (LINT-31)
Warning: In design 'rsp_order_URGE_WITH7_SUBR_WITH8_IID_WITH10_TID_WITH10_ADDR_WITH32_AXID_WITH4_ORDKEY_WITH8_LEN_WITH8_USER_WITH10_RSP_IID_OFFSET7_RSP_TID_OFFSET17_RSP_ORDKEY_OFFSET27_RSP_OPC_OFFSET35_RSP_STATUS_OFFSET37_RSP_ADDR_OFFSET39_RSP_USER_OFFSET71_RSP_ERRC_OFFSET81_NBYTEPERWORD8_TAG_CNT_WITH3_SPEC_REQ_BUFF_DEEP8_ADDR_BLOCK_SIZE64_ADDR_BP_TYPE1_AUSER_WITH1_EARLY_RSP_MODE1_DLY0_0', output port 'rspo2am_axid[2]' is connected directly to output port 'rspo2erd_axid[2]'. (LINT-31)
Warning: In design 'rsp_order_URGE_WITH7_SUBR_WITH8_IID_WITH10_TID_WITH10_ADDR_WITH32_AXID_WITH4_ORDKEY_WITH8_LEN_WITH8_USER_WITH10_RSP_IID_OFFSET7_RSP_TID_OFFSET17_RSP_ORDKEY_OFFSET27_RSP_OPC_OFFSET35_RSP_STATUS_OFFSET37_RSP_ADDR_OFFSET39_RSP_USER_OFFSET71_RSP_ERRC_OFFSET81_NBYTEPERWORD8_TAG_CNT_WITH3_SPEC_REQ_BUFF_DEEP8_ADDR_BLOCK_SIZE64_ADDR_BP_TYPE1_AUSER_WITH1_EARLY_RSP_MODE1_DLY0_0', output port 'rspo2am_axid[1]' is connected directly to output port 'rspo2erd_axid[1]'. (LINT-31)
Warning: In design 'rsp_order_URGE_WITH7_SUBR_WITH8_IID_WITH10_TID_WITH10_ADDR_WITH32_AXID_WITH4_ORDKEY_WITH8_LEN_WITH8_USER_WITH10_RSP_IID_OFFSET7_RSP_TID_OFFSET17_RSP_ORDKEY_OFFSET27_RSP_OPC_OFFSET35_RSP_STATUS_OFFSET37_RSP_ADDR_OFFSET39_RSP_USER_OFFSET71_RSP_ERRC_OFFSET81_NBYTEPERWORD8_TAG_CNT_WITH3_SPEC_REQ_BUFF_DEEP8_ADDR_BLOCK_SIZE64_ADDR_BP_TYPE1_AUSER_WITH1_EARLY_RSP_MODE1_DLY0_0', output port 'rspo2am_axid[0]' is connected directly to output port 'rspo2erd_axid[0]'. (LINT-31)
Warning: In design 'rsp_order_URGE_WITH7_SUBR_WITH8_IID_WITH10_TID_WITH10_ADDR_WITH32_AXID_WITH4_ORDKEY_WITH8_LEN_WITH8_USER_WITH10_RSP_IID_OFFSET7_RSP_TID_OFFSET17_RSP_ORDKEY_OFFSET27_RSP_OPC_OFFSET35_RSP_STATUS_OFFSET37_RSP_ADDR_OFFSET39_RSP_USER_OFFSET71_RSP_ERRC_OFFSET81_NBYTEPERWORD8_TAG_CNT_WITH3_SPEC_REQ_BUFF_DEEP8_ADDR_BLOCK_SIZE64_ADDR_BP_TYPE1_AUSER_WITH1_EARLY_RSP_MODE1_DLY0_0', output port 'rspo2am_opc[3]' is connected directly to output port 'rspo2erd_opc[3]'. (LINT-31)
Warning: In design 'rsp_order_URGE_WITH7_SUBR_WITH8_IID_WITH10_TID_WITH10_ADDR_WITH32_AXID_WITH4_ORDKEY_WITH8_LEN_WITH8_USER_WITH10_RSP_IID_OFFSET7_RSP_TID_OFFSET17_RSP_ORDKEY_OFFSET27_RSP_OPC_OFFSET35_RSP_STATUS_OFFSET37_RSP_ADDR_OFFSET39_RSP_USER_OFFSET71_RSP_ERRC_OFFSET81_NBYTEPERWORD8_TAG_CNT_WITH3_SPEC_REQ_BUFF_DEEP8_ADDR_BLOCK_SIZE64_ADDR_BP_TYPE1_AUSER_WITH1_EARLY_RSP_MODE1_DLY0_0', output port 'rspo2am_opc[2]' is connected directly to output port 'rspo2erd_opc[2]'. (LINT-31)
Warning: In design 'rsp_order_URGE_WITH7_SUBR_WITH8_IID_WITH10_TID_WITH10_ADDR_WITH32_AXID_WITH4_ORDKEY_WITH8_LEN_WITH8_USER_WITH10_RSP_IID_OFFSET7_RSP_TID_OFFSET17_RSP_ORDKEY_OFFSET27_RSP_OPC_OFFSET35_RSP_STATUS_OFFSET37_RSP_ADDR_OFFSET39_RSP_USER_OFFSET71_RSP_ERRC_OFFSET81_NBYTEPERWORD8_TAG_CNT_WITH3_SPEC_REQ_BUFF_DEEP8_ADDR_BLOCK_SIZE64_ADDR_BP_TYPE1_AUSER_WITH1_EARLY_RSP_MODE1_DLY0_0', output port 'rspo2am_opc[1]' is connected directly to output port 'rspo2erd_opc[1]'. (LINT-31)
Warning: In design 'rsp_order_URGE_WITH7_SUBR_WITH8_IID_WITH10_TID_WITH10_ADDR_WITH32_AXID_WITH4_ORDKEY_WITH8_LEN_WITH8_USER_WITH10_RSP_IID_OFFSET7_RSP_TID_OFFSET17_RSP_ORDKEY_OFFSET27_RSP_OPC_OFFSET35_RSP_STATUS_OFFSET37_RSP_ADDR_OFFSET39_RSP_USER_OFFSET71_RSP_ERRC_OFFSET81_NBYTEPERWORD8_TAG_CNT_WITH3_SPEC_REQ_BUFF_DEEP8_ADDR_BLOCK_SIZE64_ADDR_BP_TYPE1_AUSER_WITH1_EARLY_RSP_MODE1_DLY0_0', output port 'rspo2am_opc[0]' is connected directly to output port 'rspo2erd_opc[0]'. (LINT-31)
Warning: In design 'rsp_order_URGE_WITH7_SUBR_WITH8_IID_WITH10_TID_WITH10_ADDR_WITH32_AXID_WITH4_ORDKEY_WITH8_LEN_WITH8_USER_WITH10_RSP_IID_OFFSET7_RSP_TID_OFFSET17_RSP_ORDKEY_OFFSET27_RSP_OPC_OFFSET35_RSP_STATUS_OFFSET37_RSP_ADDR_OFFSET39_RSP_USER_OFFSET71_RSP_ERRC_OFFSET81_NBYTEPERWORD8_TAG_CNT_WITH3_SPEC_REQ_BUFF_DEEP8_ADDR_BLOCK_SIZE64_ADDR_BP_TYPE1_AUSER_WITH1_EARLY_RSP_MODE1_DLY0_0', output port 'rspo2am_user[9]' is connected directly to output port 'rspo2erd_user[9]'. (LINT-31)
Warning: In design 'rsp_order_URGE_WITH7_SUBR_WITH8_IID_WITH10_TID_WITH10_ADDR_WITH32_AXID_WITH4_ORDKEY_WITH8_LEN_WITH8_USER_WITH10_RSP_IID_OFFSET7_RSP_TID_OFFSET17_RSP_ORDKEY_OFFSET27_RSP_OPC_OFFSET35_RSP_STATUS_OFFSET37_RSP_ADDR_OFFSET39_RSP_USER_OFFSET71_RSP_ERRC_OFFSET81_NBYTEPERWORD8_TAG_CNT_WITH3_SPEC_REQ_BUFF_DEEP8_ADDR_BLOCK_SIZE64_ADDR_BP_TYPE1_AUSER_WITH1_EARLY_RSP_MODE1_DLY0_0', output port 'rspo2am_user[8]' is connected directly to output port 'rspo2erd_user[8]'. (LINT-31)
Warning: In design 'rsp_order_URGE_WITH7_SUBR_WITH8_IID_WITH10_TID_WITH10_ADDR_WITH32_AXID_WITH4_ORDKEY_WITH8_LEN_WITH8_USER_WITH10_RSP_IID_OFFSET7_RSP_TID_OFFSET17_RSP_ORDKEY_OFFSET27_RSP_OPC_OFFSET35_RSP_STATUS_OFFSET37_RSP_ADDR_OFFSET39_RSP_USER_OFFSET71_RSP_ERRC_OFFSET81_NBYTEPERWORD8_TAG_CNT_WITH3_SPEC_REQ_BUFF_DEEP8_ADDR_BLOCK_SIZE64_ADDR_BP_TYPE1_AUSER_WITH1_EARLY_RSP_MODE1_DLY0_0', output port 'rspo2am_user[7]' is connected directly to output port 'rspo2erd_user[7]'. (LINT-31)
Warning: In design 'rsp_order_URGE_WITH7_SUBR_WITH8_IID_WITH10_TID_WITH10_ADDR_WITH32_AXID_WITH4_ORDKEY_WITH8_LEN_WITH8_USER_WITH10_RSP_IID_OFFSET7_RSP_TID_OFFSET17_RSP_ORDKEY_OFFSET27_RSP_OPC_OFFSET35_RSP_STATUS_OFFSET37_RSP_ADDR_OFFSET39_RSP_USER_OFFSET71_RSP_ERRC_OFFSET81_NBYTEPERWORD8_TAG_CNT_WITH3_SPEC_REQ_BUFF_DEEP8_ADDR_BLOCK_SIZE64_ADDR_BP_TYPE1_AUSER_WITH1_EARLY_RSP_MODE1_DLY0_0', output port 'rspo2am_user[6]' is connected directly to output port 'rspo2erd_user[6]'. (LINT-31)
Warning: In design 'rsp_order_URGE_WITH7_SUBR_WITH8_IID_WITH10_TID_WITH10_ADDR_WITH32_AXID_WITH4_ORDKEY_WITH8_LEN_WITH8_USER_WITH10_RSP_IID_OFFSET7_RSP_TID_OFFSET17_RSP_ORDKEY_OFFSET27_RSP_OPC_OFFSET35_RSP_STATUS_OFFSET37_RSP_ADDR_OFFSET39_RSP_USER_OFFSET71_RSP_ERRC_OFFSET81_NBYTEPERWORD8_TAG_CNT_WITH3_SPEC_REQ_BUFF_DEEP8_ADDR_BLOCK_SIZE64_ADDR_BP_TYPE1_AUSER_WITH1_EARLY_RSP_MODE1_DLY0_0', output port 'rspo2am_user[5]' is connected directly to output port 'rspo2erd_user[5]'. (LINT-31)
Warning: In design 'rsp_order_URGE_WITH7_SUBR_WITH8_IID_WITH10_TID_WITH10_ADDR_WITH32_AXID_WITH4_ORDKEY_WITH8_LEN_WITH8_USER_WITH10_RSP_IID_OFFSET7_RSP_TID_OFFSET17_RSP_ORDKEY_OFFSET27_RSP_OPC_OFFSET35_RSP_STATUS_OFFSET37_RSP_ADDR_OFFSET39_RSP_USER_OFFSET71_RSP_ERRC_OFFSET81_NBYTEPERWORD8_TAG_CNT_WITH3_SPEC_REQ_BUFF_DEEP8_ADDR_BLOCK_SIZE64_ADDR_BP_TYPE1_AUSER_WITH1_EARLY_RSP_MODE1_DLY0_0', output port 'rspo2am_user[4]' is connected directly to output port 'rspo2erd_user[4]'. (LINT-31)
Warning: In design 'rsp_order_URGE_WITH7_SUBR_WITH8_IID_WITH10_TID_WITH10_ADDR_WITH32_AXID_WITH4_ORDKEY_WITH8_LEN_WITH8_USER_WITH10_RSP_IID_OFFSET7_RSP_TID_OFFSET17_RSP_ORDKEY_OFFSET27_RSP_OPC_OFFSET35_RSP_STATUS_OFFSET37_RSP_ADDR_OFFSET39_RSP_USER_OFFSET71_RSP_ERRC_OFFSET81_NBYTEPERWORD8_TAG_CNT_WITH3_SPEC_REQ_BUFF_DEEP8_ADDR_BLOCK_SIZE64_ADDR_BP_TYPE1_AUSER_WITH1_EARLY_RSP_MODE1_DLY0_0', output port 'rspo2am_user[3]' is connected directly to output port 'rspo2erd_user[3]'. (LINT-31)
Warning: In design 'rsp_order_URGE_WITH7_SUBR_WITH8_IID_WITH10_TID_WITH10_ADDR_WITH32_AXID_WITH4_ORDKEY_WITH8_LEN_WITH8_USER_WITH10_RSP_IID_OFFSET7_RSP_TID_OFFSET17_RSP_ORDKEY_OFFSET27_RSP_OPC_OFFSET35_RSP_STATUS_OFFSET37_RSP_ADDR_OFFSET39_RSP_USER_OFFSET71_RSP_ERRC_OFFSET81_NBYTEPERWORD8_TAG_CNT_WITH3_SPEC_REQ_BUFF_DEEP8_ADDR_BLOCK_SIZE64_ADDR_BP_TYPE1_AUSER_WITH1_EARLY_RSP_MODE1_DLY0_0', output port 'rspo2am_user[2]' is connected directly to output port 'rspo2erd_user[2]'. (LINT-31)
Warning: In design 'rsp_order_URGE_WITH7_SUBR_WITH8_IID_WITH10_TID_WITH10_ADDR_WITH32_AXID_WITH4_ORDKEY_WITH8_LEN_WITH8_USER_WITH10_RSP_IID_OFFSET7_RSP_TID_OFFSET17_RSP_ORDKEY_OFFSET27_RSP_OPC_OFFSET35_RSP_STATUS_OFFSET37_RSP_ADDR_OFFSET39_RSP_USER_OFFSET71_RSP_ERRC_OFFSET81_NBYTEPERWORD8_TAG_CNT_WITH3_SPEC_REQ_BUFF_DEEP8_ADDR_BLOCK_SIZE64_ADDR_BP_TYPE1_AUSER_WITH1_EARLY_RSP_MODE1_DLY0_0', output port 'rspo2am_user[1]' is connected directly to output port 'rspo2erd_user[1]'. (LINT-31)
Warning: In design 'rsp_order_URGE_WITH7_SUBR_WITH8_IID_WITH10_TID_WITH10_ADDR_WITH32_AXID_WITH4_ORDKEY_WITH8_LEN_WITH8_USER_WITH10_RSP_IID_OFFSET7_RSP_TID_OFFSET17_RSP_ORDKEY_OFFSET27_RSP_OPC_OFFSET35_RSP_STATUS_OFFSET37_RSP_ADDR_OFFSET39_RSP_USER_OFFSET71_RSP_ERRC_OFFSET81_NBYTEPERWORD8_TAG_CNT_WITH3_SPEC_REQ_BUFF_DEEP8_ADDR_BLOCK_SIZE64_ADDR_BP_TYPE1_AUSER_WITH1_EARLY_RSP_MODE1_DLY0_0', output port 'rspo2am_user[0]' is connected directly to output port 'rspo2erd_user[0]'. (LINT-31)
Warning: In design 'addr_map_URGE_WITH7_SUBR_WITH8_ADDR_WITH32_AXID_WITH4_LEN_WITH8_USER_WITH10_NBYTEPERWORD8_AADDR_WITH40_AQOS_WITH3_0', output port 'am2rreqt_arlen[7]' is connected directly to 'logic 0'. (LINT-52)
Warning: In design 'addr_map_URGE_WITH7_SUBR_WITH8_ADDR_WITH32_AXID_WITH4_LEN_WITH8_USER_WITH10_NBYTEPERWORD8_AADDR_WITH40_AQOS_WITH3_0', output port 'am2rreqt_arlen[6]' is connected directly to 'logic 0'. (LINT-52)
Warning: In design 'addr_map_URGE_WITH7_SUBR_WITH8_ADDR_WITH32_AXID_WITH4_LEN_WITH8_USER_WITH10_NBYTEPERWORD8_AADDR_WITH40_AQOS_WITH3_0', output port 'am2wreqt_awlen[7]' is connected directly to 'logic 0'. (LINT-52)
Warning: In design 'addr_map_URGE_WITH7_SUBR_WITH8_ADDR_WITH32_AXID_WITH4_LEN_WITH8_USER_WITH10_NBYTEPERWORD8_AADDR_WITH40_AQOS_WITH3_0', output port 'am2wreqt_awlen[6]' is connected directly to 'logic 0'. (LINT-52)
Warning: In design 'rreq_trans_URGE_WITH7_SUBR_WITH8_AXID_WITH4_LEN_WITH8_USER_WITH10_NBYTEPERWORD8_AADDR_WITH40_AUSER_WITH1_AQOS_WITH3_DLY0_0', output port 'axi_m_arsize[2]' is connected directly to 'logic 0'. (LINT-52)
Warning: In design 'rreq_trans_URGE_WITH7_SUBR_WITH8_AXID_WITH4_LEN_WITH8_USER_WITH10_NBYTEPERWORD8_AADDR_WITH40_AUSER_WITH1_AQOS_WITH3_DLY0_0', output port 'axi_m_arsize[1]' is connected directly to 'logic 1'. (LINT-52)
Warning: In design 'rreq_trans_URGE_WITH7_SUBR_WITH8_AXID_WITH4_LEN_WITH8_USER_WITH10_NBYTEPERWORD8_AADDR_WITH40_AUSER_WITH1_AQOS_WITH3_DLY0_0', output port 'axi_m_arsize[0]' is connected directly to 'logic 1'. (LINT-52)
Warning: In design 'wreq_trans_URGE_WITH7_SUBR_WITH8_AXID_WITH4_LEN_WITH8_USER_WITH10_NBYTEPERWORD8_AADDR_WITH40_AUSER_WITH1_AQOS_WITH3_DLY0_0', output port 'axi_m_awsize[2]' is connected directly to 'logic 0'. (LINT-52)
Warning: In design 'wreq_trans_URGE_WITH7_SUBR_WITH8_AXID_WITH4_LEN_WITH8_USER_WITH10_NBYTEPERWORD8_AADDR_WITH40_AUSER_WITH1_AQOS_WITH3_DLY0_0', output port 'axi_m_awsize[1]' is connected directly to 'logic 1'. (LINT-52)
Warning: In design 'wreq_trans_URGE_WITH7_SUBR_WITH8_AXID_WITH4_LEN_WITH8_USER_WITH10_NBYTEPERWORD8_AADDR_WITH40_AUSER_WITH1_AQOS_WITH3_DLY0_0', output port 'axi_m_awsize[0]' is connected directly to 'logic 1'. (LINT-52)
Warning: In design 'rsp_trans_AXID_WITH4_USER_WITH10_NBYTEPERWORD8_AUSER_WITH1_DLY0_0', output port 'rspt2rspo_opc[1]' is connected directly to 'logic 0'. (LINT-52)
Warning: In design 'rsp_trans_AXID_WITH4_USER_WITH10_NBYTEPERWORD8_AUSER_WITH1_DLY0_0', output port 'rspt2rspo_errcode[2]' is connected directly to 'logic 0'. (LINT-52)
Warning: In design 'rsp_trans_AXID_WITH4_USER_WITH10_NBYTEPERWORD8_AUSER_WITH1_DLY0_0', output port 'rspt2rspo_errcode[1]' is connected directly to 'logic 0'. (LINT-52)
Warning: In design 'rsp_trans_AXID_WITH4_USER_WITH10_NBYTEPERWORD8_AUSER_WITH1_DLY0_0', output port 'rspt2rspo_errcode[0]' is connected directly to 'logic 0'. (LINT-52)
Warning: In design 'rsp_trans_AXID_WITH4_USER_WITH10_NBYTEPERWORD8_AUSER_WITH1_DLY0_0', output port 'rspt2rspo_status[1]' is connected directly to 'logic 0'. (LINT-52)
Warning: In design 'rsp_trans_AXID_WITH4_USER_WITH10_NBYTEPERWORD8_AUSER_WITH1_DLY0_0', output port 'rspt2rspo_data[0]' is connected directly to 'logic 0'. (LINT-52)
1
