 
****************************************
Report : constraint
        -all_violators
        -verbose
Design : axi_tniu
Version: O-2018.06-SP1
Date   : Fri Aug 21 16:51:18 2026
****************************************


  Startpoint: rknp_txrsp_ready
              (input port clocked by aclk)
  Endpoint: genblk1.U_WRAP_ADJUST/append_pending_reg
            (rising edge-triggered flip-flop clocked by aclk)
  Path Group: IN2REG
  Path Type: min

  Point                                                   Incr       Path
  --------------------------------------------------------------------------
  clock aclk (rise edge)                                  0.00       0.00
  clock network delay (ideal)                             0.00       0.00
  input external delay                                    0.00       0.00 r
  rknp_txrsp_ready (in)                                   0.00       0.00 r
  genblk1.U_WRAP_ADJUST/U2874/Y (OAI21XL)                 0.04       0.04 f
  genblk1.U_WRAP_ADJUST/append_pending_reg/D (DFFRQXL)
                                                          0.00       0.04 f
  data arrival time                                                  0.04

  clock aclk (rise edge)                                  0.00       0.00
  clock network delay (ideal)                             0.00       0.00
  clock uncertainty                                       0.10       0.10
  genblk1.U_WRAP_ADJUST/append_pending_reg/CK (DFFRQXL)
                                                          0.00       0.10 r
  library hold time                                       0.03       0.13
  data required time                                                 0.13
  --------------------------------------------------------------------------
  data required time                                                 0.13
  data arrival time                                                 -0.04
  --------------------------------------------------------------------------
  slack (VIOLATED)                                                  -0.08


  Startpoint: axi_m_wready
              (input port clocked by aclk)
  Endpoint: U_WREQ_TRANS/head_w_done_reg
            (rising edge-triggered flip-flop clocked by aclk)
  Path Group: IN2REG
  Path Type: min

  Point                                                   Incr       Path
  --------------------------------------------------------------------------
  clock aclk (rise edge)                                  0.00       0.00
  clock network delay (ideal)                             0.00       0.00
  input external delay                                    0.00       0.00 f
  axi_m_wready (in)                                       0.00       0.00 f
  U_WREQ_TRANS/U153/Y (NAND3XL)                           0.05       0.05 r
  U_WREQ_TRANS/U154/Y (OAI2BB1XL)                         0.03       0.08 f
  U_WREQ_TRANS/head_w_done_reg/D (DFFRQXL)                0.00       0.08 f
  data arrival time                                                  0.08

  clock aclk (rise edge)                                  0.00       0.00
  clock network delay (ideal)                             0.00       0.00
  clock uncertainty                                       0.10       0.10
  U_WREQ_TRANS/head_w_done_reg/CK (DFFRQXL)               0.00       0.10 r
  library hold time                                       0.03       0.13
  data required time                                                 0.13
  --------------------------------------------------------------------------
  data required time                                                 0.13
  data arrival time                                                 -0.08
  --------------------------------------------------------------------------
  slack (VIOLATED)                                                  -0.05


  Startpoint: rknp_rxreq_data[104]
              (input port clocked by aclk)
  Endpoint: genblk1.U_WRAP_ALIGN/wwrap_buffer_reg[104]
            (rising edge-triggered flip-flop clocked by aclk)
  Path Group: IN2REG
  Path Type: min

  Point                                                   Incr       Path
  --------------------------------------------------------------------------
  clock aclk (rise edge)                                  0.00       0.00
  clock network delay (ideal)                             0.00       0.00
  input external delay                                    0.00       0.00 f
  rknp_rxreq_data[104] (in)                               0.00       0.00 f
  genblk1.U_WRAP_ALIGN/U2050/Y (INVXL)                    0.04       0.04 r
  genblk1.U_WRAP_ALIGN/U2051/Y (AOI2BB2XL)                0.03       0.08 f
  genblk1.U_WRAP_ALIGN/wwrap_buffer_reg[104]/D (DFFRQXL)
                                                          0.00       0.08 f
  data arrival time                                                  0.08

  clock aclk (rise edge)                                  0.00       0.00
  clock network delay (ideal)                             0.00       0.00
  clock uncertainty                                       0.10       0.10
  genblk1.U_WRAP_ALIGN/wwrap_buffer_reg[104]/CK (DFFRQXL)
                                                          0.00       0.10 r
  library hold time                                       0.03       0.13
  data required time                                                 0.13
  --------------------------------------------------------------------------
  data required time                                                 0.13
  data arrival time                                                 -0.08
  --------------------------------------------------------------------------
  slack (VIOLATED)                                                  -0.05


  Startpoint: axi_m_awready
              (input port clocked by aclk)
  Endpoint: U_WREQ_TRANS/head_aw_done_reg
            (rising edge-triggered flip-flop clocked by aclk)
  Path Group: IN2REG
  Path Type: min

  Point                                                   Incr       Path
  --------------------------------------------------------------------------
  clock aclk (rise edge)                                  0.00       0.00
  clock network delay (ideal)                             0.00       0.00
  input external delay                                    0.00       0.00 f
  axi_m_awready (in)                                      0.00       0.00 f
  U_WREQ_TRANS/U151/Y (NAND3XL)                           0.06       0.06 r
  U_WREQ_TRANS/U152/Y (OAI2BB1XL)                         0.03       0.08 f
  U_WREQ_TRANS/head_aw_done_reg/D (DFFRQXL)               0.00       0.08 f
  data arrival time                                                  0.08

  clock aclk (rise edge)                                  0.00       0.00
  clock network delay (ideal)                             0.00       0.00
  clock uncertainty                                       0.10       0.10
  U_WREQ_TRANS/head_aw_done_reg/CK (DFFRQXL)              0.00       0.10 r
  library hold time                                       0.03       0.13
  data required time                                                 0.13
  --------------------------------------------------------------------------
  data required time                                                 0.13
  data arrival time                                                 -0.08
  --------------------------------------------------------------------------
  slack (VIOLATED)                                                  -0.05


  Startpoint: rknp_rxreq_data[118]
              (input port clocked by aclk)
  Endpoint: genblk1.U_WRAP_ALIGN/wwrap_buffer_reg[118]
            (rising edge-triggered flip-flop clocked by aclk)
  Path Group: IN2REG
  Path Type: min

  Point                                                   Incr       Path
  --------------------------------------------------------------------------
  clock aclk (rise edge)                                  0.00       0.00
  clock network delay (ideal)                             0.00       0.00
  input external delay                                    0.00       0.00 f
  rknp_rxreq_data[118] (in)                               0.00       0.00 f
  genblk1.U_WRAP_ALIGN/U1499/Y (INVXL)                    0.05       0.05 r
  genblk1.U_WRAP_ALIGN/U1501/Y (AOI22XL)                  0.03       0.09 f
  genblk1.U_WRAP_ALIGN/wwrap_buffer_reg[118]/D (DFFRQXL)
                                                          0.00       0.09 f
  data arrival time                                                  0.09

  clock aclk (rise edge)                                  0.00       0.00
  clock network delay (ideal)                             0.00       0.00
  clock uncertainty                                       0.10       0.10
  genblk1.U_WRAP_ALIGN/wwrap_buffer_reg[118]/CK (DFFRQXL)
                                                          0.00       0.10 r
  library hold time                                       0.03       0.13
  data required time                                                 0.13
  --------------------------------------------------------------------------
  data required time                                                 0.13
  data arrival time                                                 -0.09
  --------------------------------------------------------------------------
  slack (VIOLATED)                                                  -0.04


  Startpoint: rknp_rxreq_data[56]
              (input port clocked by aclk)
  Endpoint: genblk1.U_WRAP_ALIGN/wwrap_buffer_reg[56]
            (rising edge-triggered flip-flop clocked by aclk)
  Path Group: IN2REG
  Path Type: min

  Point                                                   Incr       Path
  --------------------------------------------------------------------------
  clock aclk (rise edge)                                  0.00       0.00
  clock network delay (ideal)                             0.00       0.00
  input external delay                                    0.00       0.00 f
  rknp_rxreq_data[56] (in)                                0.00       0.00 f
  genblk1.U_WRAP_ALIGN/U1530/Y (INVXL)                    0.06       0.06 r
  genblk1.U_WRAP_ALIGN/U2863/Y (AOI22XL)                  0.03       0.09 f
  genblk1.U_WRAP_ALIGN/wwrap_buffer_reg[56]/D (DFFRQXL)
                                                          0.00       0.09 f
  data arrival time                                                  0.09

  clock aclk (rise edge)                                  0.00       0.00
  clock network delay (ideal)                             0.00       0.00
  clock uncertainty                                       0.10       0.10
  genblk1.U_WRAP_ALIGN/wwrap_buffer_reg[56]/CK (DFFRQXL)
                                                          0.00       0.10 r
  library hold time                                       0.03       0.13
  data required time                                                 0.13
  --------------------------------------------------------------------------
  data required time                                                 0.13
  data arrival time                                                 -0.09
  --------------------------------------------------------------------------
  slack (VIOLATED)                                                  -0.04


  Startpoint: rknp_rxreq_data[51]
              (input port clocked by aclk)
  Endpoint: genblk1.U_WRAP_ALIGN/wwrap_buffer_reg[51]
            (rising edge-triggered flip-flop clocked by aclk)
  Path Group: IN2REG
  Path Type: min

  Point                                                   Incr       Path
  --------------------------------------------------------------------------
  clock aclk (rise edge)                                  0.00       0.00
  clock network delay (ideal)                             0.00       0.00
  input external delay                                    0.00       0.00 f
  rknp_rxreq_data[51] (in)                                0.00       0.00 f
  genblk1.U_WRAP_ALIGN/U311/Y (INVXL)                     0.06       0.06 r
  genblk1.U_WRAP_ALIGN/U1505/Y (AOI22XL)                  0.03       0.09 f
  genblk1.U_WRAP_ALIGN/wwrap_buffer_reg[51]/D (DFFRQXL)
                                                          0.00       0.09 f
  data arrival time                                                  0.09

  clock aclk (rise edge)                                  0.00       0.00
  clock network delay (ideal)                             0.00       0.00
  clock uncertainty                                       0.10       0.10
  genblk1.U_WRAP_ALIGN/wwrap_buffer_reg[51]/CK (DFFRQXL)
                                                          0.00       0.10 r
  library hold time                                       0.03       0.13
  data required time                                                 0.13
  --------------------------------------------------------------------------
  data required time                                                 0.13
  data arrival time                                                 -0.09
  --------------------------------------------------------------------------
  slack (VIOLATED)                                                  -0.04


  Startpoint: rknp_rxreq_data[55]
              (input port clocked by aclk)
  Endpoint: genblk1.U_WRAP_ALIGN/wwrap_buffer_reg[55]
            (rising edge-triggered flip-flop clocked by aclk)
  Path Group: IN2REG
  Path Type: min

  Point                                                   Incr       Path
  --------------------------------------------------------------------------
  clock aclk (rise edge)                                  0.00       0.00
  clock network delay (ideal)                             0.00       0.00
  input external delay                                    0.00       0.00 f
  rknp_rxreq_data[55] (in)                                0.00       0.00 f
  genblk1.U_WRAP_ALIGN/U296/Y (INVXL)                     0.06       0.06 r
  genblk1.U_WRAP_ALIGN/U2862/Y (AOI22XL)                  0.03       0.09 f
  genblk1.U_WRAP_ALIGN/wwrap_buffer_reg[55]/D (DFFRQXL)
                                                          0.00       0.09 f
  data arrival time                                                  0.09

  clock aclk (rise edge)                                  0.00       0.00
  clock network delay (ideal)                             0.00       0.00
  clock uncertainty                                       0.10       0.10
  genblk1.U_WRAP_ALIGN/wwrap_buffer_reg[55]/CK (DFFRQXL)
                                                          0.00       0.10 r
  library hold time                                       0.03       0.13
  data required time                                                 0.13
  --------------------------------------------------------------------------
  data required time                                                 0.13
  data arrival time                                                 -0.09
  --------------------------------------------------------------------------
  slack (VIOLATED)                                                  -0.04


  Startpoint: rknp_rxreq_data[54]
              (input port clocked by aclk)
  Endpoint: genblk1.U_WRAP_ALIGN/wwrap_buffer_reg[54]
            (rising edge-triggered flip-flop clocked by aclk)
  Path Group: IN2REG
  Path Type: min

  Point                                                   Incr       Path
  --------------------------------------------------------------------------
  clock aclk (rise edge)                                  0.00       0.00
  clock network delay (ideal)                             0.00       0.00
  input external delay                                    0.00       0.00 f
  rknp_rxreq_data[54] (in)                                0.00       0.00 f
  genblk1.U_WRAP_ALIGN/U290/Y (INVXL)                     0.06       0.06 r
  genblk1.U_WRAP_ALIGN/U2861/Y (AOI22XL)                  0.03       0.09 f
  genblk1.U_WRAP_ALIGN/wwrap_buffer_reg[54]/D (DFFRQXL)
                                                          0.00       0.09 f
  data arrival time                                                  0.09

  clock aclk (rise edge)                                  0.00       0.00
  clock network delay (ideal)                             0.00       0.00
  clock uncertainty                                       0.10       0.10
  genblk1.U_WRAP_ALIGN/wwrap_buffer_reg[54]/CK (DFFRQXL)
                                                          0.00       0.10 r
  library hold time                                       0.03       0.13
  data required time                                                 0.13
  --------------------------------------------------------------------------
  data required time                                                 0.13
  data arrival time                                                 -0.09
  --------------------------------------------------------------------------
  slack (VIOLATED)                                                  -0.04


  Startpoint: rknp_rxreq_data[43]
              (input port clocked by aclk)
  Endpoint: genblk1.U_WRAP_ALIGN/wwrap_buffer_reg[43]
            (rising edge-triggered flip-flop clocked by aclk)
  Path Group: IN2REG
  Path Type: min

  Point                                                   Incr       Path
  --------------------------------------------------------------------------
  clock aclk (rise edge)                                  0.00       0.00
  clock network delay (ideal)                             0.00       0.00
  input external delay                                    0.00       0.00 f
  rknp_rxreq_data[43] (in)                                0.00       0.00 f
  genblk1.U_WRAP_ALIGN/U211/Y (INVXL)                     0.06       0.06 r
  genblk1.U_WRAP_ALIGN/U2855/Y (AOI22XL)                  0.03       0.09 f
  genblk1.U_WRAP_ALIGN/wwrap_buffer_reg[43]/D (DFFRQXL)
                                                          0.00       0.09 f
  data arrival time                                                  0.09

  clock aclk (rise edge)                                  0.00       0.00
  clock network delay (ideal)                             0.00       0.00
  clock uncertainty                                       0.10       0.10
  genblk1.U_WRAP_ALIGN/wwrap_buffer_reg[43]/CK (DFFRQXL)
                                                          0.00       0.10 r
  library hold time                                       0.03       0.13
  data required time                                                 0.13
  --------------------------------------------------------------------------
  data required time                                                 0.13
  data arrival time                                                 -0.09
  --------------------------------------------------------------------------
  slack (VIOLATED)                                                  -0.04


  Startpoint: rknp_rxreq_data[131]
              (input port clocked by aclk)
  Endpoint: genblk1.U_WRAP_ALIGN/wwrap_buffer_reg[131]
            (rising edge-triggered flip-flop clocked by aclk)
  Path Group: IN2REG
  Path Type: min

  Point                                                   Incr       Path
  --------------------------------------------------------------------------
  clock aclk (rise edge)                                  0.00       0.00
  clock network delay (ideal)                             0.00       0.00
  input external delay                                    0.00       0.00 f
  rknp_rxreq_data[131] (in)                               0.00       0.00 f
  genblk1.U_WRAP_ALIGN/U2063/Y (INVXL)                    0.05       0.05 r
  genblk1.U_WRAP_ALIGN/U2064/Y (AOI2BB2XL)                0.04       0.09 f
  genblk1.U_WRAP_ALIGN/wwrap_buffer_reg[131]/D (DFFRQXL)
                                                          0.00       0.09 f
  data arrival time                                                  0.09

  clock aclk (rise edge)                                  0.00       0.00
  clock network delay (ideal)                             0.00       0.00
  clock uncertainty                                       0.10       0.10
  genblk1.U_WRAP_ALIGN/wwrap_buffer_reg[131]/CK (DFFRQXL)
                                                          0.00       0.10 r
  library hold time                                       0.03       0.13
  data required time                                                 0.13
  --------------------------------------------------------------------------
  data required time                                                 0.13
  data arrival time                                                 -0.09
  --------------------------------------------------------------------------
  slack (VIOLATED)                                                  -0.04


  Startpoint: rknp_rxreq_data[112]
              (input port clocked by aclk)
  Endpoint: genblk1.U_WRAP_ALIGN/wwrap_buffer_reg[112]
            (rising edge-triggered flip-flop clocked by aclk)
  Path Group: IN2REG
  Path Type: min

  Point                                                   Incr       Path
  --------------------------------------------------------------------------
  clock aclk (rise edge)                                  0.00       0.00
  clock network delay (ideal)                             0.00       0.00
  input external delay                                    0.00       0.00 f
  rknp_rxreq_data[112] (in)                               0.00       0.00 f
  genblk1.U_WRAP_ALIGN/U217/Y (INVXL)                     0.05       0.05 r
  genblk1.U_WRAP_ALIGN/U2055/Y (AOI2BB2XL)                0.04       0.09 f
  genblk1.U_WRAP_ALIGN/wwrap_buffer_reg[112]/D (DFFRQXL)
                                                          0.00       0.09 f
  data arrival time                                                  0.09

  clock aclk (rise edge)                                  0.00       0.00
  clock network delay (ideal)                             0.00       0.00
  clock uncertainty                                       0.10       0.10
  genblk1.U_WRAP_ALIGN/wwrap_buffer_reg[112]/CK (DFFRQXL)
                                                          0.00       0.10 r
  library hold time                                       0.03       0.13
  data required time                                                 0.13
  --------------------------------------------------------------------------
  data required time                                                 0.13
  data arrival time                                                 -0.09
  --------------------------------------------------------------------------
  slack (VIOLATED)                                                  -0.04


  Startpoint: rknp_rxreq_data[111]
              (input port clocked by aclk)
  Endpoint: genblk1.U_WRAP_ALIGN/wwrap_buffer_reg[111]
            (rising edge-triggered flip-flop clocked by aclk)
  Path Group: IN2REG
  Path Type: min

  Point                                                   Incr       Path
  --------------------------------------------------------------------------
  clock aclk (rise edge)                                  0.00       0.00
  clock network delay (ideal)                             0.00       0.00
  input external delay                                    0.00       0.00 f
  rknp_rxreq_data[111] (in)                               0.00       0.00 f
  genblk1.U_WRAP_ALIGN/U656/Y (INVXL)                     0.05       0.05 r
  genblk1.U_WRAP_ALIGN/U1520/Y (AOI2BB2XL)                0.04       0.09 f
  genblk1.U_WRAP_ALIGN/wwrap_buffer_reg[111]/D (DFFRQXL)
                                                          0.00       0.09 f
  data arrival time                                                  0.09

  clock aclk (rise edge)                                  0.00       0.00
  clock network delay (ideal)                             0.00       0.00
  clock uncertainty                                       0.10       0.10
  genblk1.U_WRAP_ALIGN/wwrap_buffer_reg[111]/CK (DFFRQXL)
                                                          0.00       0.10 r
  library hold time                                       0.03       0.13
  data required time                                                 0.13
  --------------------------------------------------------------------------
  data required time                                                 0.13
  data arrival time                                                 -0.09
  --------------------------------------------------------------------------
  slack (VIOLATED)                                                  -0.04


  Startpoint: rknp_rxreq_data[110]
              (input port clocked by aclk)
  Endpoint: genblk1.U_WRAP_ALIGN/wwrap_buffer_reg[110]
            (rising edge-triggered flip-flop clocked by aclk)
  Path Group: IN2REG
  Path Type: min

  Point                                                   Incr       Path
  --------------------------------------------------------------------------
  clock aclk (rise edge)                                  0.00       0.00
  clock network delay (ideal)                             0.00       0.00
  input external delay                                    0.00       0.00 f
  rknp_rxreq_data[110] (in)                               0.00       0.00 f
  genblk1.U_WRAP_ALIGN/U802/Y (INVXL)                     0.05       0.05 r
  genblk1.U_WRAP_ALIGN/U2052/Y (AOI2BB2XL)                0.04       0.09 f
  genblk1.U_WRAP_ALIGN/wwrap_buffer_reg[110]/D (DFFRQXL)
                                                          0.00       0.09 f
  data arrival time                                                  0.09

  clock aclk (rise edge)                                  0.00       0.00
  clock network delay (ideal)                             0.00       0.00
  clock uncertainty                                       0.10       0.10
  genblk1.U_WRAP_ALIGN/wwrap_buffer_reg[110]/CK (DFFRQXL)
                                                          0.00       0.10 r
  library hold time                                       0.03       0.13
  data required time                                                 0.13
  --------------------------------------------------------------------------
  data required time                                                 0.13
  data arrival time                                                 -0.09
  --------------------------------------------------------------------------
  slack (VIOLATED)                                                  -0.04


  Startpoint: rknp_rxreq_data[169]
              (input port clocked by aclk)
  Endpoint: genblk1.U_WRAP_ALIGN/wwrap_buffer_reg[169]
            (rising edge-triggered flip-flop clocked by aclk)
  Path Group: IN2REG
  Path Type: min

  Point                                                   Incr       Path
  --------------------------------------------------------------------------
  clock aclk (rise edge)                                  0.00       0.00
  clock network delay (ideal)                             0.00       0.00
  input external delay                                    0.00       0.00 f
  rknp_rxreq_data[169] (in)                               0.00       0.00 f
  genblk1.U_WRAP_ALIGN/U1512/Y (INVXL)                    0.05       0.05 r
  genblk1.U_WRAP_ALIGN/U1513/Y (AOI2BB2XL)                0.04       0.09 f
  genblk1.U_WRAP_ALIGN/wwrap_buffer_reg[169]/D (DFFRQXL)
                                                          0.00       0.09 f
  data arrival time                                                  0.09

  clock aclk (rise edge)                                  0.00       0.00
  clock network delay (ideal)                             0.00       0.00
  clock uncertainty                                       0.10       0.10
  genblk1.U_WRAP_ALIGN/wwrap_buffer_reg[169]/CK (DFFRQXL)
                                                          0.00       0.10 r
  library hold time                                       0.03       0.13
  data required time                                                 0.13
  --------------------------------------------------------------------------
  data required time                                                 0.13
  data arrival time                                                 -0.09
  --------------------------------------------------------------------------
  slack (VIOLATED)                                                  -0.04


  Startpoint: rknp_rxreq_data[168]
              (input port clocked by aclk)
  Endpoint: genblk1.U_WRAP_ALIGN/wwrap_buffer_reg[168]
            (rising edge-triggered flip-flop clocked by aclk)
  Path Group: IN2REG
  Path Type: min

  Point                                                   Incr       Path
  --------------------------------------------------------------------------
  clock aclk (rise edge)                                  0.00       0.00
  clock network delay (ideal)                             0.00       0.00
  input external delay                                    0.00       0.00 f
  rknp_rxreq_data[168] (in)                               0.00       0.00 f
  genblk1.U_WRAP_ALIGN/U2056/Y (INVXL)                    0.05       0.05 r
  genblk1.U_WRAP_ALIGN/U2057/Y (AOI2BB2XL)                0.04       0.09 f
  genblk1.U_WRAP_ALIGN/wwrap_buffer_reg[168]/D (DFFRQXL)
                                                          0.00       0.09 f
  data arrival time                                                  0.09

  clock aclk (rise edge)                                  0.00       0.00
  clock network delay (ideal)                             0.00       0.00
  clock uncertainty                                       0.10       0.10
  genblk1.U_WRAP_ALIGN/wwrap_buffer_reg[168]/CK (DFFRQXL)
                                                          0.00       0.10 r
  library hold time                                       0.03       0.13
  data required time                                                 0.13
  --------------------------------------------------------------------------
  data required time                                                 0.13
  data arrival time                                                 -0.09
  --------------------------------------------------------------------------
  slack (VIOLATED)                                                  -0.04


  Startpoint: rknp_rxreq_data[167]
              (input port clocked by aclk)
  Endpoint: genblk1.U_WRAP_ALIGN/wwrap_buffer_reg[167]
            (rising edge-triggered flip-flop clocked by aclk)
  Path Group: IN2REG
  Path Type: min

  Point                                                   Incr       Path
  --------------------------------------------------------------------------
  clock aclk (rise edge)                                  0.00       0.00
  clock network delay (ideal)                             0.00       0.00
  input external delay                                    0.00       0.00 f
  rknp_rxreq_data[167] (in)                               0.00       0.00 f
  genblk1.U_WRAP_ALIGN/U2061/Y (INVXL)                    0.05       0.05 r
  genblk1.U_WRAP_ALIGN/U2062/Y (AOI2BB2XL)                0.04       0.09 f
  genblk1.U_WRAP_ALIGN/wwrap_buffer_reg[167]/D (DFFRQXL)
                                                          0.00       0.09 f
  data arrival time                                                  0.09

  clock aclk (rise edge)                                  0.00       0.00
  clock network delay (ideal)                             0.00       0.00
  clock uncertainty                                       0.10       0.10
  genblk1.U_WRAP_ALIGN/wwrap_buffer_reg[167]/CK (DFFRQXL)
                                                          0.00       0.10 r
  library hold time                                       0.03       0.13
  data required time                                                 0.13
  --------------------------------------------------------------------------
  data required time                                                 0.13
  data arrival time                                                 -0.09
  --------------------------------------------------------------------------
  slack (VIOLATED)                                                  -0.04


  Startpoint: rknp_rxreq_data[161]
              (input port clocked by aclk)
  Endpoint: genblk1.U_WRAP_ALIGN/wwrap_buffer_reg[161]
            (rising edge-triggered flip-flop clocked by aclk)
  Path Group: IN2REG
  Path Type: min

  Point                                                   Incr       Path
  --------------------------------------------------------------------------
  clock aclk (rise edge)                                  0.00       0.00
  clock network delay (ideal)                             0.00       0.00
  input external delay                                    0.00       0.00 f
  rknp_rxreq_data[161] (in)                               0.00       0.00 f
  genblk1.U_WRAP_ALIGN/U999/Y (INVXL)                     0.05       0.05 r
  genblk1.U_WRAP_ALIGN/U2059/Y (AOI2BB2XL)                0.04       0.09 f
  genblk1.U_WRAP_ALIGN/wwrap_buffer_reg[161]/D (DFFRQXL)
                                                          0.00       0.09 f
  data arrival time                                                  0.09

  clock aclk (rise edge)                                  0.00       0.00
  clock network delay (ideal)                             0.00       0.00
  clock uncertainty                                       0.10       0.10
  genblk1.U_WRAP_ALIGN/wwrap_buffer_reg[161]/CK (DFFRQXL)
                                                          0.00       0.10 r
  library hold time                                       0.03       0.13
  data required time                                                 0.13
  --------------------------------------------------------------------------
  data required time                                                 0.13
  data arrival time                                                 -0.09
  --------------------------------------------------------------------------
  slack (VIOLATED)                                                  -0.04


  Startpoint: axi_m_rlast
              (input port clocked by aclk)
  Endpoint: genblk2.U_RSP_TRANS/rbuf1_rlast_reg
            (rising edge-triggered flip-flop clocked by aclk)
  Path Group: IN2REG
  Path Type: min

  Point                                                   Incr       Path
  --------------------------------------------------------------------------
  clock aclk (rise edge)                                  0.00       0.00
  clock network delay (ideal)                             0.00       0.00
  input external delay                                    0.00       0.00 f
  axi_m_rlast (in)                                        0.00       0.00 f
  genblk2.U_RSP_TRANS/U8/Y (INVXL)                        0.06       0.06 r
  genblk2.U_RSP_TRANS/U65/Y (AOI2BB2XL)                   0.04       0.09 f
  genblk2.U_RSP_TRANS/rbuf1_rlast_reg/D (DFFRQXL)         0.00       0.09 f
  data arrival time                                                  0.09

  clock aclk (rise edge)                                  0.00       0.00
  clock network delay (ideal)                             0.00       0.00
  clock uncertainty                                       0.10       0.10
  genblk2.U_RSP_TRANS/rbuf1_rlast_reg/CK (DFFRQXL)        0.00       0.10 r
  library hold time                                       0.03       0.13
  data required time                                                 0.13
  --------------------------------------------------------------------------
  data required time                                                 0.13
  data arrival time                                                 -0.09
  --------------------------------------------------------------------------
  slack (VIOLATED)                                                  -0.04


  Startpoint: axi_m_rlast
              (input port clocked by aclk)
  Endpoint: genblk2.U_RSP_TRANS/prev_rbeat_last_reg
            (rising edge-triggered flip-flop clocked by aclk)
  Path Group: IN2REG
  Path Type: min

  Point                                                   Incr       Path
  --------------------------------------------------------------------------
  clock aclk (rise edge)                                  0.00       0.00
  clock network delay (ideal)                             0.00       0.00
  input external delay                                    0.00       0.00 f
  axi_m_rlast (in)                                        0.00       0.00 f
  genblk2.U_RSP_TRANS/U8/Y (INVXL)                        0.06       0.06 r
  genblk2.U_RSP_TRANS/U63/Y (AOI2BB2XL)                   0.04       0.09 f
  genblk2.U_RSP_TRANS/prev_rbeat_last_reg/D (DFFRQXL)     0.00       0.09 f
  data arrival time                                                  0.09

  clock aclk (rise edge)                                  0.00       0.00
  clock network delay (ideal)                             0.00       0.00
  clock uncertainty                                       0.10       0.10
  genblk2.U_RSP_TRANS/prev_rbeat_last_reg/CK (DFFRQXL)
                                                          0.00       0.10 r
  library hold time                                       0.03       0.13
  data required time                                                 0.13
  --------------------------------------------------------------------------
  data required time                                                 0.13
  data arrival time                                                 -0.09
  --------------------------------------------------------------------------
  slack (VIOLATED)                                                  -0.04


  Startpoint: rknp_rxreq_data[170]
              (input port clocked by aclk)
  Endpoint: genblk1.U_WRAP_ALIGN/wwrap_buffer_reg[170]
            (rising edge-triggered flip-flop clocked by aclk)
  Path Group: IN2REG
  Path Type: min

  Point                                                   Incr       Path
  --------------------------------------------------------------------------
  clock aclk (rise edge)                                  0.00       0.00
  clock network delay (ideal)                             0.00       0.00
  input external delay                                    0.00       0.00 f
  rknp_rxreq_data[170] (in)                               0.00       0.00 f
  genblk1.U_WRAP_ALIGN/U1510/Y (INVXL)                    0.06       0.06 r
  genblk1.U_WRAP_ALIGN/U1511/Y (AOI2BB2XL)                0.04       0.09 f
  genblk1.U_WRAP_ALIGN/wwrap_buffer_reg[170]/D (DFFRQXL)
                                                          0.00       0.09 f
  data arrival time                                                  0.09

  clock aclk (rise edge)                                  0.00       0.00
  clock network delay (ideal)                             0.00       0.00
  clock uncertainty                                       0.10       0.10
  genblk1.U_WRAP_ALIGN/wwrap_buffer_reg[170]/CK (DFFRQXL)
                                                          0.00       0.10 r
  library hold time                                       0.03       0.13
  data required time                                                 0.13
  --------------------------------------------------------------------------
  data required time                                                 0.13
  data arrival time                                                 -0.09
  --------------------------------------------------------------------------
  slack (VIOLATED)                                                  -0.04


  Startpoint: rknp_rxreq_data[158]
              (input port clocked by aclk)
  Endpoint: genblk1.U_WRAP_ALIGN/wwrap_buffer_reg[158]
            (rising edge-triggered flip-flop clocked by aclk)
  Path Group: IN2REG
  Path Type: min

  Point                                                   Incr       Path
  --------------------------------------------------------------------------
  clock aclk (rise edge)                                  0.00       0.00
  clock network delay (ideal)                             0.00       0.00
  input external delay                                    0.00       0.00 f
  rknp_rxreq_data[158] (in)                               0.00       0.00 f
  genblk1.U_WRAP_ALIGN/U1521/Y (INVXL)                    0.06       0.06 r
  genblk1.U_WRAP_ALIGN/U1522/Y (AOI2BB2XL)                0.04       0.09 f
  genblk1.U_WRAP_ALIGN/wwrap_buffer_reg[158]/D (DFFRQXL)
                                                          0.00       0.09 f
  data arrival time                                                  0.09

  clock aclk (rise edge)                                  0.00       0.00
  clock network delay (ideal)                             0.00       0.00
  clock uncertainty                                       0.10       0.10
  genblk1.U_WRAP_ALIGN/wwrap_buffer_reg[158]/CK (DFFRQXL)
                                                          0.00       0.10 r
  library hold time                                       0.03       0.13
  data required time                                                 0.13
  --------------------------------------------------------------------------
  data required time                                                 0.13
  data arrival time                                                 -0.09
  --------------------------------------------------------------------------
  slack (VIOLATED)                                                  -0.04


  Startpoint: rknp_rxreq_data[133]
              (input port clocked by aclk)
  Endpoint: genblk1.U_WRAP_ALIGN/wwrap_buffer_reg[133]
            (rising edge-triggered flip-flop clocked by aclk)
  Path Group: IN2REG
  Path Type: min

  Point                                                   Incr       Path
  --------------------------------------------------------------------------
  clock aclk (rise edge)                                  0.00       0.00
  clock network delay (ideal)                             0.00       0.00
  input external delay                                    0.00       0.00 f
  rknp_rxreq_data[133] (in)                               0.00       0.00 f
  genblk1.U_WRAP_ALIGN/U1516/Y (INVXL)                    0.06       0.06 r
  genblk1.U_WRAP_ALIGN/U1518/Y (AOI2BB2XL)                0.04       0.09 f
  genblk1.U_WRAP_ALIGN/wwrap_buffer_reg[133]/D (DFFRQXL)
                                                          0.00       0.09 f
  data arrival time                                                  0.09

  clock aclk (rise edge)                                  0.00       0.00
  clock network delay (ideal)                             0.00       0.00
  clock uncertainty                                       0.10       0.10
  genblk1.U_WRAP_ALIGN/wwrap_buffer_reg[133]/CK (DFFRQXL)
                                                          0.00       0.10 r
  library hold time                                       0.03       0.13
  data required time                                                 0.13
  --------------------------------------------------------------------------
  data required time                                                 0.13
  data arrival time                                                 -0.09
  --------------------------------------------------------------------------
  slack (VIOLATED)                                                  -0.04


  Startpoint: rknp_rxreq_data[130]
              (input port clocked by aclk)
  Endpoint: genblk1.U_WRAP_ALIGN/wwrap_buffer_reg[130]
            (rising edge-triggered flip-flop clocked by aclk)
  Path Group: IN2REG
  Path Type: min

  Point                                                   Incr       Path
  --------------------------------------------------------------------------
  clock aclk (rise edge)                                  0.00       0.00
  clock network delay (ideal)                             0.00       0.00
  input external delay                                    0.00       0.00 f
  rknp_rxreq_data[130] (in)                               0.00       0.00 f
  genblk1.U_WRAP_ALIGN/U2053/Y (INVXL)                    0.06       0.06 r
  genblk1.U_WRAP_ALIGN/U2054/Y (AOI2BB2XL)                0.04       0.09 f
  genblk1.U_WRAP_ALIGN/wwrap_buffer_reg[130]/D (DFFRQXL)
                                                          0.00       0.09 f
  data arrival time                                                  0.09

  clock aclk (rise edge)                                  0.00       0.00
  clock network delay (ideal)                             0.00       0.00
  clock uncertainty                                       0.10       0.10
  genblk1.U_WRAP_ALIGN/wwrap_buffer_reg[130]/CK (DFFRQXL)
                                                          0.00       0.10 r
  library hold time                                       0.03       0.13
  data required time                                                 0.13
  --------------------------------------------------------------------------
  data required time                                                 0.13
  data arrival time                                                 -0.09
  --------------------------------------------------------------------------
  slack (VIOLATED)                                                  -0.04


  Startpoint: rknp_rxreq_data[126]
              (input port clocked by aclk)
  Endpoint: genblk1.U_WRAP_ALIGN/wwrap_buffer_reg[126]
            (rising edge-triggered flip-flop clocked by aclk)
  Path Group: IN2REG
  Path Type: min

  Point                                                   Incr       Path
  --------------------------------------------------------------------------
  clock aclk (rise edge)                                  0.00       0.00
  clock network delay (ideal)                             0.00       0.00
  input external delay                                    0.00       0.00 f
  rknp_rxreq_data[126] (in)                               0.00       0.00 f
  genblk1.U_WRAP_ALIGN/U214/Y (INVXL)                     0.06       0.06 r
  genblk1.U_WRAP_ALIGN/U2060/Y (AOI2BB2XL)                0.04       0.09 f
  genblk1.U_WRAP_ALIGN/wwrap_buffer_reg[126]/D (DFFRQXL)
                                                          0.00       0.09 f
  data arrival time                                                  0.09

  clock aclk (rise edge)                                  0.00       0.00
  clock network delay (ideal)                             0.00       0.00
  clock uncertainty                                       0.10       0.10
  genblk1.U_WRAP_ALIGN/wwrap_buffer_reg[126]/CK (DFFRQXL)
                                                          0.00       0.10 r
  library hold time                                       0.03       0.13
  data required time                                                 0.13
  --------------------------------------------------------------------------
  data required time                                                 0.13
  data arrival time                                                 -0.09
  --------------------------------------------------------------------------
  slack (VIOLATED)                                                  -0.04


  Startpoint: rknp_rxreq_data[109]
              (input port clocked by aclk)
  Endpoint: genblk1.U_WRAP_ALIGN/wwrap_buffer_reg[109]
            (rising edge-triggered flip-flop clocked by aclk)
  Path Group: IN2REG
  Path Type: min

  Point                                                   Incr       Path
  --------------------------------------------------------------------------
  clock aclk (rise edge)                                  0.00       0.00
  clock network delay (ideal)                             0.00       0.00
  input external delay                                    0.00       0.00 f
  rknp_rxreq_data[109] (in)                               0.00       0.00 f
  genblk1.U_WRAP_ALIGN/U1296/Y (INVXL)                    0.06       0.06 r
  genblk1.U_WRAP_ALIGN/U2058/Y (AOI2BB2XL)                0.04       0.09 f
  genblk1.U_WRAP_ALIGN/wwrap_buffer_reg[109]/D (DFFRQXL)
                                                          0.00       0.09 f
  data arrival time                                                  0.09

  clock aclk (rise edge)                                  0.00       0.00
  clock network delay (ideal)                             0.00       0.00
  clock uncertainty                                       0.10       0.10
  genblk1.U_WRAP_ALIGN/wwrap_buffer_reg[109]/CK (DFFRQXL)
                                                          0.00       0.10 r
  library hold time                                       0.03       0.13
  data required time                                                 0.13
  --------------------------------------------------------------------------
  data required time                                                 0.13
  data arrival time                                                 -0.09
  --------------------------------------------------------------------------
  slack (VIOLATED)                                                  -0.04


  Startpoint: rknp_rxreq_data[151]
              (input port clocked by aclk)
  Endpoint: genblk1.U_WRAP_ALIGN/wwrap_buffer_reg[151]
            (rising edge-triggered flip-flop clocked by aclk)
  Path Group: IN2REG
  Path Type: min

  Point                                                   Incr       Path
  --------------------------------------------------------------------------
  clock aclk (rise edge)                                  0.00       0.00
  clock network delay (ideal)                             0.00       0.00
  input external delay                                    0.00       0.00 f
  rknp_rxreq_data[151] (in)                               0.00       0.00 f
  genblk1.U_WRAP_ALIGN/U1995/Y (AOI2BB2XL)                0.09       0.09 f
  genblk1.U_WRAP_ALIGN/wwrap_buffer_reg[151]/D (DFFRQXL)
                                                          0.00       0.09 f
  data arrival time                                                  0.09

  clock aclk (rise edge)                                  0.00       0.00
  clock network delay (ideal)                             0.00       0.00
  clock uncertainty                                       0.10       0.10
  genblk1.U_WRAP_ALIGN/wwrap_buffer_reg[151]/CK (DFFRQXL)
                                                          0.00       0.10 r
  library hold time                                       0.03       0.13
  data required time                                                 0.13
  --------------------------------------------------------------------------
  data required time                                                 0.13
  data arrival time                                                 -0.09
  --------------------------------------------------------------------------
  slack (VIOLATED)                                                  -0.04


  Startpoint: rknp_rxreq_data[119]
              (input port clocked by aclk)
  Endpoint: genblk1.U_WRAP_ALIGN/wwrap_buffer_reg[119]
            (rising edge-triggered flip-flop clocked by aclk)
  Path Group: IN2REG
  Path Type: min

  Point                                                   Incr       Path
  --------------------------------------------------------------------------
  clock aclk (rise edge)                                  0.00       0.00
  clock network delay (ideal)                             0.00       0.00
  input external delay                                    0.00       0.00 f
  rknp_rxreq_data[119] (in)                               0.00       0.00 f
  genblk1.U_WRAP_ALIGN/U1994/Y (AOI2BB2XL)                0.09       0.09 f
  genblk1.U_WRAP_ALIGN/wwrap_buffer_reg[119]/D (DFFRQXL)
                                                          0.00       0.09 f
  data arrival time                                                  0.09

  clock aclk (rise edge)                                  0.00       0.00
  clock network delay (ideal)                             0.00       0.00
  clock uncertainty                                       0.10       0.10
  genblk1.U_WRAP_ALIGN/wwrap_buffer_reg[119]/CK (DFFRQXL)
                                                          0.00       0.10 r
  library hold time                                       0.03       0.13
  data required time                                                 0.13
  --------------------------------------------------------------------------
  data required time                                                 0.13
  data arrival time                                                 -0.09
  --------------------------------------------------------------------------
  slack (VIOLATED)                                                  -0.04


  Startpoint: rknp_rxreq_data[150]
              (input port clocked by aclk)
  Endpoint: genblk1.U_WRAP_ALIGN/wwrap_buffer_reg[150]
            (rising edge-triggered flip-flop clocked by aclk)
  Path Group: IN2REG
  Path Type: min

  Point                                                   Incr       Path
  --------------------------------------------------------------------------
  clock aclk (rise edge)                                  0.00       0.00
  clock network delay (ideal)                             0.00       0.00
  input external delay                                    0.00       0.00 f
  rknp_rxreq_data[150] (in)                               0.00       0.00 f
  genblk1.U_WRAP_ALIGN/U1993/Y (AOI2BB2XL)                0.09       0.09 f
  genblk1.U_WRAP_ALIGN/wwrap_buffer_reg[150]/D (DFFRQXL)
                                                          0.00       0.09 f
  data arrival time                                                  0.09

  clock aclk (rise edge)                                  0.00       0.00
  clock network delay (ideal)                             0.00       0.00
  clock uncertainty                                       0.10       0.10
  genblk1.U_WRAP_ALIGN/wwrap_buffer_reg[150]/CK (DFFRQXL)
                                                          0.00       0.10 r
  library hold time                                       0.03       0.13
  data required time                                                 0.13
  --------------------------------------------------------------------------
  data required time                                                 0.13
  data arrival time                                                 -0.09
  --------------------------------------------------------------------------
  slack (VIOLATED)                                                  -0.04


  Startpoint: rknp_rxreq_data[165]
              (input port clocked by aclk)
  Endpoint: genblk1.U_WRAP_ALIGN/wwrap_buffer_reg[165]
            (rising edge-triggered flip-flop clocked by aclk)
  Path Group: IN2REG
  Path Type: min

  Point                                                   Incr       Path
  --------------------------------------------------------------------------
  clock aclk (rise edge)                                  0.00       0.00
  clock network delay (ideal)                             0.00       0.00
  input external delay                                    0.00       0.00 f
  rknp_rxreq_data[165] (in)                               0.00       0.00 f
  genblk1.U_WRAP_ALIGN/U1989/Y (AOI2BB2XL)                0.09       0.09 f
  genblk1.U_WRAP_ALIGN/wwrap_buffer_reg[165]/D (DFFRQXL)
                                                          0.00       0.09 f
  data arrival time                                                  0.09

  clock aclk (rise edge)                                  0.00       0.00
  clock network delay (ideal)                             0.00       0.00
  clock uncertainty                                       0.10       0.10
  genblk1.U_WRAP_ALIGN/wwrap_buffer_reg[165]/CK (DFFRQXL)
                                                          0.00       0.10 r
  library hold time                                       0.03       0.13
  data required time                                                 0.13
  --------------------------------------------------------------------------
  data required time                                                 0.13
  data arrival time                                                 -0.09
  --------------------------------------------------------------------------
  slack (VIOLATED)                                                  -0.04


  Startpoint: rknp_rxreq_data[174]
              (input port clocked by aclk)
  Endpoint: genblk1.U_WRAP_ALIGN/wwrap_buffer_reg[174]
            (rising edge-triggered flip-flop clocked by aclk)
  Path Group: IN2REG
  Path Type: min

  Point                                                   Incr       Path
  --------------------------------------------------------------------------
  clock aclk (rise edge)                                  0.00       0.00
  clock network delay (ideal)                             0.00       0.00
  input external delay                                    0.00       0.00 f
  rknp_rxreq_data[174] (in)                               0.00       0.00 f
  genblk1.U_WRAP_ALIGN/U1996/Y (AOI2BB2XL)                0.09       0.09 f
  genblk1.U_WRAP_ALIGN/wwrap_buffer_reg[174]/D (DFFRQXL)
                                                          0.00       0.09 f
  data arrival time                                                  0.09

  clock aclk (rise edge)                                  0.00       0.00
  clock network delay (ideal)                             0.00       0.00
  clock uncertainty                                       0.10       0.10
  genblk1.U_WRAP_ALIGN/wwrap_buffer_reg[174]/CK (DFFRQXL)
                                                          0.00       0.10 r
  library hold time                                       0.03       0.13
  data required time                                                 0.13
  --------------------------------------------------------------------------
  data required time                                                 0.13
  data arrival time                                                 -0.09
  --------------------------------------------------------------------------
  slack (VIOLATED)                                                  -0.04


  Startpoint: rknp_rxreq_data[149]
              (input port clocked by aclk)
  Endpoint: genblk1.U_WRAP_ALIGN/wwrap_buffer_reg[149]
            (rising edge-triggered flip-flop clocked by aclk)
  Path Group: IN2REG
  Path Type: min

  Point                                                   Incr       Path
  --------------------------------------------------------------------------
  clock aclk (rise edge)                                  0.00       0.00
  clock network delay (ideal)                             0.00       0.00
  input external delay                                    0.00       0.00 f
  rknp_rxreq_data[149] (in)                               0.00       0.00 f
  genblk1.U_WRAP_ALIGN/U1991/Y (AOI2BB2XL)                0.09       0.09 f
  genblk1.U_WRAP_ALIGN/wwrap_buffer_reg[149]/D (DFFRQXL)
                                                          0.00       0.09 f
  data arrival time                                                  0.09

  clock aclk (rise edge)                                  0.00       0.00
  clock network delay (ideal)                             0.00       0.00
  clock uncertainty                                       0.10       0.10
  genblk1.U_WRAP_ALIGN/wwrap_buffer_reg[149]/CK (DFFRQXL)
                                                          0.00       0.10 r
  library hold time                                       0.03       0.13
  data required time                                                 0.13
  --------------------------------------------------------------------------
  data required time                                                 0.13
  data arrival time                                                 -0.09
  --------------------------------------------------------------------------
  slack (VIOLATED)                                                  -0.04


  Startpoint: rknp_rxreq_data[135]
              (input port clocked by aclk)
  Endpoint: genblk1.U_WRAP_ALIGN/wwrap_buffer_reg[135]
            (rising edge-triggered flip-flop clocked by aclk)
  Path Group: IN2REG
  Path Type: min

  Point                                                   Incr       Path
  --------------------------------------------------------------------------
  clock aclk (rise edge)                                  0.00       0.00
  clock network delay (ideal)                             0.00       0.00
  input external delay                                    0.00       0.00 f
  rknp_rxreq_data[135] (in)                               0.00       0.00 f
  genblk1.U_WRAP_ALIGN/U1992/Y (AOI2BB2XL)                0.09       0.09 f
  genblk1.U_WRAP_ALIGN/wwrap_buffer_reg[135]/D (DFFRQXL)
                                                          0.00       0.09 f
  data arrival time                                                  0.09

  clock aclk (rise edge)                                  0.00       0.00
  clock network delay (ideal)                             0.00       0.00
  clock uncertainty                                       0.10       0.10
  genblk1.U_WRAP_ALIGN/wwrap_buffer_reg[135]/CK (DFFRQXL)
                                                          0.00       0.10 r
  library hold time                                       0.03       0.13
  data required time                                                 0.13
  --------------------------------------------------------------------------
  data required time                                                 0.13
  data arrival time                                                 -0.09
  --------------------------------------------------------------------------
  slack (VIOLATED)                                                  -0.04


  Startpoint: axi_m_rid[1]
              (input port clocked by aclk)
  Endpoint: genblk2.U_RSP_TRANS/prev_rid_reg[1]
            (rising edge-triggered flip-flop clocked by aclk)
  Path Group: IN2REG
  Path Type: min

  Point                                                   Incr       Path
  --------------------------------------------------------------------------
  clock aclk (rise edge)                                  0.00       0.00
  clock network delay (ideal)                             0.00       0.00
  input external delay                                    0.00       0.00 f
  axi_m_rid[1] (in)                                       0.00       0.00 f
  genblk2.U_RSP_TRANS/U40/Y (INVXL)                       0.07       0.07 r
  genblk2.U_RSP_TRANS/U307/Y (AOI22XL)                    0.03       0.10 f
  genblk2.U_RSP_TRANS/prev_rid_reg[1]/D (DFFRQXL)         0.00       0.10 f
  data arrival time                                                  0.10

  clock aclk (rise edge)                                  0.00       0.00
  clock network delay (ideal)                             0.00       0.00
  clock uncertainty                                       0.10       0.10
  genblk2.U_RSP_TRANS/prev_rid_reg[1]/CK (DFFRQXL)        0.00       0.10 r
  library hold time                                       0.03       0.13
  data required time                                                 0.13
  --------------------------------------------------------------------------
  data required time                                                 0.13
  data arrival time                                                 -0.10
  --------------------------------------------------------------------------
  slack (VIOLATED)                                                  -0.03


  Startpoint: axi_m_rid[1]
              (input port clocked by aclk)
  Endpoint: genblk2.U_RSP_TRANS/rbuf1_rid_reg[1]
            (rising edge-triggered flip-flop clocked by aclk)
  Path Group: IN2REG
  Path Type: min

  Point                                                   Incr       Path
  --------------------------------------------------------------------------
  clock aclk (rise edge)                                  0.00       0.00
  clock network delay (ideal)                             0.00       0.00
  input external delay                                    0.00       0.00 f
  axi_m_rid[1] (in)                                       0.00       0.00 f
  genblk2.U_RSP_TRANS/U40/Y (INVXL)                       0.07       0.07 r
  genblk2.U_RSP_TRANS/U42/Y (AOI22XL)                     0.03       0.10 f
  genblk2.U_RSP_TRANS/rbuf1_rid_reg[1]/D (DFFRQXL)        0.00       0.10 f
  data arrival time                                                  0.10

  clock aclk (rise edge)                                  0.00       0.00
  clock network delay (ideal)                             0.00       0.00
  clock uncertainty                                       0.10       0.10
  genblk2.U_RSP_TRANS/rbuf1_rid_reg[1]/CK (DFFRQXL)       0.00       0.10 r
  library hold time                                       0.03       0.13
  data required time                                                 0.13
  --------------------------------------------------------------------------
  data required time                                                 0.13
  data arrival time                                                 -0.10
  --------------------------------------------------------------------------
  slack (VIOLATED)                                                  -0.03


  Startpoint: rknp_rxreq_data[44]
              (input port clocked by aclk)
  Endpoint: genblk1.U_WRAP_ALIGN/wwrap_buffer_reg[44]
            (rising edge-triggered flip-flop clocked by aclk)
  Path Group: IN2REG
  Path Type: min

  Point                                                   Incr       Path
  --------------------------------------------------------------------------
  clock aclk (rise edge)                                  0.00       0.00
  clock network delay (ideal)                             0.00       0.00
  input external delay                                    0.00       0.00 f
  rknp_rxreq_data[44] (in)                                0.00       0.00 f
  genblk1.U_WRAP_ALIGN/U77/Y (INVXL)                      0.07       0.07 r
  genblk1.U_WRAP_ALIGN/U1506/Y (AOI22XL)                  0.03       0.10 f
  genblk1.U_WRAP_ALIGN/wwrap_buffer_reg[44]/D (DFFRQXL)
                                                          0.00       0.10 f
  data arrival time                                                  0.10

  clock aclk (rise edge)                                  0.00       0.00
  clock network delay (ideal)                             0.00       0.00
  clock uncertainty                                       0.10       0.10
  genblk1.U_WRAP_ALIGN/wwrap_buffer_reg[44]/CK (DFFRQXL)
                                                          0.00       0.10 r
  library hold time                                       0.03       0.13
  data required time                                                 0.13
  --------------------------------------------------------------------------
  data required time                                                 0.13
  data arrival time                                                 -0.10
  --------------------------------------------------------------------------
  slack (VIOLATED)                                                  -0.03


  Startpoint: rknp_rxreq_data[103]
              (input port clocked by aclk)
  Endpoint: genblk1.U_WRAP_ALIGN/wwrap_buffer_reg[103]
            (rising edge-triggered flip-flop clocked by aclk)
  Path Group: IN2REG
  Path Type: min

  Point                                                   Incr       Path
  --------------------------------------------------------------------------
  clock aclk (rise edge)                                  0.00       0.00
  clock network delay (ideal)                             0.00       0.00
  input external delay                                    0.00       0.00 f
  rknp_rxreq_data[103] (in)                               0.00       0.00 f
  genblk1.U_WRAP_ALIGN/U745/Y (INVXL)                     0.06       0.06 r
  genblk1.U_WRAP_ALIGN/U1514/Y (AOI2BB2XL)                0.04       0.10 f
  genblk1.U_WRAP_ALIGN/wwrap_buffer_reg[103]/D (DFFRQXL)
                                                          0.00       0.10 f
  data arrival time                                                  0.10

  clock aclk (rise edge)                                  0.00       0.00
  clock network delay (ideal)                             0.00       0.00
  clock uncertainty                                       0.10       0.10
  genblk1.U_WRAP_ALIGN/wwrap_buffer_reg[103]/CK (DFFRQXL)
                                                          0.00       0.10 r
  library hold time                                       0.03       0.13
  data required time                                                 0.13
  --------------------------------------------------------------------------
  data required time                                                 0.13
  data arrival time                                                 -0.10
  --------------------------------------------------------------------------
  slack (VIOLATED)                                                  -0.03


  Startpoint: rknp_rxreq_data[116]
              (input port clocked by aclk)
  Endpoint: genblk1.U_WRAP_ALIGN/wwrap_buffer_reg[116]
            (rising edge-triggered flip-flop clocked by aclk)
  Path Group: IN2REG
  Path Type: min

  Point                                                   Incr       Path
  --------------------------------------------------------------------------
  clock aclk (rise edge)                                  0.00       0.00
  clock network delay (ideal)                             0.00       0.00
  input external delay                                    0.00       0.00 f
  rknp_rxreq_data[116] (in)                               0.00       0.00 f
  genblk1.U_WRAP_ALIGN/U832/Y (INVXL)                     0.06       0.06 r
  genblk1.U_WRAP_ALIGN/U1519/Y (AOI2BB2XL)                0.04       0.10 f
  genblk1.U_WRAP_ALIGN/wwrap_buffer_reg[116]/D (DFFRQXL)
                                                          0.00       0.10 f
  data arrival time                                                  0.10

  clock aclk (rise edge)                                  0.00       0.00
  clock network delay (ideal)                             0.00       0.00
  clock uncertainty                                       0.10       0.10
  genblk1.U_WRAP_ALIGN/wwrap_buffer_reg[116]/CK (DFFRQXL)
                                                          0.00       0.10 r
  library hold time                                       0.03       0.13
  data required time                                                 0.13
  --------------------------------------------------------------------------
  data required time                                                 0.13
  data arrival time                                                 -0.10
  --------------------------------------------------------------------------
  slack (VIOLATED)                                                  -0.03


  Startpoint: rknp_rxreq_data[52]
              (input port clocked by aclk)
  Endpoint: genblk1.U_WRAP_ALIGN/wwrap_buffer_reg[52]
            (rising edge-triggered flip-flop clocked by aclk)
  Path Group: IN2REG
  Path Type: min

  Point                                                   Incr       Path
  --------------------------------------------------------------------------
  clock aclk (rise edge)                                  0.00       0.00
  clock network delay (ideal)                             0.00       0.00
  input external delay                                    0.00       0.00 f
  rknp_rxreq_data[52] (in)                                0.00       0.00 f
  genblk1.U_WRAP_ALIGN/U78/Y (INVXL)                      0.07       0.07 r
  genblk1.U_WRAP_ALIGN/U1503/Y (AOI22XL)                  0.03       0.10 f
  genblk1.U_WRAP_ALIGN/wwrap_buffer_reg[52]/D (DFFRQXL)
                                                          0.00       0.10 f
  data arrival time                                                  0.10

  clock aclk (rise edge)                                  0.00       0.00
  clock network delay (ideal)                             0.00       0.00
  clock uncertainty                                       0.10       0.10
  genblk1.U_WRAP_ALIGN/wwrap_buffer_reg[52]/CK (DFFRQXL)
                                                          0.00       0.10 r
  library hold time                                       0.03       0.13
  data required time                                                 0.13
  --------------------------------------------------------------------------
  data required time                                                 0.13
  data arrival time                                                 -0.10
  --------------------------------------------------------------------------
  slack (VIOLATED)                                                  -0.03


  Startpoint: rknp_rxreq_data[46]
              (input port clocked by aclk)
  Endpoint: genblk1.U_WRAP_ALIGN/wwrap_buffer_reg[46]
            (rising edge-triggered flip-flop clocked by aclk)
  Path Group: IN2REG
  Path Type: min

  Point                                                   Incr       Path
  --------------------------------------------------------------------------
  clock aclk (rise edge)                                  0.00       0.00
  clock network delay (ideal)                             0.00       0.00
  input external delay                                    0.00       0.00 f
  rknp_rxreq_data[46] (in)                                0.00       0.00 f
  genblk1.U_WRAP_ALIGN/U126/Y (INVXL)                     0.07       0.07 r
  genblk1.U_WRAP_ALIGN/U1493/Y (AOI22XL)                  0.03       0.10 f
  genblk1.U_WRAP_ALIGN/wwrap_buffer_reg[46]/D (DFFRQXL)
                                                          0.00       0.10 f
  data arrival time                                                  0.10

  clock aclk (rise edge)                                  0.00       0.00
  clock network delay (ideal)                             0.00       0.00
  clock uncertainty                                       0.10       0.10
  genblk1.U_WRAP_ALIGN/wwrap_buffer_reg[46]/CK (DFFRQXL)
                                                          0.00       0.10 r
  library hold time                                       0.03       0.13
  data required time                                                 0.13
  --------------------------------------------------------------------------
  data required time                                                 0.13
  data arrival time                                                 -0.10
  --------------------------------------------------------------------------
  slack (VIOLATED)                                                  -0.03


  Startpoint: rknp_rxreq_data[113]
              (input port clocked by aclk)
  Endpoint: genblk1.U_WRAP_ALIGN/wwrap_buffer_reg[113]
            (rising edge-triggered flip-flop clocked by aclk)
  Path Group: IN2REG
  Path Type: min

  Point                                                   Incr       Path
  --------------------------------------------------------------------------
  clock aclk (rise edge)                                  0.00       0.00
  clock network delay (ideal)                             0.00       0.00
  input external delay                                    0.00       0.00 f
  rknp_rxreq_data[113] (in)                               0.00       0.00 f
  genblk1.U_WRAP_ALIGN/U840/Y (INVXL)                     0.06       0.06 r
  genblk1.U_WRAP_ALIGN/U2065/Y (AOI2BB2XL)                0.04       0.10 f
  genblk1.U_WRAP_ALIGN/wwrap_buffer_reg[113]/D (DFFRQXL)
                                                          0.00       0.10 f
  data arrival time                                                  0.10

  clock aclk (rise edge)                                  0.00       0.00
  clock network delay (ideal)                             0.00       0.00
  clock uncertainty                                       0.10       0.10
  genblk1.U_WRAP_ALIGN/wwrap_buffer_reg[113]/CK (DFFRQXL)
                                                          0.00       0.10 r
  library hold time                                       0.03       0.13
  data required time                                                 0.13
  --------------------------------------------------------------------------
  data required time                                                 0.13
  data arrival time                                                 -0.10
  --------------------------------------------------------------------------
  slack (VIOLATED)                                                  -0.03


  Startpoint: rknp_rxreq_data[53]
              (input port clocked by aclk)
  Endpoint: genblk1.U_WRAP_ALIGN/wwrap_buffer_reg[53]
            (rising edge-triggered flip-flop clocked by aclk)
  Path Group: IN2REG
  Path Type: min

  Point                                                   Incr       Path
  --------------------------------------------------------------------------
  clock aclk (rise edge)                                  0.00       0.00
  clock network delay (ideal)                             0.00       0.00
  input external delay                                    0.00       0.00 f
  rknp_rxreq_data[53] (in)                                0.00       0.00 f
  genblk1.U_WRAP_ALIGN/U79/Y (INVXL)                      0.07       0.07 r
  genblk1.U_WRAP_ALIGN/U2860/Y (AOI22XL)                  0.03       0.10 f
  genblk1.U_WRAP_ALIGN/wwrap_buffer_reg[53]/D (DFFRQXL)
                                                          0.00       0.10 f
  data arrival time                                                  0.10

  clock aclk (rise edge)                                  0.00       0.00
  clock network delay (ideal)                             0.00       0.00
  clock uncertainty                                       0.10       0.10
  genblk1.U_WRAP_ALIGN/wwrap_buffer_reg[53]/CK (DFFRQXL)
                                                          0.00       0.10 r
  library hold time                                       0.03       0.13
  data required time                                                 0.13
  --------------------------------------------------------------------------
  data required time                                                 0.13
  data arrival time                                                 -0.10
  --------------------------------------------------------------------------
  slack (VIOLATED)                                                  -0.03


  Startpoint: axi_m_rid[1]
              (input port clocked by aclk)
  Endpoint: genblk2.U_RSP_TRANS/rbuf0_rid_reg[1]
            (rising edge-triggered flip-flop clocked by aclk)
  Path Group: IN2REG
  Path Type: min

  Point                                                   Incr       Path
  --------------------------------------------------------------------------
  clock aclk (rise edge)                                  0.00       0.00
  clock network delay (ideal)                             0.00       0.00
  input external delay                                    0.00       0.00 f
  axi_m_rid[1] (in)                                       0.00       0.00 f
  genblk2.U_RSP_TRANS/U40/Y (INVXL)                       0.07       0.07 r
  genblk2.U_RSP_TRANS/U302/Y (OAI21XL)                    0.04       0.10 f
  genblk2.U_RSP_TRANS/rbuf0_rid_reg[1]/D (DFFRQXL)        0.00       0.10 f
  data arrival time                                                  0.10

  clock aclk (rise edge)                                  0.00       0.00
  clock network delay (ideal)                             0.00       0.00
  clock uncertainty                                       0.10       0.10
  genblk2.U_RSP_TRANS/rbuf0_rid_reg[1]/CK (DFFRQXL)       0.00       0.10 r
  library hold time                                       0.03       0.13
  data required time                                                 0.13
  --------------------------------------------------------------------------
  data required time                                                 0.13
  data arrival time                                                 -0.10
  --------------------------------------------------------------------------
  slack (VIOLATED)                                                  -0.02


  Startpoint: rknp_rxreq_data[48]
              (input port clocked by aclk)
  Endpoint: U_REQ_ORDER/reqo2wd_timon_en_reg
            (rising edge-triggered flip-flop clocked by aclk)
  Path Group: IN2REG
  Path Type: min

  Point                                                   Incr       Path
  --------------------------------------------------------------------------
  clock aclk (rise edge)                                  0.00       0.00
  clock network delay (ideal)                             0.00       0.00
  input external delay                                    0.00       0.00 r
  rknp_rxreq_data[48] (in)                                0.00       0.00 r
  genblk1.U_WRAP_ALIGN/U2148/Y (AO22XL)                   0.09       0.09 r
  U_REQ_ORDER/U2990/Y (NOR4XL)                            0.02       0.11 f
  U_REQ_ORDER/reqo2wd_timon_en_reg/D (DFFRQXL)            0.00       0.11 f
  data arrival time                                                  0.11

  clock aclk (rise edge)                                  0.00       0.00
  clock network delay (ideal)                             0.00       0.00
  clock uncertainty                                       0.10       0.10
  U_REQ_ORDER/reqo2wd_timon_en_reg/CK (DFFRQXL)           0.00       0.10 r
  library hold time                                       0.03       0.13
  data required time                                                 0.13
  --------------------------------------------------------------------------
  data required time                                                 0.13
  data arrival time                                                 -0.11
  --------------------------------------------------------------------------
  slack (VIOLATED)                                                  -0.02


  Startpoint: rknp_rxreq_data[117]
              (input port clocked by aclk)
  Endpoint: genblk1.U_WRAP_ALIGN/wwrap_buffer_reg[117]
            (rising edge-triggered flip-flop clocked by aclk)
  Path Group: IN2REG
  Path Type: min

  Point                                                   Incr       Path
  --------------------------------------------------------------------------
  clock aclk (rise edge)                                  0.00       0.00
  clock network delay (ideal)                             0.00       0.00
  input external delay                                    0.00       0.00 f
  rknp_rxreq_data[117] (in)                               0.00       0.00 f
  genblk1.U_WRAP_ALIGN/U835/Y (INVXL)                     0.07       0.07 r
  genblk1.U_WRAP_ALIGN/U2878/Y (AOI22XL)                  0.03       0.11 f
  genblk1.U_WRAP_ALIGN/wwrap_buffer_reg[117]/D (DFFRQXL)
                                                          0.00       0.11 f
  data arrival time                                                  0.11

  clock aclk (rise edge)                                  0.00       0.00
  clock network delay (ideal)                             0.00       0.00
  clock uncertainty                                       0.10       0.10
  genblk1.U_WRAP_ALIGN/wwrap_buffer_reg[117]/CK (DFFRQXL)
                                                          0.00       0.10 r
  library hold time                                       0.03       0.13
  data required time                                                 0.13
  --------------------------------------------------------------------------
  data required time                                                 0.13
  data arrival time                                                 -0.11
  --------------------------------------------------------------------------
  slack (VIOLATED)                                                  -0.02


  Startpoint: axi_m_rid[3]
              (input port clocked by aclk)
  Endpoint: genblk2.U_RSP_TRANS/prev_rid_reg[3]
            (rising edge-triggered flip-flop clocked by aclk)
  Path Group: IN2REG
  Path Type: min

  Point                                                   Incr       Path
  --------------------------------------------------------------------------
  clock aclk (rise edge)                                  0.00       0.00
  clock network delay (ideal)                             0.00       0.00
  input external delay                                    0.00       0.00 f
  axi_m_rid[3] (in)                                       0.00       0.00 f
  genblk2.U_RSP_TRANS/U36/Y (INVXL)                       0.07       0.07 r
  genblk2.U_RSP_TRANS/U308/Y (AOI22XL)                    0.03       0.11 f
  genblk2.U_RSP_TRANS/prev_rid_reg[3]/D (DFFRQXL)         0.00       0.11 f
  data arrival time                                                  0.11

  clock aclk (rise edge)                                  0.00       0.00
  clock network delay (ideal)                             0.00       0.00
  clock uncertainty                                       0.10       0.10
  genblk2.U_RSP_TRANS/prev_rid_reg[3]/CK (DFFRQXL)        0.00       0.10 r
  library hold time                                       0.03       0.13
  data required time                                                 0.13
  --------------------------------------------------------------------------
  data required time                                                 0.13
  data arrival time                                                 -0.11
  --------------------------------------------------------------------------
  slack (VIOLATED)                                                  -0.02


  Startpoint: axi_m_rid[3]
              (input port clocked by aclk)
  Endpoint: genblk2.U_RSP_TRANS/rbuf1_rid_reg[3]
            (rising edge-triggered flip-flop clocked by aclk)
  Path Group: IN2REG
  Path Type: min

  Point                                                   Incr       Path
  --------------------------------------------------------------------------
  clock aclk (rise edge)                                  0.00       0.00
  clock network delay (ideal)                             0.00       0.00
  input external delay                                    0.00       0.00 f
  axi_m_rid[3] (in)                                       0.00       0.00 f
  genblk2.U_RSP_TRANS/U36/Y (INVXL)                       0.07       0.07 r
  genblk2.U_RSP_TRANS/U39/Y (AOI22XL)                     0.03       0.11 f
  genblk2.U_RSP_TRANS/rbuf1_rid_reg[3]/D (DFFRQXL)        0.00       0.11 f
  data arrival time                                                  0.11

  clock aclk (rise edge)                                  0.00       0.00
  clock network delay (ideal)                             0.00       0.00
  clock uncertainty                                       0.10       0.10
  genblk2.U_RSP_TRANS/rbuf1_rid_reg[3]/CK (DFFRQXL)       0.00       0.10 r
  library hold time                                       0.03       0.13
  data required time                                                 0.13
  --------------------------------------------------------------------------
  data required time                                                 0.13
  data arrival time                                                 -0.11
  --------------------------------------------------------------------------
  slack (VIOLATED)                                                  -0.02


  Startpoint: rknp_rxreq_data[45]
              (input port clocked by aclk)
  Endpoint: genblk1.U_WRAP_ALIGN/wwrap_buffer_reg[45]
            (rising edge-triggered flip-flop clocked by aclk)
  Path Group: IN2REG
  Path Type: min

  Point                                                   Incr       Path
  --------------------------------------------------------------------------
  clock aclk (rise edge)                                  0.00       0.00
  clock network delay (ideal)                             0.00       0.00
  input external delay                                    0.00       0.00 f
  rknp_rxreq_data[45] (in)                                0.00       0.00 f
  genblk1.U_WRAP_ALIGN/U219/Y (INVXL)                     0.08       0.08 r
  genblk1.U_WRAP_ALIGN/U1497/Y (AOI22XL)                  0.03       0.11 f
  genblk1.U_WRAP_ALIGN/wwrap_buffer_reg[45]/D (DFFRQXL)
                                                          0.00       0.11 f
  data arrival time                                                  0.11

  clock aclk (rise edge)                                  0.00       0.00
  clock network delay (ideal)                             0.00       0.00
  clock uncertainty                                       0.10       0.10
  genblk1.U_WRAP_ALIGN/wwrap_buffer_reg[45]/CK (DFFRQXL)
                                                          0.00       0.10 r
  library hold time                                       0.03       0.13
  data required time                                                 0.13
  --------------------------------------------------------------------------
  data required time                                                 0.13
  data arrival time                                                 -0.11
  --------------------------------------------------------------------------
  slack (VIOLATED)                                                  -0.02


  Startpoint: rknp_rxreq_data[105]
              (input port clocked by aclk)
  Endpoint: genblk1.U_WRAP_ALIGN/wwrap_buffer_reg[105]
            (rising edge-triggered flip-flop clocked by aclk)
  Path Group: IN2REG
  Path Type: min

  Point                                                   Incr       Path
  --------------------------------------------------------------------------
  clock aclk (rise edge)                                  0.00       0.00
  clock network delay (ideal)                             0.00       0.00
  input external delay                                    0.00       0.00 f
  rknp_rxreq_data[105] (in)                               0.00       0.00 f
  genblk1.U_WRAP_ALIGN/U679/Y (INVXL)                     0.08       0.08 r
  genblk1.U_WRAP_ALIGN/U2130/Y (AOI2BB2XL)                0.04       0.11 f
  genblk1.U_WRAP_ALIGN/wwrap_buffer_reg[105]/D (DFFRQXL)
                                                          0.00       0.11 f
  data arrival time                                                  0.11

  clock aclk (rise edge)                                  0.00       0.00
  clock network delay (ideal)                             0.00       0.00
  clock uncertainty                                       0.10       0.10
  genblk1.U_WRAP_ALIGN/wwrap_buffer_reg[105]/CK (DFFRQXL)
                                                          0.00       0.10 r
  library hold time                                       0.03       0.13
  data required time                                                 0.13
  --------------------------------------------------------------------------
  data required time                                                 0.13
  data arrival time                                                 -0.11
  --------------------------------------------------------------------------
  slack (VIOLATED)                                                  -0.02


  Startpoint: rknp_rxreq_data[47]
              (input port clocked by aclk)
  Endpoint: genblk1.U_WRAP_ALIGN/wwrap_buffer_reg[47]
            (rising edge-triggered flip-flop clocked by aclk)
  Path Group: IN2REG
  Path Type: min

  Point                                                   Incr       Path
  --------------------------------------------------------------------------
  clock aclk (rise edge)                                  0.00       0.00
  clock network delay (ideal)                             0.00       0.00
  input external delay                                    0.00       0.00 f
  rknp_rxreq_data[47] (in)                                0.00       0.00 f
  genblk1.U_WRAP_ALIGN/U2856/Y (MX2XL)                    0.11       0.11 f
  genblk1.U_WRAP_ALIGN/wwrap_buffer_reg[47]/D (DFFRQXL)
                                                          0.00       0.11 f
  data arrival time                                                  0.11

  clock aclk (rise edge)                                  0.00       0.00
  clock network delay (ideal)                             0.00       0.00
  clock uncertainty                                       0.10       0.10
  genblk1.U_WRAP_ALIGN/wwrap_buffer_reg[47]/CK (DFFRQXL)
                                                          0.00       0.10 r
  library hold time                                       0.03       0.13
  data required time                                                 0.13
  --------------------------------------------------------------------------
  data required time                                                 0.13
  data arrival time                                                 -0.11
  --------------------------------------------------------------------------
  slack (VIOLATED)                                                  -0.01


  Startpoint: rknp_rxreq_data[89]
              (input port clocked by aclk)
  Endpoint: genblk1.U_WRAP_ALIGN/wwrap_buffer_reg[89]
            (rising edge-triggered flip-flop clocked by aclk)
  Path Group: IN2REG
  Path Type: min

  Point                                                   Incr       Path
  --------------------------------------------------------------------------
  clock aclk (rise edge)                                  0.00       0.00
  clock network delay (ideal)                             0.00       0.00
  input external delay                                    0.00       0.00 f
  rknp_rxreq_data[89] (in)                                0.00       0.00 f
  genblk1.U_WRAP_ALIGN/U2865/Y (MX2XL)                    0.11       0.11 f
  genblk1.U_WRAP_ALIGN/wwrap_buffer_reg[89]/D (DFFRQXL)
                                                          0.00       0.11 f
  data arrival time                                                  0.11

  clock aclk (rise edge)                                  0.00       0.00
  clock network delay (ideal)                             0.00       0.00
  clock uncertainty                                       0.10       0.10
  genblk1.U_WRAP_ALIGN/wwrap_buffer_reg[89]/CK (DFFRQXL)
                                                          0.00       0.10 r
  library hold time                                       0.03       0.13
  data required time                                                 0.13
  --------------------------------------------------------------------------
  data required time                                                 0.13
  data arrival time                                                 -0.11
  --------------------------------------------------------------------------
  slack (VIOLATED)                                                  -0.01


  Startpoint: rknp_rxreq_data[48]
              (input port clocked by aclk)
  Endpoint: genblk1.U_WRAP_ALIGN/wwrap_buffer_reg[48]
            (rising edge-triggered flip-flop clocked by aclk)
  Path Group: IN2REG
  Path Type: min

  Point                                                   Incr       Path
  --------------------------------------------------------------------------
  clock aclk (rise edge)                                  0.00       0.00
  clock network delay (ideal)                             0.00       0.00
  input external delay                                    0.00       0.00 f
  rknp_rxreq_data[48] (in)                                0.00       0.00 f
  genblk1.U_WRAP_ALIGN/U2857/Y (MX2XL)                    0.11       0.11 f
  genblk1.U_WRAP_ALIGN/wwrap_buffer_reg[48]/D (DFFRQXL)
                                                          0.00       0.11 f
  data arrival time                                                  0.11

  clock aclk (rise edge)                                  0.00       0.00
  clock network delay (ideal)                             0.00       0.00
  clock uncertainty                                       0.10       0.10
  genblk1.U_WRAP_ALIGN/wwrap_buffer_reg[48]/CK (DFFRQXL)
                                                          0.00       0.10 r
  library hold time                                       0.03       0.13
  data required time                                                 0.13
  --------------------------------------------------------------------------
  data required time                                                 0.13
  data arrival time                                                 -0.11
  --------------------------------------------------------------------------
  slack (VIOLATED)                                                  -0.01


  Startpoint: rknp_rxreq_data[26]
              (input port clocked by aclk)
  Endpoint: genblk1.U_WRAP_ALIGN/wwrap_buffer_reg[26]
            (rising edge-triggered flip-flop clocked by aclk)
  Path Group: IN2REG
  Path Type: min

  Point                                                   Incr       Path
  --------------------------------------------------------------------------
  clock aclk (rise edge)                                  0.00       0.00
  clock network delay (ideal)                             0.00       0.00
  input external delay                                    0.00       0.00 f
  rknp_rxreq_data[26] (in)                                0.00       0.00 f
  genblk1.U_WRAP_ALIGN/U2838/Y (MX2XL)                    0.11       0.11 f
  genblk1.U_WRAP_ALIGN/wwrap_buffer_reg[26]/D (DFFRQXL)
                                                          0.00       0.11 f
  data arrival time                                                  0.11

  clock aclk (rise edge)                                  0.00       0.00
  clock network delay (ideal)                             0.00       0.00
  clock uncertainty                                       0.10       0.10
  genblk1.U_WRAP_ALIGN/wwrap_buffer_reg[26]/CK (DFFRQXL)
                                                          0.00       0.10 r
  library hold time                                       0.03       0.13
  data required time                                                 0.13
  --------------------------------------------------------------------------
  data required time                                                 0.13
  data arrival time                                                 -0.11
  --------------------------------------------------------------------------
  slack (VIOLATED)                                                  -0.01


  Startpoint: rknp_rxreq_data[25]
              (input port clocked by aclk)
  Endpoint: genblk1.U_WRAP_ALIGN/wwrap_buffer_reg[25]
            (rising edge-triggered flip-flop clocked by aclk)
  Path Group: IN2REG
  Path Type: min

  Point                                                   Incr       Path
  --------------------------------------------------------------------------
  clock aclk (rise edge)                                  0.00       0.00
  clock network delay (ideal)                             0.00       0.00
  input external delay                                    0.00       0.00 f
  rknp_rxreq_data[25] (in)                                0.00       0.00 f
  genblk1.U_WRAP_ALIGN/U2837/Y (MX2XL)                    0.11       0.11 f
  genblk1.U_WRAP_ALIGN/wwrap_buffer_reg[25]/D (DFFRQXL)
                                                          0.00       0.11 f
  data arrival time                                                  0.11

  clock aclk (rise edge)                                  0.00       0.00
  clock network delay (ideal)                             0.00       0.00
  clock uncertainty                                       0.10       0.10
  genblk1.U_WRAP_ALIGN/wwrap_buffer_reg[25]/CK (DFFRQXL)
                                                          0.00       0.10 r
  library hold time                                       0.03       0.13
  data required time                                                 0.13
  --------------------------------------------------------------------------
  data required time                                                 0.13
  data arrival time                                                 -0.11
  --------------------------------------------------------------------------
  slack (VIOLATED)                                                  -0.01


  Startpoint: rknp_rxreq_data[38]
              (input port clocked by aclk)
  Endpoint: genblk1.U_WRAP_ALIGN/wwrap_buffer_reg[38]
            (rising edge-triggered flip-flop clocked by aclk)
  Path Group: IN2REG
  Path Type: min

  Point                                                   Incr       Path
  --------------------------------------------------------------------------
  clock aclk (rise edge)                                  0.00       0.00
  clock network delay (ideal)                             0.00       0.00
  input external delay                                    0.00       0.00 f
  rknp_rxreq_data[38] (in)                                0.00       0.00 f
  genblk1.U_WRAP_ALIGN/U2850/Y (MX2XL)                    0.11       0.11 f
  genblk1.U_WRAP_ALIGN/wwrap_buffer_reg[38]/D (DFFRQXL)
                                                          0.00       0.11 f
  data arrival time                                                  0.11

  clock aclk (rise edge)                                  0.00       0.00
  clock network delay (ideal)                             0.00       0.00
  clock uncertainty                                       0.10       0.10
  genblk1.U_WRAP_ALIGN/wwrap_buffer_reg[38]/CK (DFFRQXL)
                                                          0.00       0.10 r
  library hold time                                       0.03       0.13
  data required time                                                 0.13
  --------------------------------------------------------------------------
  data required time                                                 0.13
  data arrival time                                                 -0.11
  --------------------------------------------------------------------------
  slack (VIOLATED)                                                  -0.01


  Startpoint: rknp_rxreq_data[31]
              (input port clocked by aclk)
  Endpoint: genblk1.U_WRAP_ALIGN/wwrap_buffer_reg[31]
            (rising edge-triggered flip-flop clocked by aclk)
  Path Group: IN2REG
  Path Type: min

  Point                                                   Incr       Path
  --------------------------------------------------------------------------
  clock aclk (rise edge)                                  0.00       0.00
  clock network delay (ideal)                             0.00       0.00
  input external delay                                    0.00       0.00 f
  rknp_rxreq_data[31] (in)                                0.00       0.00 f
  genblk1.U_WRAP_ALIGN/U2843/Y (MX2XL)                    0.11       0.11 f
  genblk1.U_WRAP_ALIGN/wwrap_buffer_reg[31]/D (DFFRQXL)
                                                          0.00       0.11 f
  data arrival time                                                  0.11

  clock aclk (rise edge)                                  0.00       0.00
  clock network delay (ideal)                             0.00       0.00
  clock uncertainty                                       0.10       0.10
  genblk1.U_WRAP_ALIGN/wwrap_buffer_reg[31]/CK (DFFRQXL)
                                                          0.00       0.10 r
  library hold time                                       0.03       0.13
  data required time                                                 0.13
  --------------------------------------------------------------------------
  data required time                                                 0.13
  data arrival time                                                 -0.11
  --------------------------------------------------------------------------
  slack (VIOLATED)                                                  -0.01


  Startpoint: rknp_rxreq_data[30]
              (input port clocked by aclk)
  Endpoint: genblk1.U_WRAP_ALIGN/wwrap_buffer_reg[30]
            (rising edge-triggered flip-flop clocked by aclk)
  Path Group: IN2REG
  Path Type: min

  Point                                                   Incr       Path
  --------------------------------------------------------------------------
  clock aclk (rise edge)                                  0.00       0.00
  clock network delay (ideal)                             0.00       0.00
  input external delay                                    0.00       0.00 f
  rknp_rxreq_data[30] (in)                                0.00       0.00 f
  genblk1.U_WRAP_ALIGN/U2842/Y (MX2XL)                    0.11       0.11 f
  genblk1.U_WRAP_ALIGN/wwrap_buffer_reg[30]/D (DFFRQXL)
                                                          0.00       0.11 f
  data arrival time                                                  0.11

  clock aclk (rise edge)                                  0.00       0.00
  clock network delay (ideal)                             0.00       0.00
  clock uncertainty                                       0.10       0.10
  genblk1.U_WRAP_ALIGN/wwrap_buffer_reg[30]/CK (DFFRQXL)
                                                          0.00       0.10 r
  library hold time                                       0.03       0.13
  data required time                                                 0.13
  --------------------------------------------------------------------------
  data required time                                                 0.13
  data arrival time                                                 -0.11
  --------------------------------------------------------------------------
  slack (VIOLATED)                                                  -0.01


  Startpoint: rknp_rxreq_data[29]
              (input port clocked by aclk)
  Endpoint: genblk1.U_WRAP_ALIGN/wwrap_buffer_reg[29]
            (rising edge-triggered flip-flop clocked by aclk)
  Path Group: IN2REG
  Path Type: min

  Point                                                   Incr       Path
  --------------------------------------------------------------------------
  clock aclk (rise edge)                                  0.00       0.00
  clock network delay (ideal)                             0.00       0.00
  input external delay                                    0.00       0.00 f
  rknp_rxreq_data[29] (in)                                0.00       0.00 f
  genblk1.U_WRAP_ALIGN/U2841/Y (MX2XL)                    0.11       0.11 f
  genblk1.U_WRAP_ALIGN/wwrap_buffer_reg[29]/D (DFFRQXL)
                                                          0.00       0.11 f
  data arrival time                                                  0.11

  clock aclk (rise edge)                                  0.00       0.00
  clock network delay (ideal)                             0.00       0.00
  clock uncertainty                                       0.10       0.10
  genblk1.U_WRAP_ALIGN/wwrap_buffer_reg[29]/CK (DFFRQXL)
                                                          0.00       0.10 r
  library hold time                                       0.03       0.13
  data required time                                                 0.13
  --------------------------------------------------------------------------
  data required time                                                 0.13
  data arrival time                                                 -0.11
  --------------------------------------------------------------------------
  slack (VIOLATED)                                                  -0.01


  Startpoint: rknp_rxreq_data[28]
              (input port clocked by aclk)
  Endpoint: genblk1.U_WRAP_ALIGN/wwrap_buffer_reg[28]
            (rising edge-triggered flip-flop clocked by aclk)
  Path Group: IN2REG
  Path Type: min

  Point                                                   Incr       Path
  --------------------------------------------------------------------------
  clock aclk (rise edge)                                  0.00       0.00
  clock network delay (ideal)                             0.00       0.00
  input external delay                                    0.00       0.00 f
  rknp_rxreq_data[28] (in)                                0.00       0.00 f
  genblk1.U_WRAP_ALIGN/U2840/Y (MX2XL)                    0.11       0.11 f
  genblk1.U_WRAP_ALIGN/wwrap_buffer_reg[28]/D (DFFRQXL)
                                                          0.00       0.11 f
  data arrival time                                                  0.11

  clock aclk (rise edge)                                  0.00       0.00
  clock network delay (ideal)                             0.00       0.00
  clock uncertainty                                       0.10       0.10
  genblk1.U_WRAP_ALIGN/wwrap_buffer_reg[28]/CK (DFFRQXL)
                                                          0.00       0.10 r
  library hold time                                       0.03       0.13
  data required time                                                 0.13
  --------------------------------------------------------------------------
  data required time                                                 0.13
  data arrival time                                                 -0.11
  --------------------------------------------------------------------------
  slack (VIOLATED)                                                  -0.01


  Startpoint: rknp_rxreq_data[27]
              (input port clocked by aclk)
  Endpoint: genblk1.U_WRAP_ALIGN/wwrap_buffer_reg[27]
            (rising edge-triggered flip-flop clocked by aclk)
  Path Group: IN2REG
  Path Type: min

  Point                                                   Incr       Path
  --------------------------------------------------------------------------
  clock aclk (rise edge)                                  0.00       0.00
  clock network delay (ideal)                             0.00       0.00
  input external delay                                    0.00       0.00 f
  rknp_rxreq_data[27] (in)                                0.00       0.00 f
  genblk1.U_WRAP_ALIGN/U2839/Y (MX2XL)                    0.11       0.11 f
  genblk1.U_WRAP_ALIGN/wwrap_buffer_reg[27]/D (DFFRQXL)
                                                          0.00       0.11 f
  data arrival time                                                  0.11

  clock aclk (rise edge)                                  0.00       0.00
  clock network delay (ideal)                             0.00       0.00
  clock uncertainty                                       0.10       0.10
  genblk1.U_WRAP_ALIGN/wwrap_buffer_reg[27]/CK (DFFRQXL)
                                                          0.00       0.10 r
  library hold time                                       0.03       0.13
  data required time                                                 0.13
  --------------------------------------------------------------------------
  data required time                                                 0.13
  data arrival time                                                 -0.11
  --------------------------------------------------------------------------
  slack (VIOLATED)                                                  -0.01


  Startpoint: rknp_rxreq_data[50]
              (input port clocked by aclk)
  Endpoint: genblk1.U_WRAP_ALIGN/wwrap_buffer_reg[50]
            (rising edge-triggered flip-flop clocked by aclk)
  Path Group: IN2REG
  Path Type: min

  Point                                                   Incr       Path
  --------------------------------------------------------------------------
  clock aclk (rise edge)                                  0.00       0.00
  clock network delay (ideal)                             0.00       0.00
  input external delay                                    0.00       0.00 f
  rknp_rxreq_data[50] (in)                                0.00       0.00 f
  genblk1.U_WRAP_ALIGN/U2859/Y (MX2XL)                    0.11       0.11 f
  genblk1.U_WRAP_ALIGN/wwrap_buffer_reg[50]/D (DFFRQXL)
                                                          0.00       0.11 f
  data arrival time                                                  0.11

  clock aclk (rise edge)                                  0.00       0.00
  clock network delay (ideal)                             0.00       0.00
  clock uncertainty                                       0.10       0.10
  genblk1.U_WRAP_ALIGN/wwrap_buffer_reg[50]/CK (DFFRQXL)
                                                          0.00       0.10 r
  library hold time                                       0.03       0.13
  data required time                                                 0.13
  --------------------------------------------------------------------------
  data required time                                                 0.13
  data arrival time                                                 -0.11
  --------------------------------------------------------------------------
  slack (VIOLATED)                                                  -0.01


  Startpoint: rknp_rxreq_data[12]
              (input port clocked by aclk)
  Endpoint: genblk1.U_WRAP_ALIGN/wwrap_buffer_reg[12]
            (rising edge-triggered flip-flop clocked by aclk)
  Path Group: IN2REG
  Path Type: min

  Point                                                   Incr       Path
  --------------------------------------------------------------------------
  clock aclk (rise edge)                                  0.00       0.00
  clock network delay (ideal)                             0.00       0.00
  input external delay                                    0.00       0.00 f
  rknp_rxreq_data[12] (in)                                0.00       0.00 f
  genblk1.U_WRAP_ALIGN/U2824/Y (MX2XL)                    0.11       0.11 f
  genblk1.U_WRAP_ALIGN/wwrap_buffer_reg[12]/D (DFFRQXL)
                                                          0.00       0.11 f
  data arrival time                                                  0.11

  clock aclk (rise edge)                                  0.00       0.00
  clock network delay (ideal)                             0.00       0.00
  clock uncertainty                                       0.10       0.10
  genblk1.U_WRAP_ALIGN/wwrap_buffer_reg[12]/CK (DFFRQXL)
                                                          0.00       0.10 r
  library hold time                                       0.03       0.13
  data required time                                                 0.13
  --------------------------------------------------------------------------
  data required time                                                 0.13
  data arrival time                                                 -0.11
  --------------------------------------------------------------------------
  slack (VIOLATED)                                                  -0.01


  Startpoint: rknp_rxreq_data[101]
              (input port clocked by aclk)
  Endpoint: genblk1.U_WRAP_ALIGN/wwrap_buffer_reg[101]
            (rising edge-triggered flip-flop clocked by aclk)
  Path Group: IN2REG
  Path Type: min

  Point                                                   Incr       Path
  --------------------------------------------------------------------------
  clock aclk (rise edge)                                  0.00       0.00
  clock network delay (ideal)                             0.00       0.00
  input external delay                                    0.00       0.00 f
  rknp_rxreq_data[101] (in)                               0.00       0.00 f
  genblk1.U_WRAP_ALIGN/U2877/Y (MX2XL)                    0.11       0.11 f
  genblk1.U_WRAP_ALIGN/wwrap_buffer_reg[101]/D (DFFRQXL)
                                                          0.00       0.11 f
  data arrival time                                                  0.11

  clock aclk (rise edge)                                  0.00       0.00
  clock network delay (ideal)                             0.00       0.00
  clock uncertainty                                       0.10       0.10
  genblk1.U_WRAP_ALIGN/wwrap_buffer_reg[101]/CK (DFFRQXL)
                                                          0.00       0.10 r
  library hold time                                       0.03       0.13
  data required time                                                 0.13
  --------------------------------------------------------------------------
  data required time                                                 0.13
  data arrival time                                                 -0.11
  --------------------------------------------------------------------------
  slack (VIOLATED)                                                  -0.01


  Startpoint: rknp_rxreq_data[100]
              (input port clocked by aclk)
  Endpoint: genblk1.U_WRAP_ALIGN/wwrap_buffer_reg[100]
            (rising edge-triggered flip-flop clocked by aclk)
  Path Group: IN2REG
  Path Type: min

  Point                                                   Incr       Path
  --------------------------------------------------------------------------
  clock aclk (rise edge)                                  0.00       0.00
  clock network delay (ideal)                             0.00       0.00
  input external delay                                    0.00       0.00 f
  rknp_rxreq_data[100] (in)                               0.00       0.00 f
  genblk1.U_WRAP_ALIGN/U2876/Y (MX2XL)                    0.11       0.11 f
  genblk1.U_WRAP_ALIGN/wwrap_buffer_reg[100]/D (DFFRQXL)
                                                          0.00       0.11 f
  data arrival time                                                  0.11

  clock aclk (rise edge)                                  0.00       0.00
  clock network delay (ideal)                             0.00       0.00
  clock uncertainty                                       0.10       0.10
  genblk1.U_WRAP_ALIGN/wwrap_buffer_reg[100]/CK (DFFRQXL)
                                                          0.00       0.10 r
  library hold time                                       0.03       0.13
  data required time                                                 0.13
  --------------------------------------------------------------------------
  data required time                                                 0.13
  data arrival time                                                 -0.11
  --------------------------------------------------------------------------
  slack (VIOLATED)                                                  -0.01


  Startpoint: rknp_rxreq_data[99]
              (input port clocked by aclk)
  Endpoint: genblk1.U_WRAP_ALIGN/wwrap_buffer_reg[99]
            (rising edge-triggered flip-flop clocked by aclk)
  Path Group: IN2REG
  Path Type: min

  Point                                                   Incr       Path
  --------------------------------------------------------------------------
  clock aclk (rise edge)                                  0.00       0.00
  clock network delay (ideal)                             0.00       0.00
  input external delay                                    0.00       0.00 f
  rknp_rxreq_data[99] (in)                                0.00       0.00 f
  genblk1.U_WRAP_ALIGN/U2875/Y (MX2XL)                    0.11       0.11 f
  genblk1.U_WRAP_ALIGN/wwrap_buffer_reg[99]/D (DFFRQXL)
                                                          0.00       0.11 f
  data arrival time                                                  0.11

  clock aclk (rise edge)                                  0.00       0.00
  clock network delay (ideal)                             0.00       0.00
  clock uncertainty                                       0.10       0.10
  genblk1.U_WRAP_ALIGN/wwrap_buffer_reg[99]/CK (DFFRQXL)
                                                          0.00       0.10 r
  library hold time                                       0.03       0.13
  data required time                                                 0.13
  --------------------------------------------------------------------------
  data required time                                                 0.13
  data arrival time                                                 -0.11
  --------------------------------------------------------------------------
  slack (VIOLATED)                                                  -0.01


  Startpoint: rknp_rxreq_data[98]
              (input port clocked by aclk)
  Endpoint: genblk1.U_WRAP_ALIGN/wwrap_buffer_reg[98]
            (rising edge-triggered flip-flop clocked by aclk)
  Path Group: IN2REG
  Path Type: min

  Point                                                   Incr       Path
  --------------------------------------------------------------------------
  clock aclk (rise edge)                                  0.00       0.00
  clock network delay (ideal)                             0.00       0.00
  input external delay                                    0.00       0.00 f
  rknp_rxreq_data[98] (in)                                0.00       0.00 f
  genblk1.U_WRAP_ALIGN/U2874/Y (MX2XL)                    0.11       0.11 f
  genblk1.U_WRAP_ALIGN/wwrap_buffer_reg[98]/D (DFFRQXL)
                                                          0.00       0.11 f
  data arrival time                                                  0.11

  clock aclk (rise edge)                                  0.00       0.00
  clock network delay (ideal)                             0.00       0.00
  clock uncertainty                                       0.10       0.10
  genblk1.U_WRAP_ALIGN/wwrap_buffer_reg[98]/CK (DFFRQXL)
                                                          0.00       0.10 r
  library hold time                                       0.03       0.13
  data required time                                                 0.13
  --------------------------------------------------------------------------
  data required time                                                 0.13
  data arrival time                                                 -0.11
  --------------------------------------------------------------------------
  slack (VIOLATED)                                                  -0.01


  Startpoint: rknp_rxreq_data[97]
              (input port clocked by aclk)
  Endpoint: genblk1.U_WRAP_ALIGN/wwrap_buffer_reg[97]
            (rising edge-triggered flip-flop clocked by aclk)
  Path Group: IN2REG
  Path Type: min

  Point                                                   Incr       Path
  --------------------------------------------------------------------------
  clock aclk (rise edge)                                  0.00       0.00
  clock network delay (ideal)                             0.00       0.00
  input external delay                                    0.00       0.00 f
  rknp_rxreq_data[97] (in)                                0.00       0.00 f
  genblk1.U_WRAP_ALIGN/U2873/Y (MX2XL)                    0.11       0.11 f
  genblk1.U_WRAP_ALIGN/wwrap_buffer_reg[97]/D (DFFRQXL)
                                                          0.00       0.11 f
  data arrival time                                                  0.11

  clock aclk (rise edge)                                  0.00       0.00
  clock network delay (ideal)                             0.00       0.00
  clock uncertainty                                       0.10       0.10
  genblk1.U_WRAP_ALIGN/wwrap_buffer_reg[97]/CK (DFFRQXL)
                                                          0.00       0.10 r
  library hold time                                       0.03       0.13
  data required time                                                 0.13
  --------------------------------------------------------------------------
  data required time                                                 0.13
  data arrival time                                                 -0.11
  --------------------------------------------------------------------------
  slack (VIOLATED)                                                  -0.01


  Startpoint: rknp_rxreq_data[96]
              (input port clocked by aclk)
  Endpoint: genblk1.U_WRAP_ALIGN/wwrap_buffer_reg[96]
            (rising edge-triggered flip-flop clocked by aclk)
  Path Group: IN2REG
  Path Type: min

  Point                                                   Incr       Path
  --------------------------------------------------------------------------
  clock aclk (rise edge)                                  0.00       0.00
  clock network delay (ideal)                             0.00       0.00
  input external delay                                    0.00       0.00 f
  rknp_rxreq_data[96] (in)                                0.00       0.00 f
  genblk1.U_WRAP_ALIGN/U2872/Y (MX2XL)                    0.11       0.11 f
  genblk1.U_WRAP_ALIGN/wwrap_buffer_reg[96]/D (DFFRQXL)
                                                          0.00       0.11 f
  data arrival time                                                  0.11

  clock aclk (rise edge)                                  0.00       0.00
  clock network delay (ideal)                             0.00       0.00
  clock uncertainty                                       0.10       0.10
  genblk1.U_WRAP_ALIGN/wwrap_buffer_reg[96]/CK (DFFRQXL)
                                                          0.00       0.10 r
  library hold time                                       0.03       0.13
  data required time                                                 0.13
  --------------------------------------------------------------------------
  data required time                                                 0.13
  data arrival time                                                 -0.11
  --------------------------------------------------------------------------
  slack (VIOLATED)                                                  -0.01


  Startpoint: rknp_rxreq_data[95]
              (input port clocked by aclk)
  Endpoint: genblk1.U_WRAP_ALIGN/wwrap_buffer_reg[95]
            (rising edge-triggered flip-flop clocked by aclk)
  Path Group: IN2REG
  Path Type: min

  Point                                                   Incr       Path
  --------------------------------------------------------------------------
  clock aclk (rise edge)                                  0.00       0.00
  clock network delay (ideal)                             0.00       0.00
  input external delay                                    0.00       0.00 f
  rknp_rxreq_data[95] (in)                                0.00       0.00 f
  genblk1.U_WRAP_ALIGN/U2871/Y (MX2XL)                    0.11       0.11 f
  genblk1.U_WRAP_ALIGN/wwrap_buffer_reg[95]/D (DFFRQXL)
                                                          0.00       0.11 f
  data arrival time                                                  0.11

  clock aclk (rise edge)                                  0.00       0.00
  clock network delay (ideal)                             0.00       0.00
  clock uncertainty                                       0.10       0.10
  genblk1.U_WRAP_ALIGN/wwrap_buffer_reg[95]/CK (DFFRQXL)
                                                          0.00       0.10 r
  library hold time                                       0.03       0.13
  data required time                                                 0.13
  --------------------------------------------------------------------------
  data required time                                                 0.13
  data arrival time                                                 -0.11
  --------------------------------------------------------------------------
  slack (VIOLATED)                                                  -0.01


  Startpoint: rknp_rxreq_data[94]
              (input port clocked by aclk)
  Endpoint: genblk1.U_WRAP_ALIGN/wwrap_buffer_reg[94]
            (rising edge-triggered flip-flop clocked by aclk)
  Path Group: IN2REG
  Path Type: min

  Point                                                   Incr       Path
  --------------------------------------------------------------------------
  clock aclk (rise edge)                                  0.00       0.00
  clock network delay (ideal)                             0.00       0.00
  input external delay                                    0.00       0.00 f
  rknp_rxreq_data[94] (in)                                0.00       0.00 f
  genblk1.U_WRAP_ALIGN/U2870/Y (MX2XL)                    0.11       0.11 f
  genblk1.U_WRAP_ALIGN/wwrap_buffer_reg[94]/D (DFFRQXL)
                                                          0.00       0.11 f
  data arrival time                                                  0.11

  clock aclk (rise edge)                                  0.00       0.00
  clock network delay (ideal)                             0.00       0.00
  clock uncertainty                                       0.10       0.10
  genblk1.U_WRAP_ALIGN/wwrap_buffer_reg[94]/CK (DFFRQXL)
                                                          0.00       0.10 r
  library hold time                                       0.03       0.13
  data required time                                                 0.13
  --------------------------------------------------------------------------
  data required time                                                 0.13
  data arrival time                                                 -0.11
  --------------------------------------------------------------------------
  slack (VIOLATED)                                                  -0.01


  Startpoint: rknp_rxreq_data[93]
              (input port clocked by aclk)
  Endpoint: genblk1.U_WRAP_ALIGN/wwrap_buffer_reg[93]
            (rising edge-triggered flip-flop clocked by aclk)
  Path Group: IN2REG
  Path Type: min

  Point                                                   Incr       Path
  --------------------------------------------------------------------------
  clock aclk (rise edge)                                  0.00       0.00
  clock network delay (ideal)                             0.00       0.00
  input external delay                                    0.00       0.00 f
  rknp_rxreq_data[93] (in)                                0.00       0.00 f
  genblk1.U_WRAP_ALIGN/U2869/Y (MX2XL)                    0.11       0.11 f
  genblk1.U_WRAP_ALIGN/wwrap_buffer_reg[93]/D (DFFRQXL)
                                                          0.00       0.11 f
  data arrival time                                                  0.11

  clock aclk (rise edge)                                  0.00       0.00
  clock network delay (ideal)                             0.00       0.00
  clock uncertainty                                       0.10       0.10
  genblk1.U_WRAP_ALIGN/wwrap_buffer_reg[93]/CK (DFFRQXL)
                                                          0.00       0.10 r
  library hold time                                       0.03       0.13
  data required time                                                 0.13
  --------------------------------------------------------------------------
  data required time                                                 0.13
  data arrival time                                                 -0.11
  --------------------------------------------------------------------------
  slack (VIOLATED)                                                  -0.01


  Startpoint: rknp_rxreq_data[92]
              (input port clocked by aclk)
  Endpoint: genblk1.U_WRAP_ALIGN/wwrap_buffer_reg[92]
            (rising edge-triggered flip-flop clocked by aclk)
  Path Group: IN2REG
  Path Type: min

  Point                                                   Incr       Path
  --------------------------------------------------------------------------
  clock aclk (rise edge)                                  0.00       0.00
  clock network delay (ideal)                             0.00       0.00
  input external delay                                    0.00       0.00 f
  rknp_rxreq_data[92] (in)                                0.00       0.00 f
  genblk1.U_WRAP_ALIGN/U2868/Y (MX2XL)                    0.11       0.11 f
  genblk1.U_WRAP_ALIGN/wwrap_buffer_reg[92]/D (DFFRQXL)
                                                          0.00       0.11 f
  data arrival time                                                  0.11

  clock aclk (rise edge)                                  0.00       0.00
  clock network delay (ideal)                             0.00       0.00
  clock uncertainty                                       0.10       0.10
  genblk1.U_WRAP_ALIGN/wwrap_buffer_reg[92]/CK (DFFRQXL)
                                                          0.00       0.10 r
  library hold time                                       0.03       0.13
  data required time                                                 0.13
  --------------------------------------------------------------------------
  data required time                                                 0.13
  data arrival time                                                 -0.11
  --------------------------------------------------------------------------
  slack (VIOLATED)                                                  -0.01


  Startpoint: rknp_rxreq_data[91]
              (input port clocked by aclk)
  Endpoint: genblk1.U_WRAP_ALIGN/wwrap_buffer_reg[91]
            (rising edge-triggered flip-flop clocked by aclk)
  Path Group: IN2REG
  Path Type: min

  Point                                                   Incr       Path
  --------------------------------------------------------------------------
  clock aclk (rise edge)                                  0.00       0.00
  clock network delay (ideal)                             0.00       0.00
  input external delay                                    0.00       0.00 f
  rknp_rxreq_data[91] (in)                                0.00       0.00 f
  genblk1.U_WRAP_ALIGN/U2867/Y (MX2XL)                    0.11       0.11 f
  genblk1.U_WRAP_ALIGN/wwrap_buffer_reg[91]/D (DFFRQXL)
                                                          0.00       0.11 f
  data arrival time                                                  0.11

  clock aclk (rise edge)                                  0.00       0.00
  clock network delay (ideal)                             0.00       0.00
  clock uncertainty                                       0.10       0.10
  genblk1.U_WRAP_ALIGN/wwrap_buffer_reg[91]/CK (DFFRQXL)
                                                          0.00       0.10 r
  library hold time                                       0.03       0.13
  data required time                                                 0.13
  --------------------------------------------------------------------------
  data required time                                                 0.13
  data arrival time                                                 -0.11
  --------------------------------------------------------------------------
  slack (VIOLATED)                                                  -0.01


  Startpoint: rknp_rxreq_data[90]
              (input port clocked by aclk)
  Endpoint: genblk1.U_WRAP_ALIGN/wwrap_buffer_reg[90]
            (rising edge-triggered flip-flop clocked by aclk)
  Path Group: IN2REG
  Path Type: min

  Point                                                   Incr       Path
  --------------------------------------------------------------------------
  clock aclk (rise edge)                                  0.00       0.00
  clock network delay (ideal)                             0.00       0.00
  input external delay                                    0.00       0.00 f
  rknp_rxreq_data[90] (in)                                0.00       0.00 f
  genblk1.U_WRAP_ALIGN/U2866/Y (MX2XL)                    0.11       0.11 f
  genblk1.U_WRAP_ALIGN/wwrap_buffer_reg[90]/D (DFFRQXL)
                                                          0.00       0.11 f
  data arrival time                                                  0.11

  clock aclk (rise edge)                                  0.00       0.00
  clock network delay (ideal)                             0.00       0.00
  clock uncertainty                                       0.10       0.10
  genblk1.U_WRAP_ALIGN/wwrap_buffer_reg[90]/CK (DFFRQXL)
                                                          0.00       0.10 r
  library hold time                                       0.03       0.13
  data required time                                                 0.13
  --------------------------------------------------------------------------
  data required time                                                 0.13
  data arrival time                                                 -0.11
  --------------------------------------------------------------------------
  slack (VIOLATED)                                                  -0.01


  Startpoint: rknp_rxreq_data[23]
              (input port clocked by aclk)
  Endpoint: genblk1.U_WRAP_ALIGN/wwrap_buffer_reg[23]
            (rising edge-triggered flip-flop clocked by aclk)
  Path Group: IN2REG
  Path Type: min

  Point                                                   Incr       Path
  --------------------------------------------------------------------------
  clock aclk (rise edge)                                  0.00       0.00
  clock network delay (ideal)                             0.00       0.00
  input external delay                                    0.00       0.00 f
  rknp_rxreq_data[23] (in)                                0.00       0.00 f
  genblk1.U_WRAP_ALIGN/U2835/Y (MX2XL)                    0.11       0.11 f
  genblk1.U_WRAP_ALIGN/wwrap_buffer_reg[23]/D (DFFRQXL)
                                                          0.00       0.11 f
  data arrival time                                                  0.11

  clock aclk (rise edge)                                  0.00       0.00
  clock network delay (ideal)                             0.00       0.00
  clock uncertainty                                       0.10       0.10
  genblk1.U_WRAP_ALIGN/wwrap_buffer_reg[23]/CK (DFFRQXL)
                                                          0.00       0.10 r
  library hold time                                       0.03       0.13
  data required time                                                 0.13
  --------------------------------------------------------------------------
  data required time                                                 0.13
  data arrival time                                                 -0.11
  --------------------------------------------------------------------------
  slack (VIOLATED)                                                  -0.01


  Startpoint: rknp_rxreq_data[22]
              (input port clocked by aclk)
  Endpoint: genblk1.U_WRAP_ALIGN/wwrap_buffer_reg[22]
            (rising edge-triggered flip-flop clocked by aclk)
  Path Group: IN2REG
  Path Type: min

  Point                                                   Incr       Path
  --------------------------------------------------------------------------
  clock aclk (rise edge)                                  0.00       0.00
  clock network delay (ideal)                             0.00       0.00
  input external delay                                    0.00       0.00 f
  rknp_rxreq_data[22] (in)                                0.00       0.00 f
  genblk1.U_WRAP_ALIGN/U2834/Y (MX2XL)                    0.11       0.11 f
  genblk1.U_WRAP_ALIGN/wwrap_buffer_reg[22]/D (DFFRQXL)
                                                          0.00       0.11 f
  data arrival time                                                  0.11

  clock aclk (rise edge)                                  0.00       0.00
  clock network delay (ideal)                             0.00       0.00
  clock uncertainty                                       0.10       0.10
  genblk1.U_WRAP_ALIGN/wwrap_buffer_reg[22]/CK (DFFRQXL)
                                                          0.00       0.10 r
  library hold time                                       0.03       0.13
  data required time                                                 0.13
  --------------------------------------------------------------------------
  data required time                                                 0.13
  data arrival time                                                 -0.11
  --------------------------------------------------------------------------
  slack (VIOLATED)                                                  -0.01


  Startpoint: rknp_rxreq_data[21]
              (input port clocked by aclk)
  Endpoint: genblk1.U_WRAP_ALIGN/wwrap_buffer_reg[21]
            (rising edge-triggered flip-flop clocked by aclk)
  Path Group: IN2REG
  Path Type: min

  Point                                                   Incr       Path
  --------------------------------------------------------------------------
  clock aclk (rise edge)                                  0.00       0.00
  clock network delay (ideal)                             0.00       0.00
  input external delay                                    0.00       0.00 f
  rknp_rxreq_data[21] (in)                                0.00       0.00 f
  genblk1.U_WRAP_ALIGN/U2833/Y (MX2XL)                    0.11       0.11 f
  genblk1.U_WRAP_ALIGN/wwrap_buffer_reg[21]/D (DFFRQXL)
                                                          0.00       0.11 f
  data arrival time                                                  0.11

  clock aclk (rise edge)                                  0.00       0.00
  clock network delay (ideal)                             0.00       0.00
  clock uncertainty                                       0.10       0.10
  genblk1.U_WRAP_ALIGN/wwrap_buffer_reg[21]/CK (DFFRQXL)
                                                          0.00       0.10 r
  library hold time                                       0.03       0.13
  data required time                                                 0.13
  --------------------------------------------------------------------------
  data required time                                                 0.13
  data arrival time                                                 -0.11
  --------------------------------------------------------------------------
  slack (VIOLATED)                                                  -0.01


  Startpoint: rknp_rxreq_data[20]
              (input port clocked by aclk)
  Endpoint: genblk1.U_WRAP_ALIGN/wwrap_buffer_reg[20]
            (rising edge-triggered flip-flop clocked by aclk)
  Path Group: IN2REG
  Path Type: min

  Point                                                   Incr       Path
  --------------------------------------------------------------------------
  clock aclk (rise edge)                                  0.00       0.00
  clock network delay (ideal)                             0.00       0.00
  input external delay                                    0.00       0.00 f
  rknp_rxreq_data[20] (in)                                0.00       0.00 f
  genblk1.U_WRAP_ALIGN/U2832/Y (MX2XL)                    0.11       0.11 f
  genblk1.U_WRAP_ALIGN/wwrap_buffer_reg[20]/D (DFFRQXL)
                                                          0.00       0.11 f
  data arrival time                                                  0.11

  clock aclk (rise edge)                                  0.00       0.00
  clock network delay (ideal)                             0.00       0.00
  clock uncertainty                                       0.10       0.10
  genblk1.U_WRAP_ALIGN/wwrap_buffer_reg[20]/CK (DFFRQXL)
                                                          0.00       0.10 r
  library hold time                                       0.03       0.13
  data required time                                                 0.13
  --------------------------------------------------------------------------
  data required time                                                 0.13
  data arrival time                                                 -0.11
  --------------------------------------------------------------------------
  slack (VIOLATED)                                                  -0.01


  Startpoint: rknp_rxreq_data[19]
              (input port clocked by aclk)
  Endpoint: genblk1.U_WRAP_ALIGN/wwrap_buffer_reg[19]
            (rising edge-triggered flip-flop clocked by aclk)
  Path Group: IN2REG
  Path Type: min

  Point                                                   Incr       Path
  --------------------------------------------------------------------------
  clock aclk (rise edge)                                  0.00       0.00
  clock network delay (ideal)                             0.00       0.00
  input external delay                                    0.00       0.00 f
  rknp_rxreq_data[19] (in)                                0.00       0.00 f
  genblk1.U_WRAP_ALIGN/U2831/Y (MX2XL)                    0.11       0.11 f
  genblk1.U_WRAP_ALIGN/wwrap_buffer_reg[19]/D (DFFRQXL)
                                                          0.00       0.11 f
  data arrival time                                                  0.11

  clock aclk (rise edge)                                  0.00       0.00
  clock network delay (ideal)                             0.00       0.00
  clock uncertainty                                       0.10       0.10
  genblk1.U_WRAP_ALIGN/wwrap_buffer_reg[19]/CK (DFFRQXL)
                                                          0.00       0.10 r
  library hold time                                       0.03       0.13
  data required time                                                 0.13
  --------------------------------------------------------------------------
  data required time                                                 0.13
  data arrival time                                                 -0.11
  --------------------------------------------------------------------------
  slack (VIOLATED)                                                  -0.01


  Startpoint: rknp_rxreq_data[18]
              (input port clocked by aclk)
  Endpoint: genblk1.U_WRAP_ALIGN/wwrap_buffer_reg[18]
            (rising edge-triggered flip-flop clocked by aclk)
  Path Group: IN2REG
  Path Type: min

  Point                                                   Incr       Path
  --------------------------------------------------------------------------
  clock aclk (rise edge)                                  0.00       0.00
  clock network delay (ideal)                             0.00       0.00
  input external delay                                    0.00       0.00 f
  rknp_rxreq_data[18] (in)                                0.00       0.00 f
  genblk1.U_WRAP_ALIGN/U2830/Y (MX2XL)                    0.11       0.11 f
  genblk1.U_WRAP_ALIGN/wwrap_buffer_reg[18]/D (DFFRQXL)
                                                          0.00       0.11 f
  data arrival time                                                  0.11

  clock aclk (rise edge)                                  0.00       0.00
  clock network delay (ideal)                             0.00       0.00
  clock uncertainty                                       0.10       0.10
  genblk1.U_WRAP_ALIGN/wwrap_buffer_reg[18]/CK (DFFRQXL)
                                                          0.00       0.10 r
  library hold time                                       0.03       0.13
  data required time                                                 0.13
  --------------------------------------------------------------------------
  data required time                                                 0.13
  data arrival time                                                 -0.11
  --------------------------------------------------------------------------
  slack (VIOLATED)                                                  -0.01


  Startpoint: rknp_rxreq_data[17]
              (input port clocked by aclk)
  Endpoint: genblk1.U_WRAP_ALIGN/wwrap_buffer_reg[17]
            (rising edge-triggered flip-flop clocked by aclk)
  Path Group: IN2REG
  Path Type: min

  Point                                                   Incr       Path
  --------------------------------------------------------------------------
  clock aclk (rise edge)                                  0.00       0.00
  clock network delay (ideal)                             0.00       0.00
  input external delay                                    0.00       0.00 f
  rknp_rxreq_data[17] (in)                                0.00       0.00 f
  genblk1.U_WRAP_ALIGN/U2829/Y (MX2XL)                    0.11       0.11 f
  genblk1.U_WRAP_ALIGN/wwrap_buffer_reg[17]/D (DFFRQXL)
                                                          0.00       0.11 f
  data arrival time                                                  0.11

  clock aclk (rise edge)                                  0.00       0.00
  clock network delay (ideal)                             0.00       0.00
  clock uncertainty                                       0.10       0.10
  genblk1.U_WRAP_ALIGN/wwrap_buffer_reg[17]/CK (DFFRQXL)
                                                          0.00       0.10 r
  library hold time                                       0.03       0.13
  data required time                                                 0.13
  --------------------------------------------------------------------------
  data required time                                                 0.13
  data arrival time                                                 -0.11
  --------------------------------------------------------------------------
  slack (VIOLATED)                                                  -0.01


  Startpoint: rknp_rxreq_data[16]
              (input port clocked by aclk)
  Endpoint: genblk1.U_WRAP_ALIGN/wwrap_buffer_reg[16]
            (rising edge-triggered flip-flop clocked by aclk)
  Path Group: IN2REG
  Path Type: min

  Point                                                   Incr       Path
  --------------------------------------------------------------------------
  clock aclk (rise edge)                                  0.00       0.00
  clock network delay (ideal)                             0.00       0.00
  input external delay                                    0.00       0.00 f
  rknp_rxreq_data[16] (in)                                0.00       0.00 f
  genblk1.U_WRAP_ALIGN/U2828/Y (MX2XL)                    0.11       0.11 f
  genblk1.U_WRAP_ALIGN/wwrap_buffer_reg[16]/D (DFFRQXL)
                                                          0.00       0.11 f
  data arrival time                                                  0.11

  clock aclk (rise edge)                                  0.00       0.00
  clock network delay (ideal)                             0.00       0.00
  clock uncertainty                                       0.10       0.10
  genblk1.U_WRAP_ALIGN/wwrap_buffer_reg[16]/CK (DFFRQXL)
                                                          0.00       0.10 r
  library hold time                                       0.03       0.13
  data required time                                                 0.13
  --------------------------------------------------------------------------
  data required time                                                 0.13
  data arrival time                                                 -0.11
  --------------------------------------------------------------------------
  slack (VIOLATED)                                                  -0.01


  Startpoint: rknp_rxreq_data[15]
              (input port clocked by aclk)
  Endpoint: genblk1.U_WRAP_ALIGN/wwrap_buffer_reg[15]
            (rising edge-triggered flip-flop clocked by aclk)
  Path Group: IN2REG
  Path Type: min

  Point                                                   Incr       Path
  --------------------------------------------------------------------------
  clock aclk (rise edge)                                  0.00       0.00
  clock network delay (ideal)                             0.00       0.00
  input external delay                                    0.00       0.00 f
  rknp_rxreq_data[15] (in)                                0.00       0.00 f
  genblk1.U_WRAP_ALIGN/U2827/Y (MX2XL)                    0.11       0.11 f
  genblk1.U_WRAP_ALIGN/wwrap_buffer_reg[15]/D (DFFRQXL)
                                                          0.00       0.11 f
  data arrival time                                                  0.11

  clock aclk (rise edge)                                  0.00       0.00
  clock network delay (ideal)                             0.00       0.00
  clock uncertainty                                       0.10       0.10
  genblk1.U_WRAP_ALIGN/wwrap_buffer_reg[15]/CK (DFFRQXL)
                                                          0.00       0.10 r
  library hold time                                       0.03       0.13
  data required time                                                 0.13
  --------------------------------------------------------------------------
  data required time                                                 0.13
  data arrival time                                                 -0.11
  --------------------------------------------------------------------------
  slack (VIOLATED)                                                  -0.01


  Startpoint: rknp_rxreq_data[14]
              (input port clocked by aclk)
  Endpoint: genblk1.U_WRAP_ALIGN/wwrap_buffer_reg[14]
            (rising edge-triggered flip-flop clocked by aclk)
  Path Group: IN2REG
  Path Type: min

  Point                                                   Incr       Path
  --------------------------------------------------------------------------
  clock aclk (rise edge)                                  0.00       0.00
  clock network delay (ideal)                             0.00       0.00
  input external delay                                    0.00       0.00 f
  rknp_rxreq_data[14] (in)                                0.00       0.00 f
  genblk1.U_WRAP_ALIGN/U2826/Y (MX2XL)                    0.11       0.11 f
  genblk1.U_WRAP_ALIGN/wwrap_buffer_reg[14]/D (DFFRQXL)
                                                          0.00       0.11 f
  data arrival time                                                  0.11

  clock aclk (rise edge)                                  0.00       0.00
  clock network delay (ideal)                             0.00       0.00
  clock uncertainty                                       0.10       0.10
  genblk1.U_WRAP_ALIGN/wwrap_buffer_reg[14]/CK (DFFRQXL)
                                                          0.00       0.10 r
  library hold time                                       0.03       0.13
  data required time                                                 0.13
  --------------------------------------------------------------------------
  data required time                                                 0.13
  data arrival time                                                 -0.11
  --------------------------------------------------------------------------
  slack (VIOLATED)                                                  -0.01


  Startpoint: rknp_rxreq_data[13]
              (input port clocked by aclk)
  Endpoint: genblk1.U_WRAP_ALIGN/wwrap_buffer_reg[13]
            (rising edge-triggered flip-flop clocked by aclk)
  Path Group: IN2REG
  Path Type: min

  Point                                                   Incr       Path
  --------------------------------------------------------------------------
  clock aclk (rise edge)                                  0.00       0.00
  clock network delay (ideal)                             0.00       0.00
  input external delay                                    0.00       0.00 f
  rknp_rxreq_data[13] (in)                                0.00       0.00 f
  genblk1.U_WRAP_ALIGN/U2825/Y (MX2XL)                    0.11       0.11 f
  genblk1.U_WRAP_ALIGN/wwrap_buffer_reg[13]/D (DFFRQXL)
                                                          0.00       0.11 f
  data arrival time                                                  0.11

  clock aclk (rise edge)                                  0.00       0.00
  clock network delay (ideal)                             0.00       0.00
  clock uncertainty                                       0.10       0.10
  genblk1.U_WRAP_ALIGN/wwrap_buffer_reg[13]/CK (DFFRQXL)
                                                          0.00       0.10 r
  library hold time                                       0.03       0.13
  data required time                                                 0.13
  --------------------------------------------------------------------------
  data required time                                                 0.13
  data arrival time                                                 -0.11
  --------------------------------------------------------------------------
  slack (VIOLATED)                                                  -0.01


  Startpoint: rknp_rxreq_data[11]
              (input port clocked by aclk)
  Endpoint: genblk1.U_WRAP_ALIGN/wwrap_buffer_reg[11]
            (rising edge-triggered flip-flop clocked by aclk)
  Path Group: IN2REG
  Path Type: min

  Point                                                   Incr       Path
  --------------------------------------------------------------------------
  clock aclk (rise edge)                                  0.00       0.00
  clock network delay (ideal)                             0.00       0.00
  input external delay                                    0.00       0.00 f
  rknp_rxreq_data[11] (in)                                0.00       0.00 f
  genblk1.U_WRAP_ALIGN/U2823/Y (MX2XL)                    0.11       0.11 f
  genblk1.U_WRAP_ALIGN/wwrap_buffer_reg[11]/D (DFFRQXL)
                                                          0.00       0.11 f
  data arrival time                                                  0.11

  clock aclk (rise edge)                                  0.00       0.00
  clock network delay (ideal)                             0.00       0.00
  clock uncertainty                                       0.10       0.10
  genblk1.U_WRAP_ALIGN/wwrap_buffer_reg[11]/CK (DFFRQXL)
                                                          0.00       0.10 r
  library hold time                                       0.03       0.13
  data required time                                                 0.13
  --------------------------------------------------------------------------
  data required time                                                 0.13
  data arrival time                                                 -0.11
  --------------------------------------------------------------------------
  slack (VIOLATED)                                                  -0.01


  Startpoint: rknp_rxreq_data[10]
              (input port clocked by aclk)
  Endpoint: genblk1.U_WRAP_ALIGN/wwrap_buffer_reg[10]
            (rising edge-triggered flip-flop clocked by aclk)
  Path Group: IN2REG
  Path Type: min

  Point                                                   Incr       Path
  --------------------------------------------------------------------------
  clock aclk (rise edge)                                  0.00       0.00
  clock network delay (ideal)                             0.00       0.00
  input external delay                                    0.00       0.00 f
  rknp_rxreq_data[10] (in)                                0.00       0.00 f
  genblk1.U_WRAP_ALIGN/U2822/Y (MX2XL)                    0.11       0.11 f
  genblk1.U_WRAP_ALIGN/wwrap_buffer_reg[10]/D (DFFRQXL)
                                                          0.00       0.11 f
  data arrival time                                                  0.11

  clock aclk (rise edge)                                  0.00       0.00
  clock network delay (ideal)                             0.00       0.00
  clock uncertainty                                       0.10       0.10
  genblk1.U_WRAP_ALIGN/wwrap_buffer_reg[10]/CK (DFFRQXL)
                                                          0.00       0.10 r
  library hold time                                       0.03       0.13
  data required time                                                 0.13
  --------------------------------------------------------------------------
  data required time                                                 0.13
  data arrival time                                                 -0.11
  --------------------------------------------------------------------------
  slack (VIOLATED)                                                  -0.01


  Startpoint: rknp_rxreq_data[9]
              (input port clocked by aclk)
  Endpoint: genblk1.U_WRAP_ALIGN/wwrap_buffer_reg[9]
            (rising edge-triggered flip-flop clocked by aclk)
  Path Group: IN2REG
  Path Type: min

  Point                                                   Incr       Path
  --------------------------------------------------------------------------
  clock aclk (rise edge)                                  0.00       0.00
  clock network delay (ideal)                             0.00       0.00
  input external delay                                    0.00       0.00 f
  rknp_rxreq_data[9] (in)                                 0.00       0.00 f
  genblk1.U_WRAP_ALIGN/U2821/Y (MX2XL)                    0.11       0.11 f
  genblk1.U_WRAP_ALIGN/wwrap_buffer_reg[9]/D (DFFRQXL)
                                                          0.00       0.11 f
  data arrival time                                                  0.11

  clock aclk (rise edge)                                  0.00       0.00
  clock network delay (ideal)                             0.00       0.00
  clock uncertainty                                       0.10       0.10
  genblk1.U_WRAP_ALIGN/wwrap_buffer_reg[9]/CK (DFFRQXL)
                                                          0.00       0.10 r
  library hold time                                       0.03       0.13
  data required time                                                 0.13
  --------------------------------------------------------------------------
  data required time                                                 0.13
  data arrival time                                                 -0.11
  --------------------------------------------------------------------------
  slack (VIOLATED)                                                  -0.01


  Startpoint: rknp_rxreq_data[8]
              (input port clocked by aclk)
  Endpoint: genblk1.U_WRAP_ALIGN/wwrap_buffer_reg[8]
            (rising edge-triggered flip-flop clocked by aclk)
  Path Group: IN2REG
  Path Type: min

  Point                                                   Incr       Path
  --------------------------------------------------------------------------
  clock aclk (rise edge)                                  0.00       0.00
  clock network delay (ideal)                             0.00       0.00
  input external delay                                    0.00       0.00 f
  rknp_rxreq_data[8] (in)                                 0.00       0.00 f
  genblk1.U_WRAP_ALIGN/U2820/Y (MX2XL)                    0.11       0.11 f
  genblk1.U_WRAP_ALIGN/wwrap_buffer_reg[8]/D (DFFRQXL)
                                                          0.00       0.11 f
  data arrival time                                                  0.11

  clock aclk (rise edge)                                  0.00       0.00
  clock network delay (ideal)                             0.00       0.00
  clock uncertainty                                       0.10       0.10
  genblk1.U_WRAP_ALIGN/wwrap_buffer_reg[8]/CK (DFFRQXL)
                                                          0.00       0.10 r
  library hold time                                       0.03       0.13
  data required time                                                 0.13
  --------------------------------------------------------------------------
  data required time                                                 0.13
  data arrival time                                                 -0.11
  --------------------------------------------------------------------------
  slack (VIOLATED)                                                  -0.01


  Startpoint: rknp_rxreq_data[7]
              (input port clocked by aclk)
  Endpoint: genblk1.U_WRAP_ALIGN/wwrap_buffer_reg[7]
            (rising edge-triggered flip-flop clocked by aclk)
  Path Group: IN2REG
  Path Type: min

  Point                                                   Incr       Path
  --------------------------------------------------------------------------
  clock aclk (rise edge)                                  0.00       0.00
  clock network delay (ideal)                             0.00       0.00
  input external delay                                    0.00       0.00 f
  rknp_rxreq_data[7] (in)                                 0.00       0.00 f
  genblk1.U_WRAP_ALIGN/U2819/Y (MX2XL)                    0.11       0.11 f
  genblk1.U_WRAP_ALIGN/wwrap_buffer_reg[7]/D (DFFRQXL)
                                                          0.00       0.11 f
  data arrival time                                                  0.11

  clock aclk (rise edge)                                  0.00       0.00
  clock network delay (ideal)                             0.00       0.00
  clock uncertainty                                       0.10       0.10
  genblk1.U_WRAP_ALIGN/wwrap_buffer_reg[7]/CK (DFFRQXL)
                                                          0.00       0.10 r
  library hold time                                       0.03       0.13
  data required time                                                 0.13
  --------------------------------------------------------------------------
  data required time                                                 0.13
  data arrival time                                                 -0.11
  --------------------------------------------------------------------------
  slack (VIOLATED)                                                  -0.01


  Startpoint: rknp_rxreq_data[6]
              (input port clocked by aclk)
  Endpoint: genblk1.U_WRAP_ALIGN/wwrap_buffer_reg[6]
            (rising edge-triggered flip-flop clocked by aclk)
  Path Group: IN2REG
  Path Type: min

  Point                                                   Incr       Path
  --------------------------------------------------------------------------
  clock aclk (rise edge)                                  0.00       0.00
  clock network delay (ideal)                             0.00       0.00
  input external delay                                    0.00       0.00 f
  rknp_rxreq_data[6] (in)                                 0.00       0.00 f
  genblk1.U_WRAP_ALIGN/U2818/Y (MX2XL)                    0.11       0.11 f
  genblk1.U_WRAP_ALIGN/wwrap_buffer_reg[6]/D (DFFRQXL)
                                                          0.00       0.11 f
  data arrival time                                                  0.11

  clock aclk (rise edge)                                  0.00       0.00
  clock network delay (ideal)                             0.00       0.00
  clock uncertainty                                       0.10       0.10
  genblk1.U_WRAP_ALIGN/wwrap_buffer_reg[6]/CK (DFFRQXL)
                                                          0.00       0.10 r
  library hold time                                       0.03       0.13
  data required time                                                 0.13
  --------------------------------------------------------------------------
  data required time                                                 0.13
  data arrival time                                                 -0.11
  --------------------------------------------------------------------------
  slack (VIOLATED)                                                  -0.01


  Startpoint: rknp_rxreq_data[5]
              (input port clocked by aclk)
  Endpoint: genblk1.U_WRAP_ALIGN/wwrap_buffer_reg[5]
            (rising edge-triggered flip-flop clocked by aclk)
  Path Group: IN2REG
  Path Type: min

  Point                                                   Incr       Path
  --------------------------------------------------------------------------
  clock aclk (rise edge)                                  0.00       0.00
  clock network delay (ideal)                             0.00       0.00
  input external delay                                    0.00       0.00 f
  rknp_rxreq_data[5] (in)                                 0.00       0.00 f
  genblk1.U_WRAP_ALIGN/U2817/Y (MX2XL)                    0.11       0.11 f
  genblk1.U_WRAP_ALIGN/wwrap_buffer_reg[5]/D (DFFRQXL)
                                                          0.00       0.11 f
  data arrival time                                                  0.11

  clock aclk (rise edge)                                  0.00       0.00
  clock network delay (ideal)                             0.00       0.00
  clock uncertainty                                       0.10       0.10
  genblk1.U_WRAP_ALIGN/wwrap_buffer_reg[5]/CK (DFFRQXL)
                                                          0.00       0.10 r
  library hold time                                       0.03       0.13
  data required time                                                 0.13
  --------------------------------------------------------------------------
  data required time                                                 0.13
  data arrival time                                                 -0.11
  --------------------------------------------------------------------------
  slack (VIOLATED)                                                  -0.01


  Startpoint: rknp_rxreq_data[4]
              (input port clocked by aclk)
  Endpoint: genblk1.U_WRAP_ALIGN/wwrap_buffer_reg[4]
            (rising edge-triggered flip-flop clocked by aclk)
  Path Group: IN2REG
  Path Type: min

  Point                                                   Incr       Path
  --------------------------------------------------------------------------
  clock aclk (rise edge)                                  0.00       0.00
  clock network delay (ideal)                             0.00       0.00
  input external delay                                    0.00       0.00 f
  rknp_rxreq_data[4] (in)                                 0.00       0.00 f
  genblk1.U_WRAP_ALIGN/U2816/Y (MX2XL)                    0.11       0.11 f
  genblk1.U_WRAP_ALIGN/wwrap_buffer_reg[4]/D (DFFRQXL)
                                                          0.00       0.11 f
  data arrival time                                                  0.11

  clock aclk (rise edge)                                  0.00       0.00
  clock network delay (ideal)                             0.00       0.00
  clock uncertainty                                       0.10       0.10
  genblk1.U_WRAP_ALIGN/wwrap_buffer_reg[4]/CK (DFFRQXL)
                                                          0.00       0.10 r
  library hold time                                       0.03       0.13
  data required time                                                 0.13
  --------------------------------------------------------------------------
  data required time                                                 0.13
  data arrival time                                                 -0.11
  --------------------------------------------------------------------------
  slack (VIOLATED)                                                  -0.01


  Startpoint: rknp_rxreq_data[3]
              (input port clocked by aclk)
  Endpoint: genblk1.U_WRAP_ALIGN/wwrap_buffer_reg[3]
            (rising edge-triggered flip-flop clocked by aclk)
  Path Group: IN2REG
  Path Type: min

  Point                                                   Incr       Path
  --------------------------------------------------------------------------
  clock aclk (rise edge)                                  0.00       0.00
  clock network delay (ideal)                             0.00       0.00
  input external delay                                    0.00       0.00 f
  rknp_rxreq_data[3] (in)                                 0.00       0.00 f
  genblk1.U_WRAP_ALIGN/U2815/Y (MX2XL)                    0.11       0.11 f
  genblk1.U_WRAP_ALIGN/wwrap_buffer_reg[3]/D (DFFRQXL)
                                                          0.00       0.11 f
  data arrival time                                                  0.11

  clock aclk (rise edge)                                  0.00       0.00
  clock network delay (ideal)                             0.00       0.00
  clock uncertainty                                       0.10       0.10
  genblk1.U_WRAP_ALIGN/wwrap_buffer_reg[3]/CK (DFFRQXL)
                                                          0.00       0.10 r
  library hold time                                       0.03       0.13
  data required time                                                 0.13
  --------------------------------------------------------------------------
  data required time                                                 0.13
  data arrival time                                                 -0.11
  --------------------------------------------------------------------------
  slack (VIOLATED)                                                  -0.01


  Startpoint: rknp_rxreq_data[2]
              (input port clocked by aclk)
  Endpoint: genblk1.U_WRAP_ALIGN/wwrap_buffer_reg[2]
            (rising edge-triggered flip-flop clocked by aclk)
  Path Group: IN2REG
  Path Type: min

  Point                                                   Incr       Path
  --------------------------------------------------------------------------
  clock aclk (rise edge)                                  0.00       0.00
  clock network delay (ideal)                             0.00       0.00
  input external delay                                    0.00       0.00 f
  rknp_rxreq_data[2] (in)                                 0.00       0.00 f
  genblk1.U_WRAP_ALIGN/U2814/Y (MX2XL)                    0.11       0.11 f
  genblk1.U_WRAP_ALIGN/wwrap_buffer_reg[2]/D (DFFRQXL)
                                                          0.00       0.11 f
  data arrival time                                                  0.11

  clock aclk (rise edge)                                  0.00       0.00
  clock network delay (ideal)                             0.00       0.00
  clock uncertainty                                       0.10       0.10
  genblk1.U_WRAP_ALIGN/wwrap_buffer_reg[2]/CK (DFFRQXL)
                                                          0.00       0.10 r
  library hold time                                       0.03       0.13
  data required time                                                 0.13
  --------------------------------------------------------------------------
  data required time                                                 0.13
  data arrival time                                                 -0.11
  --------------------------------------------------------------------------
  slack (VIOLATED)                                                  -0.01


  Startpoint: rknp_rxreq_data[1]
              (input port clocked by aclk)
  Endpoint: genblk1.U_WRAP_ALIGN/wwrap_buffer_reg[1]
            (rising edge-triggered flip-flop clocked by aclk)
  Path Group: IN2REG
  Path Type: min

  Point                                                   Incr       Path
  --------------------------------------------------------------------------
  clock aclk (rise edge)                                  0.00       0.00
  clock network delay (ideal)                             0.00       0.00
  input external delay                                    0.00       0.00 f
  rknp_rxreq_data[1] (in)                                 0.00       0.00 f
  genblk1.U_WRAP_ALIGN/U2813/Y (MX2XL)                    0.11       0.11 f
  genblk1.U_WRAP_ALIGN/wwrap_buffer_reg[1]/D (DFFRQXL)
                                                          0.00       0.11 f
  data arrival time                                                  0.11

  clock aclk (rise edge)                                  0.00       0.00
  clock network delay (ideal)                             0.00       0.00
  clock uncertainty                                       0.10       0.10
  genblk1.U_WRAP_ALIGN/wwrap_buffer_reg[1]/CK (DFFRQXL)
                                                          0.00       0.10 r
  library hold time                                       0.03       0.13
  data required time                                                 0.13
  --------------------------------------------------------------------------
  data required time                                                 0.13
  data arrival time                                                 -0.11
  --------------------------------------------------------------------------
  slack (VIOLATED)                                                  -0.01


  Startpoint: rknp_rxreq_data[0]
              (input port clocked by aclk)
  Endpoint: genblk1.U_WRAP_ALIGN/wwrap_buffer_reg[0]
            (rising edge-triggered flip-flop clocked by aclk)
  Path Group: IN2REG
  Path Type: min

  Point                                                   Incr       Path
  --------------------------------------------------------------------------
  clock aclk (rise edge)                                  0.00       0.00
  clock network delay (ideal)                             0.00       0.00
  input external delay                                    0.00       0.00 f
  rknp_rxreq_data[0] (in)                                 0.00       0.00 f
  genblk1.U_WRAP_ALIGN/U2812/Y (MX2XL)                    0.11       0.11 f
  genblk1.U_WRAP_ALIGN/wwrap_buffer_reg[0]/D (DFFRQXL)
                                                          0.00       0.11 f
  data arrival time                                                  0.11

  clock aclk (rise edge)                                  0.00       0.00
  clock network delay (ideal)                             0.00       0.00
  clock uncertainty                                       0.10       0.10
  genblk1.U_WRAP_ALIGN/wwrap_buffer_reg[0]/CK (DFFRQXL)
                                                          0.00       0.10 r
  library hold time                                       0.03       0.13
  data required time                                                 0.13
  --------------------------------------------------------------------------
  data required time                                                 0.13
  data arrival time                                                 -0.11
  --------------------------------------------------------------------------
  slack (VIOLATED)                                                  -0.01


  Startpoint: rknp_rxreq_data[42]
              (input port clocked by aclk)
  Endpoint: genblk1.U_WRAP_ALIGN/wwrap_buffer_reg[42]
            (rising edge-triggered flip-flop clocked by aclk)
  Path Group: IN2REG
  Path Type: min

  Point                                                   Incr       Path
  --------------------------------------------------------------------------
  clock aclk (rise edge)                                  0.00       0.00
  clock network delay (ideal)                             0.00       0.00
  input external delay                                    0.00       0.00 f
  rknp_rxreq_data[42] (in)                                0.00       0.00 f
  genblk1.U_WRAP_ALIGN/U2854/Y (MX2XL)                    0.11       0.11 f
  genblk1.U_WRAP_ALIGN/wwrap_buffer_reg[42]/D (DFFRQXL)
                                                          0.00       0.11 f
  data arrival time                                                  0.11

  clock aclk (rise edge)                                  0.00       0.00
  clock network delay (ideal)                             0.00       0.00
  clock uncertainty                                       0.10       0.10
  genblk1.U_WRAP_ALIGN/wwrap_buffer_reg[42]/CK (DFFRQXL)
                                                          0.00       0.10 r
  library hold time                                       0.03       0.13
  data required time                                                 0.13
  --------------------------------------------------------------------------
  data required time                                                 0.13
  data arrival time                                                 -0.11
  --------------------------------------------------------------------------
  slack (VIOLATED)                                                  -0.01


  Startpoint: rknp_rxreq_data[41]
              (input port clocked by aclk)
  Endpoint: genblk1.U_WRAP_ALIGN/wwrap_buffer_reg[41]
            (rising edge-triggered flip-flop clocked by aclk)
  Path Group: IN2REG
  Path Type: min

  Point                                                   Incr       Path
  --------------------------------------------------------------------------
  clock aclk (rise edge)                                  0.00       0.00
  clock network delay (ideal)                             0.00       0.00
  input external delay                                    0.00       0.00 f
  rknp_rxreq_data[41] (in)                                0.00       0.00 f
  genblk1.U_WRAP_ALIGN/U2853/Y (MX2XL)                    0.11       0.11 f
  genblk1.U_WRAP_ALIGN/wwrap_buffer_reg[41]/D (DFFRQXL)
                                                          0.00       0.11 f
  data arrival time                                                  0.11

  clock aclk (rise edge)                                  0.00       0.00
  clock network delay (ideal)                             0.00       0.00
  clock uncertainty                                       0.10       0.10
  genblk1.U_WRAP_ALIGN/wwrap_buffer_reg[41]/CK (DFFRQXL)
                                                          0.00       0.10 r
  library hold time                                       0.03       0.13
  data required time                                                 0.13
  --------------------------------------------------------------------------
  data required time                                                 0.13
  data arrival time                                                 -0.11
  --------------------------------------------------------------------------
  slack (VIOLATED)                                                  -0.01


  Startpoint: rknp_rxreq_data[40]
              (input port clocked by aclk)
  Endpoint: genblk1.U_WRAP_ALIGN/wwrap_buffer_reg[40]
            (rising edge-triggered flip-flop clocked by aclk)
  Path Group: IN2REG
  Path Type: min

  Point                                                   Incr       Path
  --------------------------------------------------------------------------
  clock aclk (rise edge)                                  0.00       0.00
  clock network delay (ideal)                             0.00       0.00
  input external delay                                    0.00       0.00 f
  rknp_rxreq_data[40] (in)                                0.00       0.00 f
  genblk1.U_WRAP_ALIGN/U2852/Y (MX2XL)                    0.11       0.11 f
  genblk1.U_WRAP_ALIGN/wwrap_buffer_reg[40]/D (DFFRQXL)
                                                          0.00       0.11 f
  data arrival time                                                  0.11

  clock aclk (rise edge)                                  0.00       0.00
  clock network delay (ideal)                             0.00       0.00
  clock uncertainty                                       0.10       0.10
  genblk1.U_WRAP_ALIGN/wwrap_buffer_reg[40]/CK (DFFRQXL)
                                                          0.00       0.10 r
  library hold time                                       0.03       0.13
  data required time                                                 0.13
  --------------------------------------------------------------------------
  data required time                                                 0.13
  data arrival time                                                 -0.11
  --------------------------------------------------------------------------
  slack (VIOLATED)                                                  -0.01


  Startpoint: rknp_rxreq_data[39]
              (input port clocked by aclk)
  Endpoint: genblk1.U_WRAP_ALIGN/wwrap_buffer_reg[39]
            (rising edge-triggered flip-flop clocked by aclk)
  Path Group: IN2REG
  Path Type: min

  Point                                                   Incr       Path
  --------------------------------------------------------------------------
  clock aclk (rise edge)                                  0.00       0.00
  clock network delay (ideal)                             0.00       0.00
  input external delay                                    0.00       0.00 f
  rknp_rxreq_data[39] (in)                                0.00       0.00 f
  genblk1.U_WRAP_ALIGN/U2851/Y (MX2XL)                    0.11       0.11 f
  genblk1.U_WRAP_ALIGN/wwrap_buffer_reg[39]/D (DFFRQXL)
                                                          0.00       0.11 f
  data arrival time                                                  0.11

  clock aclk (rise edge)                                  0.00       0.00
  clock network delay (ideal)                             0.00       0.00
  clock uncertainty                                       0.10       0.10
  genblk1.U_WRAP_ALIGN/wwrap_buffer_reg[39]/CK (DFFRQXL)
                                                          0.00       0.10 r
  library hold time                                       0.03       0.13
  data required time                                                 0.13
  --------------------------------------------------------------------------
  data required time                                                 0.13
  data arrival time                                                 -0.11
  --------------------------------------------------------------------------
  slack (VIOLATED)                                                  -0.01


  Startpoint: rknp_rxreq_data[37]
              (input port clocked by aclk)
  Endpoint: genblk1.U_WRAP_ALIGN/wwrap_buffer_reg[37]
            (rising edge-triggered flip-flop clocked by aclk)
  Path Group: IN2REG
  Path Type: min

  Point                                                   Incr       Path
  --------------------------------------------------------------------------
  clock aclk (rise edge)                                  0.00       0.00
  clock network delay (ideal)                             0.00       0.00
  input external delay                                    0.00       0.00 f
  rknp_rxreq_data[37] (in)                                0.00       0.00 f
  genblk1.U_WRAP_ALIGN/U2849/Y (MX2XL)                    0.11       0.11 f
  genblk1.U_WRAP_ALIGN/wwrap_buffer_reg[37]/D (DFFRQXL)
                                                          0.00       0.11 f
  data arrival time                                                  0.11

  clock aclk (rise edge)                                  0.00       0.00
  clock network delay (ideal)                             0.00       0.00
  clock uncertainty                                       0.10       0.10
  genblk1.U_WRAP_ALIGN/wwrap_buffer_reg[37]/CK (DFFRQXL)
                                                          0.00       0.10 r
  library hold time                                       0.03       0.13
  data required time                                                 0.13
  --------------------------------------------------------------------------
  data required time                                                 0.13
  data arrival time                                                 -0.11
  --------------------------------------------------------------------------
  slack (VIOLATED)                                                  -0.01


  Startpoint: rknp_rxreq_data[36]
              (input port clocked by aclk)
  Endpoint: genblk1.U_WRAP_ALIGN/wwrap_buffer_reg[36]
            (rising edge-triggered flip-flop clocked by aclk)
  Path Group: IN2REG
  Path Type: min

  Point                                                   Incr       Path
  --------------------------------------------------------------------------
  clock aclk (rise edge)                                  0.00       0.00
  clock network delay (ideal)                             0.00       0.00
  input external delay                                    0.00       0.00 f
  rknp_rxreq_data[36] (in)                                0.00       0.00 f
  genblk1.U_WRAP_ALIGN/U2848/Y (MX2XL)                    0.11       0.11 f
  genblk1.U_WRAP_ALIGN/wwrap_buffer_reg[36]/D (DFFRQXL)
                                                          0.00       0.11 f
  data arrival time                                                  0.11

  clock aclk (rise edge)                                  0.00       0.00
  clock network delay (ideal)                             0.00       0.00
  clock uncertainty                                       0.10       0.10
  genblk1.U_WRAP_ALIGN/wwrap_buffer_reg[36]/CK (DFFRQXL)
                                                          0.00       0.10 r
  library hold time                                       0.03       0.13
  data required time                                                 0.13
  --------------------------------------------------------------------------
  data required time                                                 0.13
  data arrival time                                                 -0.11
  --------------------------------------------------------------------------
  slack (VIOLATED)                                                  -0.01


  Startpoint: rknp_rxreq_data[35]
              (input port clocked by aclk)
  Endpoint: genblk1.U_WRAP_ALIGN/wwrap_buffer_reg[35]
            (rising edge-triggered flip-flop clocked by aclk)
  Path Group: IN2REG
  Path Type: min

  Point                                                   Incr       Path
  --------------------------------------------------------------------------
  clock aclk (rise edge)                                  0.00       0.00
  clock network delay (ideal)                             0.00       0.00
  input external delay                                    0.00       0.00 f
  rknp_rxreq_data[35] (in)                                0.00       0.00 f
  genblk1.U_WRAP_ALIGN/U2847/Y (MX2XL)                    0.11       0.11 f
  genblk1.U_WRAP_ALIGN/wwrap_buffer_reg[35]/D (DFFRQXL)
                                                          0.00       0.11 f
  data arrival time                                                  0.11

  clock aclk (rise edge)                                  0.00       0.00
  clock network delay (ideal)                             0.00       0.00
  clock uncertainty                                       0.10       0.10
  genblk1.U_WRAP_ALIGN/wwrap_buffer_reg[35]/CK (DFFRQXL)
                                                          0.00       0.10 r
  library hold time                                       0.03       0.13
  data required time                                                 0.13
  --------------------------------------------------------------------------
  data required time                                                 0.13
  data arrival time                                                 -0.11
  --------------------------------------------------------------------------
  slack (VIOLATED)                                                  -0.01


  Startpoint: rknp_rxreq_data[34]
              (input port clocked by aclk)
  Endpoint: genblk1.U_WRAP_ALIGN/wwrap_buffer_reg[34]
            (rising edge-triggered flip-flop clocked by aclk)
  Path Group: IN2REG
  Path Type: min

  Point                                                   Incr       Path
  --------------------------------------------------------------------------
  clock aclk (rise edge)                                  0.00       0.00
  clock network delay (ideal)                             0.00       0.00
  input external delay                                    0.00       0.00 f
  rknp_rxreq_data[34] (in)                                0.00       0.00 f
  genblk1.U_WRAP_ALIGN/U2846/Y (MX2XL)                    0.11       0.11 f
  genblk1.U_WRAP_ALIGN/wwrap_buffer_reg[34]/D (DFFRQXL)
                                                          0.00       0.11 f
  data arrival time                                                  0.11

  clock aclk (rise edge)                                  0.00       0.00
  clock network delay (ideal)                             0.00       0.00
  clock uncertainty                                       0.10       0.10
  genblk1.U_WRAP_ALIGN/wwrap_buffer_reg[34]/CK (DFFRQXL)
                                                          0.00       0.10 r
  library hold time                                       0.03       0.13
  data required time                                                 0.13
  --------------------------------------------------------------------------
  data required time                                                 0.13
  data arrival time                                                 -0.11
  --------------------------------------------------------------------------
  slack (VIOLATED)                                                  -0.01


  Startpoint: rknp_rxreq_data[33]
              (input port clocked by aclk)
  Endpoint: genblk1.U_WRAP_ALIGN/wwrap_buffer_reg[33]
            (rising edge-triggered flip-flop clocked by aclk)
  Path Group: IN2REG
  Path Type: min

  Point                                                   Incr       Path
  --------------------------------------------------------------------------
  clock aclk (rise edge)                                  0.00       0.00
  clock network delay (ideal)                             0.00       0.00
  input external delay                                    0.00       0.00 f
  rknp_rxreq_data[33] (in)                                0.00       0.00 f
  genblk1.U_WRAP_ALIGN/U2845/Y (MX2XL)                    0.11       0.11 f
  genblk1.U_WRAP_ALIGN/wwrap_buffer_reg[33]/D (DFFRQXL)
                                                          0.00       0.11 f
  data arrival time                                                  0.11

  clock aclk (rise edge)                                  0.00       0.00
  clock network delay (ideal)                             0.00       0.00
  clock uncertainty                                       0.10       0.10
  genblk1.U_WRAP_ALIGN/wwrap_buffer_reg[33]/CK (DFFRQXL)
                                                          0.00       0.10 r
  library hold time                                       0.03       0.13
  data required time                                                 0.13
  --------------------------------------------------------------------------
  data required time                                                 0.13
  data arrival time                                                 -0.11
  --------------------------------------------------------------------------
  slack (VIOLATED)                                                  -0.01


  Startpoint: rknp_rxreq_data[32]
              (input port clocked by aclk)
  Endpoint: genblk1.U_WRAP_ALIGN/wwrap_buffer_reg[32]
            (rising edge-triggered flip-flop clocked by aclk)
  Path Group: IN2REG
  Path Type: min

  Point                                                   Incr       Path
  --------------------------------------------------------------------------
  clock aclk (rise edge)                                  0.00       0.00
  clock network delay (ideal)                             0.00       0.00
  input external delay                                    0.00       0.00 f
  rknp_rxreq_data[32] (in)                                0.00       0.00 f
  genblk1.U_WRAP_ALIGN/U2844/Y (MX2XL)                    0.11       0.11 f
  genblk1.U_WRAP_ALIGN/wwrap_buffer_reg[32]/D (DFFRQXL)
                                                          0.00       0.11 f
  data arrival time                                                  0.11

  clock aclk (rise edge)                                  0.00       0.00
  clock network delay (ideal)                             0.00       0.00
  clock uncertainty                                       0.10       0.10
  genblk1.U_WRAP_ALIGN/wwrap_buffer_reg[32]/CK (DFFRQXL)
                                                          0.00       0.10 r
  library hold time                                       0.03       0.13
  data required time                                                 0.13
  --------------------------------------------------------------------------
  data required time                                                 0.13
  data arrival time                                                 -0.11
  --------------------------------------------------------------------------
  slack (VIOLATED)                                                  -0.01


  Startpoint: rknp_rxreq_data[49]
              (input port clocked by aclk)
  Endpoint: genblk1.U_WRAP_ALIGN/wwrap_buffer_reg[49]
            (rising edge-triggered flip-flop clocked by aclk)
  Path Group: IN2REG
  Path Type: min

  Point                                                   Incr       Path
  --------------------------------------------------------------------------
  clock aclk (rise edge)                                  0.00       0.00
  clock network delay (ideal)                             0.00       0.00
  input external delay                                    0.00       0.00 f
  rknp_rxreq_data[49] (in)                                0.00       0.00 f
  genblk1.U_WRAP_ALIGN/U2858/Y (MX2XL)                    0.11       0.11 f
  genblk1.U_WRAP_ALIGN/wwrap_buffer_reg[49]/D (DFFRQXL)
                                                          0.00       0.11 f
  data arrival time                                                  0.11

  clock aclk (rise edge)                                  0.00       0.00
  clock network delay (ideal)                             0.00       0.00
  clock uncertainty                                       0.10       0.10
  genblk1.U_WRAP_ALIGN/wwrap_buffer_reg[49]/CK (DFFRQXL)
                                                          0.00       0.10 r
  library hold time                                       0.03       0.13
  data required time                                                 0.13
  --------------------------------------------------------------------------
  data required time                                                 0.13
  data arrival time                                                 -0.11
  --------------------------------------------------------------------------
  slack (VIOLATED)                                                  -0.01


  Startpoint: rknp_rxreq_data[24]
              (input port clocked by aclk)
  Endpoint: genblk1.U_WRAP_ALIGN/wwrap_buffer_reg[24]
            (rising edge-triggered flip-flop clocked by aclk)
  Path Group: IN2REG
  Path Type: min

  Point                                                   Incr       Path
  --------------------------------------------------------------------------
  clock aclk (rise edge)                                  0.00       0.00
  clock network delay (ideal)                             0.00       0.00
  input external delay                                    0.00       0.00 f
  rknp_rxreq_data[24] (in)                                0.00       0.00 f
  genblk1.U_WRAP_ALIGN/U2836/Y (MX2XL)                    0.11       0.11 f
  genblk1.U_WRAP_ALIGN/wwrap_buffer_reg[24]/D (DFFRQXL)
                                                          0.00       0.11 f
  data arrival time                                                  0.11

  clock aclk (rise edge)                                  0.00       0.00
  clock network delay (ideal)                             0.00       0.00
  clock uncertainty                                       0.10       0.10
  genblk1.U_WRAP_ALIGN/wwrap_buffer_reg[24]/CK (DFFRQXL)
                                                          0.00       0.10 r
  library hold time                                       0.03       0.13
  data required time                                                 0.13
  --------------------------------------------------------------------------
  data required time                                                 0.13
  data arrival time                                                 -0.11
  --------------------------------------------------------------------------
  slack (VIOLATED)                                                  -0.01


  Startpoint: axi_m_rid[3]
              (input port clocked by aclk)
  Endpoint: genblk2.U_RSP_TRANS/rbuf0_rid_reg[3]
            (rising edge-triggered flip-flop clocked by aclk)
  Path Group: IN2REG
  Path Type: min

  Point                                                   Incr       Path
  --------------------------------------------------------------------------
  clock aclk (rise edge)                                  0.00       0.00
  clock network delay (ideal)                             0.00       0.00
  input external delay                                    0.00       0.00 f
  axi_m_rid[3] (in)                                       0.00       0.00 f
  genblk2.U_RSP_TRANS/U36/Y (INVXL)                       0.07       0.07 r
  genblk2.U_RSP_TRANS/U306/Y (OAI21XL)                    0.04       0.11 f
  genblk2.U_RSP_TRANS/rbuf0_rid_reg[3]/D (DFFRQXL)        0.00       0.11 f
  data arrival time                                                  0.11

  clock aclk (rise edge)                                  0.00       0.00
  clock network delay (ideal)                             0.00       0.00
  clock uncertainty                                       0.10       0.10
  genblk2.U_RSP_TRANS/rbuf0_rid_reg[3]/CK (DFFRQXL)       0.00       0.10 r
  library hold time                                       0.03       0.13
  data required time                                                 0.13
  --------------------------------------------------------------------------
  data required time                                                 0.13
  data arrival time                                                 -0.11
  --------------------------------------------------------------------------
  slack (VIOLATED)                                                  -0.01


  Startpoint: axi_m_rdata[0]
              (input port clocked by aclk)
  Endpoint: genblk2.U_RSP_TRANS/rbuf1_rdata_reg[0]
            (rising edge-triggered flip-flop clocked by aclk)
  Path Group: IN2REG
  Path Type: min

  Point                                                   Incr       Path
  --------------------------------------------------------------------------
  clock aclk (rise edge)                                  0.00       0.00
  clock network delay (ideal)                             0.00       0.00
  input external delay                                    0.00       0.00 f
  axi_m_rdata[0] (in)                                     0.00       0.00 f
  genblk2.U_RSP_TRANS/U378/Y (MX2XL)                      0.11       0.11 f
  genblk2.U_RSP_TRANS/rbuf1_rdata_reg[0]/D (DFFRQXL)      0.00       0.11 f
  data arrival time                                                  0.11

  clock aclk (rise edge)                                  0.00       0.00
  clock network delay (ideal)                             0.00       0.00
  clock uncertainty                                       0.10       0.10
  genblk2.U_RSP_TRANS/rbuf1_rdata_reg[0]/CK (DFFRQXL)     0.00       0.10 r
  library hold time                                       0.03       0.13
  data required time                                                 0.13
  --------------------------------------------------------------------------
  data required time                                                 0.13
  data arrival time                                                 -0.11
  --------------------------------------------------------------------------
  slack (VIOLATED)                                                  -0.01


  Startpoint: axi_m_rdata[1]
              (input port clocked by aclk)
  Endpoint: genblk2.U_RSP_TRANS/rbuf1_rdata_reg[1]
            (rising edge-triggered flip-flop clocked by aclk)
  Path Group: IN2REG
  Path Type: min

  Point                                                   Incr       Path
  --------------------------------------------------------------------------
  clock aclk (rise edge)                                  0.00       0.00
  clock network delay (ideal)                             0.00       0.00
  input external delay                                    0.00       0.00 f
  axi_m_rdata[1] (in)                                     0.00       0.00 f
  genblk2.U_RSP_TRANS/U377/Y (MX2XL)                      0.11       0.11 f
  genblk2.U_RSP_TRANS/rbuf1_rdata_reg[1]/D (DFFRQXL)      0.00       0.11 f
  data arrival time                                                  0.11

  clock aclk (rise edge)                                  0.00       0.00
  clock network delay (ideal)                             0.00       0.00
  clock uncertainty                                       0.10       0.10
  genblk2.U_RSP_TRANS/rbuf1_rdata_reg[1]/CK (DFFRQXL)     0.00       0.10 r
  library hold time                                       0.03       0.13
  data required time                                                 0.13
  --------------------------------------------------------------------------
  data required time                                                 0.13
  data arrival time                                                 -0.11
  --------------------------------------------------------------------------
  slack (VIOLATED)                                                  -0.01


  Startpoint: axi_m_rdata[2]
              (input port clocked by aclk)
  Endpoint: genblk2.U_RSP_TRANS/rbuf1_rdata_reg[2]
            (rising edge-triggered flip-flop clocked by aclk)
  Path Group: IN2REG
  Path Type: min

  Point                                                   Incr       Path
  --------------------------------------------------------------------------
  clock aclk (rise edge)                                  0.00       0.00
  clock network delay (ideal)                             0.00       0.00
  input external delay                                    0.00       0.00 f
  axi_m_rdata[2] (in)                                     0.00       0.00 f
  genblk2.U_RSP_TRANS/U376/Y (MX2XL)                      0.11       0.11 f
  genblk2.U_RSP_TRANS/rbuf1_rdata_reg[2]/D (DFFRQXL)      0.00       0.11 f
  data arrival time                                                  0.11

  clock aclk (rise edge)                                  0.00       0.00
  clock network delay (ideal)                             0.00       0.00
  clock uncertainty                                       0.10       0.10
  genblk2.U_RSP_TRANS/rbuf1_rdata_reg[2]/CK (DFFRQXL)     0.00       0.10 r
  library hold time                                       0.03       0.13
  data required time                                                 0.13
  --------------------------------------------------------------------------
  data required time                                                 0.13
  data arrival time                                                 -0.11
  --------------------------------------------------------------------------
  slack (VIOLATED)                                                  -0.01


  Startpoint: axi_m_rdata[3]
              (input port clocked by aclk)
  Endpoint: genblk2.U_RSP_TRANS/rbuf1_rdata_reg[3]
            (rising edge-triggered flip-flop clocked by aclk)
  Path Group: IN2REG
  Path Type: min

  Point                                                   Incr       Path
  --------------------------------------------------------------------------
  clock aclk (rise edge)                                  0.00       0.00
  clock network delay (ideal)                             0.00       0.00
  input external delay                                    0.00       0.00 f
  axi_m_rdata[3] (in)                                     0.00       0.00 f
  genblk2.U_RSP_TRANS/U375/Y (MX2XL)                      0.11       0.11 f
  genblk2.U_RSP_TRANS/rbuf1_rdata_reg[3]/D (DFFRQXL)      0.00       0.11 f
  data arrival time                                                  0.11

  clock aclk (rise edge)                                  0.00       0.00
  clock network delay (ideal)                             0.00       0.00
  clock uncertainty                                       0.10       0.10
  genblk2.U_RSP_TRANS/rbuf1_rdata_reg[3]/CK (DFFRQXL)     0.00       0.10 r
  library hold time                                       0.03       0.13
  data required time                                                 0.13
  --------------------------------------------------------------------------
  data required time                                                 0.13
  data arrival time                                                 -0.11
  --------------------------------------------------------------------------
  slack (VIOLATED)                                                  -0.01


  Startpoint: axi_m_rdata[4]
              (input port clocked by aclk)
  Endpoint: genblk2.U_RSP_TRANS/rbuf1_rdata_reg[4]
            (rising edge-triggered flip-flop clocked by aclk)
  Path Group: IN2REG
  Path Type: min

  Point                                                   Incr       Path
  --------------------------------------------------------------------------
  clock aclk (rise edge)                                  0.00       0.00
  clock network delay (ideal)                             0.00       0.00
  input external delay                                    0.00       0.00 f
  axi_m_rdata[4] (in)                                     0.00       0.00 f
  genblk2.U_RSP_TRANS/U374/Y (MX2XL)                      0.11       0.11 f
  genblk2.U_RSP_TRANS/rbuf1_rdata_reg[4]/D (DFFRQXL)      0.00       0.11 f
  data arrival time                                                  0.11

  clock aclk (rise edge)                                  0.00       0.00
  clock network delay (ideal)                             0.00       0.00
  clock uncertainty                                       0.10       0.10
  genblk2.U_RSP_TRANS/rbuf1_rdata_reg[4]/CK (DFFRQXL)     0.00       0.10 r
  library hold time                                       0.03       0.13
  data required time                                                 0.13
  --------------------------------------------------------------------------
  data required time                                                 0.13
  data arrival time                                                 -0.11
  --------------------------------------------------------------------------
  slack (VIOLATED)                                                  -0.01


  Startpoint: axi_m_rdata[5]
              (input port clocked by aclk)
  Endpoint: genblk2.U_RSP_TRANS/rbuf1_rdata_reg[5]
            (rising edge-triggered flip-flop clocked by aclk)
  Path Group: IN2REG
  Path Type: min

  Point                                                   Incr       Path
  --------------------------------------------------------------------------
  clock aclk (rise edge)                                  0.00       0.00
  clock network delay (ideal)                             0.00       0.00
  input external delay                                    0.00       0.00 f
  axi_m_rdata[5] (in)                                     0.00       0.00 f
  genblk2.U_RSP_TRANS/U373/Y (MX2XL)                      0.11       0.11 f
  genblk2.U_RSP_TRANS/rbuf1_rdata_reg[5]/D (DFFRQXL)      0.00       0.11 f
  data arrival time                                                  0.11

  clock aclk (rise edge)                                  0.00       0.00
  clock network delay (ideal)                             0.00       0.00
  clock uncertainty                                       0.10       0.10
  genblk2.U_RSP_TRANS/rbuf1_rdata_reg[5]/CK (DFFRQXL)     0.00       0.10 r
  library hold time                                       0.03       0.13
  data required time                                                 0.13
  --------------------------------------------------------------------------
  data required time                                                 0.13
  data arrival time                                                 -0.11
  --------------------------------------------------------------------------
  slack (VIOLATED)                                                  -0.01


  Startpoint: axi_m_rdata[6]
              (input port clocked by aclk)
  Endpoint: genblk2.U_RSP_TRANS/rbuf1_rdata_reg[6]
            (rising edge-triggered flip-flop clocked by aclk)
  Path Group: IN2REG
  Path Type: min

  Point                                                   Incr       Path
  --------------------------------------------------------------------------
  clock aclk (rise edge)                                  0.00       0.00
  clock network delay (ideal)                             0.00       0.00
  input external delay                                    0.00       0.00 f
  axi_m_rdata[6] (in)                                     0.00       0.00 f
  genblk2.U_RSP_TRANS/U372/Y (MX2XL)                      0.11       0.11 f
  genblk2.U_RSP_TRANS/rbuf1_rdata_reg[6]/D (DFFRQXL)      0.00       0.11 f
  data arrival time                                                  0.11

  clock aclk (rise edge)                                  0.00       0.00
  clock network delay (ideal)                             0.00       0.00
  clock uncertainty                                       0.10       0.10
  genblk2.U_RSP_TRANS/rbuf1_rdata_reg[6]/CK (DFFRQXL)     0.00       0.10 r
  library hold time                                       0.03       0.13
  data required time                                                 0.13
  --------------------------------------------------------------------------
  data required time                                                 0.13
  data arrival time                                                 -0.11
  --------------------------------------------------------------------------
  slack (VIOLATED)                                                  -0.01


  Startpoint: axi_m_rdata[7]
              (input port clocked by aclk)
  Endpoint: genblk2.U_RSP_TRANS/rbuf1_rdata_reg[7]
            (rising edge-triggered flip-flop clocked by aclk)
  Path Group: IN2REG
  Path Type: min

  Point                                                   Incr       Path
  --------------------------------------------------------------------------
  clock aclk (rise edge)                                  0.00       0.00
  clock network delay (ideal)                             0.00       0.00
  input external delay                                    0.00       0.00 f
  axi_m_rdata[7] (in)                                     0.00       0.00 f
  genblk2.U_RSP_TRANS/U371/Y (MX2XL)                      0.11       0.11 f
  genblk2.U_RSP_TRANS/rbuf1_rdata_reg[7]/D (DFFRQXL)      0.00       0.11 f
  data arrival time                                                  0.11

  clock aclk (rise edge)                                  0.00       0.00
  clock network delay (ideal)                             0.00       0.00
  clock uncertainty                                       0.10       0.10
  genblk2.U_RSP_TRANS/rbuf1_rdata_reg[7]/CK (DFFRQXL)     0.00       0.10 r
  library hold time                                       0.03       0.13
  data required time                                                 0.13
  --------------------------------------------------------------------------
  data required time                                                 0.13
  data arrival time                                                 -0.11
  --------------------------------------------------------------------------
  slack (VIOLATED)                                                  -0.01


  Startpoint: axi_m_rdata[11]
              (input port clocked by aclk)
  Endpoint: genblk2.U_RSP_TRANS/rbuf1_rdata_reg[11]
            (rising edge-triggered flip-flop clocked by aclk)
  Path Group: IN2REG
  Path Type: min

  Point                                                   Incr       Path
  --------------------------------------------------------------------------
  clock aclk (rise edge)                                  0.00       0.00
  clock network delay (ideal)                             0.00       0.00
  input external delay                                    0.00       0.00 f
  axi_m_rdata[11] (in)                                    0.00       0.00 f
  genblk2.U_RSP_TRANS/U367/Y (MX2XL)                      0.11       0.11 f
  genblk2.U_RSP_TRANS/rbuf1_rdata_reg[11]/D (DFFRQXL)     0.00       0.11 f
  data arrival time                                                  0.11

  clock aclk (rise edge)                                  0.00       0.00
  clock network delay (ideal)                             0.00       0.00
  clock uncertainty                                       0.10       0.10
  genblk2.U_RSP_TRANS/rbuf1_rdata_reg[11]/CK (DFFRQXL)
                                                          0.00       0.10 r
  library hold time                                       0.03       0.13
  data required time                                                 0.13
  --------------------------------------------------------------------------
  data required time                                                 0.13
  data arrival time                                                 -0.11
  --------------------------------------------------------------------------
  slack (VIOLATED)                                                  -0.01


  Startpoint: axi_m_rdata[48]
              (input port clocked by aclk)
  Endpoint: genblk2.U_RSP_TRANS/rbuf1_rdata_reg[48]
            (rising edge-triggered flip-flop clocked by aclk)
  Path Group: IN2REG
  Path Type: min

  Point                                                   Incr       Path
  --------------------------------------------------------------------------
  clock aclk (rise edge)                                  0.00       0.00
  clock network delay (ideal)                             0.00       0.00
  input external delay                                    0.00       0.00 f
  axi_m_rdata[48] (in)                                    0.00       0.00 f
  genblk2.U_RSP_TRANS/U330/Y (MX2XL)                      0.11       0.11 f
  genblk2.U_RSP_TRANS/rbuf1_rdata_reg[48]/D (DFFRQXL)     0.00       0.11 f
  data arrival time                                                  0.11

  clock aclk (rise edge)                                  0.00       0.00
  clock network delay (ideal)                             0.00       0.00
  clock uncertainty                                       0.10       0.10
  genblk2.U_RSP_TRANS/rbuf1_rdata_reg[48]/CK (DFFRQXL)
                                                          0.00       0.10 r
  library hold time                                       0.03       0.13
  data required time                                                 0.13
  --------------------------------------------------------------------------
  data required time                                                 0.13
  data arrival time                                                 -0.11
  --------------------------------------------------------------------------
  slack (VIOLATED)                                                  -0.01


  Startpoint: axi_m_rdata[52]
              (input port clocked by aclk)
  Endpoint: genblk2.U_RSP_TRANS/rbuf1_rdata_reg[52]
            (rising edge-triggered flip-flop clocked by aclk)
  Path Group: IN2REG
  Path Type: min

  Point                                                   Incr       Path
  --------------------------------------------------------------------------
  clock aclk (rise edge)                                  0.00       0.00
  clock network delay (ideal)                             0.00       0.00
  input external delay                                    0.00       0.00 f
  axi_m_rdata[52] (in)                                    0.00       0.00 f
  genblk2.U_RSP_TRANS/U326/Y (MX2XL)                      0.11       0.11 f
  genblk2.U_RSP_TRANS/rbuf1_rdata_reg[52]/D (DFFRQXL)     0.00       0.11 f
  data arrival time                                                  0.11

  clock aclk (rise edge)                                  0.00       0.00
  clock network delay (ideal)                             0.00       0.00
  clock uncertainty                                       0.10       0.10
  genblk2.U_RSP_TRANS/rbuf1_rdata_reg[52]/CK (DFFRQXL)
                                                          0.00       0.10 r
  library hold time                                       0.03       0.13
  data required time                                                 0.13
  --------------------------------------------------------------------------
  data required time                                                 0.13
  data arrival time                                                 -0.11
  --------------------------------------------------------------------------
  slack (VIOLATED)                                                  -0.01


  Startpoint: axi_m_rdata[58]
              (input port clocked by aclk)
  Endpoint: genblk2.U_RSP_TRANS/rbuf1_rdata_reg[58]
            (rising edge-triggered flip-flop clocked by aclk)
  Path Group: IN2REG
  Path Type: min

  Point                                                   Incr       Path
  --------------------------------------------------------------------------
  clock aclk (rise edge)                                  0.00       0.00
  clock network delay (ideal)                             0.00       0.00
  input external delay                                    0.00       0.00 f
  axi_m_rdata[58] (in)                                    0.00       0.00 f
  genblk2.U_RSP_TRANS/U318/Y (MX2XL)                      0.11       0.11 f
  genblk2.U_RSP_TRANS/rbuf1_rdata_reg[58]/D (DFFRQXL)     0.00       0.11 f
  data arrival time                                                  0.11

  clock aclk (rise edge)                                  0.00       0.00
  clock network delay (ideal)                             0.00       0.00
  clock uncertainty                                       0.10       0.10
  genblk2.U_RSP_TRANS/rbuf1_rdata_reg[58]/CK (DFFRQXL)
                                                          0.00       0.10 r
  library hold time                                       0.03       0.13
  data required time                                                 0.13
  --------------------------------------------------------------------------
  data required time                                                 0.13
  data arrival time                                                 -0.11
  --------------------------------------------------------------------------
  slack (VIOLATED)                                                  -0.01


  Startpoint: axi_m_rdata[59]
              (input port clocked by aclk)
  Endpoint: genblk2.U_RSP_TRANS/rbuf1_rdata_reg[59]
            (rising edge-triggered flip-flop clocked by aclk)
  Path Group: IN2REG
  Path Type: min

  Point                                                   Incr       Path
  --------------------------------------------------------------------------
  clock aclk (rise edge)                                  0.00       0.00
  clock network delay (ideal)                             0.00       0.00
  input external delay                                    0.00       0.00 f
  axi_m_rdata[59] (in)                                    0.00       0.00 f
  genblk2.U_RSP_TRANS/U317/Y (MX2XL)                      0.11       0.11 f
  genblk2.U_RSP_TRANS/rbuf1_rdata_reg[59]/D (DFFRQXL)     0.00       0.11 f
  data arrival time                                                  0.11

  clock aclk (rise edge)                                  0.00       0.00
  clock network delay (ideal)                             0.00       0.00
  clock uncertainty                                       0.10       0.10
  genblk2.U_RSP_TRANS/rbuf1_rdata_reg[59]/CK (DFFRQXL)
                                                          0.00       0.10 r
  library hold time                                       0.03       0.13
  data required time                                                 0.13
  --------------------------------------------------------------------------
  data required time                                                 0.13
  data arrival time                                                 -0.11
  --------------------------------------------------------------------------
  slack (VIOLATED)                                                  -0.01


  Startpoint: axi_m_rdata[60]
              (input port clocked by aclk)
  Endpoint: genblk2.U_RSP_TRANS/rbuf1_rdata_reg[60]
            (rising edge-triggered flip-flop clocked by aclk)
  Path Group: IN2REG
  Path Type: min

  Point                                                   Incr       Path
  --------------------------------------------------------------------------
  clock aclk (rise edge)                                  0.00       0.00
  clock network delay (ideal)                             0.00       0.00
  input external delay                                    0.00       0.00 f
  axi_m_rdata[60] (in)                                    0.00       0.00 f
  genblk2.U_RSP_TRANS/U316/Y (MX2XL)                      0.11       0.11 f
  genblk2.U_RSP_TRANS/rbuf1_rdata_reg[60]/D (DFFRQXL)     0.00       0.11 f
  data arrival time                                                  0.11

  clock aclk (rise edge)                                  0.00       0.00
  clock network delay (ideal)                             0.00       0.00
  clock uncertainty                                       0.10       0.10
  genblk2.U_RSP_TRANS/rbuf1_rdata_reg[60]/CK (DFFRQXL)
                                                          0.00       0.10 r
  library hold time                                       0.03       0.13
  data required time                                                 0.13
  --------------------------------------------------------------------------
  data required time                                                 0.13
  data arrival time                                                 -0.11
  --------------------------------------------------------------------------
  slack (VIOLATED)                                                  -0.01


  Startpoint: axi_m_rdata[62]
              (input port clocked by aclk)
  Endpoint: genblk2.U_RSP_TRANS/rbuf1_rdata_reg[62]
            (rising edge-triggered flip-flop clocked by aclk)
  Path Group: IN2REG
  Path Type: min

  Point                                                   Incr       Path
  --------------------------------------------------------------------------
  clock aclk (rise edge)                                  0.00       0.00
  clock network delay (ideal)                             0.00       0.00
  input external delay                                    0.00       0.00 f
  axi_m_rdata[62] (in)                                    0.00       0.00 f
  genblk2.U_RSP_TRANS/U313/Y (MX2XL)                      0.11       0.11 f
  genblk2.U_RSP_TRANS/rbuf1_rdata_reg[62]/D (DFFRQXL)     0.00       0.11 f
  data arrival time                                                  0.11

  clock aclk (rise edge)                                  0.00       0.00
  clock network delay (ideal)                             0.00       0.00
  clock uncertainty                                       0.10       0.10
  genblk2.U_RSP_TRANS/rbuf1_rdata_reg[62]/CK (DFFRQXL)
                                                          0.00       0.10 r
  library hold time                                       0.03       0.13
  data required time                                                 0.13
  --------------------------------------------------------------------------
  data required time                                                 0.13
  data arrival time                                                 -0.11
  --------------------------------------------------------------------------
  slack (VIOLATED)                                                  -0.01


  Startpoint: axi_m_rdata[63]
              (input port clocked by aclk)
  Endpoint: genblk2.U_RSP_TRANS/rbuf1_rdata_reg[63]
            (rising edge-triggered flip-flop clocked by aclk)
  Path Group: IN2REG
  Path Type: min

  Point                                                   Incr       Path
  --------------------------------------------------------------------------
  clock aclk (rise edge)                                  0.00       0.00
  clock network delay (ideal)                             0.00       0.00
  input external delay                                    0.00       0.00 f
  axi_m_rdata[63] (in)                                    0.00       0.00 f
  genblk2.U_RSP_TRANS/U312/Y (MX2XL)                      0.11       0.11 f
  genblk2.U_RSP_TRANS/rbuf1_rdata_reg[63]/D (DFFRQXL)     0.00       0.11 f
  data arrival time                                                  0.11

  clock aclk (rise edge)                                  0.00       0.00
  clock network delay (ideal)                             0.00       0.00
  clock uncertainty                                       0.10       0.10
  genblk2.U_RSP_TRANS/rbuf1_rdata_reg[63]/CK (DFFRQXL)
                                                          0.00       0.10 r
  library hold time                                       0.03       0.13
  data required time                                                 0.13
  --------------------------------------------------------------------------
  data required time                                                 0.13
  data arrival time                                                 -0.11
  --------------------------------------------------------------------------
  slack (VIOLATED)                                                  -0.01


  Startpoint: axi_m_rresp[1]
              (input port clocked by aclk)
  Endpoint: genblk2.U_RSP_TRANS/rbuf1_rresp_reg[1]
            (rising edge-triggered flip-flop clocked by aclk)
  Path Group: IN2REG
  Path Type: min

  Point                                                   Incr       Path
  --------------------------------------------------------------------------
  clock aclk (rise edge)                                  0.00       0.00
  clock network delay (ideal)                             0.00       0.00
  input external delay                                    0.00       0.00 f
  axi_m_rresp[1] (in)                                     0.00       0.00 f
  genblk2.U_RSP_TRANS/U311/Y (MX2XL)                      0.11       0.11 f
  genblk2.U_RSP_TRANS/rbuf1_rresp_reg[1]/D (DFFRQXL)      0.00       0.11 f
  data arrival time                                                  0.11

  clock aclk (rise edge)                                  0.00       0.00
  clock network delay (ideal)                             0.00       0.00
  clock uncertainty                                       0.10       0.10
  genblk2.U_RSP_TRANS/rbuf1_rresp_reg[1]/CK (DFFRQXL)     0.00       0.10 r
  library hold time                                       0.03       0.13
  data required time                                                 0.13
  --------------------------------------------------------------------------
  data required time                                                 0.13
  data arrival time                                                 -0.11
  --------------------------------------------------------------------------
  slack (VIOLATED)                                                  -0.01


  Startpoint: axi_m_ruser[0]
              (input port clocked by aclk)
  Endpoint: genblk2.U_RSP_TRANS/rbuf1_ruser_reg[0]
            (rising edge-triggered flip-flop clocked by aclk)
  Path Group: IN2REG
  Path Type: min

  Point                                                   Incr       Path
  --------------------------------------------------------------------------
  clock aclk (rise edge)                                  0.00       0.00
  clock network delay (ideal)                             0.00       0.00
  input external delay                                    0.00       0.00 f
  axi_m_ruser[0] (in)                                     0.00       0.00 f
  genblk2.U_RSP_TRANS/U310/Y (MX2XL)                      0.11       0.11 f
  genblk2.U_RSP_TRANS/rbuf1_ruser_reg[0]/D (DFFRQXL)      0.00       0.11 f
  data arrival time                                                  0.11

  clock aclk (rise edge)                                  0.00       0.00
  clock network delay (ideal)                             0.00       0.00
  clock uncertainty                                       0.10       0.10
  genblk2.U_RSP_TRANS/rbuf1_ruser_reg[0]/CK (DFFRQXL)     0.00       0.10 r
  library hold time                                       0.03       0.13
  data required time                                                 0.13
  --------------------------------------------------------------------------
  data required time                                                 0.13
  data arrival time                                                 -0.11
  --------------------------------------------------------------------------
  slack (VIOLATED)                                                  -0.01


  Startpoint: axi_m_rdata[26]
              (input port clocked by aclk)
  Endpoint: genblk2.U_RSP_TRANS/rbuf1_rdata_reg[26]
            (rising edge-triggered flip-flop clocked by aclk)
  Path Group: IN2REG
  Path Type: min

  Point                                                   Incr       Path
  --------------------------------------------------------------------------
  clock aclk (rise edge)                                  0.00       0.00
  clock network delay (ideal)                             0.00       0.00
  input external delay                                    0.00       0.00 f
  axi_m_rdata[26] (in)                                    0.00       0.00 f
  genblk2.U_RSP_TRANS/U352/Y (MX2XL)                      0.11       0.11 f
  genblk2.U_RSP_TRANS/rbuf1_rdata_reg[26]/D (DFFRQXL)     0.00       0.11 f
  data arrival time                                                  0.11

  clock aclk (rise edge)                                  0.00       0.00
  clock network delay (ideal)                             0.00       0.00
  clock uncertainty                                       0.10       0.10
  genblk2.U_RSP_TRANS/rbuf1_rdata_reg[26]/CK (DFFRQXL)
                                                          0.00       0.10 r
  library hold time                                       0.03       0.13
  data required time                                                 0.13
  --------------------------------------------------------------------------
  data required time                                                 0.13
  data arrival time                                                 -0.11
  --------------------------------------------------------------------------
  slack (VIOLATED)                                                  -0.01


  Startpoint: axi_m_rdata[41]
              (input port clocked by aclk)
  Endpoint: genblk2.U_RSP_TRANS/rbuf1_rdata_reg[41]
            (rising edge-triggered flip-flop clocked by aclk)
  Path Group: IN2REG
  Path Type: min

  Point                                                   Incr       Path
  --------------------------------------------------------------------------
  clock aclk (rise edge)                                  0.00       0.00
  clock network delay (ideal)                             0.00       0.00
  input external delay                                    0.00       0.00 f
  axi_m_rdata[41] (in)                                    0.00       0.00 f
  genblk2.U_RSP_TRANS/U337/Y (MX2XL)                      0.11       0.11 f
  genblk2.U_RSP_TRANS/rbuf1_rdata_reg[41]/D (DFFRQXL)     0.00       0.11 f
  data arrival time                                                  0.11

  clock aclk (rise edge)                                  0.00       0.00
  clock network delay (ideal)                             0.00       0.00
  clock uncertainty                                       0.10       0.10
  genblk2.U_RSP_TRANS/rbuf1_rdata_reg[41]/CK (DFFRQXL)
                                                          0.00       0.10 r
  library hold time                                       0.03       0.13
  data required time                                                 0.13
  --------------------------------------------------------------------------
  data required time                                                 0.13
  data arrival time                                                 -0.11
  --------------------------------------------------------------------------
  slack (VIOLATED)                                                  -0.01


  Startpoint: axi_m_rdata[56]
              (input port clocked by aclk)
  Endpoint: genblk2.U_RSP_TRANS/rbuf1_rdata_reg[56]
            (rising edge-triggered flip-flop clocked by aclk)
  Path Group: IN2REG
  Path Type: min

  Point                                                   Incr       Path
  --------------------------------------------------------------------------
  clock aclk (rise edge)                                  0.00       0.00
  clock network delay (ideal)                             0.00       0.00
  input external delay                                    0.00       0.00 f
  axi_m_rdata[56] (in)                                    0.00       0.00 f
  genblk2.U_RSP_TRANS/U322/Y (MX2XL)                      0.11       0.11 f
  genblk2.U_RSP_TRANS/rbuf1_rdata_reg[56]/D (DFFRQXL)     0.00       0.11 f
  data arrival time                                                  0.11

  clock aclk (rise edge)                                  0.00       0.00
  clock network delay (ideal)                             0.00       0.00
  clock uncertainty                                       0.10       0.10
  genblk2.U_RSP_TRANS/rbuf1_rdata_reg[56]/CK (DFFRQXL)
                                                          0.00       0.10 r
  library hold time                                       0.03       0.13
  data required time                                                 0.13
  --------------------------------------------------------------------------
  data required time                                                 0.13
  data arrival time                                                 -0.11
  --------------------------------------------------------------------------
  slack (VIOLATED)                                                  -0.01


  Startpoint: axi_m_rdata[8]
              (input port clocked by aclk)
  Endpoint: genblk2.U_RSP_TRANS/rbuf1_rdata_reg[8]
            (rising edge-triggered flip-flop clocked by aclk)
  Path Group: IN2REG
  Path Type: min

  Point                                                   Incr       Path
  --------------------------------------------------------------------------
  clock aclk (rise edge)                                  0.00       0.00
  clock network delay (ideal)                             0.00       0.00
  input external delay                                    0.00       0.00 f
  axi_m_rdata[8] (in)                                     0.00       0.00 f
  genblk2.U_RSP_TRANS/U370/Y (MX2XL)                      0.11       0.11 f
  genblk2.U_RSP_TRANS/rbuf1_rdata_reg[8]/D (DFFRQXL)      0.00       0.11 f
  data arrival time                                                  0.11

  clock aclk (rise edge)                                  0.00       0.00
  clock network delay (ideal)                             0.00       0.00
  clock uncertainty                                       0.10       0.10
  genblk2.U_RSP_TRANS/rbuf1_rdata_reg[8]/CK (DFFRQXL)     0.00       0.10 r
  library hold time                                       0.03       0.13
  data required time                                                 0.13
  --------------------------------------------------------------------------
  data required time                                                 0.13
  data arrival time                                                 -0.11
  --------------------------------------------------------------------------
  slack (VIOLATED)                                                  -0.01


  Startpoint: axi_m_rdata[9]
              (input port clocked by aclk)
  Endpoint: genblk2.U_RSP_TRANS/rbuf1_rdata_reg[9]
            (rising edge-triggered flip-flop clocked by aclk)
  Path Group: IN2REG
  Path Type: min

  Point                                                   Incr       Path
  --------------------------------------------------------------------------
  clock aclk (rise edge)                                  0.00       0.00
  clock network delay (ideal)                             0.00       0.00
  input external delay                                    0.00       0.00 f
  axi_m_rdata[9] (in)                                     0.00       0.00 f
  genblk2.U_RSP_TRANS/U369/Y (MX2XL)                      0.11       0.11 f
  genblk2.U_RSP_TRANS/rbuf1_rdata_reg[9]/D (DFFRQXL)      0.00       0.11 f
  data arrival time                                                  0.11

  clock aclk (rise edge)                                  0.00       0.00
  clock network delay (ideal)                             0.00       0.00
  clock uncertainty                                       0.10       0.10
  genblk2.U_RSP_TRANS/rbuf1_rdata_reg[9]/CK (DFFRQXL)     0.00       0.10 r
  library hold time                                       0.03       0.13
  data required time                                                 0.13
  --------------------------------------------------------------------------
  data required time                                                 0.13
  data arrival time                                                 -0.11
  --------------------------------------------------------------------------
  slack (VIOLATED)                                                  -0.01


  Startpoint: axi_m_rdata[10]
              (input port clocked by aclk)
  Endpoint: genblk2.U_RSP_TRANS/rbuf1_rdata_reg[10]
            (rising edge-triggered flip-flop clocked by aclk)
  Path Group: IN2REG
  Path Type: min

  Point                                                   Incr       Path
  --------------------------------------------------------------------------
  clock aclk (rise edge)                                  0.00       0.00
  clock network delay (ideal)                             0.00       0.00
  input external delay                                    0.00       0.00 f
  axi_m_rdata[10] (in)                                    0.00       0.00 f
  genblk2.U_RSP_TRANS/U368/Y (MX2XL)                      0.11       0.11 f
  genblk2.U_RSP_TRANS/rbuf1_rdata_reg[10]/D (DFFRQXL)     0.00       0.11 f
  data arrival time                                                  0.11

  clock aclk (rise edge)                                  0.00       0.00
  clock network delay (ideal)                             0.00       0.00
  clock uncertainty                                       0.10       0.10
  genblk2.U_RSP_TRANS/rbuf1_rdata_reg[10]/CK (DFFRQXL)
                                                          0.00       0.10 r
  library hold time                                       0.03       0.13
  data required time                                                 0.13
  --------------------------------------------------------------------------
  data required time                                                 0.13
  data arrival time                                                 -0.11
  --------------------------------------------------------------------------
  slack (VIOLATED)                                                  -0.01


  Startpoint: axi_m_rdata[12]
              (input port clocked by aclk)
  Endpoint: genblk2.U_RSP_TRANS/rbuf1_rdata_reg[12]
            (rising edge-triggered flip-flop clocked by aclk)
  Path Group: IN2REG
  Path Type: min

  Point                                                   Incr       Path
  --------------------------------------------------------------------------
  clock aclk (rise edge)                                  0.00       0.00
  clock network delay (ideal)                             0.00       0.00
  input external delay                                    0.00       0.00 f
  axi_m_rdata[12] (in)                                    0.00       0.00 f
  genblk2.U_RSP_TRANS/U366/Y (MX2XL)                      0.11       0.11 f
  genblk2.U_RSP_TRANS/rbuf1_rdata_reg[12]/D (DFFRQXL)     0.00       0.11 f
  data arrival time                                                  0.11

  clock aclk (rise edge)                                  0.00       0.00
  clock network delay (ideal)                             0.00       0.00
  clock uncertainty                                       0.10       0.10
  genblk2.U_RSP_TRANS/rbuf1_rdata_reg[12]/CK (DFFRQXL)
                                                          0.00       0.10 r
  library hold time                                       0.03       0.13
  data required time                                                 0.13
  --------------------------------------------------------------------------
  data required time                                                 0.13
  data arrival time                                                 -0.11
  --------------------------------------------------------------------------
  slack (VIOLATED)                                                  -0.01


  Startpoint: axi_m_rdata[13]
              (input port clocked by aclk)
  Endpoint: genblk2.U_RSP_TRANS/rbuf1_rdata_reg[13]
            (rising edge-triggered flip-flop clocked by aclk)
  Path Group: IN2REG
  Path Type: min

  Point                                                   Incr       Path
  --------------------------------------------------------------------------
  clock aclk (rise edge)                                  0.00       0.00
  clock network delay (ideal)                             0.00       0.00
  input external delay                                    0.00       0.00 f
  axi_m_rdata[13] (in)                                    0.00       0.00 f
  genblk2.U_RSP_TRANS/U365/Y (MX2XL)                      0.11       0.11 f
  genblk2.U_RSP_TRANS/rbuf1_rdata_reg[13]/D (DFFRQXL)     0.00       0.11 f
  data arrival time                                                  0.11

  clock aclk (rise edge)                                  0.00       0.00
  clock network delay (ideal)                             0.00       0.00
  clock uncertainty                                       0.10       0.10
  genblk2.U_RSP_TRANS/rbuf1_rdata_reg[13]/CK (DFFRQXL)
                                                          0.00       0.10 r
  library hold time                                       0.03       0.13
  data required time                                                 0.13
  --------------------------------------------------------------------------
  data required time                                                 0.13
  data arrival time                                                 -0.11
  --------------------------------------------------------------------------
  slack (VIOLATED)                                                  -0.01


  Startpoint: axi_m_rdata[14]
              (input port clocked by aclk)
  Endpoint: genblk2.U_RSP_TRANS/rbuf1_rdata_reg[14]
            (rising edge-triggered flip-flop clocked by aclk)
  Path Group: IN2REG
  Path Type: min

  Point                                                   Incr       Path
  --------------------------------------------------------------------------
  clock aclk (rise edge)                                  0.00       0.00
  clock network delay (ideal)                             0.00       0.00
  input external delay                                    0.00       0.00 f
  axi_m_rdata[14] (in)                                    0.00       0.00 f
  genblk2.U_RSP_TRANS/U364/Y (MX2XL)                      0.11       0.11 f
  genblk2.U_RSP_TRANS/rbuf1_rdata_reg[14]/D (DFFRQXL)     0.00       0.11 f
  data arrival time                                                  0.11

  clock aclk (rise edge)                                  0.00       0.00
  clock network delay (ideal)                             0.00       0.00
  clock uncertainty                                       0.10       0.10
  genblk2.U_RSP_TRANS/rbuf1_rdata_reg[14]/CK (DFFRQXL)
                                                          0.00       0.10 r
  library hold time                                       0.03       0.13
  data required time                                                 0.13
  --------------------------------------------------------------------------
  data required time                                                 0.13
  data arrival time                                                 -0.11
  --------------------------------------------------------------------------
  slack (VIOLATED)                                                  -0.01


  Startpoint: axi_m_rdata[15]
              (input port clocked by aclk)
  Endpoint: genblk2.U_RSP_TRANS/rbuf1_rdata_reg[15]
            (rising edge-triggered flip-flop clocked by aclk)
  Path Group: IN2REG
  Path Type: min

  Point                                                   Incr       Path
  --------------------------------------------------------------------------
  clock aclk (rise edge)                                  0.00       0.00
  clock network delay (ideal)                             0.00       0.00
  input external delay                                    0.00       0.00 f
  axi_m_rdata[15] (in)                                    0.00       0.00 f
  genblk2.U_RSP_TRANS/U363/Y (MX2XL)                      0.11       0.11 f
  genblk2.U_RSP_TRANS/rbuf1_rdata_reg[15]/D (DFFRQXL)     0.00       0.11 f
  data arrival time                                                  0.11

  clock aclk (rise edge)                                  0.00       0.00
  clock network delay (ideal)                             0.00       0.00
  clock uncertainty                                       0.10       0.10
  genblk2.U_RSP_TRANS/rbuf1_rdata_reg[15]/CK (DFFRQXL)
                                                          0.00       0.10 r
  library hold time                                       0.03       0.13
  data required time                                                 0.13
  --------------------------------------------------------------------------
  data required time                                                 0.13
  data arrival time                                                 -0.11
  --------------------------------------------------------------------------
  slack (VIOLATED)                                                  -0.01


  Startpoint: axi_m_rdata[16]
              (input port clocked by aclk)
  Endpoint: genblk2.U_RSP_TRANS/rbuf1_rdata_reg[16]
            (rising edge-triggered flip-flop clocked by aclk)
  Path Group: IN2REG
  Path Type: min

  Point                                                   Incr       Path
  --------------------------------------------------------------------------
  clock aclk (rise edge)                                  0.00       0.00
  clock network delay (ideal)                             0.00       0.00
  input external delay                                    0.00       0.00 f
  axi_m_rdata[16] (in)                                    0.00       0.00 f
  genblk2.U_RSP_TRANS/U362/Y (MX2XL)                      0.11       0.11 f
  genblk2.U_RSP_TRANS/rbuf1_rdata_reg[16]/D (DFFRQXL)     0.00       0.11 f
  data arrival time                                                  0.11

  clock aclk (rise edge)                                  0.00       0.00
  clock network delay (ideal)                             0.00       0.00
  clock uncertainty                                       0.10       0.10
  genblk2.U_RSP_TRANS/rbuf1_rdata_reg[16]/CK (DFFRQXL)
                                                          0.00       0.10 r
  library hold time                                       0.03       0.13
  data required time                                                 0.13
  --------------------------------------------------------------------------
  data required time                                                 0.13
  data arrival time                                                 -0.11
  --------------------------------------------------------------------------
  slack (VIOLATED)                                                  -0.01


  Startpoint: axi_m_rdata[17]
              (input port clocked by aclk)
  Endpoint: genblk2.U_RSP_TRANS/rbuf1_rdata_reg[17]
            (rising edge-triggered flip-flop clocked by aclk)
  Path Group: IN2REG
  Path Type: min

  Point                                                   Incr       Path
  --------------------------------------------------------------------------
  clock aclk (rise edge)                                  0.00       0.00
  clock network delay (ideal)                             0.00       0.00
  input external delay                                    0.00       0.00 f
  axi_m_rdata[17] (in)                                    0.00       0.00 f
  genblk2.U_RSP_TRANS/U361/Y (MX2XL)                      0.11       0.11 f
  genblk2.U_RSP_TRANS/rbuf1_rdata_reg[17]/D (DFFRQXL)     0.00       0.11 f
  data arrival time                                                  0.11

  clock aclk (rise edge)                                  0.00       0.00
  clock network delay (ideal)                             0.00       0.00
  clock uncertainty                                       0.10       0.10
  genblk2.U_RSP_TRANS/rbuf1_rdata_reg[17]/CK (DFFRQXL)
                                                          0.00       0.10 r
  library hold time                                       0.03       0.13
  data required time                                                 0.13
  --------------------------------------------------------------------------
  data required time                                                 0.13
  data arrival time                                                 -0.11
  --------------------------------------------------------------------------
  slack (VIOLATED)                                                  -0.01


  Startpoint: axi_m_rdata[18]
              (input port clocked by aclk)
  Endpoint: genblk2.U_RSP_TRANS/rbuf1_rdata_reg[18]
            (rising edge-triggered flip-flop clocked by aclk)
  Path Group: IN2REG
  Path Type: min

  Point                                                   Incr       Path
  --------------------------------------------------------------------------
  clock aclk (rise edge)                                  0.00       0.00
  clock network delay (ideal)                             0.00       0.00
  input external delay                                    0.00       0.00 f
  axi_m_rdata[18] (in)                                    0.00       0.00 f
  genblk2.U_RSP_TRANS/U360/Y (MX2XL)                      0.11       0.11 f
  genblk2.U_RSP_TRANS/rbuf1_rdata_reg[18]/D (DFFRQXL)     0.00       0.11 f
  data arrival time                                                  0.11

  clock aclk (rise edge)                                  0.00       0.00
  clock network delay (ideal)                             0.00       0.00
  clock uncertainty                                       0.10       0.10
  genblk2.U_RSP_TRANS/rbuf1_rdata_reg[18]/CK (DFFRQXL)
                                                          0.00       0.10 r
  library hold time                                       0.03       0.13
  data required time                                                 0.13
  --------------------------------------------------------------------------
  data required time                                                 0.13
  data arrival time                                                 -0.11
  --------------------------------------------------------------------------
  slack (VIOLATED)                                                  -0.01


  Startpoint: axi_m_rdata[19]
              (input port clocked by aclk)
  Endpoint: genblk2.U_RSP_TRANS/rbuf1_rdata_reg[19]
            (rising edge-triggered flip-flop clocked by aclk)
  Path Group: IN2REG
  Path Type: min

  Point                                                   Incr       Path
  --------------------------------------------------------------------------
  clock aclk (rise edge)                                  0.00       0.00
  clock network delay (ideal)                             0.00       0.00
  input external delay                                    0.00       0.00 f
  axi_m_rdata[19] (in)                                    0.00       0.00 f
  genblk2.U_RSP_TRANS/U359/Y (MX2XL)                      0.11       0.11 f
  genblk2.U_RSP_TRANS/rbuf1_rdata_reg[19]/D (DFFRQXL)     0.00       0.11 f
  data arrival time                                                  0.11

  clock aclk (rise edge)                                  0.00       0.00
  clock network delay (ideal)                             0.00       0.00
  clock uncertainty                                       0.10       0.10
  genblk2.U_RSP_TRANS/rbuf1_rdata_reg[19]/CK (DFFRQXL)
                                                          0.00       0.10 r
  library hold time                                       0.03       0.13
  data required time                                                 0.13
  --------------------------------------------------------------------------
  data required time                                                 0.13
  data arrival time                                                 -0.11
  --------------------------------------------------------------------------
  slack (VIOLATED)                                                  -0.01


  Startpoint: axi_m_rdata[20]
              (input port clocked by aclk)
  Endpoint: genblk2.U_RSP_TRANS/rbuf1_rdata_reg[20]
            (rising edge-triggered flip-flop clocked by aclk)
  Path Group: IN2REG
  Path Type: min

  Point                                                   Incr       Path
  --------------------------------------------------------------------------
  clock aclk (rise edge)                                  0.00       0.00
  clock network delay (ideal)                             0.00       0.00
  input external delay                                    0.00       0.00 f
  axi_m_rdata[20] (in)                                    0.00       0.00 f
  genblk2.U_RSP_TRANS/U358/Y (MX2XL)                      0.11       0.11 f
  genblk2.U_RSP_TRANS/rbuf1_rdata_reg[20]/D (DFFRQXL)     0.00       0.11 f
  data arrival time                                                  0.11

  clock aclk (rise edge)                                  0.00       0.00
  clock network delay (ideal)                             0.00       0.00
  clock uncertainty                                       0.10       0.10
  genblk2.U_RSP_TRANS/rbuf1_rdata_reg[20]/CK (DFFRQXL)
                                                          0.00       0.10 r
  library hold time                                       0.03       0.13
  data required time                                                 0.13
  --------------------------------------------------------------------------
  data required time                                                 0.13
  data arrival time                                                 -0.11
  --------------------------------------------------------------------------
  slack (VIOLATED)                                                  -0.01


  Startpoint: axi_m_rdata[21]
              (input port clocked by aclk)
  Endpoint: genblk2.U_RSP_TRANS/rbuf1_rdata_reg[21]
            (rising edge-triggered flip-flop clocked by aclk)
  Path Group: IN2REG
  Path Type: min

  Point                                                   Incr       Path
  --------------------------------------------------------------------------
  clock aclk (rise edge)                                  0.00       0.00
  clock network delay (ideal)                             0.00       0.00
  input external delay                                    0.00       0.00 f
  axi_m_rdata[21] (in)                                    0.00       0.00 f
  genblk2.U_RSP_TRANS/U357/Y (MX2XL)                      0.11       0.11 f
  genblk2.U_RSP_TRANS/rbuf1_rdata_reg[21]/D (DFFRQXL)     0.00       0.11 f
  data arrival time                                                  0.11

  clock aclk (rise edge)                                  0.00       0.00
  clock network delay (ideal)                             0.00       0.00
  clock uncertainty                                       0.10       0.10
  genblk2.U_RSP_TRANS/rbuf1_rdata_reg[21]/CK (DFFRQXL)
                                                          0.00       0.10 r
  library hold time                                       0.03       0.13
  data required time                                                 0.13
  --------------------------------------------------------------------------
  data required time                                                 0.13
  data arrival time                                                 -0.11
  --------------------------------------------------------------------------
  slack (VIOLATED)                                                  -0.01


  Startpoint: axi_m_rdata[22]
              (input port clocked by aclk)
  Endpoint: genblk2.U_RSP_TRANS/rbuf1_rdata_reg[22]
            (rising edge-triggered flip-flop clocked by aclk)
  Path Group: IN2REG
  Path Type: min

  Point                                                   Incr       Path
  --------------------------------------------------------------------------
  clock aclk (rise edge)                                  0.00       0.00
  clock network delay (ideal)                             0.00       0.00
  input external delay                                    0.00       0.00 f
  axi_m_rdata[22] (in)                                    0.00       0.00 f
  genblk2.U_RSP_TRANS/U356/Y (MX2XL)                      0.11       0.11 f
  genblk2.U_RSP_TRANS/rbuf1_rdata_reg[22]/D (DFFRQXL)     0.00       0.11 f
  data arrival time                                                  0.11

  clock aclk (rise edge)                                  0.00       0.00
  clock network delay (ideal)                             0.00       0.00
  clock uncertainty                                       0.10       0.10
  genblk2.U_RSP_TRANS/rbuf1_rdata_reg[22]/CK (DFFRQXL)
                                                          0.00       0.10 r
  library hold time                                       0.03       0.13
  data required time                                                 0.13
  --------------------------------------------------------------------------
  data required time                                                 0.13
  data arrival time                                                 -0.11
  --------------------------------------------------------------------------
  slack (VIOLATED)                                                  -0.01


  Startpoint: axi_m_rdata[23]
              (input port clocked by aclk)
  Endpoint: genblk2.U_RSP_TRANS/rbuf1_rdata_reg[23]
            (rising edge-triggered flip-flop clocked by aclk)
  Path Group: IN2REG
  Path Type: min

  Point                                                   Incr       Path
  --------------------------------------------------------------------------
  clock aclk (rise edge)                                  0.00       0.00
  clock network delay (ideal)                             0.00       0.00
  input external delay                                    0.00       0.00 f
  axi_m_rdata[23] (in)                                    0.00       0.00 f
  genblk2.U_RSP_TRANS/U355/Y (MX2XL)                      0.11       0.11 f
  genblk2.U_RSP_TRANS/rbuf1_rdata_reg[23]/D (DFFRQXL)     0.00       0.11 f
  data arrival time                                                  0.11

  clock aclk (rise edge)                                  0.00       0.00
  clock network delay (ideal)                             0.00       0.00
  clock uncertainty                                       0.10       0.10
  genblk2.U_RSP_TRANS/rbuf1_rdata_reg[23]/CK (DFFRQXL)
                                                          0.00       0.10 r
  library hold time                                       0.03       0.13
  data required time                                                 0.13
  --------------------------------------------------------------------------
  data required time                                                 0.13
  data arrival time                                                 -0.11
  --------------------------------------------------------------------------
  slack (VIOLATED)                                                  -0.01


  Startpoint: axi_m_rdata[24]
              (input port clocked by aclk)
  Endpoint: genblk2.U_RSP_TRANS/rbuf1_rdata_reg[24]
            (rising edge-triggered flip-flop clocked by aclk)
  Path Group: IN2REG
  Path Type: min

  Point                                                   Incr       Path
  --------------------------------------------------------------------------
  clock aclk (rise edge)                                  0.00       0.00
  clock network delay (ideal)                             0.00       0.00
  input external delay                                    0.00       0.00 f
  axi_m_rdata[24] (in)                                    0.00       0.00 f
  genblk2.U_RSP_TRANS/U354/Y (MX2XL)                      0.11       0.11 f
  genblk2.U_RSP_TRANS/rbuf1_rdata_reg[24]/D (DFFRQXL)     0.00       0.11 f
  data arrival time                                                  0.11

  clock aclk (rise edge)                                  0.00       0.00
  clock network delay (ideal)                             0.00       0.00
  clock uncertainty                                       0.10       0.10
  genblk2.U_RSP_TRANS/rbuf1_rdata_reg[24]/CK (DFFRQXL)
                                                          0.00       0.10 r
  library hold time                                       0.03       0.13
  data required time                                                 0.13
  --------------------------------------------------------------------------
  data required time                                                 0.13
  data arrival time                                                 -0.11
  --------------------------------------------------------------------------
  slack (VIOLATED)                                                  -0.01


  Startpoint: axi_m_rdata[25]
              (input port clocked by aclk)
  Endpoint: genblk2.U_RSP_TRANS/rbuf1_rdata_reg[25]
            (rising edge-triggered flip-flop clocked by aclk)
  Path Group: IN2REG
  Path Type: min

  Point                                                   Incr       Path
  --------------------------------------------------------------------------
  clock aclk (rise edge)                                  0.00       0.00
  clock network delay (ideal)                             0.00       0.00
  input external delay                                    0.00       0.00 f
  axi_m_rdata[25] (in)                                    0.00       0.00 f
  genblk2.U_RSP_TRANS/U353/Y (MX2XL)                      0.11       0.11 f
  genblk2.U_RSP_TRANS/rbuf1_rdata_reg[25]/D (DFFRQXL)     0.00       0.11 f
  data arrival time                                                  0.11

  clock aclk (rise edge)                                  0.00       0.00
  clock network delay (ideal)                             0.00       0.00
  clock uncertainty                                       0.10       0.10
  genblk2.U_RSP_TRANS/rbuf1_rdata_reg[25]/CK (DFFRQXL)
                                                          0.00       0.10 r
  library hold time                                       0.03       0.13
  data required time                                                 0.13
  --------------------------------------------------------------------------
  data required time                                                 0.13
  data arrival time                                                 -0.11
  --------------------------------------------------------------------------
  slack (VIOLATED)                                                  -0.01


  Startpoint: axi_m_rdata[27]
              (input port clocked by aclk)
  Endpoint: genblk2.U_RSP_TRANS/rbuf1_rdata_reg[27]
            (rising edge-triggered flip-flop clocked by aclk)
  Path Group: IN2REG
  Path Type: min

  Point                                                   Incr       Path
  --------------------------------------------------------------------------
  clock aclk (rise edge)                                  0.00       0.00
  clock network delay (ideal)                             0.00       0.00
  input external delay                                    0.00       0.00 f
  axi_m_rdata[27] (in)                                    0.00       0.00 f
  genblk2.U_RSP_TRANS/U351/Y (MX2XL)                      0.11       0.11 f
  genblk2.U_RSP_TRANS/rbuf1_rdata_reg[27]/D (DFFRQXL)     0.00       0.11 f
  data arrival time                                                  0.11

  clock aclk (rise edge)                                  0.00       0.00
  clock network delay (ideal)                             0.00       0.00
  clock uncertainty                                       0.10       0.10
  genblk2.U_RSP_TRANS/rbuf1_rdata_reg[27]/CK (DFFRQXL)
                                                          0.00       0.10 r
  library hold time                                       0.03       0.13
  data required time                                                 0.13
  --------------------------------------------------------------------------
  data required time                                                 0.13
  data arrival time                                                 -0.11
  --------------------------------------------------------------------------
  slack (VIOLATED)                                                  -0.01


  Startpoint: axi_m_rdata[28]
              (input port clocked by aclk)
  Endpoint: genblk2.U_RSP_TRANS/rbuf1_rdata_reg[28]
            (rising edge-triggered flip-flop clocked by aclk)
  Path Group: IN2REG
  Path Type: min

  Point                                                   Incr       Path
  --------------------------------------------------------------------------
  clock aclk (rise edge)                                  0.00       0.00
  clock network delay (ideal)                             0.00       0.00
  input external delay                                    0.00       0.00 f
  axi_m_rdata[28] (in)                                    0.00       0.00 f
  genblk2.U_RSP_TRANS/U350/Y (MX2XL)                      0.11       0.11 f
  genblk2.U_RSP_TRANS/rbuf1_rdata_reg[28]/D (DFFRQXL)     0.00       0.11 f
  data arrival time                                                  0.11

  clock aclk (rise edge)                                  0.00       0.00
  clock network delay (ideal)                             0.00       0.00
  clock uncertainty                                       0.10       0.10
  genblk2.U_RSP_TRANS/rbuf1_rdata_reg[28]/CK (DFFRQXL)
                                                          0.00       0.10 r
  library hold time                                       0.03       0.13
  data required time                                                 0.13
  --------------------------------------------------------------------------
  data required time                                                 0.13
  data arrival time                                                 -0.11
  --------------------------------------------------------------------------
  slack (VIOLATED)                                                  -0.01


  Startpoint: axi_m_rdata[29]
              (input port clocked by aclk)
  Endpoint: genblk2.U_RSP_TRANS/rbuf1_rdata_reg[29]
            (rising edge-triggered flip-flop clocked by aclk)
  Path Group: IN2REG
  Path Type: min

  Point                                                   Incr       Path
  --------------------------------------------------------------------------
  clock aclk (rise edge)                                  0.00       0.00
  clock network delay (ideal)                             0.00       0.00
  input external delay                                    0.00       0.00 f
  axi_m_rdata[29] (in)                                    0.00       0.00 f
  genblk2.U_RSP_TRANS/U349/Y (MX2XL)                      0.11       0.11 f
  genblk2.U_RSP_TRANS/rbuf1_rdata_reg[29]/D (DFFRQXL)     0.00       0.11 f
  data arrival time                                                  0.11

  clock aclk (rise edge)                                  0.00       0.00
  clock network delay (ideal)                             0.00       0.00
  clock uncertainty                                       0.10       0.10
  genblk2.U_RSP_TRANS/rbuf1_rdata_reg[29]/CK (DFFRQXL)
                                                          0.00       0.10 r
  library hold time                                       0.03       0.13
  data required time                                                 0.13
  --------------------------------------------------------------------------
  data required time                                                 0.13
  data arrival time                                                 -0.11
  --------------------------------------------------------------------------
  slack (VIOLATED)                                                  -0.01


  Startpoint: axi_m_rdata[30]
              (input port clocked by aclk)
  Endpoint: genblk2.U_RSP_TRANS/rbuf1_rdata_reg[30]
            (rising edge-triggered flip-flop clocked by aclk)
  Path Group: IN2REG
  Path Type: min

  Point                                                   Incr       Path
  --------------------------------------------------------------------------
  clock aclk (rise edge)                                  0.00       0.00
  clock network delay (ideal)                             0.00       0.00
  input external delay                                    0.00       0.00 f
  axi_m_rdata[30] (in)                                    0.00       0.00 f
  genblk2.U_RSP_TRANS/U348/Y (MX2XL)                      0.11       0.11 f
  genblk2.U_RSP_TRANS/rbuf1_rdata_reg[30]/D (DFFRQXL)     0.00       0.11 f
  data arrival time                                                  0.11

  clock aclk (rise edge)                                  0.00       0.00
  clock network delay (ideal)                             0.00       0.00
  clock uncertainty                                       0.10       0.10
  genblk2.U_RSP_TRANS/rbuf1_rdata_reg[30]/CK (DFFRQXL)
                                                          0.00       0.10 r
  library hold time                                       0.03       0.13
  data required time                                                 0.13
  --------------------------------------------------------------------------
  data required time                                                 0.13
  data arrival time                                                 -0.11
  --------------------------------------------------------------------------
  slack (VIOLATED)                                                  -0.01


  Startpoint: axi_m_rdata[31]
              (input port clocked by aclk)
  Endpoint: genblk2.U_RSP_TRANS/rbuf1_rdata_reg[31]
            (rising edge-triggered flip-flop clocked by aclk)
  Path Group: IN2REG
  Path Type: min

  Point                                                   Incr       Path
  --------------------------------------------------------------------------
  clock aclk (rise edge)                                  0.00       0.00
  clock network delay (ideal)                             0.00       0.00
  input external delay                                    0.00       0.00 f
  axi_m_rdata[31] (in)                                    0.00       0.00 f
  genblk2.U_RSP_TRANS/U347/Y (MX2XL)                      0.11       0.11 f
  genblk2.U_RSP_TRANS/rbuf1_rdata_reg[31]/D (DFFRQXL)     0.00       0.11 f
  data arrival time                                                  0.11

  clock aclk (rise edge)                                  0.00       0.00
  clock network delay (ideal)                             0.00       0.00
  clock uncertainty                                       0.10       0.10
  genblk2.U_RSP_TRANS/rbuf1_rdata_reg[31]/CK (DFFRQXL)
                                                          0.00       0.10 r
  library hold time                                       0.03       0.13
  data required time                                                 0.13
  --------------------------------------------------------------------------
  data required time                                                 0.13
  data arrival time                                                 -0.11
  --------------------------------------------------------------------------
  slack (VIOLATED)                                                  -0.01


  Startpoint: axi_m_rdata[32]
              (input port clocked by aclk)
  Endpoint: genblk2.U_RSP_TRANS/rbuf1_rdata_reg[32]
            (rising edge-triggered flip-flop clocked by aclk)
  Path Group: IN2REG
  Path Type: min

  Point                                                   Incr       Path
  --------------------------------------------------------------------------
  clock aclk (rise edge)                                  0.00       0.00
  clock network delay (ideal)                             0.00       0.00
  input external delay                                    0.00       0.00 f
  axi_m_rdata[32] (in)                                    0.00       0.00 f
  genblk2.U_RSP_TRANS/U346/Y (MX2XL)                      0.11       0.11 f
  genblk2.U_RSP_TRANS/rbuf1_rdata_reg[32]/D (DFFRQXL)     0.00       0.11 f
  data arrival time                                                  0.11

  clock aclk (rise edge)                                  0.00       0.00
  clock network delay (ideal)                             0.00       0.00
  clock uncertainty                                       0.10       0.10
  genblk2.U_RSP_TRANS/rbuf1_rdata_reg[32]/CK (DFFRQXL)
                                                          0.00       0.10 r
  library hold time                                       0.03       0.13
  data required time                                                 0.13
  --------------------------------------------------------------------------
  data required time                                                 0.13
  data arrival time                                                 -0.11
  --------------------------------------------------------------------------
  slack (VIOLATED)                                                  -0.01


  Startpoint: axi_m_rdata[33]
              (input port clocked by aclk)
  Endpoint: genblk2.U_RSP_TRANS/rbuf1_rdata_reg[33]
            (rising edge-triggered flip-flop clocked by aclk)
  Path Group: IN2REG
  Path Type: min

  Point                                                   Incr       Path
  --------------------------------------------------------------------------
  clock aclk (rise edge)                                  0.00       0.00
  clock network delay (ideal)                             0.00       0.00
  input external delay                                    0.00       0.00 f
  axi_m_rdata[33] (in)                                    0.00       0.00 f
  genblk2.U_RSP_TRANS/U345/Y (MX2XL)                      0.11       0.11 f
  genblk2.U_RSP_TRANS/rbuf1_rdata_reg[33]/D (DFFRQXL)     0.00       0.11 f
  data arrival time                                                  0.11

  clock aclk (rise edge)                                  0.00       0.00
  clock network delay (ideal)                             0.00       0.00
  clock uncertainty                                       0.10       0.10
  genblk2.U_RSP_TRANS/rbuf1_rdata_reg[33]/CK (DFFRQXL)
                                                          0.00       0.10 r
  library hold time                                       0.03       0.13
  data required time                                                 0.13
  --------------------------------------------------------------------------
  data required time                                                 0.13
  data arrival time                                                 -0.11
  --------------------------------------------------------------------------
  slack (VIOLATED)                                                  -0.01


  Startpoint: axi_m_rdata[34]
              (input port clocked by aclk)
  Endpoint: genblk2.U_RSP_TRANS/rbuf1_rdata_reg[34]
            (rising edge-triggered flip-flop clocked by aclk)
  Path Group: IN2REG
  Path Type: min

  Point                                                   Incr       Path
  --------------------------------------------------------------------------
  clock aclk (rise edge)                                  0.00       0.00
  clock network delay (ideal)                             0.00       0.00
  input external delay                                    0.00       0.00 f
  axi_m_rdata[34] (in)                                    0.00       0.00 f
  genblk2.U_RSP_TRANS/U344/Y (MX2XL)                      0.11       0.11 f
  genblk2.U_RSP_TRANS/rbuf1_rdata_reg[34]/D (DFFRQXL)     0.00       0.11 f
  data arrival time                                                  0.11

  clock aclk (rise edge)                                  0.00       0.00
  clock network delay (ideal)                             0.00       0.00
  clock uncertainty                                       0.10       0.10
  genblk2.U_RSP_TRANS/rbuf1_rdata_reg[34]/CK (DFFRQXL)
                                                          0.00       0.10 r
  library hold time                                       0.03       0.13
  data required time                                                 0.13
  --------------------------------------------------------------------------
  data required time                                                 0.13
  data arrival time                                                 -0.11
  --------------------------------------------------------------------------
  slack (VIOLATED)                                                  -0.01


  Startpoint: axi_m_rdata[35]
              (input port clocked by aclk)
  Endpoint: genblk2.U_RSP_TRANS/rbuf1_rdata_reg[35]
            (rising edge-triggered flip-flop clocked by aclk)
  Path Group: IN2REG
  Path Type: min

  Point                                                   Incr       Path
  --------------------------------------------------------------------------
  clock aclk (rise edge)                                  0.00       0.00
  clock network delay (ideal)                             0.00       0.00
  input external delay                                    0.00       0.00 f
  axi_m_rdata[35] (in)                                    0.00       0.00 f
  genblk2.U_RSP_TRANS/U343/Y (MX2XL)                      0.11       0.11 f
  genblk2.U_RSP_TRANS/rbuf1_rdata_reg[35]/D (DFFRQXL)     0.00       0.11 f
  data arrival time                                                  0.11

  clock aclk (rise edge)                                  0.00       0.00
  clock network delay (ideal)                             0.00       0.00
  clock uncertainty                                       0.10       0.10
  genblk2.U_RSP_TRANS/rbuf1_rdata_reg[35]/CK (DFFRQXL)
                                                          0.00       0.10 r
  library hold time                                       0.03       0.13
  data required time                                                 0.13
  --------------------------------------------------------------------------
  data required time                                                 0.13
  data arrival time                                                 -0.11
  --------------------------------------------------------------------------
  slack (VIOLATED)                                                  -0.01


  Startpoint: axi_m_rdata[36]
              (input port clocked by aclk)
  Endpoint: genblk2.U_RSP_TRANS/rbuf1_rdata_reg[36]
            (rising edge-triggered flip-flop clocked by aclk)
  Path Group: IN2REG
  Path Type: min

  Point                                                   Incr       Path
  --------------------------------------------------------------------------
  clock aclk (rise edge)                                  0.00       0.00
  clock network delay (ideal)                             0.00       0.00
  input external delay                                    0.00       0.00 f
  axi_m_rdata[36] (in)                                    0.00       0.00 f
  genblk2.U_RSP_TRANS/U342/Y (MX2XL)                      0.11       0.11 f
  genblk2.U_RSP_TRANS/rbuf1_rdata_reg[36]/D (DFFRQXL)     0.00       0.11 f
  data arrival time                                                  0.11

  clock aclk (rise edge)                                  0.00       0.00
  clock network delay (ideal)                             0.00       0.00
  clock uncertainty                                       0.10       0.10
  genblk2.U_RSP_TRANS/rbuf1_rdata_reg[36]/CK (DFFRQXL)
                                                          0.00       0.10 r
  library hold time                                       0.03       0.13
  data required time                                                 0.13
  --------------------------------------------------------------------------
  data required time                                                 0.13
  data arrival time                                                 -0.11
  --------------------------------------------------------------------------
  slack (VIOLATED)                                                  -0.01


  Startpoint: axi_m_rdata[37]
              (input port clocked by aclk)
  Endpoint: genblk2.U_RSP_TRANS/rbuf1_rdata_reg[37]
            (rising edge-triggered flip-flop clocked by aclk)
  Path Group: IN2REG
  Path Type: min

  Point                                                   Incr       Path
  --------------------------------------------------------------------------
  clock aclk (rise edge)                                  0.00       0.00
  clock network delay (ideal)                             0.00       0.00
  input external delay                                    0.00       0.00 f
  axi_m_rdata[37] (in)                                    0.00       0.00 f
  genblk2.U_RSP_TRANS/U341/Y (MX2XL)                      0.11       0.11 f
  genblk2.U_RSP_TRANS/rbuf1_rdata_reg[37]/D (DFFRQXL)     0.00       0.11 f
  data arrival time                                                  0.11

  clock aclk (rise edge)                                  0.00       0.00
  clock network delay (ideal)                             0.00       0.00
  clock uncertainty                                       0.10       0.10
  genblk2.U_RSP_TRANS/rbuf1_rdata_reg[37]/CK (DFFRQXL)
                                                          0.00       0.10 r
  library hold time                                       0.03       0.13
  data required time                                                 0.13
  --------------------------------------------------------------------------
  data required time                                                 0.13
  data arrival time                                                 -0.11
  --------------------------------------------------------------------------
  slack (VIOLATED)                                                  -0.01


  Startpoint: axi_m_rdata[38]
              (input port clocked by aclk)
  Endpoint: genblk2.U_RSP_TRANS/rbuf1_rdata_reg[38]
            (rising edge-triggered flip-flop clocked by aclk)
  Path Group: IN2REG
  Path Type: min

  Point                                                   Incr       Path
  --------------------------------------------------------------------------
  clock aclk (rise edge)                                  0.00       0.00
  clock network delay (ideal)                             0.00       0.00
  input external delay                                    0.00       0.00 f
  axi_m_rdata[38] (in)                                    0.00       0.00 f
  genblk2.U_RSP_TRANS/U340/Y (MX2XL)                      0.11       0.11 f
  genblk2.U_RSP_TRANS/rbuf1_rdata_reg[38]/D (DFFRQXL)     0.00       0.11 f
  data arrival time                                                  0.11

  clock aclk (rise edge)                                  0.00       0.00
  clock network delay (ideal)                             0.00       0.00
  clock uncertainty                                       0.10       0.10
  genblk2.U_RSP_TRANS/rbuf1_rdata_reg[38]/CK (DFFRQXL)
                                                          0.00       0.10 r
  library hold time                                       0.03       0.13
  data required time                                                 0.13
  --------------------------------------------------------------------------
  data required time                                                 0.13
  data arrival time                                                 -0.11
  --------------------------------------------------------------------------
  slack (VIOLATED)                                                  -0.01


  Startpoint: axi_m_rdata[39]
              (input port clocked by aclk)
  Endpoint: genblk2.U_RSP_TRANS/rbuf1_rdata_reg[39]
            (rising edge-triggered flip-flop clocked by aclk)
  Path Group: IN2REG
  Path Type: min

  Point                                                   Incr       Path
  --------------------------------------------------------------------------
  clock aclk (rise edge)                                  0.00       0.00
  clock network delay (ideal)                             0.00       0.00
  input external delay                                    0.00       0.00 f
  axi_m_rdata[39] (in)                                    0.00       0.00 f
  genblk2.U_RSP_TRANS/U339/Y (MX2XL)                      0.11       0.11 f
  genblk2.U_RSP_TRANS/rbuf1_rdata_reg[39]/D (DFFRQXL)     0.00       0.11 f
  data arrival time                                                  0.11

  clock aclk (rise edge)                                  0.00       0.00
  clock network delay (ideal)                             0.00       0.00
  clock uncertainty                                       0.10       0.10
  genblk2.U_RSP_TRANS/rbuf1_rdata_reg[39]/CK (DFFRQXL)
                                                          0.00       0.10 r
  library hold time                                       0.03       0.13
  data required time                                                 0.13
  --------------------------------------------------------------------------
  data required time                                                 0.13
  data arrival time                                                 -0.11
  --------------------------------------------------------------------------
  slack (VIOLATED)                                                  -0.01


  Startpoint: axi_m_rdata[40]
              (input port clocked by aclk)
  Endpoint: genblk2.U_RSP_TRANS/rbuf1_rdata_reg[40]
            (rising edge-triggered flip-flop clocked by aclk)
  Path Group: IN2REG
  Path Type: min

  Point                                                   Incr       Path
  --------------------------------------------------------------------------
  clock aclk (rise edge)                                  0.00       0.00
  clock network delay (ideal)                             0.00       0.00
  input external delay                                    0.00       0.00 f
  axi_m_rdata[40] (in)                                    0.00       0.00 f
  genblk2.U_RSP_TRANS/U338/Y (MX2XL)                      0.11       0.11 f
  genblk2.U_RSP_TRANS/rbuf1_rdata_reg[40]/D (DFFRQXL)     0.00       0.11 f
  data arrival time                                                  0.11

  clock aclk (rise edge)                                  0.00       0.00
  clock network delay (ideal)                             0.00       0.00
  clock uncertainty                                       0.10       0.10
  genblk2.U_RSP_TRANS/rbuf1_rdata_reg[40]/CK (DFFRQXL)
                                                          0.00       0.10 r
  library hold time                                       0.03       0.13
  data required time                                                 0.13
  --------------------------------------------------------------------------
  data required time                                                 0.13
  data arrival time                                                 -0.11
  --------------------------------------------------------------------------
  slack (VIOLATED)                                                  -0.01


  Startpoint: axi_m_rdata[42]
              (input port clocked by aclk)
  Endpoint: genblk2.U_RSP_TRANS/rbuf1_rdata_reg[42]
            (rising edge-triggered flip-flop clocked by aclk)
  Path Group: IN2REG
  Path Type: min

  Point                                                   Incr       Path
  --------------------------------------------------------------------------
  clock aclk (rise edge)                                  0.00       0.00
  clock network delay (ideal)                             0.00       0.00
  input external delay                                    0.00       0.00 f
  axi_m_rdata[42] (in)                                    0.00       0.00 f
  genblk2.U_RSP_TRANS/U336/Y (MX2XL)                      0.11       0.11 f
  genblk2.U_RSP_TRANS/rbuf1_rdata_reg[42]/D (DFFRQXL)     0.00       0.11 f
  data arrival time                                                  0.11

  clock aclk (rise edge)                                  0.00       0.00
  clock network delay (ideal)                             0.00       0.00
  clock uncertainty                                       0.10       0.10
  genblk2.U_RSP_TRANS/rbuf1_rdata_reg[42]/CK (DFFRQXL)
                                                          0.00       0.10 r
  library hold time                                       0.03       0.13
  data required time                                                 0.13
  --------------------------------------------------------------------------
  data required time                                                 0.13
  data arrival time                                                 -0.11
  --------------------------------------------------------------------------
  slack (VIOLATED)                                                  -0.01


  Startpoint: axi_m_rdata[43]
              (input port clocked by aclk)
  Endpoint: genblk2.U_RSP_TRANS/rbuf1_rdata_reg[43]
            (rising edge-triggered flip-flop clocked by aclk)
  Path Group: IN2REG
  Path Type: min

  Point                                                   Incr       Path
  --------------------------------------------------------------------------
  clock aclk (rise edge)                                  0.00       0.00
  clock network delay (ideal)                             0.00       0.00
  input external delay                                    0.00       0.00 f
  axi_m_rdata[43] (in)                                    0.00       0.00 f
  genblk2.U_RSP_TRANS/U335/Y (MX2XL)                      0.11       0.11 f
  genblk2.U_RSP_TRANS/rbuf1_rdata_reg[43]/D (DFFRQXL)     0.00       0.11 f
  data arrival time                                                  0.11

  clock aclk (rise edge)                                  0.00       0.00
  clock network delay (ideal)                             0.00       0.00
  clock uncertainty                                       0.10       0.10
  genblk2.U_RSP_TRANS/rbuf1_rdata_reg[43]/CK (DFFRQXL)
                                                          0.00       0.10 r
  library hold time                                       0.03       0.13
  data required time                                                 0.13
  --------------------------------------------------------------------------
  data required time                                                 0.13
  data arrival time                                                 -0.11
  --------------------------------------------------------------------------
  slack (VIOLATED)                                                  -0.01


  Startpoint: axi_m_rdata[44]
              (input port clocked by aclk)
  Endpoint: genblk2.U_RSP_TRANS/rbuf1_rdata_reg[44]
            (rising edge-triggered flip-flop clocked by aclk)
  Path Group: IN2REG
  Path Type: min

  Point                                                   Incr       Path
  --------------------------------------------------------------------------
  clock aclk (rise edge)                                  0.00       0.00
  clock network delay (ideal)                             0.00       0.00
  input external delay                                    0.00       0.00 f
  axi_m_rdata[44] (in)                                    0.00       0.00 f
  genblk2.U_RSP_TRANS/U334/Y (MX2XL)                      0.11       0.11 f
  genblk2.U_RSP_TRANS/rbuf1_rdata_reg[44]/D (DFFRQXL)     0.00       0.11 f
  data arrival time                                                  0.11

  clock aclk (rise edge)                                  0.00       0.00
  clock network delay (ideal)                             0.00       0.00
  clock uncertainty                                       0.10       0.10
  genblk2.U_RSP_TRANS/rbuf1_rdata_reg[44]/CK (DFFRQXL)
                                                          0.00       0.10 r
  library hold time                                       0.03       0.13
  data required time                                                 0.13
  --------------------------------------------------------------------------
  data required time                                                 0.13
  data arrival time                                                 -0.11
  --------------------------------------------------------------------------
  slack (VIOLATED)                                                  -0.01


  Startpoint: axi_m_rdata[45]
              (input port clocked by aclk)
  Endpoint: genblk2.U_RSP_TRANS/rbuf1_rdata_reg[45]
            (rising edge-triggered flip-flop clocked by aclk)
  Path Group: IN2REG
  Path Type: min

  Point                                                   Incr       Path
  --------------------------------------------------------------------------
  clock aclk (rise edge)                                  0.00       0.00
  clock network delay (ideal)                             0.00       0.00
  input external delay                                    0.00       0.00 f
  axi_m_rdata[45] (in)                                    0.00       0.00 f
  genblk2.U_RSP_TRANS/U333/Y (MX2XL)                      0.11       0.11 f
  genblk2.U_RSP_TRANS/rbuf1_rdata_reg[45]/D (DFFRQXL)     0.00       0.11 f
  data arrival time                                                  0.11

  clock aclk (rise edge)                                  0.00       0.00
  clock network delay (ideal)                             0.00       0.00
  clock uncertainty                                       0.10       0.10
  genblk2.U_RSP_TRANS/rbuf1_rdata_reg[45]/CK (DFFRQXL)
                                                          0.00       0.10 r
  library hold time                                       0.03       0.13
  data required time                                                 0.13
  --------------------------------------------------------------------------
  data required time                                                 0.13
  data arrival time                                                 -0.11
  --------------------------------------------------------------------------
  slack (VIOLATED)                                                  -0.01


  Startpoint: axi_m_rdata[46]
              (input port clocked by aclk)
  Endpoint: genblk2.U_RSP_TRANS/rbuf1_rdata_reg[46]
            (rising edge-triggered flip-flop clocked by aclk)
  Path Group: IN2REG
  Path Type: min

  Point                                                   Incr       Path
  --------------------------------------------------------------------------
  clock aclk (rise edge)                                  0.00       0.00
  clock network delay (ideal)                             0.00       0.00
  input external delay                                    0.00       0.00 f
  axi_m_rdata[46] (in)                                    0.00       0.00 f
  genblk2.U_RSP_TRANS/U332/Y (MX2XL)                      0.11       0.11 f
  genblk2.U_RSP_TRANS/rbuf1_rdata_reg[46]/D (DFFRQXL)     0.00       0.11 f
  data arrival time                                                  0.11

  clock aclk (rise edge)                                  0.00       0.00
  clock network delay (ideal)                             0.00       0.00
  clock uncertainty                                       0.10       0.10
  genblk2.U_RSP_TRANS/rbuf1_rdata_reg[46]/CK (DFFRQXL)
                                                          0.00       0.10 r
  library hold time                                       0.03       0.13
  data required time                                                 0.13
  --------------------------------------------------------------------------
  data required time                                                 0.13
  data arrival time                                                 -0.11
  --------------------------------------------------------------------------
  slack (VIOLATED)                                                  -0.01


  Startpoint: axi_m_rdata[47]
              (input port clocked by aclk)
  Endpoint: genblk2.U_RSP_TRANS/rbuf1_rdata_reg[47]
            (rising edge-triggered flip-flop clocked by aclk)
  Path Group: IN2REG
  Path Type: min

  Point                                                   Incr       Path
  --------------------------------------------------------------------------
  clock aclk (rise edge)                                  0.00       0.00
  clock network delay (ideal)                             0.00       0.00
  input external delay                                    0.00       0.00 f
  axi_m_rdata[47] (in)                                    0.00       0.00 f
  genblk2.U_RSP_TRANS/U331/Y (MX2XL)                      0.11       0.11 f
  genblk2.U_RSP_TRANS/rbuf1_rdata_reg[47]/D (DFFRQXL)     0.00       0.11 f
  data arrival time                                                  0.11

  clock aclk (rise edge)                                  0.00       0.00
  clock network delay (ideal)                             0.00       0.00
  clock uncertainty                                       0.10       0.10
  genblk2.U_RSP_TRANS/rbuf1_rdata_reg[47]/CK (DFFRQXL)
                                                          0.00       0.10 r
  library hold time                                       0.03       0.13
  data required time                                                 0.13
  --------------------------------------------------------------------------
  data required time                                                 0.13
  data arrival time                                                 -0.11
  --------------------------------------------------------------------------
  slack (VIOLATED)                                                  -0.01


  Startpoint: axi_m_rdata[49]
              (input port clocked by aclk)
  Endpoint: genblk2.U_RSP_TRANS/rbuf1_rdata_reg[49]
            (rising edge-triggered flip-flop clocked by aclk)
  Path Group: IN2REG
  Path Type: min

  Point                                                   Incr       Path
  --------------------------------------------------------------------------
  clock aclk (rise edge)                                  0.00       0.00
  clock network delay (ideal)                             0.00       0.00
  input external delay                                    0.00       0.00 f
  axi_m_rdata[49] (in)                                    0.00       0.00 f
  genblk2.U_RSP_TRANS/U329/Y (MX2XL)                      0.11       0.11 f
  genblk2.U_RSP_TRANS/rbuf1_rdata_reg[49]/D (DFFRQXL)     0.00       0.11 f
  data arrival time                                                  0.11

  clock aclk (rise edge)                                  0.00       0.00
  clock network delay (ideal)                             0.00       0.00
  clock uncertainty                                       0.10       0.10
  genblk2.U_RSP_TRANS/rbuf1_rdata_reg[49]/CK (DFFRQXL)
                                                          0.00       0.10 r
  library hold time                                       0.03       0.13
  data required time                                                 0.13
  --------------------------------------------------------------------------
  data required time                                                 0.13
  data arrival time                                                 -0.11
  --------------------------------------------------------------------------
  slack (VIOLATED)                                                  -0.01


  Startpoint: axi_m_rdata[50]
              (input port clocked by aclk)
  Endpoint: genblk2.U_RSP_TRANS/rbuf1_rdata_reg[50]
            (rising edge-triggered flip-flop clocked by aclk)
  Path Group: IN2REG
  Path Type: min

  Point                                                   Incr       Path
  --------------------------------------------------------------------------
  clock aclk (rise edge)                                  0.00       0.00
  clock network delay (ideal)                             0.00       0.00
  input external delay                                    0.00       0.00 f
  axi_m_rdata[50] (in)                                    0.00       0.00 f
  genblk2.U_RSP_TRANS/U328/Y (MX2XL)                      0.11       0.11 f
  genblk2.U_RSP_TRANS/rbuf1_rdata_reg[50]/D (DFFRQXL)     0.00       0.11 f
  data arrival time                                                  0.11

  clock aclk (rise edge)                                  0.00       0.00
  clock network delay (ideal)                             0.00       0.00
  clock uncertainty                                       0.10       0.10
  genblk2.U_RSP_TRANS/rbuf1_rdata_reg[50]/CK (DFFRQXL)
                                                          0.00       0.10 r
  library hold time                                       0.03       0.13
  data required time                                                 0.13
  --------------------------------------------------------------------------
  data required time                                                 0.13
  data arrival time                                                 -0.11
  --------------------------------------------------------------------------
  slack (VIOLATED)                                                  -0.01


  Startpoint: axi_m_rdata[51]
              (input port clocked by aclk)
  Endpoint: genblk2.U_RSP_TRANS/rbuf1_rdata_reg[51]
            (rising edge-triggered flip-flop clocked by aclk)
  Path Group: IN2REG
  Path Type: min

  Point                                                   Incr       Path
  --------------------------------------------------------------------------
  clock aclk (rise edge)                                  0.00       0.00
  clock network delay (ideal)                             0.00       0.00
  input external delay                                    0.00       0.00 f
  axi_m_rdata[51] (in)                                    0.00       0.00 f
  genblk2.U_RSP_TRANS/U327/Y (MX2XL)                      0.11       0.11 f
  genblk2.U_RSP_TRANS/rbuf1_rdata_reg[51]/D (DFFRQXL)     0.00       0.11 f
  data arrival time                                                  0.11

  clock aclk (rise edge)                                  0.00       0.00
  clock network delay (ideal)                             0.00       0.00
  clock uncertainty                                       0.10       0.10
  genblk2.U_RSP_TRANS/rbuf1_rdata_reg[51]/CK (DFFRQXL)
                                                          0.00       0.10 r
  library hold time                                       0.03       0.13
  data required time                                                 0.13
  --------------------------------------------------------------------------
  data required time                                                 0.13
  data arrival time                                                 -0.11
  --------------------------------------------------------------------------
  slack (VIOLATED)                                                  -0.01


  Startpoint: axi_m_rdata[53]
              (input port clocked by aclk)
  Endpoint: genblk2.U_RSP_TRANS/rbuf1_rdata_reg[53]
            (rising edge-triggered flip-flop clocked by aclk)
  Path Group: IN2REG
  Path Type: min

  Point                                                   Incr       Path
  --------------------------------------------------------------------------
  clock aclk (rise edge)                                  0.00       0.00
  clock network delay (ideal)                             0.00       0.00
  input external delay                                    0.00       0.00 f
  axi_m_rdata[53] (in)                                    0.00       0.00 f
  genblk2.U_RSP_TRANS/U325/Y (MX2XL)                      0.11       0.11 f
  genblk2.U_RSP_TRANS/rbuf1_rdata_reg[53]/D (DFFRQXL)     0.00       0.11 f
  data arrival time                                                  0.11

  clock aclk (rise edge)                                  0.00       0.00
  clock network delay (ideal)                             0.00       0.00
  clock uncertainty                                       0.10       0.10
  genblk2.U_RSP_TRANS/rbuf1_rdata_reg[53]/CK (DFFRQXL)
                                                          0.00       0.10 r
  library hold time                                       0.03       0.13
  data required time                                                 0.13
  --------------------------------------------------------------------------
  data required time                                                 0.13
  data arrival time                                                 -0.11
  --------------------------------------------------------------------------
  slack (VIOLATED)                                                  -0.01


  Startpoint: axi_m_rdata[54]
              (input port clocked by aclk)
  Endpoint: genblk2.U_RSP_TRANS/rbuf1_rdata_reg[54]
            (rising edge-triggered flip-flop clocked by aclk)
  Path Group: IN2REG
  Path Type: min

  Point                                                   Incr       Path
  --------------------------------------------------------------------------
  clock aclk (rise edge)                                  0.00       0.00
  clock network delay (ideal)                             0.00       0.00
  input external delay                                    0.00       0.00 f
  axi_m_rdata[54] (in)                                    0.00       0.00 f
  genblk2.U_RSP_TRANS/U324/Y (MX2XL)                      0.11       0.11 f
  genblk2.U_RSP_TRANS/rbuf1_rdata_reg[54]/D (DFFRQXL)     0.00       0.11 f
  data arrival time                                                  0.11

  clock aclk (rise edge)                                  0.00       0.00
  clock network delay (ideal)                             0.00       0.00
  clock uncertainty                                       0.10       0.10
  genblk2.U_RSP_TRANS/rbuf1_rdata_reg[54]/CK (DFFRQXL)
                                                          0.00       0.10 r
  library hold time                                       0.03       0.13
  data required time                                                 0.13
  --------------------------------------------------------------------------
  data required time                                                 0.13
  data arrival time                                                 -0.11
  --------------------------------------------------------------------------
  slack (VIOLATED)                                                  -0.01


  Startpoint: axi_m_rdata[55]
              (input port clocked by aclk)
  Endpoint: genblk2.U_RSP_TRANS/rbuf1_rdata_reg[55]
            (rising edge-triggered flip-flop clocked by aclk)
  Path Group: IN2REG
  Path Type: min

  Point                                                   Incr       Path
  --------------------------------------------------------------------------
  clock aclk (rise edge)                                  0.00       0.00
  clock network delay (ideal)                             0.00       0.00
  input external delay                                    0.00       0.00 f
  axi_m_rdata[55] (in)                                    0.00       0.00 f
  genblk2.U_RSP_TRANS/U323/Y (MX2XL)                      0.11       0.11 f
  genblk2.U_RSP_TRANS/rbuf1_rdata_reg[55]/D (DFFRQXL)     0.00       0.11 f
  data arrival time                                                  0.11

  clock aclk (rise edge)                                  0.00       0.00
  clock network delay (ideal)                             0.00       0.00
  clock uncertainty                                       0.10       0.10
  genblk2.U_RSP_TRANS/rbuf1_rdata_reg[55]/CK (DFFRQXL)
                                                          0.00       0.10 r
  library hold time                                       0.03       0.13
  data required time                                                 0.13
  --------------------------------------------------------------------------
  data required time                                                 0.13
  data arrival time                                                 -0.11
  --------------------------------------------------------------------------
  slack (VIOLATED)                                                  -0.01


  Startpoint: axi_m_rdata[57]
              (input port clocked by aclk)
  Endpoint: genblk2.U_RSP_TRANS/rbuf1_rdata_reg[57]
            (rising edge-triggered flip-flop clocked by aclk)
  Path Group: IN2REG
  Path Type: min

  Point                                                   Incr       Path
  --------------------------------------------------------------------------
  clock aclk (rise edge)                                  0.00       0.00
  clock network delay (ideal)                             0.00       0.00
  input external delay                                    0.00       0.00 f
  axi_m_rdata[57] (in)                                    0.00       0.00 f
  genblk2.U_RSP_TRANS/U320/Y (MX2XL)                      0.11       0.11 f
  genblk2.U_RSP_TRANS/rbuf1_rdata_reg[57]/D (DFFRQXL)     0.00       0.11 f
  data arrival time                                                  0.11

  clock aclk (rise edge)                                  0.00       0.00
  clock network delay (ideal)                             0.00       0.00
  clock uncertainty                                       0.10       0.10
  genblk2.U_RSP_TRANS/rbuf1_rdata_reg[57]/CK (DFFRQXL)
                                                          0.00       0.10 r
  library hold time                                       0.03       0.13
  data required time                                                 0.13
  --------------------------------------------------------------------------
  data required time                                                 0.13
  data arrival time                                                 -0.11
  --------------------------------------------------------------------------
  slack (VIOLATED)                                                  -0.01


  Startpoint: axi_m_rdata[61]
              (input port clocked by aclk)
  Endpoint: genblk2.U_RSP_TRANS/rbuf1_rdata_reg[61]
            (rising edge-triggered flip-flop clocked by aclk)
  Path Group: IN2REG
  Path Type: min

  Point                                                   Incr       Path
  --------------------------------------------------------------------------
  clock aclk (rise edge)                                  0.00       0.00
  clock network delay (ideal)                             0.00       0.00
  input external delay                                    0.00       0.00 f
  axi_m_rdata[61] (in)                                    0.00       0.00 f
  genblk2.U_RSP_TRANS/U315/Y (MX2XL)                      0.11       0.11 f
  genblk2.U_RSP_TRANS/rbuf1_rdata_reg[61]/D (DFFRQXL)     0.00       0.11 f
  data arrival time                                                  0.11

  clock aclk (rise edge)                                  0.00       0.00
  clock network delay (ideal)                             0.00       0.00
  clock uncertainty                                       0.10       0.10
  genblk2.U_RSP_TRANS/rbuf1_rdata_reg[61]/CK (DFFRQXL)
                                                          0.00       0.10 r
  library hold time                                       0.03       0.13
  data required time                                                 0.13
  --------------------------------------------------------------------------
  data required time                                                 0.13
  data arrival time                                                 -0.11
  --------------------------------------------------------------------------
  slack (VIOLATED)                                                  -0.01


  Startpoint: axi_m_buser[0]
              (input port clocked by aclk)
  Endpoint: genblk2.U_RSP_TRANS/buser_reg[0]
            (rising edge-triggered flip-flop clocked by aclk)
  Path Group: IN2REG
  Path Type: min

  Point                                                   Incr       Path
  --------------------------------------------------------------------------
  clock aclk (rise edge)                                  0.00       0.00
  clock network delay (ideal)                             0.00       0.00
  input external delay                                    0.00       0.00 f
  axi_m_buser[0] (in)                                     0.00       0.00 f
  genblk2.U_RSP_TRANS/U288/Y (MX2XL)                      0.11       0.11 f
  genblk2.U_RSP_TRANS/buser_reg[0]/D (DFFRQXL)            0.00       0.11 f
  data arrival time                                                  0.11

  clock aclk (rise edge)                                  0.00       0.00
  clock network delay (ideal)                             0.00       0.00
  clock uncertainty                                       0.10       0.10
  genblk2.U_RSP_TRANS/buser_reg[0]/CK (DFFRQXL)           0.00       0.10 r
  library hold time                                       0.03       0.13
  data required time                                                 0.13
  --------------------------------------------------------------------------
  data required time                                                 0.13
  data arrival time                                                 -0.11
  --------------------------------------------------------------------------
  slack (VIOLATED)                                                  -0.01


  Startpoint: axi_m_bresp[1]
              (input port clocked by aclk)
  Endpoint: genblk2.U_RSP_TRANS/bresp_reg[1]
            (rising edge-triggered flip-flop clocked by aclk)
  Path Group: IN2REG
  Path Type: min

  Point                                                   Incr       Path
  --------------------------------------------------------------------------
  clock aclk (rise edge)                                  0.00       0.00
  clock network delay (ideal)                             0.00       0.00
  input external delay                                    0.00       0.00 f
  axi_m_bresp[1] (in)                                     0.00       0.00 f
  genblk2.U_RSP_TRANS/U287/Y (MX2XL)                      0.11       0.11 f
  genblk2.U_RSP_TRANS/bresp_reg[1]/D (DFFRQXL)            0.00       0.11 f
  data arrival time                                                  0.11

  clock aclk (rise edge)                                  0.00       0.00
  clock network delay (ideal)                             0.00       0.00
  clock uncertainty                                       0.10       0.10
  genblk2.U_RSP_TRANS/bresp_reg[1]/CK (DFFRQXL)           0.00       0.10 r
  library hold time                                       0.03       0.13
  data required time                                                 0.13
  --------------------------------------------------------------------------
  data required time                                                 0.13
  data arrival time                                                 -0.11
  --------------------------------------------------------------------------
  slack (VIOLATED)                                                  -0.01


  Startpoint: axi_m_bid[0]
              (input port clocked by aclk)
  Endpoint: genblk2.U_RSP_TRANS/bid_reg[0]
            (rising edge-triggered flip-flop clocked by aclk)
  Path Group: IN2REG
  Path Type: min

  Point                                                   Incr       Path
  --------------------------------------------------------------------------
  clock aclk (rise edge)                                  0.00       0.00
  clock network delay (ideal)                             0.00       0.00
  input external delay                                    0.00       0.00 f
  axi_m_bid[0] (in)                                       0.00       0.00 f
  genblk2.U_RSP_TRANS/U289/Y (MX2XL)                      0.11       0.11 f
  genblk2.U_RSP_TRANS/bid_reg[0]/D (DFFRQXL)              0.00       0.11 f
  data arrival time                                                  0.11

  clock aclk (rise edge)                                  0.00       0.00
  clock network delay (ideal)                             0.00       0.00
  clock uncertainty                                       0.10       0.10
  genblk2.U_RSP_TRANS/bid_reg[0]/CK (DFFRQXL)             0.00       0.10 r
  library hold time                                       0.03       0.13
  data required time                                                 0.13
  --------------------------------------------------------------------------
  data required time                                                 0.13
  data arrival time                                                 -0.11
  --------------------------------------------------------------------------
  slack (VIOLATED)                                                  -0.01


  Startpoint: axi_m_bid[3]
              (input port clocked by aclk)
  Endpoint: genblk2.U_RSP_TRANS/bid_reg[3]
            (rising edge-triggered flip-flop clocked by aclk)
  Path Group: IN2REG
  Path Type: min

  Point                                                   Incr       Path
  --------------------------------------------------------------------------
  clock aclk (rise edge)                                  0.00       0.00
  clock network delay (ideal)                             0.00       0.00
  input external delay                                    0.00       0.00 f
  axi_m_bid[3] (in)                                       0.00       0.00 f
  genblk2.U_RSP_TRANS/U286/Y (MX2XL)                      0.11       0.11 f
  genblk2.U_RSP_TRANS/bid_reg[3]/D (DFFRQXL)              0.00       0.11 f
  data arrival time                                                  0.11

  clock aclk (rise edge)                                  0.00       0.00
  clock network delay (ideal)                             0.00       0.00
  clock uncertainty                                       0.10       0.10
  genblk2.U_RSP_TRANS/bid_reg[3]/CK (DFFRQXL)             0.00       0.10 r
  library hold time                                       0.03       0.13
  data required time                                                 0.13
  --------------------------------------------------------------------------
  data required time                                                 0.13
  data arrival time                                                 -0.11
  --------------------------------------------------------------------------
  slack (VIOLATED)                                                  -0.01


  Startpoint: axi_m_bid[2]
              (input port clocked by aclk)
  Endpoint: genblk2.U_RSP_TRANS/bid_reg[2]
            (rising edge-triggered flip-flop clocked by aclk)
  Path Group: IN2REG
  Path Type: min

  Point                                                   Incr       Path
  --------------------------------------------------------------------------
  clock aclk (rise edge)                                  0.00       0.00
  clock network delay (ideal)                             0.00       0.00
  input external delay                                    0.00       0.00 f
  axi_m_bid[2] (in)                                       0.00       0.00 f
  genblk2.U_RSP_TRANS/U285/Y (MX2XL)                      0.11       0.11 f
  genblk2.U_RSP_TRANS/bid_reg[2]/D (DFFRQXL)              0.00       0.11 f
  data arrival time                                                  0.11

  clock aclk (rise edge)                                  0.00       0.00
  clock network delay (ideal)                             0.00       0.00
  clock uncertainty                                       0.10       0.10
  genblk2.U_RSP_TRANS/bid_reg[2]/CK (DFFRQXL)             0.00       0.10 r
  library hold time                                       0.03       0.13
  data required time                                                 0.13
  --------------------------------------------------------------------------
  data required time                                                 0.13
  data arrival time                                                 -0.11
  --------------------------------------------------------------------------
  slack (VIOLATED)                                                  -0.01


  Startpoint: axi_m_bid[1]
              (input port clocked by aclk)
  Endpoint: genblk2.U_RSP_TRANS/bid_reg[1]
            (rising edge-triggered flip-flop clocked by aclk)
  Path Group: IN2REG
  Path Type: min

  Point                                                   Incr       Path
  --------------------------------------------------------------------------
  clock aclk (rise edge)                                  0.00       0.00
  clock network delay (ideal)                             0.00       0.00
  input external delay                                    0.00       0.00 f
  axi_m_bid[1] (in)                                       0.00       0.00 f
  genblk2.U_RSP_TRANS/U284/Y (MX2XL)                      0.11       0.11 f
  genblk2.U_RSP_TRANS/bid_reg[1]/D (DFFRQXL)              0.00       0.11 f
  data arrival time                                                  0.11

  clock aclk (rise edge)                                  0.00       0.00
  clock network delay (ideal)                             0.00       0.00
  clock uncertainty                                       0.10       0.10
  genblk2.U_RSP_TRANS/bid_reg[1]/CK (DFFRQXL)             0.00       0.10 r
  library hold time                                       0.03       0.13
  data required time                                                 0.13
  --------------------------------------------------------------------------
  data required time                                                 0.13
  data arrival time                                                 -0.11
  --------------------------------------------------------------------------
  slack (VIOLATED)                                                  -0.01


  Startpoint: rknp_rxreq_data[106]
              (input port clocked by aclk)
  Endpoint: genblk1.U_WRAP_ALIGN/wwrap_buffer_reg[106]
            (rising edge-triggered flip-flop clocked by aclk)
  Path Group: IN2REG
  Path Type: min

  Point                                                   Incr       Path
  --------------------------------------------------------------------------
  clock aclk (rise edge)                                  0.00       0.00
  clock network delay (ideal)                             0.00       0.00
  input external delay                                    0.00       0.00 f
  rknp_rxreq_data[106] (in)                               0.00       0.00 f
  genblk1.U_WRAP_ALIGN/U677/Y (INVXL)                     0.08       0.08 r
  genblk1.U_WRAP_ALIGN/U2066/Y (AOI2BB2XL)                0.04       0.12 f
  genblk1.U_WRAP_ALIGN/wwrap_buffer_reg[106]/D (DFFRQXL)
                                                          0.00       0.12 f
  data arrival time                                                  0.12

  clock aclk (rise edge)                                  0.00       0.00
  clock network delay (ideal)                             0.00       0.00
  clock uncertainty                                       0.10       0.10
  genblk1.U_WRAP_ALIGN/wwrap_buffer_reg[106]/CK (DFFRQXL)
                                                          0.00       0.10 r
  library hold time                                       0.03       0.13
  data required time                                                 0.13
  --------------------------------------------------------------------------
  data required time                                                 0.13
  data arrival time                                                 -0.12
  --------------------------------------------------------------------------
  slack (VIOLATED)                                                  -0.01


  Startpoint: axi_m_rid[0]
              (input port clocked by aclk)
  Endpoint: genblk2.U_RSP_TRANS/rbuf1_rid_reg[0]
            (rising edge-triggered flip-flop clocked by aclk)
  Path Group: IN2REG
  Path Type: min

  Point                                                   Incr       Path
  --------------------------------------------------------------------------
  clock aclk (rise edge)                                  0.00       0.00
  clock network delay (ideal)                             0.00       0.00
  input external delay                                    0.00       0.00 f
  axi_m_rid[0] (in)                                       0.00       0.00 f
  genblk2.U_RSP_TRANS/U43/Y (INVXL)                       0.09       0.09 r
  genblk2.U_RSP_TRANS/U44/Y (AOI22XL)                     0.04       0.12 f
  genblk2.U_RSP_TRANS/rbuf1_rid_reg[0]/D (DFFRQXL)        0.00       0.12 f
  data arrival time                                                  0.12

  clock aclk (rise edge)                                  0.00       0.00
  clock network delay (ideal)                             0.00       0.00
  clock uncertainty                                       0.10       0.10
  genblk2.U_RSP_TRANS/rbuf1_rid_reg[0]/CK (DFFRQXL)       0.00       0.10 r
  library hold time                                       0.03       0.13
  data required time                                                 0.13
  --------------------------------------------------------------------------
  data required time                                                 0.13
  data arrival time                                                 -0.12
  --------------------------------------------------------------------------
  slack (VIOLATED: increase significant digits)                      0.00


  Startpoint: axi_m_rid[2]
              (input port clocked by aclk)
  Endpoint: genblk2.U_RSP_TRANS/rbuf1_rid_reg[2]
            (rising edge-triggered flip-flop clocked by aclk)
  Path Group: IN2REG
  Path Type: min

  Point                                                   Incr       Path
  --------------------------------------------------------------------------
  clock aclk (rise edge)                                  0.00       0.00
  clock network delay (ideal)                             0.00       0.00
  input external delay                                    0.00       0.00 f
  axi_m_rid[2] (in)                                       0.00       0.00 f
  genblk2.U_RSP_TRANS/U45/Y (INVXL)                       0.09       0.09 r
  genblk2.U_RSP_TRANS/U47/Y (AOI22XL)                     0.04       0.12 f
  genblk2.U_RSP_TRANS/rbuf1_rid_reg[2]/D (DFFRQXL)        0.00       0.12 f
  data arrival time                                                  0.12

  clock aclk (rise edge)                                  0.00       0.00
  clock network delay (ideal)                             0.00       0.00
  clock uncertainty                                       0.10       0.10
  genblk2.U_RSP_TRANS/rbuf1_rid_reg[2]/CK (DFFRQXL)       0.00       0.10 r
  library hold time                                       0.03       0.13
  data required time                                                 0.13
  --------------------------------------------------------------------------
  data required time                                                 0.13
  data arrival time                                                 -0.12
  --------------------------------------------------------------------------
  slack (VIOLATED: increase significant digits)                      0.00


  Startpoint: axi_m_rid[0]
              (input port clocked by aclk)
  Endpoint: genblk2.U_RSP_TRANS/prev_rid_reg[0]
            (rising edge-triggered flip-flop clocked by aclk)
  Path Group: IN2REG
  Path Type: min

  Point                                                   Incr       Path
  --------------------------------------------------------------------------
  clock aclk (rise edge)                                  0.00       0.00
  clock network delay (ideal)                             0.00       0.00
  input external delay                                    0.00       0.00 f
  axi_m_rid[0] (in)                                       0.00       0.00 f
  genblk2.U_RSP_TRANS/U43/Y (INVXL)                       0.09       0.09 r
  genblk2.U_RSP_TRANS/U62/Y (AOI2BB2XL)                   0.04       0.13 f
  genblk2.U_RSP_TRANS/prev_rid_reg[0]/D (DFFRQXL)         0.00       0.13 f
  data arrival time                                                  0.13

  clock aclk (rise edge)                                  0.00       0.00
  clock network delay (ideal)                             0.00       0.00
  clock uncertainty                                       0.10       0.10
  genblk2.U_RSP_TRANS/prev_rid_reg[0]/CK (DFFRQXL)        0.00       0.10 r
  library hold time                                       0.03       0.13
  data required time                                                 0.13
  --------------------------------------------------------------------------
  data required time                                                 0.13
  data arrival time                                                 -0.13
  --------------------------------------------------------------------------
  slack (VIOLATED: increase significant digits)                      0.00


  Startpoint: axi_m_rid[2]
              (input port clocked by aclk)
  Endpoint: genblk2.U_RSP_TRANS/prev_rid_reg[2]
            (rising edge-triggered flip-flop clocked by aclk)
  Path Group: IN2REG
  Path Type: min

  Point                                                   Incr       Path
  --------------------------------------------------------------------------
  clock aclk (rise edge)                                  0.00       0.00
  clock network delay (ideal)                             0.00       0.00
  input external delay                                    0.00       0.00 f
  axi_m_rid[2] (in)                                       0.00       0.00 f
  genblk2.U_RSP_TRANS/U45/Y (INVXL)                       0.09       0.09 r
  genblk2.U_RSP_TRANS/U64/Y (AOI2BB2XL)                   0.04       0.13 f
  genblk2.U_RSP_TRANS/prev_rid_reg[2]/D (DFFRQXL)         0.00       0.13 f
  data arrival time                                                  0.13

  clock aclk (rise edge)                                  0.00       0.00
  clock network delay (ideal)                             0.00       0.00
  clock uncertainty                                       0.10       0.10
  genblk2.U_RSP_TRANS/prev_rid_reg[2]/CK (DFFRQXL)        0.00       0.10 r
  library hold time                                       0.03       0.13
  data required time                                                 0.13
  --------------------------------------------------------------------------
  data required time                                                 0.13
  data arrival time                                                 -0.13
  --------------------------------------------------------------------------
  slack (VIOLATED: increase significant digits)                      0.00


  Startpoint: axi_m_rid[0]
              (input port clocked by aclk)
  Endpoint: genblk2.U_RSP_TRANS/rbuf0_rid_reg[0]
            (rising edge-triggered flip-flop clocked by aclk)
  Path Group: IN2REG
  Path Type: min

  Point                                                   Incr       Path
  --------------------------------------------------------------------------
  clock aclk (rise edge)                                  0.00       0.00
  clock network delay (ideal)                             0.00       0.00
  input external delay                                    0.00       0.00 f
  axi_m_rid[0] (in)                                       0.00       0.00 f
  genblk2.U_RSP_TRANS/U43/Y (INVXL)                       0.09       0.09 r
  genblk2.U_RSP_TRANS/U300/Y (OAI21XL)                    0.04       0.13 f
  genblk2.U_RSP_TRANS/rbuf0_rid_reg[0]/D (DFFRQXL)        0.00       0.13 f
  data arrival time                                                  0.13

  clock aclk (rise edge)                                  0.00       0.00
  clock network delay (ideal)                             0.00       0.00
  clock uncertainty                                       0.10       0.10
  genblk2.U_RSP_TRANS/rbuf0_rid_reg[0]/CK (DFFRQXL)       0.00       0.10 r
  library hold time                                       0.03       0.13
  data required time                                                 0.13
  --------------------------------------------------------------------------
  data required time                                                 0.13
  data arrival time                                                 -0.13
  --------------------------------------------------------------------------
  slack (VIOLATED: increase significant digits)                      0.00


  Startpoint: axi_m_rid[2]
              (input port clocked by aclk)
  Endpoint: genblk2.U_RSP_TRANS/rbuf0_rid_reg[2]
            (rising edge-triggered flip-flop clocked by aclk)
  Path Group: IN2REG
  Path Type: min

  Point                                                   Incr       Path
  --------------------------------------------------------------------------
  clock aclk (rise edge)                                  0.00       0.00
  clock network delay (ideal)                             0.00       0.00
  input external delay                                    0.00       0.00 f
  axi_m_rid[2] (in)                                       0.00       0.00 f
  genblk2.U_RSP_TRANS/U45/Y (INVXL)                       0.09       0.09 r
  genblk2.U_RSP_TRANS/U304/Y (OAI21XL)                    0.04       0.13 f
  genblk2.U_RSP_TRANS/rbuf0_rid_reg[2]/D (DFFRQXL)        0.00       0.13 f
  data arrival time                                                  0.13

  clock aclk (rise edge)                                  0.00       0.00
  clock network delay (ideal)                             0.00       0.00
  clock uncertainty                                       0.10       0.10
  genblk2.U_RSP_TRANS/rbuf0_rid_reg[2]/CK (DFFRQXL)       0.00       0.10 r
  library hold time                                       0.03       0.13
  data required time                                                 0.13
  --------------------------------------------------------------------------
  data required time                                                 0.13
  data arrival time                                                 -0.13
  --------------------------------------------------------------------------
  slack (VIOLATED: increase significant digits)                      0.00


    Design: axi_tniu

    max_area               0.00
  - Current Area       112771.11
  ------------------------------
    Slack              -112771.11  (VIOLATED)


    Design: axi_tniu

    max_leakage_power          0.00
  - Current Leakage Power  137137088.00
  ----------------------------------
    Slack                  -137137088.00  (VIOLATED)


1
