 
****************************************
Report : timing
        -path full
        -delay min
        -nworst 3
        -nets
        -max_paths 30
        -transition_time
        -capacitance
Design : axi_tniu
Version: O-2018.06-SP1
Date   : Fri Aug 21 19:46:49 2026
****************************************

 # A fanout number of 1000 was used for high fanout net computations.

Operating Conditions: typical   Library: typical
Wire Load Model Mode: top

  Startpoint: rknp_rxreq_head
              (input port clocked by aclk)
  Endpoint: rknp_rxreq_ready
            (output port clocked by aclk)
  Path Group: IN2OUT
  Path Type: min

  Point                                       Fanout       Cap     Trans      Incr       Path
  ----------------------------------------------------------------------------------------------
  clock aclk (rise edge)                                                      0.00       0.00
  clock network delay (ideal)                                                 0.00       0.00
  input external delay                                                        0.50       0.50 r
  rknp_rxreq_head (in)                                              0.20      0.00       0.50 r
  rknp_rxreq_head (net)                         4         0.01                0.00       0.50 r
  genblk1.U_WRAP_ALIGN/rknp_xx2wa_head (wrap_align_REQ_HEAD_LEN_OFFSET102_ADDR_WITH32_REQ_OPC_OFFSET43_REQ_STATUS_OFFSET47_REQ_LEN_OFFSET49_REQ_ADDR_OFFSET57_REQ_USER_OFFSET89_NBYTEPERWORD8_REQ_FLIT_WITH175_RWRAP_CNT_MAX4_DLY0_0)
                                                                              0.00       0.50 r
  genblk1.U_WRAP_ALIGN/rknp_xx2wa_head (net)              0.01                0.00       0.50 r
  genblk1.U_WRAP_ALIGN/U65/Y (AND4XL)                               0.07      0.12       0.62 r
  genblk1.U_WRAP_ALIGN/n242 (net)               3         0.00                0.00       0.62 r
  genblk1.U_WRAP_ALIGN/U105/Y (NOR2BX2)                             0.14      0.10       0.72 f
  genblk1.U_WRAP_ALIGN/wa2rknp_xx_ready (net)
                                                2         0.05                0.00       0.72 f
  genblk1.U_WRAP_ALIGN/wa2rknp_xx_ready (wrap_align_REQ_HEAD_LEN_OFFSET102_ADDR_WITH32_REQ_OPC_OFFSET43_REQ_STATUS_OFFSET47_REQ_LEN_OFFSET49_REQ_ADDR_OFFSET57_REQ_USER_OFFSET89_NBYTEPERWORD8_REQ_FLIT_WITH175_RWRAP_CNT_MAX4_DLY0_0)
                                                                              0.00       0.72 f
  rknp_rxreq_ready (net)                                  0.05                0.00       0.72 f
  rknp_rxreq_ready (out)                                            0.14      0.00       0.72 f
  data arrival time                                                                      0.72

  clock aclk (rise edge)                                                      0.00       0.00
  clock network delay (ideal)                                                 0.00       0.00
  clock uncertainty                                                           0.10       0.10
  output external delay                                                       0.00       0.10
  data required time                                                                     0.10
  ----------------------------------------------------------------------------------------------
  data required time                                                                     0.10
  data arrival time                                                                     -0.72
  ----------------------------------------------------------------------------------------------
  slack (MET)                                                                            0.62


  Startpoint: rknp_rxreq_valid
              (input port clocked by aclk)
  Endpoint: rknp_rxreq_ready
            (output port clocked by aclk)
  Path Group: IN2OUT
  Path Type: min

  Point                                       Fanout       Cap     Trans      Incr       Path
  ----------------------------------------------------------------------------------------------
  clock aclk (rise edge)                                                      0.00       0.00
  clock network delay (ideal)                                                 0.00       0.00
  input external delay                                                        0.50       0.50 r
  rknp_rxreq_valid (in)                                             0.20      0.00       0.50 r
  rknp_rxreq_valid (net)                        3         0.00                0.00       0.50 r
  genblk1.U_WRAP_ALIGN/rknp_xx2wa_valid (wrap_align_REQ_HEAD_LEN_OFFSET102_ADDR_WITH32_REQ_OPC_OFFSET43_REQ_STATUS_OFFSET47_REQ_LEN_OFFSET49_REQ_ADDR_OFFSET57_REQ_USER_OFFSET89_NBYTEPERWORD8_REQ_FLIT_WITH175_RWRAP_CNT_MAX4_DLY0_0)
                                                                              0.00       0.50 r
  genblk1.U_WRAP_ALIGN/rknp_xx2wa_valid (net)             0.00                0.00       0.50 r
  genblk1.U_WRAP_ALIGN/U65/Y (AND4XL)                               0.07      0.12       0.62 r
  genblk1.U_WRAP_ALIGN/n242 (net)               3         0.00                0.00       0.62 r
  genblk1.U_WRAP_ALIGN/U105/Y (NOR2BX2)                             0.14      0.10       0.72 f
  genblk1.U_WRAP_ALIGN/wa2rknp_xx_ready (net)
                                                2         0.05                0.00       0.72 f
  genblk1.U_WRAP_ALIGN/wa2rknp_xx_ready (wrap_align_REQ_HEAD_LEN_OFFSET102_ADDR_WITH32_REQ_OPC_OFFSET43_REQ_STATUS_OFFSET47_REQ_LEN_OFFSET49_REQ_ADDR_OFFSET57_REQ_USER_OFFSET89_NBYTEPERWORD8_REQ_FLIT_WITH175_RWRAP_CNT_MAX4_DLY0_0)
                                                                              0.00       0.72 f
  rknp_rxreq_ready (net)                                  0.05                0.00       0.72 f
  rknp_rxreq_ready (out)                                            0.14      0.00       0.72 f
  data arrival time                                                                      0.72

  clock aclk (rise edge)                                                      0.00       0.00
  clock network delay (ideal)                                                 0.00       0.00
  clock uncertainty                                                           0.10       0.10
  output external delay                                                       0.00       0.10
  data required time                                                                     0.10
  ----------------------------------------------------------------------------------------------
  data required time                                                                     0.10
  data arrival time                                                                     -0.72
  ----------------------------------------------------------------------------------------------
  slack (MET)                                                                            0.62


  Startpoint: rknp_rxreq_head
              (input port clocked by aclk)
  Endpoint: rknp_rxreq_ready
            (output port clocked by aclk)
  Path Group: IN2OUT
  Path Type: min

  Point                                       Fanout       Cap     Trans      Incr       Path
  ----------------------------------------------------------------------------------------------
  clock aclk (rise edge)                                                      0.00       0.00
  clock network delay (ideal)                                                 0.00       0.00
  input external delay                                                        0.50       0.50 r
  rknp_rxreq_head (in)                                              0.20      0.00       0.50 r
  rknp_rxreq_head (net)                         4         0.01                0.00       0.50 r
  genblk1.U_WRAP_ALIGN/rknp_xx2wa_head (wrap_align_REQ_HEAD_LEN_OFFSET102_ADDR_WITH32_REQ_OPC_OFFSET43_REQ_STATUS_OFFSET47_REQ_LEN_OFFSET49_REQ_ADDR_OFFSET57_REQ_USER_OFFSET89_NBYTEPERWORD8_REQ_FLIT_WITH175_RWRAP_CNT_MAX4_DLY0_0)
                                                                              0.00       0.50 r
  genblk1.U_WRAP_ALIGN/rknp_xx2wa_head (net)              0.01                0.00       0.50 r
  genblk1.U_WRAP_ALIGN/U253/Y (INVXL)                               0.05      0.03       0.53 f
  genblk1.U_WRAP_ALIGN/n226 (net)               1         0.00                0.00       0.53 f
  genblk1.U_WRAP_ALIGN/U254/Y (AOI221XL)                            0.14      0.13       0.65 r
  genblk1.U_WRAP_ALIGN/wa2reqo_head (net)       2         0.00                0.00       0.65 r
  genblk1.U_WRAP_ALIGN/wa2reqo_head (wrap_align_REQ_HEAD_LEN_OFFSET102_ADDR_WITH32_REQ_OPC_OFFSET43_REQ_STATUS_OFFSET47_REQ_LEN_OFFSET49_REQ_ADDR_OFFSET57_REQ_USER_OFFSET89_NBYTEPERWORD8_REQ_FLIT_WITH175_RWRAP_CNT_MAX4_DLY0_0)
                                                                              0.00       0.65 r
  rknp_xx2reqo_head (net)                                 0.00                0.00       0.65 r
  U_REQ_ORDER/rknp_xx2reqo_head (req_order_REQ_FLIT_WITH175_URGE_WITH7_IID_WITH10_TID_WITH10_SUBR_WITH8_ADDR_WITH32_AXID_WITH4_ORDKEY_WITH8_LEN_WITH8_USER_WITH10_NBYTEPERWORD8_TAG_CNT_WITH3_REQ_IID_OFFSET7_REQ_TID_OFFSET17_REQ_SUBR_OFFSET27_REQ_ORDKEY_OFFSET35_REQ_OPC_OFFSET43_REQ_STATUS_OFFSET47_REQ_LEN_OFFSET49_REQ_ADDR_OFFSET57_REQ_USER_OFFSET89_REQ_ERRC_OFFSET99_REQ_HEAD_LEN_OFFSET102_HEAD_BUFF_DEEP8_ADDR_BLOCK_SIZE64_ADDR_BP_TYPE1_EARLY_RSP_MODE1_DLY0_0)
                                                                              0.00       0.65 r
  U_REQ_ORDER/rknp_xx2reqo_head (net)                     0.00                0.00       0.65 r
  U_REQ_ORDER/U5/Y (AOI21XL)                                        0.06      0.10       0.75 f
  U_REQ_ORDER/reqo2rknp_xx_ready (net)          5         0.01                0.00       0.75 f
  U_REQ_ORDER/reqo2rknp_xx_ready (req_order_REQ_FLIT_WITH175_URGE_WITH7_IID_WITH10_TID_WITH10_SUBR_WITH8_ADDR_WITH32_AXID_WITH4_ORDKEY_WITH8_LEN_WITH8_USER_WITH10_NBYTEPERWORD8_TAG_CNT_WITH3_REQ_IID_OFFSET7_REQ_TID_OFFSET17_REQ_SUBR_OFFSET27_REQ_ORDKEY_OFFSET35_REQ_OPC_OFFSET43_REQ_STATUS_OFFSET47_REQ_LEN_OFFSET49_REQ_ADDR_OFFSET57_REQ_USER_OFFSET89_REQ_ERRC_OFFSET99_REQ_HEAD_LEN_OFFSET102_HEAD_BUFF_DEEP8_ADDR_BLOCK_SIZE64_ADDR_BP_TYPE1_EARLY_RSP_MODE1_DLY0_0)
                                                                              0.00       0.75 f
  genblk1.reqo2wa_ready (net)                             0.01                0.00       0.75 f
  genblk1.U_WRAP_ALIGN/reqo2wa_ready (wrap_align_REQ_HEAD_LEN_OFFSET102_ADDR_WITH32_REQ_OPC_OFFSET43_REQ_STATUS_OFFSET47_REQ_LEN_OFFSET49_REQ_ADDR_OFFSET57_REQ_USER_OFFSET89_NBYTEPERWORD8_REQ_FLIT_WITH175_RWRAP_CNT_MAX4_DLY0_0)
                                                                              0.00       0.75 f
  genblk1.U_WRAP_ALIGN/reqo2wa_ready (net)                0.01                0.00       0.75 f
  genblk1.U_WRAP_ALIGN/U105/Y (NOR2BX2)                             0.14      0.14       0.89 f
  genblk1.U_WRAP_ALIGN/wa2rknp_xx_ready (net)
                                                2         0.05                0.00       0.89 f
  genblk1.U_WRAP_ALIGN/wa2rknp_xx_ready (wrap_align_REQ_HEAD_LEN_OFFSET102_ADDR_WITH32_REQ_OPC_OFFSET43_REQ_STATUS_OFFSET47_REQ_LEN_OFFSET49_REQ_ADDR_OFFSET57_REQ_USER_OFFSET89_NBYTEPERWORD8_REQ_FLIT_WITH175_RWRAP_CNT_MAX4_DLY0_0)
                                                                              0.00       0.89 f
  rknp_rxreq_ready (net)                                  0.05                0.00       0.89 f
  rknp_rxreq_ready (out)                                            0.14      0.00       0.89 f
  data arrival time                                                                      0.89

  clock aclk (rise edge)                                                      0.00       0.00
  clock network delay (ideal)                                                 0.00       0.00
  clock uncertainty                                                           0.10       0.10
  output external delay                                                       0.00       0.10
  data required time                                                                     0.10
  ----------------------------------------------------------------------------------------------
  data required time                                                                     0.10
  data arrival time                                                                     -0.89
  ----------------------------------------------------------------------------------------------
  slack (MET)                                                                            0.79


  Startpoint: rknp_txrsp_ready
              (input port clocked by aclk)
  Endpoint: genblk1.U_WRAP_ADJUST/append_pending_reg
            (rising edge-triggered flip-flop clocked by aclk)
  Path Group: IN2REG
  Path Type: min

  Point                                       Fanout       Cap     Trans      Incr       Path
  ----------------------------------------------------------------------------------------------
  clock aclk (rise edge)                                                      0.00       0.00
  clock network delay (ideal)                                                 0.00       0.00
  input external delay                                                        0.50       0.50 r
  rknp_txrsp_ready (in)                                             0.20      0.00       0.50 r
  rknp_txrsp_ready (net)                        3         0.00                0.00       0.50 r
  genblk1.U_WRAP_ADJUST/rknp_xx2wad_ready (wrap_adjust_RSP_FLIT_WITH157_NBYTEPERWORD8_USER_WITH10_ADDR_WITH32_AXID_WITH4_RWRAP_CNT_MAX4_DLY0_0)
                                                                              0.00       0.50 r
  genblk1.U_WRAP_ADJUST/rknp_xx2wad_ready (net)           0.00                0.00       0.50 r
  genblk1.U_WRAP_ADJUST/U2874/Y (OAI21XL)                           0.05      0.04       0.54 f
  genblk1.U_WRAP_ADJUST/n482 (net)              1         0.00                0.00       0.54 f
  genblk1.U_WRAP_ADJUST/append_pending_reg/D (DFFRQXL)              0.05      0.00       0.54 f
  data arrival time                                                                      0.54

  clock aclk (rise edge)                                                      0.00       0.00
  clock network delay (ideal)                                                 0.00       0.00
  clock uncertainty                                                           0.10       0.10
  genblk1.U_WRAP_ADJUST/append_pending_reg/CK (DFFRQXL)                       0.00       0.10 r
  library hold time                                                           0.03       0.13
  data required time                                                                     0.13
  ----------------------------------------------------------------------------------------------
  data required time                                                                     0.13
  data arrival time                                                                     -0.54
  ----------------------------------------------------------------------------------------------
  slack (MET)                                                                            0.41


  Startpoint: axi_m_wready
              (input port clocked by aclk)
  Endpoint: U_WREQ_TRANS/head_w_done_reg
            (rising edge-triggered flip-flop clocked by aclk)
  Path Group: IN2REG
  Path Type: min

  Point                                       Fanout       Cap     Trans      Incr       Path
  ----------------------------------------------------------------------------------------------
  clock aclk (rise edge)                                                      0.00       0.00
  clock network delay (ideal)                                                 0.00       0.00
  input external delay                                                        0.50       0.50 f
  axi_m_wready (in)                                                 0.20      0.00       0.50 f
  axi_m_wready (net)                            2         0.00                0.00       0.50 f
  U_WREQ_TRANS/axi_m_wready (wreq_trans_URGE_WITH7_SUBR_WITH8_AXID_WITH4_LEN_WITH8_USER_WITH10_NBYTEPERWORD8_AADDR_WITH40_AUSER_WITH1_AQOS_WITH3_DLY0_0)
                                                                              0.00       0.50 f
  U_WREQ_TRANS/axi_m_wready (net)                         0.00                0.00       0.50 f
  U_WREQ_TRANS/U153/Y (NAND3XL)                                     0.03      0.05       0.55 r
  U_WREQ_TRANS/n11 (net)                        1         0.00                0.00       0.55 r
  U_WREQ_TRANS/U154/Y (OAI2BB1XL)                                   0.03      0.03       0.58 f
  U_WREQ_TRANS/n2 (net)                         1         0.00                0.00       0.58 f
  U_WREQ_TRANS/head_w_done_reg/D (DFFRQXL)                          0.03      0.00       0.58 f
  data arrival time                                                                      0.58

  clock aclk (rise edge)                                                      0.00       0.00
  clock network delay (ideal)                                                 0.00       0.00
  clock uncertainty                                                           0.10       0.10
  U_WREQ_TRANS/head_w_done_reg/CK (DFFRQXL)                                   0.00       0.10 r
  library hold time                                                           0.03       0.13
  data required time                                                                     0.13
  ----------------------------------------------------------------------------------------------
  data required time                                                                     0.13
  data arrival time                                                                     -0.58
  ----------------------------------------------------------------------------------------------
  slack (MET)                                                                            0.45


  Startpoint: rknp_rxreq_data[104]
              (input port clocked by aclk)
  Endpoint: genblk1.U_WRAP_ALIGN/wwrap_buffer_reg[104]
            (rising edge-triggered flip-flop clocked by aclk)
  Path Group: IN2REG
  Path Type: min

  Point                                       Fanout       Cap     Trans      Incr       Path
  ----------------------------------------------------------------------------------------------
  clock aclk (rise edge)                                                      0.00       0.00
  clock network delay (ideal)                                                 0.00       0.00
  input external delay                                                        0.50       0.50 f
  rknp_rxreq_data[104] (in)                                         0.20      0.00       0.50 f
  rknp_rxreq_data[104] (net)                    5         0.01                0.00       0.50 f
  genblk1.U_WRAP_ALIGN/rknp_xx2wa_data[104] (wrap_align_REQ_HEAD_LEN_OFFSET102_ADDR_WITH32_REQ_OPC_OFFSET43_REQ_STATUS_OFFSET47_REQ_LEN_OFFSET49_REQ_ADDR_OFFSET57_REQ_USER_OFFSET89_NBYTEPERWORD8_REQ_FLIT_WITH175_RWRAP_CNT_MAX4_DLY0_0)
                                                                              0.00       0.50 f
  genblk1.U_WRAP_ALIGN/rknp_xx2wa_data[104] (net)         0.01                0.00       0.50 f
  genblk1.U_WRAP_ALIGN/U2050/Y (INVXL)                              0.05      0.04       0.54 r
  genblk1.U_WRAP_ALIGN/n1590 (net)              1         0.00                0.00       0.54 r
  genblk1.U_WRAP_ALIGN/U2051/Y (AOI2BB2XL)                          0.03      0.03       0.58 f
  genblk1.U_WRAP_ALIGN/n106 (net)               1         0.00                0.00       0.58 f
  genblk1.U_WRAP_ALIGN/wwrap_buffer_reg[104]/D (DFFRQXL)            0.03      0.00       0.58 f
  data arrival time                                                                      0.58

  clock aclk (rise edge)                                                      0.00       0.00
  clock network delay (ideal)                                                 0.00       0.00
  clock uncertainty                                                           0.10       0.10
  genblk1.U_WRAP_ALIGN/wwrap_buffer_reg[104]/CK (DFFRQXL)                     0.00       0.10 r
  library hold time                                                           0.03       0.13
  data required time                                                                     0.13
  ----------------------------------------------------------------------------------------------
  data required time                                                                     0.13
  data arrival time                                                                     -0.58
  ----------------------------------------------------------------------------------------------
  slack (MET)                                                                            0.45


  Startpoint: axi_m_awready
              (input port clocked by aclk)
  Endpoint: U_WREQ_TRANS/head_aw_done_reg
            (rising edge-triggered flip-flop clocked by aclk)
  Path Group: IN2REG
  Path Type: min

  Point                                       Fanout       Cap     Trans      Incr       Path
  ----------------------------------------------------------------------------------------------
  clock aclk (rise edge)                                                      0.00       0.00
  clock network delay (ideal)                                                 0.00       0.00
  input external delay                                                        0.50       0.50 f
  axi_m_awready (in)                                                0.20      0.00       0.50 f
  axi_m_awready (net)                           2         0.00                0.00       0.50 f
  U_WREQ_TRANS/axi_m_awready (wreq_trans_URGE_WITH7_SUBR_WITH8_AXID_WITH4_LEN_WITH8_USER_WITH10_NBYTEPERWORD8_AADDR_WITH40_AUSER_WITH1_AQOS_WITH3_DLY0_0)
                                                                              0.00       0.50 f
  U_WREQ_TRANS/axi_m_awready (net)                        0.00                0.00       0.50 f
  U_WREQ_TRANS/U151/Y (NAND3XL)                                     0.03      0.06       0.56 r
  U_WREQ_TRANS/n9 (net)                         1         0.00                0.00       0.56 r
  U_WREQ_TRANS/U152/Y (OAI2BB1XL)                                   0.03      0.03       0.58 f
  U_WREQ_TRANS/n1 (net)                         1         0.00                0.00       0.58 f
  U_WREQ_TRANS/head_aw_done_reg/D (DFFRQXL)                         0.03      0.00       0.58 f
  data arrival time                                                                      0.58

  clock aclk (rise edge)                                                      0.00       0.00
  clock network delay (ideal)                                                 0.00       0.00
  clock uncertainty                                                           0.10       0.10
  U_WREQ_TRANS/head_aw_done_reg/CK (DFFRQXL)                                  0.00       0.10 r
  library hold time                                                           0.03       0.13
  data required time                                                                     0.13
  ----------------------------------------------------------------------------------------------
  data required time                                                                     0.13
  data arrival time                                                                     -0.58
  ----------------------------------------------------------------------------------------------
  slack (MET)                                                                            0.45


  Startpoint: rknp_rxreq_data[118]
              (input port clocked by aclk)
  Endpoint: genblk1.U_WRAP_ALIGN/wwrap_buffer_reg[118]
            (rising edge-triggered flip-flop clocked by aclk)
  Path Group: IN2REG
  Path Type: min

  Point                                       Fanout       Cap     Trans      Incr       Path
  ----------------------------------------------------------------------------------------------
  clock aclk (rise edge)                                                      0.00       0.00
  clock network delay (ideal)                                                 0.00       0.00
  input external delay                                                        0.50       0.50 f
  rknp_rxreq_data[118] (in)                                         0.20      0.00       0.50 f
  rknp_rxreq_data[118] (net)                    5         0.01                0.00       0.50 f
  genblk1.U_WRAP_ALIGN/rknp_xx2wa_data[118] (wrap_align_REQ_HEAD_LEN_OFFSET102_ADDR_WITH32_REQ_OPC_OFFSET43_REQ_STATUS_OFFSET47_REQ_LEN_OFFSET49_REQ_ADDR_OFFSET57_REQ_USER_OFFSET89_NBYTEPERWORD8_REQ_FLIT_WITH175_RWRAP_CNT_MAX4_DLY0_0)
                                                                              0.00       0.50 f
  genblk1.U_WRAP_ALIGN/rknp_xx2wa_data[118] (net)         0.01                0.00       0.50 f
  genblk1.U_WRAP_ALIGN/U1498/Y (INVXL)                              0.06      0.05       0.55 r
  genblk1.U_WRAP_ALIGN/n1934 (net)              2         0.00                0.00       0.55 r
  genblk1.U_WRAP_ALIGN/U1500/Y (AOI22XL)                            0.04      0.03       0.59 f
  genblk1.U_WRAP_ALIGN/n120 (net)               1         0.00                0.00       0.59 f
  genblk1.U_WRAP_ALIGN/wwrap_buffer_reg[118]/D (DFFRQXL)            0.04      0.00       0.59 f
  data arrival time                                                                      0.59

  clock aclk (rise edge)                                                      0.00       0.00
  clock network delay (ideal)                                                 0.00       0.00
  clock uncertainty                                                           0.10       0.10
  genblk1.U_WRAP_ALIGN/wwrap_buffer_reg[118]/CK (DFFRQXL)                     0.00       0.10 r
  library hold time                                                           0.03       0.13
  data required time                                                                     0.13
  ----------------------------------------------------------------------------------------------
  data required time                                                                     0.13
  data arrival time                                                                     -0.59
  ----------------------------------------------------------------------------------------------
  slack (MET)                                                                            0.46


  Startpoint: rknp_rxreq_data[56]
              (input port clocked by aclk)
  Endpoint: genblk1.U_WRAP_ALIGN/wwrap_buffer_reg[56]
            (rising edge-triggered flip-flop clocked by aclk)
  Path Group: IN2REG
  Path Type: min

  Point                                       Fanout       Cap     Trans      Incr       Path
  ----------------------------------------------------------------------------------------------
  clock aclk (rise edge)                                                      0.00       0.00
  clock network delay (ideal)                                                 0.00       0.00
  input external delay                                                        0.50       0.50 f
  rknp_rxreq_data[56] (in)                                          0.20      0.00       0.50 f
  rknp_rxreq_data[56] (net)                     2         0.00                0.00       0.50 f
  genblk1.U_WRAP_ALIGN/rknp_xx2wa_data[56] (wrap_align_REQ_HEAD_LEN_OFFSET102_ADDR_WITH32_REQ_OPC_OFFSET43_REQ_STATUS_OFFSET47_REQ_LEN_OFFSET49_REQ_ADDR_OFFSET57_REQ_USER_OFFSET89_NBYTEPERWORD8_REQ_FLIT_WITH175_RWRAP_CNT_MAX4_DLY0_0)
                                                                              0.00       0.50 f
  genblk1.U_WRAP_ALIGN/rknp_xx2wa_data[56] (net)          0.00                0.00       0.50 f
  genblk1.U_WRAP_ALIGN/U1529/Y (INVXL)                              0.06      0.06       0.56 r
  genblk1.U_WRAP_ALIGN/n2685 (net)              2         0.00                0.00       0.56 r
  genblk1.U_WRAP_ALIGN/U2863/Y (AOI22XL)                            0.04      0.03       0.59 f
  genblk1.U_WRAP_ALIGN/n59 (net)                1         0.00                0.00       0.59 f
  genblk1.U_WRAP_ALIGN/wwrap_buffer_reg[56]/D (DFFRQXL)             0.04      0.00       0.59 f
  data arrival time                                                                      0.59

  clock aclk (rise edge)                                                      0.00       0.00
  clock network delay (ideal)                                                 0.00       0.00
  clock uncertainty                                                           0.10       0.10
  genblk1.U_WRAP_ALIGN/wwrap_buffer_reg[56]/CK (DFFRQXL)                      0.00       0.10 r
  library hold time                                                           0.03       0.13
  data required time                                                                     0.13
  ----------------------------------------------------------------------------------------------
  data required time                                                                     0.13
  data arrival time                                                                     -0.59
  ----------------------------------------------------------------------------------------------
  slack (MET)                                                                            0.46


  Startpoint: rknp_rxreq_data[51]
              (input port clocked by aclk)
  Endpoint: genblk1.U_WRAP_ALIGN/wwrap_buffer_reg[51]
            (rising edge-triggered flip-flop clocked by aclk)
  Path Group: IN2REG
  Path Type: min

  Point                                       Fanout       Cap     Trans      Incr       Path
  ----------------------------------------------------------------------------------------------
  clock aclk (rise edge)                                                      0.00       0.00
  clock network delay (ideal)                                                 0.00       0.00
  input external delay                                                        0.50       0.50 f
  rknp_rxreq_data[51] (in)                                          0.20      0.00       0.50 f
  rknp_rxreq_data[51] (net)                     2         0.00                0.00       0.50 f
  genblk1.U_WRAP_ALIGN/rknp_xx2wa_data[51] (wrap_align_REQ_HEAD_LEN_OFFSET102_ADDR_WITH32_REQ_OPC_OFFSET43_REQ_STATUS_OFFSET47_REQ_LEN_OFFSET49_REQ_ADDR_OFFSET57_REQ_USER_OFFSET89_NBYTEPERWORD8_REQ_FLIT_WITH175_RWRAP_CNT_MAX4_DLY0_0)
                                                                              0.00       0.50 f
  genblk1.U_WRAP_ALIGN/rknp_xx2wa_data[51] (net)          0.00                0.00       0.50 f
  genblk1.U_WRAP_ALIGN/U310/Y (INVXL)                               0.06      0.06       0.56 r
  genblk1.U_WRAP_ALIGN/n1053 (net)              2         0.00                0.00       0.56 r
  genblk1.U_WRAP_ALIGN/U1504/Y (AOI22XL)                            0.04      0.03       0.59 f
  genblk1.U_WRAP_ALIGN/n54 (net)                1         0.00                0.00       0.59 f
  genblk1.U_WRAP_ALIGN/wwrap_buffer_reg[51]/D (DFFRQXL)             0.04      0.00       0.59 f
  data arrival time                                                                      0.59

  clock aclk (rise edge)                                                      0.00       0.00
  clock network delay (ideal)                                                 0.00       0.00
  clock uncertainty                                                           0.10       0.10
  genblk1.U_WRAP_ALIGN/wwrap_buffer_reg[51]/CK (DFFRQXL)                      0.00       0.10 r
  library hold time                                                           0.03       0.13
  data required time                                                                     0.13
  ----------------------------------------------------------------------------------------------
  data required time                                                                     0.13
  data arrival time                                                                     -0.59
  ----------------------------------------------------------------------------------------------
  slack (MET)                                                                            0.46


  Startpoint: rknp_rxreq_data[55]
              (input port clocked by aclk)
  Endpoint: genblk1.U_WRAP_ALIGN/wwrap_buffer_reg[55]
            (rising edge-triggered flip-flop clocked by aclk)
  Path Group: IN2REG
  Path Type: min

  Point                                       Fanout       Cap     Trans      Incr       Path
  ----------------------------------------------------------------------------------------------
  clock aclk (rise edge)                                                      0.00       0.00
  clock network delay (ideal)                                                 0.00       0.00
  input external delay                                                        0.50       0.50 f
  rknp_rxreq_data[55] (in)                                          0.20      0.00       0.50 f
  rknp_rxreq_data[55] (net)                     2         0.00                0.00       0.50 f
  genblk1.U_WRAP_ALIGN/rknp_xx2wa_data[55] (wrap_align_REQ_HEAD_LEN_OFFSET102_ADDR_WITH32_REQ_OPC_OFFSET43_REQ_STATUS_OFFSET47_REQ_LEN_OFFSET49_REQ_ADDR_OFFSET57_REQ_USER_OFFSET89_NBYTEPERWORD8_REQ_FLIT_WITH175_RWRAP_CNT_MAX4_DLY0_0)
                                                                              0.00       0.50 f
  genblk1.U_WRAP_ALIGN/rknp_xx2wa_data[55] (net)          0.00                0.00       0.50 f
  genblk1.U_WRAP_ALIGN/U295/Y (INVXL)                               0.06      0.06       0.56 r
  genblk1.U_WRAP_ALIGN/n2682 (net)              2         0.00                0.00       0.56 r
  genblk1.U_WRAP_ALIGN/U2862/Y (AOI22XL)                            0.04      0.03       0.59 f
  genblk1.U_WRAP_ALIGN/n58 (net)                1         0.00                0.00       0.59 f
  genblk1.U_WRAP_ALIGN/wwrap_buffer_reg[55]/D (DFFRQXL)             0.04      0.00       0.59 f
  data arrival time                                                                      0.59

  clock aclk (rise edge)                                                      0.00       0.00
  clock network delay (ideal)                                                 0.00       0.00
  clock uncertainty                                                           0.10       0.10
  genblk1.U_WRAP_ALIGN/wwrap_buffer_reg[55]/CK (DFFRQXL)                      0.00       0.10 r
  library hold time                                                           0.03       0.13
  data required time                                                                     0.13
  ----------------------------------------------------------------------------------------------
  data required time                                                                     0.13
  data arrival time                                                                     -0.59
  ----------------------------------------------------------------------------------------------
  slack (MET)                                                                            0.46


  Startpoint: rknp_rxreq_data[54]
              (input port clocked by aclk)
  Endpoint: genblk1.U_WRAP_ALIGN/wwrap_buffer_reg[54]
            (rising edge-triggered flip-flop clocked by aclk)
  Path Group: IN2REG
  Path Type: min

  Point                                       Fanout       Cap     Trans      Incr       Path
  ----------------------------------------------------------------------------------------------
  clock aclk (rise edge)                                                      0.00       0.00
  clock network delay (ideal)                                                 0.00       0.00
  input external delay                                                        0.50       0.50 f
  rknp_rxreq_data[54] (in)                                          0.20      0.00       0.50 f
  rknp_rxreq_data[54] (net)                     2         0.00                0.00       0.50 f
  genblk1.U_WRAP_ALIGN/rknp_xx2wa_data[54] (wrap_align_REQ_HEAD_LEN_OFFSET102_ADDR_WITH32_REQ_OPC_OFFSET43_REQ_STATUS_OFFSET47_REQ_LEN_OFFSET49_REQ_ADDR_OFFSET57_REQ_USER_OFFSET89_NBYTEPERWORD8_REQ_FLIT_WITH175_RWRAP_CNT_MAX4_DLY0_0)
                                                                              0.00       0.50 f
  genblk1.U_WRAP_ALIGN/rknp_xx2wa_data[54] (net)          0.00                0.00       0.50 f
  genblk1.U_WRAP_ALIGN/U289/Y (INVXL)                               0.06      0.06       0.56 r
  genblk1.U_WRAP_ALIGN/n2680 (net)              2         0.00                0.00       0.56 r
  genblk1.U_WRAP_ALIGN/U2861/Y (AOI22XL)                            0.04      0.03       0.59 f
  genblk1.U_WRAP_ALIGN/n57 (net)                1         0.00                0.00       0.59 f
  genblk1.U_WRAP_ALIGN/wwrap_buffer_reg[54]/D (DFFRQXL)             0.04      0.00       0.59 f
  data arrival time                                                                      0.59

  clock aclk (rise edge)                                                      0.00       0.00
  clock network delay (ideal)                                                 0.00       0.00
  clock uncertainty                                                           0.10       0.10
  genblk1.U_WRAP_ALIGN/wwrap_buffer_reg[54]/CK (DFFRQXL)                      0.00       0.10 r
  library hold time                                                           0.03       0.13
  data required time                                                                     0.13
  ----------------------------------------------------------------------------------------------
  data required time                                                                     0.13
  data arrival time                                                                     -0.59
  ----------------------------------------------------------------------------------------------
  slack (MET)                                                                            0.46


  Startpoint: rknp_rxreq_data[43]
              (input port clocked by aclk)
  Endpoint: genblk1.U_WRAP_ALIGN/wwrap_buffer_reg[43]
            (rising edge-triggered flip-flop clocked by aclk)
  Path Group: IN2REG
  Path Type: min

  Point                                       Fanout       Cap     Trans      Incr       Path
  ----------------------------------------------------------------------------------------------
  clock aclk (rise edge)                                                      0.00       0.00
  clock network delay (ideal)                                                 0.00       0.00
  input external delay                                                        0.50       0.50 f
  rknp_rxreq_data[43] (in)                                          0.20      0.00       0.50 f
  rknp_rxreq_data[43] (net)                     2         0.00                0.00       0.50 f
  genblk1.U_WRAP_ALIGN/rknp_xx2wa_data[43] (wrap_align_REQ_HEAD_LEN_OFFSET102_ADDR_WITH32_REQ_OPC_OFFSET43_REQ_STATUS_OFFSET47_REQ_LEN_OFFSET49_REQ_ADDR_OFFSET57_REQ_USER_OFFSET89_NBYTEPERWORD8_REQ_FLIT_WITH175_RWRAP_CNT_MAX4_DLY0_0)
                                                                              0.00       0.50 f
  genblk1.U_WRAP_ALIGN/rknp_xx2wa_data[43] (net)          0.00                0.00       0.50 f
  genblk1.U_WRAP_ALIGN/U210/Y (INVXL)                               0.06      0.06       0.56 r
  genblk1.U_WRAP_ALIGN/n2676 (net)              2         0.00                0.00       0.56 r
  genblk1.U_WRAP_ALIGN/U2855/Y (AOI22XL)                            0.04      0.03       0.59 f
  genblk1.U_WRAP_ALIGN/n46 (net)                1         0.00                0.00       0.59 f
  genblk1.U_WRAP_ALIGN/wwrap_buffer_reg[43]/D (DFFRQXL)             0.04      0.00       0.59 f
  data arrival time                                                                      0.59

  clock aclk (rise edge)                                                      0.00       0.00
  clock network delay (ideal)                                                 0.00       0.00
  clock uncertainty                                                           0.10       0.10
  genblk1.U_WRAP_ALIGN/wwrap_buffer_reg[43]/CK (DFFRQXL)                      0.00       0.10 r
  library hold time                                                           0.03       0.13
  data required time                                                                     0.13
  ----------------------------------------------------------------------------------------------
  data required time                                                                     0.13
  data arrival time                                                                     -0.59
  ----------------------------------------------------------------------------------------------
  slack (MET)                                                                            0.46


  Startpoint: rknp_rxreq_data[131]
              (input port clocked by aclk)
  Endpoint: genblk1.U_WRAP_ALIGN/wwrap_buffer_reg[131]
            (rising edge-triggered flip-flop clocked by aclk)
  Path Group: IN2REG
  Path Type: min

  Point                                       Fanout       Cap     Trans      Incr       Path
  ----------------------------------------------------------------------------------------------
  clock aclk (rise edge)                                                      0.00       0.00
  clock network delay (ideal)                                                 0.00       0.00
  input external delay                                                        0.50       0.50 f
  rknp_rxreq_data[131] (in)                                         0.20      0.00       0.50 f
  rknp_rxreq_data[131] (net)                    5         0.01                0.00       0.50 f
  genblk1.U_WRAP_ALIGN/rknp_xx2wa_data[131] (wrap_align_REQ_HEAD_LEN_OFFSET102_ADDR_WITH32_REQ_OPC_OFFSET43_REQ_STATUS_OFFSET47_REQ_LEN_OFFSET49_REQ_ADDR_OFFSET57_REQ_USER_OFFSET89_NBYTEPERWORD8_REQ_FLIT_WITH175_RWRAP_CNT_MAX4_DLY0_0)
                                                                              0.00       0.50 f
  genblk1.U_WRAP_ALIGN/rknp_xx2wa_data[131] (net)         0.01                0.00       0.50 f
  genblk1.U_WRAP_ALIGN/U2060/Y (INVXL)                              0.06      0.05       0.55 r
  genblk1.U_WRAP_ALIGN/n2078 (net)              2         0.00                0.00       0.55 r
  genblk1.U_WRAP_ALIGN/U2061/Y (AOI2BB2XL)                          0.03      0.04       0.59 f
  genblk1.U_WRAP_ALIGN/n133 (net)               1         0.00                0.00       0.59 f
  genblk1.U_WRAP_ALIGN/wwrap_buffer_reg[131]/D (DFFRQXL)            0.03      0.00       0.59 f
  data arrival time                                                                      0.59

  clock aclk (rise edge)                                                      0.00       0.00
  clock network delay (ideal)                                                 0.00       0.00
  clock uncertainty                                                           0.10       0.10
  genblk1.U_WRAP_ALIGN/wwrap_buffer_reg[131]/CK (DFFRQXL)                     0.00       0.10 r
  library hold time                                                           0.03       0.13
  data required time                                                                     0.13
  ----------------------------------------------------------------------------------------------
  data required time                                                                     0.13
  data arrival time                                                                     -0.59
  ----------------------------------------------------------------------------------------------
  slack (MET)                                                                            0.46


  Startpoint: rknp_rxreq_data[112]
              (input port clocked by aclk)
  Endpoint: genblk1.U_WRAP_ALIGN/wwrap_buffer_reg[112]
            (rising edge-triggered flip-flop clocked by aclk)
  Path Group: IN2REG
  Path Type: min

  Point                                       Fanout       Cap     Trans      Incr       Path
  ----------------------------------------------------------------------------------------------
  clock aclk (rise edge)                                                      0.00       0.00
  clock network delay (ideal)                                                 0.00       0.00
  input external delay                                                        0.50       0.50 f
  rknp_rxreq_data[112] (in)                                         0.20      0.00       0.50 f
  rknp_rxreq_data[112] (net)                    5         0.01                0.00       0.50 f
  genblk1.U_WRAP_ALIGN/rknp_xx2wa_data[112] (wrap_align_REQ_HEAD_LEN_OFFSET102_ADDR_WITH32_REQ_OPC_OFFSET43_REQ_STATUS_OFFSET47_REQ_LEN_OFFSET49_REQ_ADDR_OFFSET57_REQ_USER_OFFSET89_NBYTEPERWORD8_REQ_FLIT_WITH175_RWRAP_CNT_MAX4_DLY0_0)
                                                                              0.00       0.50 f
  genblk1.U_WRAP_ALIGN/rknp_xx2wa_data[112] (net)         0.01                0.00       0.50 f
  genblk1.U_WRAP_ALIGN/U216/Y (INVXL)                               0.06      0.05       0.55 r
  genblk1.U_WRAP_ALIGN/n1593 (net)              2         0.00                0.00       0.55 r
  genblk1.U_WRAP_ALIGN/U2053/Y (AOI2BB2XL)                          0.03      0.04       0.59 f
  genblk1.U_WRAP_ALIGN/n114 (net)               1         0.00                0.00       0.59 f
  genblk1.U_WRAP_ALIGN/wwrap_buffer_reg[112]/D (DFFRQXL)            0.03      0.00       0.59 f
  data arrival time                                                                      0.59

  clock aclk (rise edge)                                                      0.00       0.00
  clock network delay (ideal)                                                 0.00       0.00
  clock uncertainty                                                           0.10       0.10
  genblk1.U_WRAP_ALIGN/wwrap_buffer_reg[112]/CK (DFFRQXL)                     0.00       0.10 r
  library hold time                                                           0.03       0.13
  data required time                                                                     0.13
  ----------------------------------------------------------------------------------------------
  data required time                                                                     0.13
  data arrival time                                                                     -0.59
  ----------------------------------------------------------------------------------------------
  slack (MET)                                                                            0.46


  Startpoint: rknp_rxreq_data[111]
              (input port clocked by aclk)
  Endpoint: genblk1.U_WRAP_ALIGN/wwrap_buffer_reg[111]
            (rising edge-triggered flip-flop clocked by aclk)
  Path Group: IN2REG
  Path Type: min

  Point                                       Fanout       Cap     Trans      Incr       Path
  ----------------------------------------------------------------------------------------------
  clock aclk (rise edge)                                                      0.00       0.00
  clock network delay (ideal)                                                 0.00       0.00
  input external delay                                                        0.50       0.50 f
  rknp_rxreq_data[111] (in)                                         0.20      0.00       0.50 f
  rknp_rxreq_data[111] (net)                    5         0.01                0.00       0.50 f
  genblk1.U_WRAP_ALIGN/rknp_xx2wa_data[111] (wrap_align_REQ_HEAD_LEN_OFFSET102_ADDR_WITH32_REQ_OPC_OFFSET43_REQ_STATUS_OFFSET47_REQ_LEN_OFFSET49_REQ_ADDR_OFFSET57_REQ_USER_OFFSET89_NBYTEPERWORD8_REQ_FLIT_WITH175_RWRAP_CNT_MAX4_DLY0_0)
                                                                              0.00       0.50 f
  genblk1.U_WRAP_ALIGN/rknp_xx2wa_data[111] (net)         0.01                0.00       0.50 f
  genblk1.U_WRAP_ALIGN/U844/Y (INVXL)                               0.06      0.05       0.55 r
  genblk1.U_WRAP_ALIGN/n1060 (net)              2         0.00                0.00       0.55 r
  genblk1.U_WRAP_ALIGN/U1519/Y (AOI2BB2XL)                          0.03      0.04       0.59 f
  genblk1.U_WRAP_ALIGN/n113 (net)               1         0.00                0.00       0.59 f
  genblk1.U_WRAP_ALIGN/wwrap_buffer_reg[111]/D (DFFRQXL)            0.03      0.00       0.59 f
  data arrival time                                                                      0.59

  clock aclk (rise edge)                                                      0.00       0.00
  clock network delay (ideal)                                                 0.00       0.00
  clock uncertainty                                                           0.10       0.10
  genblk1.U_WRAP_ALIGN/wwrap_buffer_reg[111]/CK (DFFRQXL)                     0.00       0.10 r
  library hold time                                                           0.03       0.13
  data required time                                                                     0.13
  ----------------------------------------------------------------------------------------------
  data required time                                                                     0.13
  data arrival time                                                                     -0.59
  ----------------------------------------------------------------------------------------------
  slack (MET)                                                                            0.46


  Startpoint: rknp_rxreq_data[110]
              (input port clocked by aclk)
  Endpoint: genblk1.U_WRAP_ALIGN/wwrap_buffer_reg[110]
            (rising edge-triggered flip-flop clocked by aclk)
  Path Group: IN2REG
  Path Type: min

  Point                                       Fanout       Cap     Trans      Incr       Path
  ----------------------------------------------------------------------------------------------
  clock aclk (rise edge)                                                      0.00       0.00
  clock network delay (ideal)                                                 0.00       0.00
  input external delay                                                        0.50       0.50 f
  rknp_rxreq_data[110] (in)                                         0.20      0.00       0.50 f
  rknp_rxreq_data[110] (net)                    5         0.01                0.00       0.50 f
  genblk1.U_WRAP_ALIGN/rknp_xx2wa_data[110] (wrap_align_REQ_HEAD_LEN_OFFSET102_ADDR_WITH32_REQ_OPC_OFFSET43_REQ_STATUS_OFFSET47_REQ_LEN_OFFSET49_REQ_ADDR_OFFSET57_REQ_USER_OFFSET89_NBYTEPERWORD8_REQ_FLIT_WITH175_RWRAP_CNT_MAX4_DLY0_0)
                                                                              0.00       0.50 f
  genblk1.U_WRAP_ALIGN/rknp_xx2wa_data[110] (net)         0.01                0.00       0.50 f
  genblk1.U_WRAP_ALIGN/U797/Y (INVXL)                               0.06      0.05       0.55 r
  genblk1.U_WRAP_ALIGN/n1592 (net)              2         0.00                0.00       0.55 r
  genblk1.U_WRAP_ALIGN/U2052/Y (AOI2BB2XL)                          0.03      0.04       0.59 f
  genblk1.U_WRAP_ALIGN/n112 (net)               1         0.00                0.00       0.59 f
  genblk1.U_WRAP_ALIGN/wwrap_buffer_reg[110]/D (DFFRQXL)            0.03      0.00       0.59 f
  data arrival time                                                                      0.59

  clock aclk (rise edge)                                                      0.00       0.00
  clock network delay (ideal)                                                 0.00       0.00
  clock uncertainty                                                           0.10       0.10
  genblk1.U_WRAP_ALIGN/wwrap_buffer_reg[110]/CK (DFFRQXL)                     0.00       0.10 r
  library hold time                                                           0.03       0.13
  data required time                                                                     0.13
  ----------------------------------------------------------------------------------------------
  data required time                                                                     0.13
  data arrival time                                                                     -0.59
  ----------------------------------------------------------------------------------------------
  slack (MET)                                                                            0.46


  Startpoint: rknp_rxreq_data[169]
              (input port clocked by aclk)
  Endpoint: genblk1.U_WRAP_ALIGN/wwrap_buffer_reg[169]
            (rising edge-triggered flip-flop clocked by aclk)
  Path Group: IN2REG
  Path Type: min

  Point                                       Fanout       Cap     Trans      Incr       Path
  ----------------------------------------------------------------------------------------------
  clock aclk (rise edge)                                                      0.00       0.00
  clock network delay (ideal)                                                 0.00       0.00
  input external delay                                                        0.50       0.50 f
  rknp_rxreq_data[169] (in)                                         0.20      0.00       0.50 f
  rknp_rxreq_data[169] (net)                    3         0.00                0.00       0.50 f
  genblk1.U_WRAP_ALIGN/rknp_xx2wa_data[169] (wrap_align_REQ_HEAD_LEN_OFFSET102_ADDR_WITH32_REQ_OPC_OFFSET43_REQ_STATUS_OFFSET47_REQ_LEN_OFFSET49_REQ_ADDR_OFFSET57_REQ_USER_OFFSET89_NBYTEPERWORD8_REQ_FLIT_WITH175_RWRAP_CNT_MAX4_DLY0_0)
                                                                              0.00       0.50 f
  genblk1.U_WRAP_ALIGN/rknp_xx2wa_data[169] (net)         0.00                0.00       0.50 f
  genblk1.U_WRAP_ALIGN/U1512/Y (INVXL)                              0.06      0.05       0.55 r
  genblk1.U_WRAP_ALIGN/n2569 (net)              2         0.00                0.00       0.55 r
  genblk1.U_WRAP_ALIGN/U1513/Y (AOI2BB2XL)                          0.03      0.04       0.59 f
  genblk1.U_WRAP_ALIGN/n171 (net)               1         0.00                0.00       0.59 f
  genblk1.U_WRAP_ALIGN/wwrap_buffer_reg[169]/D (DFFRQXL)            0.03      0.00       0.59 f
  data arrival time                                                                      0.59

  clock aclk (rise edge)                                                      0.00       0.00
  clock network delay (ideal)                                                 0.00       0.00
  clock uncertainty                                                           0.10       0.10
  genblk1.U_WRAP_ALIGN/wwrap_buffer_reg[169]/CK (DFFRQXL)                     0.00       0.10 r
  library hold time                                                           0.03       0.13
  data required time                                                                     0.13
  ----------------------------------------------------------------------------------------------
  data required time                                                                     0.13
  data arrival time                                                                     -0.59
  ----------------------------------------------------------------------------------------------
  slack (MET)                                                                            0.46


  Startpoint: rknp_rxreq_data[168]
              (input port clocked by aclk)
  Endpoint: genblk1.U_WRAP_ALIGN/wwrap_buffer_reg[168]
            (rising edge-triggered flip-flop clocked by aclk)
  Path Group: IN2REG
  Path Type: min

  Point                                       Fanout       Cap     Trans      Incr       Path
  ----------------------------------------------------------------------------------------------
  clock aclk (rise edge)                                                      0.00       0.00
  clock network delay (ideal)                                                 0.00       0.00
  input external delay                                                        0.50       0.50 f
  rknp_rxreq_data[168] (in)                                         0.20      0.00       0.50 f
  rknp_rxreq_data[168] (net)                    3         0.00                0.00       0.50 f
  genblk1.U_WRAP_ALIGN/rknp_xx2wa_data[168] (wrap_align_REQ_HEAD_LEN_OFFSET102_ADDR_WITH32_REQ_OPC_OFFSET43_REQ_STATUS_OFFSET47_REQ_LEN_OFFSET49_REQ_ADDR_OFFSET57_REQ_USER_OFFSET89_NBYTEPERWORD8_REQ_FLIT_WITH175_RWRAP_CNT_MAX4_DLY0_0)
                                                                              0.00       0.50 f
  genblk1.U_WRAP_ALIGN/rknp_xx2wa_data[168] (net)         0.00                0.00       0.50 f
  genblk1.U_WRAP_ALIGN/U2063/Y (INVXL)                              0.06      0.05       0.55 r
  genblk1.U_WRAP_ALIGN/n2553 (net)              2         0.00                0.00       0.55 r
  genblk1.U_WRAP_ALIGN/U2064/Y (AOI2BB2XL)                          0.03      0.04       0.59 f
  genblk1.U_WRAP_ALIGN/n170 (net)               1         0.00                0.00       0.59 f
  genblk1.U_WRAP_ALIGN/wwrap_buffer_reg[168]/D (DFFRQXL)            0.03      0.00       0.59 f
  data arrival time                                                                      0.59

  clock aclk (rise edge)                                                      0.00       0.00
  clock network delay (ideal)                                                 0.00       0.00
  clock uncertainty                                                           0.10       0.10
  genblk1.U_WRAP_ALIGN/wwrap_buffer_reg[168]/CK (DFFRQXL)                     0.00       0.10 r
  library hold time                                                           0.03       0.13
  data required time                                                                     0.13
  ----------------------------------------------------------------------------------------------
  data required time                                                                     0.13
  data arrival time                                                                     -0.59
  ----------------------------------------------------------------------------------------------
  slack (MET)                                                                            0.46


  Startpoint: rknp_rxreq_data[167]
              (input port clocked by aclk)
  Endpoint: genblk1.U_WRAP_ALIGN/wwrap_buffer_reg[167]
            (rising edge-triggered flip-flop clocked by aclk)
  Path Group: IN2REG
  Path Type: min

  Point                                       Fanout       Cap     Trans      Incr       Path
  ----------------------------------------------------------------------------------------------
  clock aclk (rise edge)                                                      0.00       0.00
  clock network delay (ideal)                                                 0.00       0.00
  input external delay                                                        0.50       0.50 f
  rknp_rxreq_data[167] (in)                                         0.20      0.00       0.50 f
  rknp_rxreq_data[167] (net)                    3         0.00                0.00       0.50 f
  genblk1.U_WRAP_ALIGN/rknp_xx2wa_data[167] (wrap_align_REQ_HEAD_LEN_OFFSET102_ADDR_WITH32_REQ_OPC_OFFSET43_REQ_STATUS_OFFSET47_REQ_LEN_OFFSET49_REQ_ADDR_OFFSET57_REQ_USER_OFFSET89_NBYTEPERWORD8_REQ_FLIT_WITH175_RWRAP_CNT_MAX4_DLY0_0)
                                                                              0.00       0.50 f
  genblk1.U_WRAP_ALIGN/rknp_xx2wa_data[167] (net)         0.00                0.00       0.50 f
  genblk1.U_WRAP_ALIGN/U2056/Y (INVXL)                              0.06      0.05       0.55 r
  genblk1.U_WRAP_ALIGN/n2538 (net)              2         0.00                0.00       0.55 r
  genblk1.U_WRAP_ALIGN/U2057/Y (AOI2BB2XL)                          0.03      0.04       0.59 f
  genblk1.U_WRAP_ALIGN/n169 (net)               1         0.00                0.00       0.59 f
  genblk1.U_WRAP_ALIGN/wwrap_buffer_reg[167]/D (DFFRQXL)            0.03      0.00       0.59 f
  data arrival time                                                                      0.59

  clock aclk (rise edge)                                                      0.00       0.00
  clock network delay (ideal)                                                 0.00       0.00
  clock uncertainty                                                           0.10       0.10
  genblk1.U_WRAP_ALIGN/wwrap_buffer_reg[167]/CK (DFFRQXL)                     0.00       0.10 r
  library hold time                                                           0.03       0.13
  data required time                                                                     0.13
  ----------------------------------------------------------------------------------------------
  data required time                                                                     0.13
  data arrival time                                                                     -0.59
  ----------------------------------------------------------------------------------------------
  slack (MET)                                                                            0.46


  Startpoint: rknp_rxreq_data[161]
              (input port clocked by aclk)
  Endpoint: genblk1.U_WRAP_ALIGN/wwrap_buffer_reg[161]
            (rising edge-triggered flip-flop clocked by aclk)
  Path Group: IN2REG
  Path Type: min

  Point                                       Fanout       Cap     Trans      Incr       Path
  ----------------------------------------------------------------------------------------------
  clock aclk (rise edge)                                                      0.00       0.00
  clock network delay (ideal)                                                 0.00       0.00
  input external delay                                                        0.50       0.50 f
  rknp_rxreq_data[161] (in)                                         0.20      0.00       0.50 f
  rknp_rxreq_data[161] (net)                    5         0.01                0.00       0.50 f
  genblk1.U_WRAP_ALIGN/rknp_xx2wa_data[161] (wrap_align_REQ_HEAD_LEN_OFFSET102_ADDR_WITH32_REQ_OPC_OFFSET43_REQ_STATUS_OFFSET47_REQ_LEN_OFFSET49_REQ_ADDR_OFFSET57_REQ_USER_OFFSET89_NBYTEPERWORD8_REQ_FLIT_WITH175_RWRAP_CNT_MAX4_DLY0_0)
                                                                              0.00       0.50 f
  genblk1.U_WRAP_ALIGN/rknp_xx2wa_data[161] (net)         0.01                0.00       0.50 f
  genblk1.U_WRAP_ALIGN/U1176/Y (INVXL)                              0.06      0.05       0.55 r
  genblk1.U_WRAP_ALIGN/n1595 (net)              2         0.00                0.00       0.55 r
  genblk1.U_WRAP_ALIGN/U2062/Y (AOI2BB2XL)                          0.03      0.04       0.59 f
  genblk1.U_WRAP_ALIGN/n163 (net)               1         0.00                0.00       0.59 f
  genblk1.U_WRAP_ALIGN/wwrap_buffer_reg[161]/D (DFFRQXL)            0.03      0.00       0.59 f
  data arrival time                                                                      0.59

  clock aclk (rise edge)                                                      0.00       0.00
  clock network delay (ideal)                                                 0.00       0.00
  clock uncertainty                                                           0.10       0.10
  genblk1.U_WRAP_ALIGN/wwrap_buffer_reg[161]/CK (DFFRQXL)                     0.00       0.10 r
  library hold time                                                           0.03       0.13
  data required time                                                                     0.13
  ----------------------------------------------------------------------------------------------
  data required time                                                                     0.13
  data arrival time                                                                     -0.59
  ----------------------------------------------------------------------------------------------
  slack (MET)                                                                            0.46


  Startpoint: axi_m_rlast
              (input port clocked by aclk)
  Endpoint: genblk2.U_RSP_TRANS/rbuf1_rlast_reg
            (rising edge-triggered flip-flop clocked by aclk)
  Path Group: IN2REG
  Path Type: min

  Point                                       Fanout       Cap     Trans      Incr       Path
  ----------------------------------------------------------------------------------------------
  clock aclk (rise edge)                                                      0.00       0.00
  clock network delay (ideal)                                                 0.00       0.00
  input external delay                                                        0.50       0.50 f
  axi_m_rlast (in)                                                  0.20      0.00       0.50 f
  axi_m_rlast (net)                             2         0.00                0.00       0.50 f
  genblk2.U_RSP_TRANS/axi_m_rlast (rsp_trans_AXID_WITH4_USER_WITH10_NBYTEPERWORD8_AUSER_WITH1_DLY0_0)
                                                                              0.00       0.50 f
  genblk2.U_RSP_TRANS/axi_m_rlast (net)                   0.00                0.00       0.50 f
  genblk2.U_RSP_TRANS/U62/Y (INVXL)                                 0.06      0.06       0.56 r
  genblk2.U_RSP_TRANS/n172 (net)                2         0.00                0.00       0.56 r
  genblk2.U_RSP_TRANS/U65/Y (AOI2BB2XL)                             0.03      0.04       0.59 f
  genblk2.U_RSP_TRANS/n166 (net)                1         0.00                0.00       0.59 f
  genblk2.U_RSP_TRANS/rbuf1_rlast_reg/D (DFFRQXL)                   0.03      0.00       0.59 f
  data arrival time                                                                      0.59

  clock aclk (rise edge)                                                      0.00       0.00
  clock network delay (ideal)                                                 0.00       0.00
  clock uncertainty                                                           0.10       0.10
  genblk2.U_RSP_TRANS/rbuf1_rlast_reg/CK (DFFRQXL)                            0.00       0.10 r
  library hold time                                                           0.03       0.13
  data required time                                                                     0.13
  ----------------------------------------------------------------------------------------------
  data required time                                                                     0.13
  data arrival time                                                                     -0.59
  ----------------------------------------------------------------------------------------------
  slack (MET)                                                                            0.46


  Startpoint: axi_m_rlast
              (input port clocked by aclk)
  Endpoint: genblk2.U_RSP_TRANS/prev_rbeat_last_reg
            (rising edge-triggered flip-flop clocked by aclk)
  Path Group: IN2REG
  Path Type: min

  Point                                       Fanout       Cap     Trans      Incr       Path
  ----------------------------------------------------------------------------------------------
  clock aclk (rise edge)                                                      0.00       0.00
  clock network delay (ideal)                                                 0.00       0.00
  input external delay                                                        0.50       0.50 f
  axi_m_rlast (in)                                                  0.20      0.00       0.50 f
  axi_m_rlast (net)                             2         0.00                0.00       0.50 f
  genblk2.U_RSP_TRANS/axi_m_rlast (rsp_trans_AXID_WITH4_USER_WITH10_NBYTEPERWORD8_AUSER_WITH1_DLY0_0)
                                                                              0.00       0.50 f
  genblk2.U_RSP_TRANS/axi_m_rlast (net)                   0.00                0.00       0.50 f
  genblk2.U_RSP_TRANS/U62/Y (INVXL)                                 0.06      0.06       0.56 r
  genblk2.U_RSP_TRANS/n172 (net)                2         0.00                0.00       0.56 r
  genblk2.U_RSP_TRANS/U63/Y (AOI2BB2XL)                             0.03      0.04       0.59 f
  genblk2.U_RSP_TRANS/n18 (net)                 1         0.00                0.00       0.59 f
  genblk2.U_RSP_TRANS/prev_rbeat_last_reg/D (DFFRQXL)               0.03      0.00       0.59 f
  data arrival time                                                                      0.59

  clock aclk (rise edge)                                                      0.00       0.00
  clock network delay (ideal)                                                 0.00       0.00
  clock uncertainty                                                           0.10       0.10
  genblk2.U_RSP_TRANS/prev_rbeat_last_reg/CK (DFFRQXL)                        0.00       0.10 r
  library hold time                                                           0.03       0.13
  data required time                                                                     0.13
  ----------------------------------------------------------------------------------------------
  data required time                                                                     0.13
  data arrival time                                                                     -0.59
  ----------------------------------------------------------------------------------------------
  slack (MET)                                                                            0.46


  Startpoint: rknp_rxreq_data[170]
              (input port clocked by aclk)
  Endpoint: genblk1.U_WRAP_ALIGN/wwrap_buffer_reg[170]
            (rising edge-triggered flip-flop clocked by aclk)
  Path Group: IN2REG
  Path Type: min

  Point                                       Fanout       Cap     Trans      Incr       Path
  ----------------------------------------------------------------------------------------------
  clock aclk (rise edge)                                                      0.00       0.00
  clock network delay (ideal)                                                 0.00       0.00
  input external delay                                                        0.50       0.50 f
  rknp_rxreq_data[170] (in)                                         0.20      0.00       0.50 f
  rknp_rxreq_data[170] (net)                    3         0.00                0.00       0.50 f
  genblk1.U_WRAP_ALIGN/rknp_xx2wa_data[170] (wrap_align_REQ_HEAD_LEN_OFFSET102_ADDR_WITH32_REQ_OPC_OFFSET43_REQ_STATUS_OFFSET47_REQ_LEN_OFFSET49_REQ_ADDR_OFFSET57_REQ_USER_OFFSET89_NBYTEPERWORD8_REQ_FLIT_WITH175_RWRAP_CNT_MAX4_DLY0_0)
                                                                              0.00       0.50 f
  genblk1.U_WRAP_ALIGN/rknp_xx2wa_data[170] (net)         0.00                0.00       0.50 f
  genblk1.U_WRAP_ALIGN/U1509/Y (INVXL)                              0.06      0.06       0.56 r
  genblk1.U_WRAP_ALIGN/n2591 (net)              2         0.00                0.00       0.56 r
  genblk1.U_WRAP_ALIGN/U1510/Y (AOI2BB2XL)                          0.03      0.04       0.59 f
  genblk1.U_WRAP_ALIGN/n172 (net)               1         0.00                0.00       0.59 f
  genblk1.U_WRAP_ALIGN/wwrap_buffer_reg[170]/D (DFFRQXL)            0.03      0.00       0.59 f
  data arrival time                                                                      0.59

  clock aclk (rise edge)                                                      0.00       0.00
  clock network delay (ideal)                                                 0.00       0.00
  clock uncertainty                                                           0.10       0.10
  genblk1.U_WRAP_ALIGN/wwrap_buffer_reg[170]/CK (DFFRQXL)                     0.00       0.10 r
  library hold time                                                           0.03       0.13
  data required time                                                                     0.13
  ----------------------------------------------------------------------------------------------
  data required time                                                                     0.13
  data arrival time                                                                     -0.59
  ----------------------------------------------------------------------------------------------
  slack (MET)                                                                            0.46


  Startpoint: rknp_rxreq_data[158]
              (input port clocked by aclk)
  Endpoint: genblk1.U_WRAP_ALIGN/wwrap_buffer_reg[158]
            (rising edge-triggered flip-flop clocked by aclk)
  Path Group: IN2REG
  Path Type: min

  Point                                       Fanout       Cap     Trans      Incr       Path
  ----------------------------------------------------------------------------------------------
  clock aclk (rise edge)                                                      0.00       0.00
  clock network delay (ideal)                                                 0.00       0.00
  input external delay                                                        0.50       0.50 f
  rknp_rxreq_data[158] (in)                                         0.20      0.00       0.50 f
  rknp_rxreq_data[158] (net)                    5         0.01                0.00       0.50 f
  genblk1.U_WRAP_ALIGN/rknp_xx2wa_data[158] (wrap_align_REQ_HEAD_LEN_OFFSET102_ADDR_WITH32_REQ_OPC_OFFSET43_REQ_STATUS_OFFSET47_REQ_LEN_OFFSET49_REQ_ADDR_OFFSET57_REQ_USER_OFFSET89_NBYTEPERWORD8_REQ_FLIT_WITH175_RWRAP_CNT_MAX4_DLY0_0)
                                                                              0.00       0.50 f
  genblk1.U_WRAP_ALIGN/rknp_xx2wa_data[158] (net)         0.01                0.00       0.50 f
  genblk1.U_WRAP_ALIGN/U1520/Y (INVXL)                              0.06      0.06       0.56 r
  genblk1.U_WRAP_ALIGN/n2398 (net)              2         0.00                0.00       0.56 r
  genblk1.U_WRAP_ALIGN/U1521/Y (AOI2BB2XL)                          0.03      0.04       0.59 f
  genblk1.U_WRAP_ALIGN/n160 (net)               1         0.00                0.00       0.59 f
  genblk1.U_WRAP_ALIGN/wwrap_buffer_reg[158]/D (DFFRQXL)            0.03      0.00       0.59 f
  data arrival time                                                                      0.59

  clock aclk (rise edge)                                                      0.00       0.00
  clock network delay (ideal)                                                 0.00       0.00
  clock uncertainty                                                           0.10       0.10
  genblk1.U_WRAP_ALIGN/wwrap_buffer_reg[158]/CK (DFFRQXL)                     0.00       0.10 r
  library hold time                                                           0.03       0.13
  data required time                                                                     0.13
  ----------------------------------------------------------------------------------------------
  data required time                                                                     0.13
  data arrival time                                                                     -0.59
  ----------------------------------------------------------------------------------------------
  slack (MET)                                                                            0.46


  Startpoint: rknp_rxreq_data[133]
              (input port clocked by aclk)
  Endpoint: genblk1.U_WRAP_ALIGN/wwrap_buffer_reg[133]
            (rising edge-triggered flip-flop clocked by aclk)
  Path Group: IN2REG
  Path Type: min

  Point                                       Fanout       Cap     Trans      Incr       Path
  ----------------------------------------------------------------------------------------------
  clock aclk (rise edge)                                                      0.00       0.00
  clock network delay (ideal)                                                 0.00       0.00
  input external delay                                                        0.50       0.50 f
  rknp_rxreq_data[133] (in)                                         0.20      0.00       0.50 f
  rknp_rxreq_data[133] (net)                    5         0.01                0.00       0.50 f
  genblk1.U_WRAP_ALIGN/rknp_xx2wa_data[133] (wrap_align_REQ_HEAD_LEN_OFFSET102_ADDR_WITH32_REQ_OPC_OFFSET43_REQ_STATUS_OFFSET47_REQ_LEN_OFFSET49_REQ_ADDR_OFFSET57_REQ_USER_OFFSET89_NBYTEPERWORD8_REQ_FLIT_WITH175_RWRAP_CNT_MAX4_DLY0_0)
                                                                              0.00       0.50 f
  genblk1.U_WRAP_ALIGN/rknp_xx2wa_data[133] (net)         0.01                0.00       0.50 f
  genblk1.U_WRAP_ALIGN/U1515/Y (INVXL)                              0.06      0.06       0.56 r
  genblk1.U_WRAP_ALIGN/n1227 (net)              2         0.00                0.00       0.56 r
  genblk1.U_WRAP_ALIGN/U1517/Y (AOI2BB2XL)                          0.03      0.04       0.59 f
  genblk1.U_WRAP_ALIGN/n135 (net)               1         0.00                0.00       0.59 f
  genblk1.U_WRAP_ALIGN/wwrap_buffer_reg[133]/D (DFFRQXL)            0.03      0.00       0.59 f
  data arrival time                                                                      0.59

  clock aclk (rise edge)                                                      0.00       0.00
  clock network delay (ideal)                                                 0.00       0.00
  clock uncertainty                                                           0.10       0.10
  genblk1.U_WRAP_ALIGN/wwrap_buffer_reg[133]/CK (DFFRQXL)                     0.00       0.10 r
  library hold time                                                           0.03       0.13
  data required time                                                                     0.13
  ----------------------------------------------------------------------------------------------
  data required time                                                                     0.13
  data arrival time                                                                     -0.59
  ----------------------------------------------------------------------------------------------
  slack (MET)                                                                            0.46


  Startpoint: rknp_rxreq_data[130]
              (input port clocked by aclk)
  Endpoint: genblk1.U_WRAP_ALIGN/wwrap_buffer_reg[130]
            (rising edge-triggered flip-flop clocked by aclk)
  Path Group: IN2REG
  Path Type: min

  Point                                       Fanout       Cap     Trans      Incr       Path
  ----------------------------------------------------------------------------------------------
  clock aclk (rise edge)                                                      0.00       0.00
  clock network delay (ideal)                                                 0.00       0.00
  input external delay                                                        0.50       0.50 f
  rknp_rxreq_data[130] (in)                                         0.20      0.00       0.50 f
  rknp_rxreq_data[130] (net)                    5         0.01                0.00       0.50 f
  genblk1.U_WRAP_ALIGN/rknp_xx2wa_data[130] (wrap_align_REQ_HEAD_LEN_OFFSET102_ADDR_WITH32_REQ_OPC_OFFSET43_REQ_STATUS_OFFSET47_REQ_LEN_OFFSET49_REQ_ADDR_OFFSET57_REQ_USER_OFFSET89_NBYTEPERWORD8_REQ_FLIT_WITH175_RWRAP_CNT_MAX4_DLY0_0)
                                                                              0.00       0.50 f
  genblk1.U_WRAP_ALIGN/rknp_xx2wa_data[130] (net)         0.01                0.00       0.50 f
  genblk1.U_WRAP_ALIGN/U2058/Y (INVXL)                              0.06      0.06       0.56 r
  genblk1.U_WRAP_ALIGN/n2052 (net)              2         0.00                0.00       0.56 r
  genblk1.U_WRAP_ALIGN/U2059/Y (AOI2BB2XL)                          0.03      0.04       0.59 f
  genblk1.U_WRAP_ALIGN/n132 (net)               1         0.00                0.00       0.59 f
  genblk1.U_WRAP_ALIGN/wwrap_buffer_reg[130]/D (DFFRQXL)            0.03      0.00       0.59 f
  data arrival time                                                                      0.59

  clock aclk (rise edge)                                                      0.00       0.00
  clock network delay (ideal)                                                 0.00       0.00
  clock uncertainty                                                           0.10       0.10
  genblk1.U_WRAP_ALIGN/wwrap_buffer_reg[130]/CK (DFFRQXL)                     0.00       0.10 r
  library hold time                                                           0.03       0.13
  data required time                                                                     0.13
  ----------------------------------------------------------------------------------------------
  data required time                                                                     0.13
  data arrival time                                                                     -0.59
  ----------------------------------------------------------------------------------------------
  slack (MET)                                                                            0.46


  Startpoint: rknp_rxreq_data[126]
              (input port clocked by aclk)
  Endpoint: genblk1.U_WRAP_ALIGN/wwrap_buffer_reg[126]
            (rising edge-triggered flip-flop clocked by aclk)
  Path Group: IN2REG
  Path Type: min

  Point                                       Fanout       Cap     Trans      Incr       Path
  ----------------------------------------------------------------------------------------------
  clock aclk (rise edge)                                                      0.00       0.00
  clock network delay (ideal)                                                 0.00       0.00
  input external delay                                                        0.50       0.50 f
  rknp_rxreq_data[126] (in)                                         0.20      0.00       0.50 f
  rknp_rxreq_data[126] (net)                    5         0.01                0.00       0.50 f
  genblk1.U_WRAP_ALIGN/rknp_xx2wa_data[126] (wrap_align_REQ_HEAD_LEN_OFFSET102_ADDR_WITH32_REQ_OPC_OFFSET43_REQ_STATUS_OFFSET47_REQ_LEN_OFFSET49_REQ_ADDR_OFFSET57_REQ_USER_OFFSET89_NBYTEPERWORD8_REQ_FLIT_WITH175_RWRAP_CNT_MAX4_DLY0_0)
                                                                              0.00       0.50 f
  genblk1.U_WRAP_ALIGN/rknp_xx2wa_data[126] (net)         0.01                0.00       0.50 f
  genblk1.U_WRAP_ALIGN/U213/Y (INVXL)                               0.06      0.06       0.56 r
  genblk1.U_WRAP_ALIGN/n2036 (net)              2         0.00                0.00       0.56 r
  genblk1.U_WRAP_ALIGN/U2054/Y (AOI2BB2XL)                          0.03      0.04       0.59 f
  genblk1.U_WRAP_ALIGN/n128 (net)               1         0.00                0.00       0.59 f
  genblk1.U_WRAP_ALIGN/wwrap_buffer_reg[126]/D (DFFRQXL)            0.03      0.00       0.59 f
  data arrival time                                                                      0.59

  clock aclk (rise edge)                                                      0.00       0.00
  clock network delay (ideal)                                                 0.00       0.00
  clock uncertainty                                                           0.10       0.10
  genblk1.U_WRAP_ALIGN/wwrap_buffer_reg[126]/CK (DFFRQXL)                     0.00       0.10 r
  library hold time                                                           0.03       0.13
  data required time                                                                     0.13
  ----------------------------------------------------------------------------------------------
  data required time                                                                     0.13
  data arrival time                                                                     -0.59
  ----------------------------------------------------------------------------------------------
  slack (MET)                                                                            0.46


  Startpoint: rknp_rxreq_data[109]
              (input port clocked by aclk)
  Endpoint: genblk1.U_WRAP_ALIGN/wwrap_buffer_reg[109]
            (rising edge-triggered flip-flop clocked by aclk)
  Path Group: IN2REG
  Path Type: min

  Point                                       Fanout       Cap     Trans      Incr       Path
  ----------------------------------------------------------------------------------------------
  clock aclk (rise edge)                                                      0.00       0.00
  clock network delay (ideal)                                                 0.00       0.00
  input external delay                                                        0.50       0.50 f
  rknp_rxreq_data[109] (in)                                         0.20      0.00       0.50 f
  rknp_rxreq_data[109] (net)                    5         0.01                0.00       0.50 f
  genblk1.U_WRAP_ALIGN/rknp_xx2wa_data[109] (wrap_align_REQ_HEAD_LEN_OFFSET102_ADDR_WITH32_REQ_OPC_OFFSET43_REQ_STATUS_OFFSET47_REQ_LEN_OFFSET49_REQ_ADDR_OFFSET57_REQ_USER_OFFSET89_NBYTEPERWORD8_REQ_FLIT_WITH175_RWRAP_CNT_MAX4_DLY0_0)
                                                                              0.00       0.50 f
  genblk1.U_WRAP_ALIGN/rknp_xx2wa_data[109] (net)         0.01                0.00       0.50 f
  genblk1.U_WRAP_ALIGN/U332/Y (INVXL)                               0.06      0.06       0.56 r
  genblk1.U_WRAP_ALIGN/n1594 (net)              2         0.00                0.00       0.56 r
  genblk1.U_WRAP_ALIGN/U2055/Y (AOI2BB2XL)                          0.03      0.04       0.59 f
  genblk1.U_WRAP_ALIGN/n111 (net)               1         0.00                0.00       0.59 f
  genblk1.U_WRAP_ALIGN/wwrap_buffer_reg[109]/D (DFFRQXL)            0.03      0.00       0.59 f
  data arrival time                                                                      0.59

  clock aclk (rise edge)                                                      0.00       0.00
  clock network delay (ideal)                                                 0.00       0.00
  clock uncertainty                                                           0.10       0.10
  genblk1.U_WRAP_ALIGN/wwrap_buffer_reg[109]/CK (DFFRQXL)                     0.00       0.10 r
  library hold time                                                           0.03       0.13
  data required time                                                                     0.13
  ----------------------------------------------------------------------------------------------
  data required time                                                                     0.13
  data arrival time                                                                     -0.59
  ----------------------------------------------------------------------------------------------
  slack (MET)                                                                            0.46


  Startpoint: rknp_rxreq_data[151]
              (input port clocked by aclk)
  Endpoint: genblk1.U_WRAP_ALIGN/wwrap_buffer_reg[151]
            (rising edge-triggered flip-flop clocked by aclk)
  Path Group: IN2REG
  Path Type: min

  Point                                       Fanout       Cap     Trans      Incr       Path
  ----------------------------------------------------------------------------------------------
  clock aclk (rise edge)                                                      0.00       0.00
  clock network delay (ideal)                                                 0.00       0.00
  input external delay                                                        0.50       0.50 f
  rknp_rxreq_data[151] (in)                                         0.20      0.00       0.50 f
  rknp_rxreq_data[151] (net)                    6         0.01                0.00       0.50 f
  genblk1.U_WRAP_ALIGN/rknp_xx2wa_data[151] (wrap_align_REQ_HEAD_LEN_OFFSET102_ADDR_WITH32_REQ_OPC_OFFSET43_REQ_STATUS_OFFSET47_REQ_LEN_OFFSET49_REQ_ADDR_OFFSET57_REQ_USER_OFFSET89_NBYTEPERWORD8_REQ_FLIT_WITH175_RWRAP_CNT_MAX4_DLY0_0)
                                                                              0.00       0.50 f
  genblk1.U_WRAP_ALIGN/rknp_xx2wa_data[151] (net)         0.01                0.00       0.50 f
  genblk1.U_WRAP_ALIGN/U1993/Y (AOI2BB2XL)                          0.03      0.09       0.59 f
  genblk1.U_WRAP_ALIGN/n153 (net)               1         0.00                0.00       0.59 f
  genblk1.U_WRAP_ALIGN/wwrap_buffer_reg[151]/D (DFFRQXL)            0.03      0.00       0.59 f
  data arrival time                                                                      0.59

  clock aclk (rise edge)                                                      0.00       0.00
  clock network delay (ideal)                                                 0.00       0.00
  clock uncertainty                                                           0.10       0.10
  genblk1.U_WRAP_ALIGN/wwrap_buffer_reg[151]/CK (DFFRQXL)                     0.00       0.10 r
  library hold time                                                           0.03       0.13
  data required time                                                                     0.13
  ----------------------------------------------------------------------------------------------
  data required time                                                                     0.13
  data arrival time                                                                     -0.59
  ----------------------------------------------------------------------------------------------
  slack (MET)                                                                            0.46


  Startpoint: rknp_rxreq_data[119]
              (input port clocked by aclk)
  Endpoint: genblk1.U_WRAP_ALIGN/wwrap_buffer_reg[119]
            (rising edge-triggered flip-flop clocked by aclk)
  Path Group: IN2REG
  Path Type: min

  Point                                       Fanout       Cap     Trans      Incr       Path
  ----------------------------------------------------------------------------------------------
  clock aclk (rise edge)                                                      0.00       0.00
  clock network delay (ideal)                                                 0.00       0.00
  input external delay                                                        0.50       0.50 f
  rknp_rxreq_data[119] (in)                                         0.20      0.00       0.50 f
  rknp_rxreq_data[119] (net)                    6         0.01                0.00       0.50 f
  genblk1.U_WRAP_ALIGN/rknp_xx2wa_data[119] (wrap_align_REQ_HEAD_LEN_OFFSET102_ADDR_WITH32_REQ_OPC_OFFSET43_REQ_STATUS_OFFSET47_REQ_LEN_OFFSET49_REQ_ADDR_OFFSET57_REQ_USER_OFFSET89_NBYTEPERWORD8_REQ_FLIT_WITH175_RWRAP_CNT_MAX4_DLY0_0)
                                                                              0.00       0.50 f
  genblk1.U_WRAP_ALIGN/rknp_xx2wa_data[119] (net)         0.01                0.00       0.50 f
  genblk1.U_WRAP_ALIGN/U1991/Y (AOI2BB2XL)                          0.03      0.09       0.59 f
  genblk1.U_WRAP_ALIGN/n121 (net)               1         0.00                0.00       0.59 f
  genblk1.U_WRAP_ALIGN/wwrap_buffer_reg[119]/D (DFFRQXL)            0.03      0.00       0.59 f
  data arrival time                                                                      0.59

  clock aclk (rise edge)                                                      0.00       0.00
  clock network delay (ideal)                                                 0.00       0.00
  clock uncertainty                                                           0.10       0.10
  genblk1.U_WRAP_ALIGN/wwrap_buffer_reg[119]/CK (DFFRQXL)                     0.00       0.10 r
  library hold time                                                           0.03       0.13
  data required time                                                                     0.13
  ----------------------------------------------------------------------------------------------
  data required time                                                                     0.13
  data arrival time                                                                     -0.59
  ----------------------------------------------------------------------------------------------
  slack (MET)                                                                            0.46


  Startpoint: rknp_rxreq_data[150]
              (input port clocked by aclk)
  Endpoint: genblk1.U_WRAP_ALIGN/wwrap_buffer_reg[150]
            (rising edge-triggered flip-flop clocked by aclk)
  Path Group: IN2REG
  Path Type: min

  Point                                       Fanout       Cap     Trans      Incr       Path
  ----------------------------------------------------------------------------------------------
  clock aclk (rise edge)                                                      0.00       0.00
  clock network delay (ideal)                                                 0.00       0.00
  input external delay                                                        0.50       0.50 f
  rknp_rxreq_data[150] (in)                                         0.20      0.00       0.50 f
  rknp_rxreq_data[150] (net)                    6         0.01                0.00       0.50 f
  genblk1.U_WRAP_ALIGN/rknp_xx2wa_data[150] (wrap_align_REQ_HEAD_LEN_OFFSET102_ADDR_WITH32_REQ_OPC_OFFSET43_REQ_STATUS_OFFSET47_REQ_LEN_OFFSET49_REQ_ADDR_OFFSET57_REQ_USER_OFFSET89_NBYTEPERWORD8_REQ_FLIT_WITH175_RWRAP_CNT_MAX4_DLY0_0)
                                                                              0.00       0.50 f
  genblk1.U_WRAP_ALIGN/rknp_xx2wa_data[150] (net)         0.01                0.00       0.50 f
  genblk1.U_WRAP_ALIGN/U1992/Y (AOI2BB2XL)                          0.03      0.09       0.59 f
  genblk1.U_WRAP_ALIGN/n152 (net)               1         0.00                0.00       0.59 f
  genblk1.U_WRAP_ALIGN/wwrap_buffer_reg[150]/D (DFFRQXL)            0.03      0.00       0.59 f
  data arrival time                                                                      0.59

  clock aclk (rise edge)                                                      0.00       0.00
  clock network delay (ideal)                                                 0.00       0.00
  clock uncertainty                                                           0.10       0.10
  genblk1.U_WRAP_ALIGN/wwrap_buffer_reg[150]/CK (DFFRQXL)                     0.00       0.10 r
  library hold time                                                           0.03       0.13
  data required time                                                                     0.13
  ----------------------------------------------------------------------------------------------
  data required time                                                                     0.13
  data arrival time                                                                     -0.59
  ----------------------------------------------------------------------------------------------
  slack (MET)                                                                            0.46


  Startpoint: rknp_rxreq_data[165]
              (input port clocked by aclk)
  Endpoint: genblk1.U_WRAP_ALIGN/wwrap_buffer_reg[165]
            (rising edge-triggered flip-flop clocked by aclk)
  Path Group: IN2REG
  Path Type: min

  Point                                       Fanout       Cap     Trans      Incr       Path
  ----------------------------------------------------------------------------------------------
  clock aclk (rise edge)                                                      0.00       0.00
  clock network delay (ideal)                                                 0.00       0.00
  input external delay                                                        0.50       0.50 f
  rknp_rxreq_data[165] (in)                                         0.20      0.00       0.50 f
  rknp_rxreq_data[165] (net)                    5         0.01                0.00       0.50 f
  genblk1.U_WRAP_ALIGN/rknp_xx2wa_data[165] (wrap_align_REQ_HEAD_LEN_OFFSET102_ADDR_WITH32_REQ_OPC_OFFSET43_REQ_STATUS_OFFSET47_REQ_LEN_OFFSET49_REQ_ADDR_OFFSET57_REQ_USER_OFFSET89_NBYTEPERWORD8_REQ_FLIT_WITH175_RWRAP_CNT_MAX4_DLY0_0)
                                                                              0.00       0.50 f
  genblk1.U_WRAP_ALIGN/rknp_xx2wa_data[165] (net)         0.01                0.00       0.50 f
  genblk1.U_WRAP_ALIGN/U1987/Y (AOI2BB2XL)                          0.03      0.09       0.59 f
  genblk1.U_WRAP_ALIGN/n167 (net)               1         0.00                0.00       0.59 f
  genblk1.U_WRAP_ALIGN/wwrap_buffer_reg[165]/D (DFFRQXL)            0.03      0.00       0.59 f
  data arrival time                                                                      0.59

  clock aclk (rise edge)                                                      0.00       0.00
  clock network delay (ideal)                                                 0.00       0.00
  clock uncertainty                                                           0.10       0.10
  genblk1.U_WRAP_ALIGN/wwrap_buffer_reg[165]/CK (DFFRQXL)                     0.00       0.10 r
  library hold time                                                           0.03       0.13
  data required time                                                                     0.13
  ----------------------------------------------------------------------------------------------
  data required time                                                                     0.13
  data arrival time                                                                     -0.59
  ----------------------------------------------------------------------------------------------
  slack (MET)                                                                            0.46


  Startpoint: U_WREQ_TRANS/head_aw_done_reg
              (rising edge-triggered flip-flop clocked by aclk)
  Endpoint: axi_m_awvalid
            (output port clocked by aclk)
  Path Group: REG2OUT
  Path Type: min

  Point                                       Fanout       Cap     Trans      Incr       Path
  ----------------------------------------------------------------------------------------------
  clock aclk (rise edge)                                                      0.00       0.00
  clock network delay (ideal)                                                 0.00       0.00
  U_WREQ_TRANS/head_aw_done_reg/CK (DFFRQXL)                        0.10      0.00 #     0.00 r
  U_WREQ_TRANS/head_aw_done_reg/Q (DFFRQXL)                         0.08      0.17       0.17 r
  U_WREQ_TRANS/head_aw_done (net)               3         0.01                0.00       0.17 r
  U_WREQ_TRANS/U7/Y (NOR3BX4)                                       0.08      0.06       0.24 f
  U_WREQ_TRANS/axi_m_awvalid (net)              2         0.05                0.00       0.24 f
  U_WREQ_TRANS/axi_m_awvalid (wreq_trans_URGE_WITH7_SUBR_WITH8_AXID_WITH4_LEN_WITH8_USER_WITH10_NBYTEPERWORD8_AADDR_WITH40_AUSER_WITH1_AQOS_WITH3_DLY0_0)
                                                                              0.00       0.24 f
  axi_m_awvalid (net)                                     0.05                0.00       0.24 f
  axi_m_awvalid (out)                                               0.08      0.00       0.24 f
  data arrival time                                                                      0.24

  clock aclk (rise edge)                                                      0.00       0.00
  clock network delay (ideal)                                                 0.00       0.00
  clock uncertainty                                                           0.10       0.10
  output external delay                                                       0.00       0.10
  data required time                                                                     0.10
  ----------------------------------------------------------------------------------------------
  data required time                                                                     0.10
  data arrival time                                                                     -0.24
  ----------------------------------------------------------------------------------------------
  slack (MET)                                                                            0.14


  Startpoint: genblk2.U_RSP_TRANS/bvalid_reg
              (rising edge-triggered flip-flop clocked by aclk)
  Endpoint: axi_m_bready
            (output port clocked by aclk)
  Path Group: REG2OUT
  Path Type: min

  Point                                       Fanout       Cap     Trans      Incr       Path
  ----------------------------------------------------------------------------------------------
  clock aclk (rise edge)                                                      0.00       0.00
  clock network delay (ideal)                                                 0.00       0.00
  genblk2.U_RSP_TRANS/bvalid_reg/CK (DFFRQXL)                       0.10      0.00 #     0.00 r
  genblk2.U_RSP_TRANS/bvalid_reg/Q (DFFRQXL)                        0.07      0.16       0.16 r
  genblk2.U_RSP_TRANS/bvalid (net)              3         0.00                0.00       0.16 r
  genblk2.U_RSP_TRANS/U29/Y (NOR2X2)                                0.14      0.09       0.26 f
  genblk2.U_RSP_TRANS/axi_m_bready (net)        2         0.05                0.00       0.26 f
  genblk2.U_RSP_TRANS/axi_m_bready (rsp_trans_AXID_WITH4_USER_WITH10_NBYTEPERWORD8_AUSER_WITH1_DLY0_0)
                                                                              0.00       0.26 f
  axi_m_bready (net)                                      0.05                0.00       0.26 f
  axi_m_bready (out)                                                0.14      0.00       0.26 f
  data arrival time                                                                      0.26

  clock aclk (rise edge)                                                      0.00       0.00
  clock network delay (ideal)                                                 0.00       0.00
  clock uncertainty                                                           0.10       0.10
  output external delay                                                       0.00       0.10
  data required time                                                                     0.10
  ----------------------------------------------------------------------------------------------
  data required time                                                                     0.10
  data arrival time                                                                     -0.26
  ----------------------------------------------------------------------------------------------
  slack (MET)                                                                            0.16


  Startpoint: genblk2.U_RSP_TRANS/rbuf_count_reg[1]
              (rising edge-triggered flip-flop clocked by aclk)
  Endpoint: axi_m_rready
            (output port clocked by aclk)
  Path Group: REG2OUT
  Path Type: min

  Point                                       Fanout       Cap     Trans      Incr       Path
  ----------------------------------------------------------------------------------------------
  clock aclk (rise edge)                                                      0.00       0.00
  clock network delay (ideal)                                                 0.00       0.00
  genblk2.U_RSP_TRANS/rbuf_count_reg[1]/CK (DFFRQXL)                0.10      0.00 #     0.00 r
  genblk2.U_RSP_TRANS/rbuf_count_reg[1]/Q (DFFRQXL)                 0.07      0.17       0.17 r
  genblk2.U_RSP_TRANS/rbuf_count[1] (net)       4         0.01                0.00       0.17 r
  genblk2.U_RSP_TRANS/U25/Y (NOR2X2)                                0.14      0.10       0.26 f
  genblk2.U_RSP_TRANS/axi_m_rready (net)        2         0.05                0.00       0.26 f
  genblk2.U_RSP_TRANS/axi_m_rready (rsp_trans_AXID_WITH4_USER_WITH10_NBYTEPERWORD8_AUSER_WITH1_DLY0_0)
                                                                              0.00       0.26 f
  axi_m_rready (net)                                      0.05                0.00       0.26 f
  axi_m_rready (out)                                                0.14      0.00       0.26 f
  data arrival time                                                                      0.26

  clock aclk (rise edge)                                                      0.00       0.00
  clock network delay (ideal)                                                 0.00       0.00
  clock uncertainty                                                           0.10       0.10
  output external delay                                                       0.00       0.10
  data required time                                                                     0.10
  ----------------------------------------------------------------------------------------------
  data required time                                                                     0.10
  data arrival time                                                                     -0.26
  ----------------------------------------------------------------------------------------------
  slack (MET)                                                                            0.16


  Startpoint: U_WREQ_TRANS/head_w_done_reg
              (rising edge-triggered flip-flop clocked by aclk)
  Endpoint: axi_m_wvalid
            (output port clocked by aclk)
  Path Group: REG2OUT
  Path Type: min

  Point                                       Fanout       Cap     Trans      Incr       Path
  ----------------------------------------------------------------------------------------------
  clock aclk (rise edge)                                                      0.00       0.00
  clock network delay (ideal)                                                 0.00       0.00
  U_WREQ_TRANS/head_w_done_reg/CK (DFFRQXL)                         0.10      0.00 #     0.00 r
  U_WREQ_TRANS/head_w_done_reg/Q (DFFRQXL)                          0.06      0.16       0.16 r
  U_WREQ_TRANS/head_w_done (net)                3         0.00                0.00       0.16 r
  U_WREQ_TRANS/U3/Y (AOI21X2)                                       0.15      0.15       0.31 f
  U_WREQ_TRANS/axi_m_wvalid (net)               1         0.05                0.00       0.31 f
  U_WREQ_TRANS/axi_m_wvalid (wreq_trans_URGE_WITH7_SUBR_WITH8_AXID_WITH4_LEN_WITH8_USER_WITH10_NBYTEPERWORD8_AADDR_WITH40_AUSER_WITH1_AQOS_WITH3_DLY0_0)
                                                                              0.00       0.31 f
  axi_m_wvalid (net)                                      0.05                0.00       0.31 f
  axi_m_wvalid (out)                                                0.15      0.00       0.31 f
  data arrival time                                                                      0.31

  clock aclk (rise edge)                                                      0.00       0.00
  clock network delay (ideal)                                                 0.00       0.00
  clock uncertainty                                                           0.10       0.10
  output external delay                                                       0.00       0.10
  data required time                                                                     0.10
  ----------------------------------------------------------------------------------------------
  data required time                                                                     0.10
  data arrival time                                                                     -0.31
  ----------------------------------------------------------------------------------------------
  slack (MET)                                                                            0.21


  Startpoint: genblk1.U_WRAP_ADJUST/pending_rsp_head_reg[38]
              (rising edge-triggered flip-flop clocked by aclk)
  Endpoint: rknp_txrsp_data[38]
            (output port clocked by aclk)
  Path Group: REG2OUT
  Path Type: min

  Point                                       Fanout       Cap     Trans      Incr       Path
  ----------------------------------------------------------------------------------------------
  clock aclk (rise edge)                                                      0.00       0.00
  clock network delay (ideal)                                                 0.00       0.00
  genblk1.U_WRAP_ADJUST/pending_rsp_head_reg[38]/CK (DFFRQXL)       0.10      0.00 #     0.00 r
  genblk1.U_WRAP_ADJUST/pending_rsp_head_reg[38]/Q (DFFRQXL)        0.03      0.17       0.17 f
  genblk1.U_WRAP_ADJUST/pending_rsp_head[38] (net)
                                                1         0.00                0.00       0.17 f
  genblk1.U_WRAP_ADJUST/U180/Y (INVXL)                              0.05      0.03       0.20 r
  genblk1.U_WRAP_ADJUST/n2671 (net)             2         0.00                0.00       0.20 r
  genblk1.U_WRAP_ADJUST/U13/Y (AOI22X2)                             0.24      0.14       0.35 f
  genblk1.U_WRAP_ADJUST/wad2rknp_xx_data[38] (net)
                                                1         0.05                0.00       0.35 f
  genblk1.U_WRAP_ADJUST/wad2rknp_xx_data[38] (wrap_adjust_RSP_FLIT_WITH157_NBYTEPERWORD8_USER_WITH10_ADDR_WITH32_AXID_WITH4_RWRAP_CNT_MAX4_DLY0_0)
                                                                              0.00       0.35 f
  rknp_txrsp_data[38] (net)                               0.05                0.00       0.35 f
  rknp_txrsp_data[38] (out)                                         0.24      0.00       0.35 f
  data arrival time                                                                      0.35

  clock aclk (rise edge)                                                      0.00       0.00
  clock network delay (ideal)                                                 0.00       0.00
  clock uncertainty                                                           0.10       0.10
  output external delay                                                       0.00       0.10
  data required time                                                                     0.10
  ----------------------------------------------------------------------------------------------
  data required time                                                                     0.10
  data arrival time                                                                     -0.35
  ----------------------------------------------------------------------------------------------
  slack (MET)                                                                            0.25


  Startpoint: genblk1.U_WRAP_ADJUST/pending_rsp_head_reg[37]
              (rising edge-triggered flip-flop clocked by aclk)
  Endpoint: rknp_txrsp_data[37]
            (output port clocked by aclk)
  Path Group: REG2OUT
  Path Type: min

  Point                                       Fanout       Cap     Trans      Incr       Path
  ----------------------------------------------------------------------------------------------
  clock aclk (rise edge)                                                      0.00       0.00
  clock network delay (ideal)                                                 0.00       0.00
  genblk1.U_WRAP_ADJUST/pending_rsp_head_reg[37]/CK (DFFRQXL)       0.10      0.00 #     0.00 r
  genblk1.U_WRAP_ADJUST/pending_rsp_head_reg[37]/Q (DFFRQXL)        0.03      0.17       0.17 f
  genblk1.U_WRAP_ADJUST/pending_rsp_head[37] (net)
                                                1         0.00                0.00       0.17 f
  genblk1.U_WRAP_ADJUST/U1745/Y (INVXL)                             0.05      0.03       0.20 r
  genblk1.U_WRAP_ADJUST/n2669 (net)             2         0.00                0.00       0.20 r
  genblk1.U_WRAP_ADJUST/U12/Y (AOI22X2)                             0.24      0.14       0.35 f
  genblk1.U_WRAP_ADJUST/wad2rknp_xx_data[37] (net)
                                                1         0.05                0.00       0.35 f
  genblk1.U_WRAP_ADJUST/wad2rknp_xx_data[37] (wrap_adjust_RSP_FLIT_WITH157_NBYTEPERWORD8_USER_WITH10_ADDR_WITH32_AXID_WITH4_RWRAP_CNT_MAX4_DLY0_0)
                                                                              0.00       0.35 f
  rknp_txrsp_data[37] (net)                               0.05                0.00       0.35 f
  rknp_txrsp_data[37] (out)                                         0.24      0.00       0.35 f
  data arrival time                                                                      0.35

  clock aclk (rise edge)                                                      0.00       0.00
  clock network delay (ideal)                                                 0.00       0.00
  clock uncertainty                                                           0.10       0.10
  output external delay                                                       0.00       0.10
  data required time                                                                     0.10
  ----------------------------------------------------------------------------------------------
  data required time                                                                     0.10
  data arrival time                                                                     -0.35
  ----------------------------------------------------------------------------------------------
  slack (MET)                                                                            0.25


  Startpoint: genblk1.U_WRAP_ALIGN/rwrap_cnt_reg[2]
              (rising edge-triggered flip-flop clocked by aclk)
  Endpoint: rknp_rxreq_ready
            (output port clocked by aclk)
  Path Group: REG2OUT
  Path Type: min

  Point                                       Fanout       Cap     Trans      Incr       Path
  ----------------------------------------------------------------------------------------------
  clock aclk (rise edge)                                                      0.00       0.00
  clock network delay (ideal)                                                 0.00       0.00
  genblk1.U_WRAP_ALIGN/rwrap_cnt_reg[2]/CK (DFFRQXL)                0.10      0.00 #     0.00 r
  genblk1.U_WRAP_ALIGN/rwrap_cnt_reg[2]/Q (DFFRQXL)                 0.05      0.16       0.16 r
  genblk1.U_WRAP_ALIGN/rwrap_cnt[2] (net)       3         0.00                0.00       0.16 r
  genblk1.U_WRAP_ALIGN/U65/Y (AND4XL)                               0.07      0.11       0.26 r
  genblk1.U_WRAP_ALIGN/n242 (net)               3         0.00                0.00       0.26 r
  genblk1.U_WRAP_ALIGN/U105/Y (NOR2BX2)                             0.14      0.10       0.36 f
  genblk1.U_WRAP_ALIGN/wa2rknp_xx_ready (net)
                                                2         0.05                0.00       0.36 f
  genblk1.U_WRAP_ALIGN/wa2rknp_xx_ready (wrap_align_REQ_HEAD_LEN_OFFSET102_ADDR_WITH32_REQ_OPC_OFFSET43_REQ_STATUS_OFFSET47_REQ_LEN_OFFSET49_REQ_ADDR_OFFSET57_REQ_USER_OFFSET89_NBYTEPERWORD8_REQ_FLIT_WITH175_RWRAP_CNT_MAX4_DLY0_0)
                                                                              0.00       0.36 f
  rknp_rxreq_ready (net)                                  0.05                0.00       0.36 f
  rknp_rxreq_ready (out)                                            0.14      0.00       0.36 f
  data arrival time                                                                      0.36

  clock aclk (rise edge)                                                      0.00       0.00
  clock network delay (ideal)                                                 0.00       0.00
  clock uncertainty                                                           0.10       0.10
  output external delay                                                       0.00       0.10
  data required time                                                                     0.10
  ----------------------------------------------------------------------------------------------
  data required time                                                                     0.10
  data arrival time                                                                     -0.36
  ----------------------------------------------------------------------------------------------
  slack (MET)                                                                            0.26


  Startpoint: genblk1.U_WRAP_ADJUST/pending_rsp_head_reg[22]
              (rising edge-triggered flip-flop clocked by aclk)
  Endpoint: rknp_txrsp_data[22]
            (output port clocked by aclk)
  Path Group: REG2OUT
  Path Type: min

  Point                                       Fanout       Cap     Trans      Incr       Path
  ----------------------------------------------------------------------------------------------
  clock aclk (rise edge)                                                      0.00       0.00
  clock network delay (ideal)                                                 0.00       0.00
  genblk1.U_WRAP_ADJUST/pending_rsp_head_reg[22]/CK (DFFRQXL)       0.10      0.00 #     0.00 r
  genblk1.U_WRAP_ADJUST/pending_rsp_head_reg[22]/Q (DFFRQXL)        0.05      0.15       0.15 r
  genblk1.U_WRAP_ADJUST/pending_rsp_head[22] (net)
                                                2         0.00                0.00       0.15 r
  genblk1.U_WRAP_ADJUST/U1737/Y (MX2X1)                             0.35      0.23       0.38 r
  genblk1.U_WRAP_ADJUST/wad2rknp_xx_data[22] (net)
                                                1         0.05                0.00       0.38 r
  genblk1.U_WRAP_ADJUST/wad2rknp_xx_data[22] (wrap_adjust_RSP_FLIT_WITH157_NBYTEPERWORD8_USER_WITH10_ADDR_WITH32_AXID_WITH4_RWRAP_CNT_MAX4_DLY0_0)
                                                                              0.00       0.38 r
  rknp_txrsp_data[22] (net)                               0.05                0.00       0.38 r
  rknp_txrsp_data[22] (out)                                         0.35      0.00       0.38 r
  data arrival time                                                                      0.38

  clock aclk (rise edge)                                                      0.00       0.00
  clock network delay (ideal)                                                 0.00       0.00
  clock uncertainty                                                           0.10       0.10
  output external delay                                                       0.00       0.10
  data required time                                                                     0.10
  ----------------------------------------------------------------------------------------------
  data required time                                                                     0.10
  data arrival time                                                                     -0.38
  ----------------------------------------------------------------------------------------------
  slack (MET)                                                                            0.28


  Startpoint: genblk1.U_WRAP_ADJUST/pending_rsp_head_reg[21]
              (rising edge-triggered flip-flop clocked by aclk)
  Endpoint: rknp_txrsp_data[21]
            (output port clocked by aclk)
  Path Group: REG2OUT
  Path Type: min

  Point                                       Fanout       Cap     Trans      Incr       Path
  ----------------------------------------------------------------------------------------------
  clock aclk (rise edge)                                                      0.00       0.00
  clock network delay (ideal)                                                 0.00       0.00
  genblk1.U_WRAP_ADJUST/pending_rsp_head_reg[21]/CK (DFFRQXL)       0.10      0.00 #     0.00 r
  genblk1.U_WRAP_ADJUST/pending_rsp_head_reg[21]/Q (DFFRQXL)        0.05      0.15       0.15 r
  genblk1.U_WRAP_ADJUST/pending_rsp_head[21] (net)
                                                2         0.00                0.00       0.15 r
  genblk1.U_WRAP_ADJUST/U1730/Y (MX2X1)                             0.35      0.23       0.38 r
  genblk1.U_WRAP_ADJUST/wad2rknp_xx_data[21] (net)
                                                1         0.05                0.00       0.38 r
  genblk1.U_WRAP_ADJUST/wad2rknp_xx_data[21] (wrap_adjust_RSP_FLIT_WITH157_NBYTEPERWORD8_USER_WITH10_ADDR_WITH32_AXID_WITH4_RWRAP_CNT_MAX4_DLY0_0)
                                                                              0.00       0.38 r
  rknp_txrsp_data[21] (net)                               0.05                0.00       0.38 r
  rknp_txrsp_data[21] (out)                                         0.35      0.00       0.38 r
  data arrival time                                                                      0.38

  clock aclk (rise edge)                                                      0.00       0.00
  clock network delay (ideal)                                                 0.00       0.00
  clock uncertainty                                                           0.10       0.10
  output external delay                                                       0.00       0.10
  data required time                                                                     0.10
  ----------------------------------------------------------------------------------------------
  data required time                                                                     0.10
  data arrival time                                                                     -0.38
  ----------------------------------------------------------------------------------------------
  slack (MET)                                                                            0.28


  Startpoint: genblk1.U_WRAP_ADJUST/pending_rsp_head_reg[20]
              (rising edge-triggered flip-flop clocked by aclk)
  Endpoint: rknp_txrsp_data[20]
            (output port clocked by aclk)
  Path Group: REG2OUT
  Path Type: min

  Point                                       Fanout       Cap     Trans      Incr       Path
  ----------------------------------------------------------------------------------------------
  clock aclk (rise edge)                                                      0.00       0.00
  clock network delay (ideal)                                                 0.00       0.00
  genblk1.U_WRAP_ADJUST/pending_rsp_head_reg[20]/CK (DFFRQXL)       0.10      0.00 #     0.00 r
  genblk1.U_WRAP_ADJUST/pending_rsp_head_reg[20]/Q (DFFRQXL)        0.05      0.15       0.15 r
  genblk1.U_WRAP_ADJUST/pending_rsp_head[20] (net)
                                                2         0.00                0.00       0.15 r
  genblk1.U_WRAP_ADJUST/U1724/Y (MX2X1)                             0.35      0.23       0.38 r
  genblk1.U_WRAP_ADJUST/wad2rknp_xx_data[20] (net)
                                                1         0.05                0.00       0.38 r
  genblk1.U_WRAP_ADJUST/wad2rknp_xx_data[20] (wrap_adjust_RSP_FLIT_WITH157_NBYTEPERWORD8_USER_WITH10_ADDR_WITH32_AXID_WITH4_RWRAP_CNT_MAX4_DLY0_0)
                                                                              0.00       0.38 r
  rknp_txrsp_data[20] (net)                               0.05                0.00       0.38 r
  rknp_txrsp_data[20] (out)                                         0.35      0.00       0.38 r
  data arrival time                                                                      0.38

  clock aclk (rise edge)                                                      0.00       0.00
  clock network delay (ideal)                                                 0.00       0.00
  clock uncertainty                                                           0.10       0.10
  output external delay                                                       0.00       0.10
  data required time                                                                     0.10
  ----------------------------------------------------------------------------------------------
  data required time                                                                     0.10
  data arrival time                                                                     -0.38
  ----------------------------------------------------------------------------------------------
  slack (MET)                                                                            0.28


  Startpoint: genblk1.U_WRAP_ADJUST/pending_rsp_head_reg[19]
              (rising edge-triggered flip-flop clocked by aclk)
  Endpoint: rknp_txrsp_data[19]
            (output port clocked by aclk)
  Path Group: REG2OUT
  Path Type: min

  Point                                       Fanout       Cap     Trans      Incr       Path
  ----------------------------------------------------------------------------------------------
  clock aclk (rise edge)                                                      0.00       0.00
  clock network delay (ideal)                                                 0.00       0.00
  genblk1.U_WRAP_ADJUST/pending_rsp_head_reg[19]/CK (DFFRQXL)       0.10      0.00 #     0.00 r
  genblk1.U_WRAP_ADJUST/pending_rsp_head_reg[19]/Q (DFFRQXL)        0.05      0.15       0.15 r
  genblk1.U_WRAP_ADJUST/pending_rsp_head[19] (net)
                                                2         0.00                0.00       0.15 r
  genblk1.U_WRAP_ADJUST/U1726/Y (MX2X1)                             0.35      0.23       0.38 r
  genblk1.U_WRAP_ADJUST/wad2rknp_xx_data[19] (net)
                                                1         0.05                0.00       0.38 r
  genblk1.U_WRAP_ADJUST/wad2rknp_xx_data[19] (wrap_adjust_RSP_FLIT_WITH157_NBYTEPERWORD8_USER_WITH10_ADDR_WITH32_AXID_WITH4_RWRAP_CNT_MAX4_DLY0_0)
                                                                              0.00       0.38 r
  rknp_txrsp_data[19] (net)                               0.05                0.00       0.38 r
  rknp_txrsp_data[19] (out)                                         0.35      0.00       0.38 r
  data arrival time                                                                      0.38

  clock aclk (rise edge)                                                      0.00       0.00
  clock network delay (ideal)                                                 0.00       0.00
  clock uncertainty                                                           0.10       0.10
  output external delay                                                       0.00       0.10
  data required time                                                                     0.10
  ----------------------------------------------------------------------------------------------
  data required time                                                                     0.10
  data arrival time                                                                     -0.38
  ----------------------------------------------------------------------------------------------
  slack (MET)                                                                            0.28


  Startpoint: genblk1.U_WRAP_ADJUST/pending_rsp_head_reg[18]
              (rising edge-triggered flip-flop clocked by aclk)
  Endpoint: rknp_txrsp_data[18]
            (output port clocked by aclk)
  Path Group: REG2OUT
  Path Type: min

  Point                                       Fanout       Cap     Trans      Incr       Path
  ----------------------------------------------------------------------------------------------
  clock aclk (rise edge)                                                      0.00       0.00
  clock network delay (ideal)                                                 0.00       0.00
  genblk1.U_WRAP_ADJUST/pending_rsp_head_reg[18]/CK (DFFRQXL)       0.10      0.00 #     0.00 r
  genblk1.U_WRAP_ADJUST/pending_rsp_head_reg[18]/Q (DFFRQXL)        0.05      0.15       0.15 r
  genblk1.U_WRAP_ADJUST/pending_rsp_head[18] (net)
                                                2         0.00                0.00       0.15 r
  genblk1.U_WRAP_ADJUST/U1727/Y (MX2X1)                             0.35      0.23       0.38 r
  genblk1.U_WRAP_ADJUST/wad2rknp_xx_data[18] (net)
                                                1         0.05                0.00       0.38 r
  genblk1.U_WRAP_ADJUST/wad2rknp_xx_data[18] (wrap_adjust_RSP_FLIT_WITH157_NBYTEPERWORD8_USER_WITH10_ADDR_WITH32_AXID_WITH4_RWRAP_CNT_MAX4_DLY0_0)
                                                                              0.00       0.38 r
  rknp_txrsp_data[18] (net)                               0.05                0.00       0.38 r
  rknp_txrsp_data[18] (out)                                         0.35      0.00       0.38 r
  data arrival time                                                                      0.38

  clock aclk (rise edge)                                                      0.00       0.00
  clock network delay (ideal)                                                 0.00       0.00
  clock uncertainty                                                           0.10       0.10
  output external delay                                                       0.00       0.10
  data required time                                                                     0.10
  ----------------------------------------------------------------------------------------------
  data required time                                                                     0.10
  data arrival time                                                                     -0.38
  ----------------------------------------------------------------------------------------------
  slack (MET)                                                                            0.28


  Startpoint: genblk1.U_WRAP_ADJUST/pending_rsp_head_reg[17]
              (rising edge-triggered flip-flop clocked by aclk)
  Endpoint: rknp_txrsp_data[17]
            (output port clocked by aclk)
  Path Group: REG2OUT
  Path Type: min

  Point                                       Fanout       Cap     Trans      Incr       Path
  ----------------------------------------------------------------------------------------------
  clock aclk (rise edge)                                                      0.00       0.00
  clock network delay (ideal)                                                 0.00       0.00
  genblk1.U_WRAP_ADJUST/pending_rsp_head_reg[17]/CK (DFFRQXL)       0.10      0.00 #     0.00 r
  genblk1.U_WRAP_ADJUST/pending_rsp_head_reg[17]/Q (DFFRQXL)        0.05      0.15       0.15 r
  genblk1.U_WRAP_ADJUST/pending_rsp_head[17] (net)
                                                2         0.00                0.00       0.15 r
  genblk1.U_WRAP_ADJUST/U1739/Y (MX2X1)                             0.35      0.23       0.38 r
  genblk1.U_WRAP_ADJUST/wad2rknp_xx_data[17] (net)
                                                1         0.05                0.00       0.38 r
  genblk1.U_WRAP_ADJUST/wad2rknp_xx_data[17] (wrap_adjust_RSP_FLIT_WITH157_NBYTEPERWORD8_USER_WITH10_ADDR_WITH32_AXID_WITH4_RWRAP_CNT_MAX4_DLY0_0)
                                                                              0.00       0.38 r
  rknp_txrsp_data[17] (net)                               0.05                0.00       0.38 r
  rknp_txrsp_data[17] (out)                                         0.35      0.00       0.38 r
  data arrival time                                                                      0.38

  clock aclk (rise edge)                                                      0.00       0.00
  clock network delay (ideal)                                                 0.00       0.00
  clock uncertainty                                                           0.10       0.10
  output external delay                                                       0.00       0.10
  data required time                                                                     0.10
  ----------------------------------------------------------------------------------------------
  data required time                                                                     0.10
  data arrival time                                                                     -0.38
  ----------------------------------------------------------------------------------------------
  slack (MET)                                                                            0.28


  Startpoint: genblk1.U_WRAP_ADJUST/pending_rsp_head_reg[16]
              (rising edge-triggered flip-flop clocked by aclk)
  Endpoint: rknp_txrsp_data[16]
            (output port clocked by aclk)
  Path Group: REG2OUT
  Path Type: min

  Point                                       Fanout       Cap     Trans      Incr       Path
  ----------------------------------------------------------------------------------------------
  clock aclk (rise edge)                                                      0.00       0.00
  clock network delay (ideal)                                                 0.00       0.00
  genblk1.U_WRAP_ADJUST/pending_rsp_head_reg[16]/CK (DFFRQXL)       0.10      0.00 #     0.00 r
  genblk1.U_WRAP_ADJUST/pending_rsp_head_reg[16]/Q (DFFRQXL)        0.05      0.15       0.15 r
  genblk1.U_WRAP_ADJUST/pending_rsp_head[16] (net)
                                                2         0.00                0.00       0.15 r
  genblk1.U_WRAP_ADJUST/U1736/Y (MX2X1)                             0.35      0.23       0.38 r
  genblk1.U_WRAP_ADJUST/wad2rknp_xx_data[16] (net)
                                                1         0.05                0.00       0.38 r
  genblk1.U_WRAP_ADJUST/wad2rknp_xx_data[16] (wrap_adjust_RSP_FLIT_WITH157_NBYTEPERWORD8_USER_WITH10_ADDR_WITH32_AXID_WITH4_RWRAP_CNT_MAX4_DLY0_0)
                                                                              0.00       0.38 r
  rknp_txrsp_data[16] (net)                               0.05                0.00       0.38 r
  rknp_txrsp_data[16] (out)                                         0.35      0.00       0.38 r
  data arrival time                                                                      0.38

  clock aclk (rise edge)                                                      0.00       0.00
  clock network delay (ideal)                                                 0.00       0.00
  clock uncertainty                                                           0.10       0.10
  output external delay                                                       0.00       0.10
  data required time                                                                     0.10
  ----------------------------------------------------------------------------------------------
  data required time                                                                     0.10
  data arrival time                                                                     -0.38
  ----------------------------------------------------------------------------------------------
  slack (MET)                                                                            0.28


  Startpoint: genblk1.U_WRAP_ADJUST/pending_rsp_head_reg[15]
              (rising edge-triggered flip-flop clocked by aclk)
  Endpoint: rknp_txrsp_data[15]
            (output port clocked by aclk)
  Path Group: REG2OUT
  Path Type: min

  Point                                       Fanout       Cap     Trans      Incr       Path
  ----------------------------------------------------------------------------------------------
  clock aclk (rise edge)                                                      0.00       0.00
  clock network delay (ideal)                                                 0.00       0.00
  genblk1.U_WRAP_ADJUST/pending_rsp_head_reg[15]/CK (DFFRQXL)       0.10      0.00 #     0.00 r
  genblk1.U_WRAP_ADJUST/pending_rsp_head_reg[15]/Q (DFFRQXL)        0.05      0.15       0.15 r
  genblk1.U_WRAP_ADJUST/pending_rsp_head[15] (net)
                                                2         0.00                0.00       0.15 r
  genblk1.U_WRAP_ADJUST/U1712/Y (MX2X1)                             0.35      0.23       0.38 r
  genblk1.U_WRAP_ADJUST/wad2rknp_xx_data[15] (net)
                                                1         0.05                0.00       0.38 r
  genblk1.U_WRAP_ADJUST/wad2rknp_xx_data[15] (wrap_adjust_RSP_FLIT_WITH157_NBYTEPERWORD8_USER_WITH10_ADDR_WITH32_AXID_WITH4_RWRAP_CNT_MAX4_DLY0_0)
                                                                              0.00       0.38 r
  rknp_txrsp_data[15] (net)                               0.05                0.00       0.38 r
  rknp_txrsp_data[15] (out)                                         0.35      0.00       0.38 r
  data arrival time                                                                      0.38

  clock aclk (rise edge)                                                      0.00       0.00
  clock network delay (ideal)                                                 0.00       0.00
  clock uncertainty                                                           0.10       0.10
  output external delay                                                       0.00       0.10
  data required time                                                                     0.10
  ----------------------------------------------------------------------------------------------
  data required time                                                                     0.10
  data arrival time                                                                     -0.38
  ----------------------------------------------------------------------------------------------
  slack (MET)                                                                            0.28


  Startpoint: genblk1.U_WRAP_ADJUST/pending_rsp_head_reg[14]
              (rising edge-triggered flip-flop clocked by aclk)
  Endpoint: rknp_txrsp_data[14]
            (output port clocked by aclk)
  Path Group: REG2OUT
  Path Type: min

  Point                                       Fanout       Cap     Trans      Incr       Path
  ----------------------------------------------------------------------------------------------
  clock aclk (rise edge)                                                      0.00       0.00
  clock network delay (ideal)                                                 0.00       0.00
  genblk1.U_WRAP_ADJUST/pending_rsp_head_reg[14]/CK (DFFRQXL)       0.10      0.00 #     0.00 r
  genblk1.U_WRAP_ADJUST/pending_rsp_head_reg[14]/Q (DFFRQXL)        0.05      0.15       0.15 r
  genblk1.U_WRAP_ADJUST/pending_rsp_head[14] (net)
                                                2         0.00                0.00       0.15 r
  genblk1.U_WRAP_ADJUST/U1710/Y (MX2X1)                             0.35      0.23       0.38 r
  genblk1.U_WRAP_ADJUST/wad2rknp_xx_data[14] (net)
                                                1         0.05                0.00       0.38 r
  genblk1.U_WRAP_ADJUST/wad2rknp_xx_data[14] (wrap_adjust_RSP_FLIT_WITH157_NBYTEPERWORD8_USER_WITH10_ADDR_WITH32_AXID_WITH4_RWRAP_CNT_MAX4_DLY0_0)
                                                                              0.00       0.38 r
  rknp_txrsp_data[14] (net)                               0.05                0.00       0.38 r
  rknp_txrsp_data[14] (out)                                         0.35      0.00       0.38 r
  data arrival time                                                                      0.38

  clock aclk (rise edge)                                                      0.00       0.00
  clock network delay (ideal)                                                 0.00       0.00
  clock uncertainty                                                           0.10       0.10
  output external delay                                                       0.00       0.10
  data required time                                                                     0.10
  ----------------------------------------------------------------------------------------------
  data required time                                                                     0.10
  data arrival time                                                                     -0.38
  ----------------------------------------------------------------------------------------------
  slack (MET)                                                                            0.28


  Startpoint: genblk1.U_WRAP_ADJUST/pending_rsp_head_reg[13]
              (rising edge-triggered flip-flop clocked by aclk)
  Endpoint: rknp_txrsp_data[13]
            (output port clocked by aclk)
  Path Group: REG2OUT
  Path Type: min

  Point                                       Fanout       Cap     Trans      Incr       Path
  ----------------------------------------------------------------------------------------------
  clock aclk (rise edge)                                                      0.00       0.00
  clock network delay (ideal)                                                 0.00       0.00
  genblk1.U_WRAP_ADJUST/pending_rsp_head_reg[13]/CK (DFFRQXL)       0.10      0.00 #     0.00 r
  genblk1.U_WRAP_ADJUST/pending_rsp_head_reg[13]/Q (DFFRQXL)        0.05      0.15       0.15 r
  genblk1.U_WRAP_ADJUST/pending_rsp_head[13] (net)
                                                2         0.00                0.00       0.15 r
  genblk1.U_WRAP_ADJUST/U1719/Y (MX2X1)                             0.35      0.23       0.38 r
  genblk1.U_WRAP_ADJUST/wad2rknp_xx_data[13] (net)
                                                1         0.05                0.00       0.38 r
  genblk1.U_WRAP_ADJUST/wad2rknp_xx_data[13] (wrap_adjust_RSP_FLIT_WITH157_NBYTEPERWORD8_USER_WITH10_ADDR_WITH32_AXID_WITH4_RWRAP_CNT_MAX4_DLY0_0)
                                                                              0.00       0.38 r
  rknp_txrsp_data[13] (net)                               0.05                0.00       0.38 r
  rknp_txrsp_data[13] (out)                                         0.35      0.00       0.38 r
  data arrival time                                                                      0.38

  clock aclk (rise edge)                                                      0.00       0.00
  clock network delay (ideal)                                                 0.00       0.00
  clock uncertainty                                                           0.10       0.10
  output external delay                                                       0.00       0.10
  data required time                                                                     0.10
  ----------------------------------------------------------------------------------------------
  data required time                                                                     0.10
  data arrival time                                                                     -0.38
  ----------------------------------------------------------------------------------------------
  slack (MET)                                                                            0.28


  Startpoint: genblk1.U_WRAP_ADJUST/pending_rsp_head_reg[12]
              (rising edge-triggered flip-flop clocked by aclk)
  Endpoint: rknp_txrsp_data[12]
            (output port clocked by aclk)
  Path Group: REG2OUT
  Path Type: min

  Point                                       Fanout       Cap     Trans      Incr       Path
  ----------------------------------------------------------------------------------------------
  clock aclk (rise edge)                                                      0.00       0.00
  clock network delay (ideal)                                                 0.00       0.00
  genblk1.U_WRAP_ADJUST/pending_rsp_head_reg[12]/CK (DFFRQXL)       0.10      0.00 #     0.00 r
  genblk1.U_WRAP_ADJUST/pending_rsp_head_reg[12]/Q (DFFRQXL)        0.05      0.15       0.15 r
  genblk1.U_WRAP_ADJUST/pending_rsp_head[12] (net)
                                                2         0.00                0.00       0.15 r
  genblk1.U_WRAP_ADJUST/U1711/Y (MX2X1)                             0.35      0.23       0.38 r
  genblk1.U_WRAP_ADJUST/wad2rknp_xx_data[12] (net)
                                                1         0.05                0.00       0.38 r
  genblk1.U_WRAP_ADJUST/wad2rknp_xx_data[12] (wrap_adjust_RSP_FLIT_WITH157_NBYTEPERWORD8_USER_WITH10_ADDR_WITH32_AXID_WITH4_RWRAP_CNT_MAX4_DLY0_0)
                                                                              0.00       0.38 r
  rknp_txrsp_data[12] (net)                               0.05                0.00       0.38 r
  rknp_txrsp_data[12] (out)                                         0.35      0.00       0.38 r
  data arrival time                                                                      0.38

  clock aclk (rise edge)                                                      0.00       0.00
  clock network delay (ideal)                                                 0.00       0.00
  clock uncertainty                                                           0.10       0.10
  output external delay                                                       0.00       0.10
  data required time                                                                     0.10
  ----------------------------------------------------------------------------------------------
  data required time                                                                     0.10
  data arrival time                                                                     -0.38
  ----------------------------------------------------------------------------------------------
  slack (MET)                                                                            0.28


  Startpoint: genblk1.U_WRAP_ADJUST/pending_rsp_head_reg[11]
              (rising edge-triggered flip-flop clocked by aclk)
  Endpoint: rknp_txrsp_data[11]
            (output port clocked by aclk)
  Path Group: REG2OUT
  Path Type: min

  Point                                       Fanout       Cap     Trans      Incr       Path
  ----------------------------------------------------------------------------------------------
  clock aclk (rise edge)                                                      0.00       0.00
  clock network delay (ideal)                                                 0.00       0.00
  genblk1.U_WRAP_ADJUST/pending_rsp_head_reg[11]/CK (DFFRQXL)       0.10      0.00 #     0.00 r
  genblk1.U_WRAP_ADJUST/pending_rsp_head_reg[11]/Q (DFFRQXL)        0.05      0.15       0.15 r
  genblk1.U_WRAP_ADJUST/pending_rsp_head[11] (net)
                                                2         0.00                0.00       0.15 r
  genblk1.U_WRAP_ADJUST/U1716/Y (MX2X1)                             0.35      0.23       0.38 r
  genblk1.U_WRAP_ADJUST/wad2rknp_xx_data[11] (net)
                                                1         0.05                0.00       0.38 r
  genblk1.U_WRAP_ADJUST/wad2rknp_xx_data[11] (wrap_adjust_RSP_FLIT_WITH157_NBYTEPERWORD8_USER_WITH10_ADDR_WITH32_AXID_WITH4_RWRAP_CNT_MAX4_DLY0_0)
                                                                              0.00       0.38 r
  rknp_txrsp_data[11] (net)                               0.05                0.00       0.38 r
  rknp_txrsp_data[11] (out)                                         0.35      0.00       0.38 r
  data arrival time                                                                      0.38

  clock aclk (rise edge)                                                      0.00       0.00
  clock network delay (ideal)                                                 0.00       0.00
  clock uncertainty                                                           0.10       0.10
  output external delay                                                       0.00       0.10
  data required time                                                                     0.10
  ----------------------------------------------------------------------------------------------
  data required time                                                                     0.10
  data arrival time                                                                     -0.38
  ----------------------------------------------------------------------------------------------
  slack (MET)                                                                            0.28


  Startpoint: genblk1.U_WRAP_ADJUST/pending_rsp_head_reg[10]
              (rising edge-triggered flip-flop clocked by aclk)
  Endpoint: rknp_txrsp_data[10]
            (output port clocked by aclk)
  Path Group: REG2OUT
  Path Type: min

  Point                                       Fanout       Cap     Trans      Incr       Path
  ----------------------------------------------------------------------------------------------
  clock aclk (rise edge)                                                      0.00       0.00
  clock network delay (ideal)                                                 0.00       0.00
  genblk1.U_WRAP_ADJUST/pending_rsp_head_reg[10]/CK (DFFRQXL)       0.10      0.00 #     0.00 r
  genblk1.U_WRAP_ADJUST/pending_rsp_head_reg[10]/Q (DFFRQXL)        0.05      0.15       0.15 r
  genblk1.U_WRAP_ADJUST/pending_rsp_head[10] (net)
                                                2         0.00                0.00       0.15 r
  genblk1.U_WRAP_ADJUST/U1713/Y (MX2X1)                             0.35      0.23       0.38 r
  genblk1.U_WRAP_ADJUST/wad2rknp_xx_data[10] (net)
                                                1         0.05                0.00       0.38 r
  genblk1.U_WRAP_ADJUST/wad2rknp_xx_data[10] (wrap_adjust_RSP_FLIT_WITH157_NBYTEPERWORD8_USER_WITH10_ADDR_WITH32_AXID_WITH4_RWRAP_CNT_MAX4_DLY0_0)
                                                                              0.00       0.38 r
  rknp_txrsp_data[10] (net)                               0.05                0.00       0.38 r
  rknp_txrsp_data[10] (out)                                         0.35      0.00       0.38 r
  data arrival time                                                                      0.38

  clock aclk (rise edge)                                                      0.00       0.00
  clock network delay (ideal)                                                 0.00       0.00
  clock uncertainty                                                           0.10       0.10
  output external delay                                                       0.00       0.10
  data required time                                                                     0.10
  ----------------------------------------------------------------------------------------------
  data required time                                                                     0.10
  data arrival time                                                                     -0.38
  ----------------------------------------------------------------------------------------------
  slack (MET)                                                                            0.28


  Startpoint: genblk1.U_WRAP_ADJUST/pending_rsp_head_reg[9]
              (rising edge-triggered flip-flop clocked by aclk)
  Endpoint: rknp_txrsp_data[9]
            (output port clocked by aclk)
  Path Group: REG2OUT
  Path Type: min

  Point                                       Fanout       Cap     Trans      Incr       Path
  ----------------------------------------------------------------------------------------------
  clock aclk (rise edge)                                                      0.00       0.00
  clock network delay (ideal)                                                 0.00       0.00
  genblk1.U_WRAP_ADJUST/pending_rsp_head_reg[9]/CK (DFFRQXL)        0.10      0.00 #     0.00 r
  genblk1.U_WRAP_ADJUST/pending_rsp_head_reg[9]/Q (DFFRQXL)         0.05      0.15       0.15 r
  genblk1.U_WRAP_ADJUST/pending_rsp_head[9] (net)
                                                2         0.00                0.00       0.15 r
  genblk1.U_WRAP_ADJUST/U1709/Y (MX2X1)                             0.35      0.23       0.38 r
  genblk1.U_WRAP_ADJUST/wad2rknp_xx_data[9] (net)
                                                1         0.05                0.00       0.38 r
  genblk1.U_WRAP_ADJUST/wad2rknp_xx_data[9] (wrap_adjust_RSP_FLIT_WITH157_NBYTEPERWORD8_USER_WITH10_ADDR_WITH32_AXID_WITH4_RWRAP_CNT_MAX4_DLY0_0)
                                                                              0.00       0.38 r
  rknp_txrsp_data[9] (net)                                0.05                0.00       0.38 r
  rknp_txrsp_data[9] (out)                                          0.35      0.00       0.38 r
  data arrival time                                                                      0.38

  clock aclk (rise edge)                                                      0.00       0.00
  clock network delay (ideal)                                                 0.00       0.00
  clock uncertainty                                                           0.10       0.10
  output external delay                                                       0.00       0.10
  data required time                                                                     0.10
  ----------------------------------------------------------------------------------------------
  data required time                                                                     0.10
  data arrival time                                                                     -0.38
  ----------------------------------------------------------------------------------------------
  slack (MET)                                                                            0.28


  Startpoint: genblk1.U_WRAP_ADJUST/pending_rsp_head_reg[8]
              (rising edge-triggered flip-flop clocked by aclk)
  Endpoint: rknp_txrsp_data[8]
            (output port clocked by aclk)
  Path Group: REG2OUT
  Path Type: min

  Point                                       Fanout       Cap     Trans      Incr       Path
  ----------------------------------------------------------------------------------------------
  clock aclk (rise edge)                                                      0.00       0.00
  clock network delay (ideal)                                                 0.00       0.00
  genblk1.U_WRAP_ADJUST/pending_rsp_head_reg[8]/CK (DFFRQXL)        0.10      0.00 #     0.00 r
  genblk1.U_WRAP_ADJUST/pending_rsp_head_reg[8]/Q (DFFRQXL)         0.05      0.15       0.15 r
  genblk1.U_WRAP_ADJUST/pending_rsp_head[8] (net)
                                                2         0.00                0.00       0.15 r
  genblk1.U_WRAP_ADJUST/U1721/Y (MX2X1)                             0.35      0.23       0.38 r
  genblk1.U_WRAP_ADJUST/wad2rknp_xx_data[8] (net)
                                                1         0.05                0.00       0.38 r
  genblk1.U_WRAP_ADJUST/wad2rknp_xx_data[8] (wrap_adjust_RSP_FLIT_WITH157_NBYTEPERWORD8_USER_WITH10_ADDR_WITH32_AXID_WITH4_RWRAP_CNT_MAX4_DLY0_0)
                                                                              0.00       0.38 r
  rknp_txrsp_data[8] (net)                                0.05                0.00       0.38 r
  rknp_txrsp_data[8] (out)                                          0.35      0.00       0.38 r
  data arrival time                                                                      0.38

  clock aclk (rise edge)                                                      0.00       0.00
  clock network delay (ideal)                                                 0.00       0.00
  clock uncertainty                                                           0.10       0.10
  output external delay                                                       0.00       0.10
  data required time                                                                     0.10
  ----------------------------------------------------------------------------------------------
  data required time                                                                     0.10
  data arrival time                                                                     -0.38
  ----------------------------------------------------------------------------------------------
  slack (MET)                                                                            0.28


  Startpoint: genblk1.U_WRAP_ADJUST/pending_rsp_head_reg[7]
              (rising edge-triggered flip-flop clocked by aclk)
  Endpoint: rknp_txrsp_data[7]
            (output port clocked by aclk)
  Path Group: REG2OUT
  Path Type: min

  Point                                       Fanout       Cap     Trans      Incr       Path
  ----------------------------------------------------------------------------------------------
  clock aclk (rise edge)                                                      0.00       0.00
  clock network delay (ideal)                                                 0.00       0.00
  genblk1.U_WRAP_ADJUST/pending_rsp_head_reg[7]/CK (DFFRQXL)        0.10      0.00 #     0.00 r
  genblk1.U_WRAP_ADJUST/pending_rsp_head_reg[7]/Q (DFFRQXL)         0.05      0.15       0.15 r
  genblk1.U_WRAP_ADJUST/pending_rsp_head[7] (net)
                                                2         0.00                0.00       0.15 r
  genblk1.U_WRAP_ADJUST/U1717/Y (MX2X1)                             0.35      0.23       0.38 r
  genblk1.U_WRAP_ADJUST/wad2rknp_xx_data[7] (net)
                                                1         0.05                0.00       0.38 r
  genblk1.U_WRAP_ADJUST/wad2rknp_xx_data[7] (wrap_adjust_RSP_FLIT_WITH157_NBYTEPERWORD8_USER_WITH10_ADDR_WITH32_AXID_WITH4_RWRAP_CNT_MAX4_DLY0_0)
                                                                              0.00       0.38 r
  rknp_txrsp_data[7] (net)                                0.05                0.00       0.38 r
  rknp_txrsp_data[7] (out)                                          0.35      0.00       0.38 r
  data arrival time                                                                      0.38

  clock aclk (rise edge)                                                      0.00       0.00
  clock network delay (ideal)                                                 0.00       0.00
  clock uncertainty                                                           0.10       0.10
  output external delay                                                       0.00       0.10
  data required time                                                                     0.10
  ----------------------------------------------------------------------------------------------
  data required time                                                                     0.10
  data arrival time                                                                     -0.38
  ----------------------------------------------------------------------------------------------
  slack (MET)                                                                            0.28


  Startpoint: genblk1.U_WRAP_ADJUST/pending_rsp_head_reg[6]
              (rising edge-triggered flip-flop clocked by aclk)
  Endpoint: rknp_txrsp_data[6]
            (output port clocked by aclk)
  Path Group: REG2OUT
  Path Type: min

  Point                                       Fanout       Cap     Trans      Incr       Path
  ----------------------------------------------------------------------------------------------
  clock aclk (rise edge)                                                      0.00       0.00
  clock network delay (ideal)                                                 0.00       0.00
  genblk1.U_WRAP_ADJUST/pending_rsp_head_reg[6]/CK (DFFRQXL)        0.10      0.00 #     0.00 r
  genblk1.U_WRAP_ADJUST/pending_rsp_head_reg[6]/Q (DFFRQXL)         0.05      0.15       0.15 r
  genblk1.U_WRAP_ADJUST/pending_rsp_head[6] (net)
                                                2         0.00                0.00       0.15 r
  genblk1.U_WRAP_ADJUST/U1714/Y (MX2X1)                             0.35      0.23       0.38 r
  genblk1.U_WRAP_ADJUST/wad2rknp_xx_data[6] (net)
                                                1         0.05                0.00       0.38 r
  genblk1.U_WRAP_ADJUST/wad2rknp_xx_data[6] (wrap_adjust_RSP_FLIT_WITH157_NBYTEPERWORD8_USER_WITH10_ADDR_WITH32_AXID_WITH4_RWRAP_CNT_MAX4_DLY0_0)
                                                                              0.00       0.38 r
  rknp_txrsp_data[6] (net)                                0.05                0.00       0.38 r
  rknp_txrsp_data[6] (out)                                          0.35      0.00       0.38 r
  data arrival time                                                                      0.38

  clock aclk (rise edge)                                                      0.00       0.00
  clock network delay (ideal)                                                 0.00       0.00
  clock uncertainty                                                           0.10       0.10
  output external delay                                                       0.00       0.10
  data required time                                                                     0.10
  ----------------------------------------------------------------------------------------------
  data required time                                                                     0.10
  data arrival time                                                                     -0.38
  ----------------------------------------------------------------------------------------------
  slack (MET)                                                                            0.28


  Startpoint: genblk1.U_WRAP_ADJUST/pending_rsp_head_reg[5]
              (rising edge-triggered flip-flop clocked by aclk)
  Endpoint: rknp_txrsp_data[5]
            (output port clocked by aclk)
  Path Group: REG2OUT
  Path Type: min

  Point                                       Fanout       Cap     Trans      Incr       Path
  ----------------------------------------------------------------------------------------------
  clock aclk (rise edge)                                                      0.00       0.00
  clock network delay (ideal)                                                 0.00       0.00
  genblk1.U_WRAP_ADJUST/pending_rsp_head_reg[5]/CK (DFFRQXL)        0.10      0.00 #     0.00 r
  genblk1.U_WRAP_ADJUST/pending_rsp_head_reg[5]/Q (DFFRQXL)         0.05      0.15       0.15 r
  genblk1.U_WRAP_ADJUST/pending_rsp_head[5] (net)
                                                2         0.00                0.00       0.15 r
  genblk1.U_WRAP_ADJUST/U1722/Y (MX2X1)                             0.35      0.23       0.38 r
  genblk1.U_WRAP_ADJUST/wad2rknp_xx_data[5] (net)
                                                1         0.05                0.00       0.38 r
  genblk1.U_WRAP_ADJUST/wad2rknp_xx_data[5] (wrap_adjust_RSP_FLIT_WITH157_NBYTEPERWORD8_USER_WITH10_ADDR_WITH32_AXID_WITH4_RWRAP_CNT_MAX4_DLY0_0)
                                                                              0.00       0.38 r
  rknp_txrsp_data[5] (net)                                0.05                0.00       0.38 r
  rknp_txrsp_data[5] (out)                                          0.35      0.00       0.38 r
  data arrival time                                                                      0.38

  clock aclk (rise edge)                                                      0.00       0.00
  clock network delay (ideal)                                                 0.00       0.00
  clock uncertainty                                                           0.10       0.10
  output external delay                                                       0.00       0.10
  data required time                                                                     0.10
  ----------------------------------------------------------------------------------------------
  data required time                                                                     0.10
  data arrival time                                                                     -0.38
  ----------------------------------------------------------------------------------------------
  slack (MET)                                                                            0.28


  Startpoint: genblk1.U_WRAP_ADJUST/pending_rsp_head_reg[4]
              (rising edge-triggered flip-flop clocked by aclk)
  Endpoint: rknp_txrsp_data[4]
            (output port clocked by aclk)
  Path Group: REG2OUT
  Path Type: min

  Point                                       Fanout       Cap     Trans      Incr       Path
  ----------------------------------------------------------------------------------------------
  clock aclk (rise edge)                                                      0.00       0.00
  clock network delay (ideal)                                                 0.00       0.00
  genblk1.U_WRAP_ADJUST/pending_rsp_head_reg[4]/CK (DFFRQXL)        0.10      0.00 #     0.00 r
  genblk1.U_WRAP_ADJUST/pending_rsp_head_reg[4]/Q (DFFRQXL)         0.05      0.15       0.15 r
  genblk1.U_WRAP_ADJUST/pending_rsp_head[4] (net)
                                                2         0.00                0.00       0.15 r
  genblk1.U_WRAP_ADJUST/U1720/Y (MX2X1)                             0.35      0.23       0.38 r
  genblk1.U_WRAP_ADJUST/wad2rknp_xx_data[4] (net)
                                                1         0.05                0.00       0.38 r
  genblk1.U_WRAP_ADJUST/wad2rknp_xx_data[4] (wrap_adjust_RSP_FLIT_WITH157_NBYTEPERWORD8_USER_WITH10_ADDR_WITH32_AXID_WITH4_RWRAP_CNT_MAX4_DLY0_0)
                                                                              0.00       0.38 r
  rknp_txrsp_data[4] (net)                                0.05                0.00       0.38 r
  rknp_txrsp_data[4] (out)                                          0.35      0.00       0.38 r
  data arrival time                                                                      0.38

  clock aclk (rise edge)                                                      0.00       0.00
  clock network delay (ideal)                                                 0.00       0.00
  clock uncertainty                                                           0.10       0.10
  output external delay                                                       0.00       0.10
  data required time                                                                     0.10
  ----------------------------------------------------------------------------------------------
  data required time                                                                     0.10
  data arrival time                                                                     -0.38
  ----------------------------------------------------------------------------------------------
  slack (MET)                                                                            0.28


  Startpoint: genblk1.U_WRAP_ADJUST/pending_rsp_head_reg[3]
              (rising edge-triggered flip-flop clocked by aclk)
  Endpoint: rknp_txrsp_data[3]
            (output port clocked by aclk)
  Path Group: REG2OUT
  Path Type: min

  Point                                       Fanout       Cap     Trans      Incr       Path
  ----------------------------------------------------------------------------------------------
  clock aclk (rise edge)                                                      0.00       0.00
  clock network delay (ideal)                                                 0.00       0.00
  genblk1.U_WRAP_ADJUST/pending_rsp_head_reg[3]/CK (DFFRQXL)        0.10      0.00 #     0.00 r
  genblk1.U_WRAP_ADJUST/pending_rsp_head_reg[3]/Q (DFFRQXL)         0.05      0.15       0.15 r
  genblk1.U_WRAP_ADJUST/pending_rsp_head[3] (net)
                                                2         0.00                0.00       0.15 r
  genblk1.U_WRAP_ADJUST/U1742/Y (MX2X1)                             0.35      0.23       0.38 r
  genblk1.U_WRAP_ADJUST/wad2rknp_xx_data[3] (net)
                                                1         0.05                0.00       0.38 r
  genblk1.U_WRAP_ADJUST/wad2rknp_xx_data[3] (wrap_adjust_RSP_FLIT_WITH157_NBYTEPERWORD8_USER_WITH10_ADDR_WITH32_AXID_WITH4_RWRAP_CNT_MAX4_DLY0_0)
                                                                              0.00       0.38 r
  rknp_txrsp_data[3] (net)                                0.05                0.00       0.38 r
  rknp_txrsp_data[3] (out)                                          0.35      0.00       0.38 r
  data arrival time                                                                      0.38

  clock aclk (rise edge)                                                      0.00       0.00
  clock network delay (ideal)                                                 0.00       0.00
  clock uncertainty                                                           0.10       0.10
  output external delay                                                       0.00       0.10
  data required time                                                                     0.10
  ----------------------------------------------------------------------------------------------
  data required time                                                                     0.10
  data arrival time                                                                     -0.38
  ----------------------------------------------------------------------------------------------
  slack (MET)                                                                            0.28


  Startpoint: genblk1.U_WRAP_ADJUST/pending_rsp_head_reg[2]
              (rising edge-triggered flip-flop clocked by aclk)
  Endpoint: rknp_txrsp_data[2]
            (output port clocked by aclk)
  Path Group: REG2OUT
  Path Type: min

  Point                                       Fanout       Cap     Trans      Incr       Path
  ----------------------------------------------------------------------------------------------
  clock aclk (rise edge)                                                      0.00       0.00
  clock network delay (ideal)                                                 0.00       0.00
  genblk1.U_WRAP_ADJUST/pending_rsp_head_reg[2]/CK (DFFRQXL)        0.10      0.00 #     0.00 r
  genblk1.U_WRAP_ADJUST/pending_rsp_head_reg[2]/Q (DFFRQXL)         0.05      0.15       0.15 r
  genblk1.U_WRAP_ADJUST/pending_rsp_head[2] (net)
                                                2         0.00                0.00       0.15 r
  genblk1.U_WRAP_ADJUST/U1718/Y (MX2X1)                             0.35      0.23       0.38 r
  genblk1.U_WRAP_ADJUST/wad2rknp_xx_data[2] (net)
                                                1         0.05                0.00       0.38 r
  genblk1.U_WRAP_ADJUST/wad2rknp_xx_data[2] (wrap_adjust_RSP_FLIT_WITH157_NBYTEPERWORD8_USER_WITH10_ADDR_WITH32_AXID_WITH4_RWRAP_CNT_MAX4_DLY0_0)
                                                                              0.00       0.38 r
  rknp_txrsp_data[2] (net)                                0.05                0.00       0.38 r
  rknp_txrsp_data[2] (out)                                          0.35      0.00       0.38 r
  data arrival time                                                                      0.38

  clock aclk (rise edge)                                                      0.00       0.00
  clock network delay (ideal)                                                 0.00       0.00
  clock uncertainty                                                           0.10       0.10
  output external delay                                                       0.00       0.10
  data required time                                                                     0.10
  ----------------------------------------------------------------------------------------------
  data required time                                                                     0.10
  data arrival time                                                                     -0.38
  ----------------------------------------------------------------------------------------------
  slack (MET)                                                                            0.28


  Startpoint: genblk1.U_WRAP_ADJUST/pending_rsp_head_reg[1]
              (rising edge-triggered flip-flop clocked by aclk)
  Endpoint: rknp_txrsp_data[1]
            (output port clocked by aclk)
  Path Group: REG2OUT
  Path Type: min

  Point                                       Fanout       Cap     Trans      Incr       Path
  ----------------------------------------------------------------------------------------------
  clock aclk (rise edge)                                                      0.00       0.00
  clock network delay (ideal)                                                 0.00       0.00
  genblk1.U_WRAP_ADJUST/pending_rsp_head_reg[1]/CK (DFFRQXL)        0.10      0.00 #     0.00 r
  genblk1.U_WRAP_ADJUST/pending_rsp_head_reg[1]/Q (DFFRQXL)         0.05      0.15       0.15 r
  genblk1.U_WRAP_ADJUST/pending_rsp_head[1] (net)
                                                2         0.00                0.00       0.15 r
  genblk1.U_WRAP_ADJUST/U1743/Y (MX2X1)                             0.35      0.23       0.38 r
  genblk1.U_WRAP_ADJUST/wad2rknp_xx_data[1] (net)
                                                1         0.05                0.00       0.38 r
  genblk1.U_WRAP_ADJUST/wad2rknp_xx_data[1] (wrap_adjust_RSP_FLIT_WITH157_NBYTEPERWORD8_USER_WITH10_ADDR_WITH32_AXID_WITH4_RWRAP_CNT_MAX4_DLY0_0)
                                                                              0.00       0.38 r
  rknp_txrsp_data[1] (net)                                0.05                0.00       0.38 r
  rknp_txrsp_data[1] (out)                                          0.35      0.00       0.38 r
  data arrival time                                                                      0.38

  clock aclk (rise edge)                                                      0.00       0.00
  clock network delay (ideal)                                                 0.00       0.00
  clock uncertainty                                                           0.10       0.10
  output external delay                                                       0.00       0.10
  data required time                                                                     0.10
  ----------------------------------------------------------------------------------------------
  data required time                                                                     0.10
  data arrival time                                                                     -0.38
  ----------------------------------------------------------------------------------------------
  slack (MET)                                                                            0.28


  Startpoint: genblk1.U_WRAP_ADJUST/pending_rsp_head_reg[0]
              (rising edge-triggered flip-flop clocked by aclk)
  Endpoint: rknp_txrsp_data[0]
            (output port clocked by aclk)
  Path Group: REG2OUT
  Path Type: min

  Point                                       Fanout       Cap     Trans      Incr       Path
  ----------------------------------------------------------------------------------------------
  clock aclk (rise edge)                                                      0.00       0.00
  clock network delay (ideal)                                                 0.00       0.00
  genblk1.U_WRAP_ADJUST/pending_rsp_head_reg[0]/CK (DFFRQXL)        0.10      0.00 #     0.00 r
  genblk1.U_WRAP_ADJUST/pending_rsp_head_reg[0]/Q (DFFRQXL)         0.05      0.15       0.15 r
  genblk1.U_WRAP_ADJUST/pending_rsp_head[0] (net)
                                                2         0.00                0.00       0.15 r
  genblk1.U_WRAP_ADJUST/U1715/Y (MX2X1)                             0.35      0.23       0.38 r
  genblk1.U_WRAP_ADJUST/wad2rknp_xx_data[0] (net)
                                                1         0.05                0.00       0.38 r
  genblk1.U_WRAP_ADJUST/wad2rknp_xx_data[0] (wrap_adjust_RSP_FLIT_WITH157_NBYTEPERWORD8_USER_WITH10_ADDR_WITH32_AXID_WITH4_RWRAP_CNT_MAX4_DLY0_0)
                                                                              0.00       0.38 r
  rknp_txrsp_data[0] (net)                                0.05                0.00       0.38 r
  rknp_txrsp_data[0] (out)                                          0.35      0.00       0.38 r
  data arrival time                                                                      0.38

  clock aclk (rise edge)                                                      0.00       0.00
  clock network delay (ideal)                                                 0.00       0.00
  clock uncertainty                                                           0.10       0.10
  output external delay                                                       0.00       0.10
  data required time                                                                     0.10
  ----------------------------------------------------------------------------------------------
  data required time                                                                     0.10
  data arrival time                                                                     -0.38
  ----------------------------------------------------------------------------------------------
  slack (MET)                                                                            0.28


  Startpoint: U_WATCHDOG/U_SYNC_FIFO_TIMOUT/rd_ptr_reg[3]
              (rising edge-triggered flip-flop clocked by aclk)
  Endpoint: U_WATCHDOG/U_SYNC_FIFO_TIMOUT/rd_ptr_reg[3]
            (rising edge-triggered flip-flop clocked by aclk)
  Path Group: REG2REG
  Path Type: min

  Point                                       Fanout       Cap     Trans      Incr       Path
  ----------------------------------------------------------------------------------------------
  clock aclk (rise edge)                                                      0.00       0.00
  clock network delay (ideal)                                                 0.00       0.00
  U_WATCHDOG/U_SYNC_FIFO_TIMOUT/rd_ptr_reg[3]/CK (DFFRQXL)          0.10      0.00 #     0.00 r
  U_WATCHDOG/U_SYNC_FIFO_TIMOUT/rd_ptr_reg[3]/Q (DFFRQXL)           0.05      0.16       0.16 r
  U_WATCHDOG/U_SYNC_FIFO_TIMOUT/rd_ptr[3] (net)
                                                2         0.00                0.00       0.16 r
  U_WATCHDOG/U_SYNC_FIFO_TIMOUT/U140/Y (XOR2XL)                     0.03      0.02       0.18 f
  U_WATCHDOG/U_SYNC_FIFO_TIMOUT/n33 (net)       1         0.00                0.00       0.18 f
  U_WATCHDOG/U_SYNC_FIFO_TIMOUT/rd_ptr_reg[3]/D (DFFRQXL)           0.03      0.00       0.18 f
  data arrival time                                                                      0.18

  clock aclk (rise edge)                                                      0.00       0.00
  clock network delay (ideal)                                                 0.00       0.00
  clock uncertainty                                                           0.10       0.10
  U_WATCHDOG/U_SYNC_FIFO_TIMOUT/rd_ptr_reg[3]/CK (DFFRQXL)                    0.00       0.10 r
  library hold time                                                           0.03       0.13
  data required time                                                                     0.13
  ----------------------------------------------------------------------------------------------
  data required time                                                                     0.13
  data arrival time                                                                     -0.18
  ----------------------------------------------------------------------------------------------
  slack (MET)                                                                            0.05


  Startpoint: genblk1.U_WRAP_ALIGN/rwrap_cnt_reg[1]
              (rising edge-triggered flip-flop clocked by aclk)
  Endpoint: genblk1.U_WRAP_ALIGN/rwrap_cnt_reg[1]
            (rising edge-triggered flip-flop clocked by aclk)
  Path Group: REG2REG
  Path Type: min

  Point                                       Fanout       Cap     Trans      Incr       Path
  ----------------------------------------------------------------------------------------------
  clock aclk (rise edge)                                                      0.00       0.00
  clock network delay (ideal)                                                 0.00       0.00
  genblk1.U_WRAP_ALIGN/rwrap_cnt_reg[1]/CK (DFFRQXL)                0.10      0.00 #     0.00 r
  genblk1.U_WRAP_ALIGN/rwrap_cnt_reg[1]/Q (DFFRQXL)                 0.05      0.16       0.16 r
  genblk1.U_WRAP_ALIGN/rwrap_cnt[1] (net)       3         0.00                0.00       0.16 r
  genblk1.U_WRAP_ALIGN/U2805/Y (AOI32XL)                            0.04      0.03       0.19 f
  genblk1.U_WRAP_ALIGN/n2210 (net)              1         0.00                0.00       0.19 f
  genblk1.U_WRAP_ALIGN/rwrap_cnt_reg[1]/D (DFFRQXL)                 0.04      0.00       0.19 f
  data arrival time                                                                      0.19

  clock aclk (rise edge)                                                      0.00       0.00
  clock network delay (ideal)                                                 0.00       0.00
  clock uncertainty                                                           0.10       0.10
  genblk1.U_WRAP_ALIGN/rwrap_cnt_reg[1]/CK (DFFRQXL)                          0.00       0.10 r
  library hold time                                                           0.03       0.13
  data required time                                                                     0.13
  ----------------------------------------------------------------------------------------------
  data required time                                                                     0.13
  data arrival time                                                                     -0.19
  ----------------------------------------------------------------------------------------------
  slack (MET)                                                                            0.06


  Startpoint: U_WATCHDOG/U_SYNC_FIFO_TIMOUT/wr_ptr_reg[3]
              (rising edge-triggered flip-flop clocked by aclk)
  Endpoint: U_WATCHDOG/U_SYNC_FIFO_TIMOUT/wr_ptr_reg[3]
            (rising edge-triggered flip-flop clocked by aclk)
  Path Group: REG2REG
  Path Type: min

  Point                                       Fanout       Cap     Trans      Incr       Path
  ----------------------------------------------------------------------------------------------
  clock aclk (rise edge)                                                      0.00       0.00
  clock network delay (ideal)                                                 0.00       0.00
  U_WATCHDOG/U_SYNC_FIFO_TIMOUT/wr_ptr_reg[3]/CK (DFFRQXL)          0.10      0.00 #     0.00 r
  U_WATCHDOG/U_SYNC_FIFO_TIMOUT/wr_ptr_reg[3]/Q (DFFRQXL)           0.05      0.16       0.16 r
  U_WATCHDOG/U_SYNC_FIFO_TIMOUT/wr_ptr[3] (net)
                                                3         0.00                0.00       0.16 r
  U_WATCHDOG/U_SYNC_FIFO_TIMOUT/U82/Y (AOI2BB2XL)                   0.03      0.03       0.19 f
  U_WATCHDOG/U_SYNC_FIFO_TIMOUT/n37 (net)       1         0.00                0.00       0.19 f
  U_WATCHDOG/U_SYNC_FIFO_TIMOUT/wr_ptr_reg[3]/D (DFFRQXL)           0.03      0.00       0.19 f
  data arrival time                                                                      0.19

  clock aclk (rise edge)                                                      0.00       0.00
  clock network delay (ideal)                                                 0.00       0.00
  clock uncertainty                                                           0.10       0.10
  U_WATCHDOG/U_SYNC_FIFO_TIMOUT/wr_ptr_reg[3]/CK (DFFRQXL)                    0.00       0.10 r
  library hold time                                                           0.03       0.13
  data required time                                                                     0.13
  ----------------------------------------------------------------------------------------------
  data required time                                                                     0.13
  data arrival time                                                                     -0.19
  ----------------------------------------------------------------------------------------------
  slack (MET)                                                                            0.06


  Startpoint: U_WATCHDOG/timer_cnt_reg[8]
              (rising edge-triggered flip-flop clocked by aclk)
  Endpoint: U_WATCHDOG/timer_cnt_reg[8]
            (rising edge-triggered flip-flop clocked by aclk)
  Path Group: REG2REG
  Path Type: min

  Point                                       Fanout       Cap     Trans      Incr       Path
  ----------------------------------------------------------------------------------------------
  clock aclk (rise edge)                                                      0.00       0.00
  clock network delay (ideal)                                                 0.00       0.00
  U_WATCHDOG/timer_cnt_reg[8]/CK (DFFRQXL)                          0.10      0.00 #     0.00 r
  U_WATCHDOG/timer_cnt_reg[8]/Q (DFFRQXL)                           0.05      0.16       0.16 r
  U_WATCHDOG/rsp_timnot[8] (net)                3         0.00                0.00       0.16 r
  U_WATCHDOG/U657/Y (OAI31XL)                                       0.04      0.04       0.19 f
  U_WATCHDOG/n129 (net)                         1         0.00                0.00       0.19 f
  U_WATCHDOG/timer_cnt_reg[8]/D (DFFRQXL)                           0.04      0.00       0.19 f
  data arrival time                                                                      0.19

  clock aclk (rise edge)                                                      0.00       0.00
  clock network delay (ideal)                                                 0.00       0.00
  clock uncertainty                                                           0.10       0.10
  U_WATCHDOG/timer_cnt_reg[8]/CK (DFFRQXL)                                    0.00       0.10 r
  library hold time                                                           0.03       0.13
  data required time                                                                     0.13
  ----------------------------------------------------------------------------------------------
  data required time                                                                     0.13
  data arrival time                                                                     -0.19
  ----------------------------------------------------------------------------------------------
  slack (MET)                                                                            0.07


  Startpoint: genblk2.U_RSP_ORDER/flit_cnt_reg[7]
              (rising edge-triggered flip-flop clocked by aclk)
  Endpoint: genblk2.U_RSP_ORDER/flit_cnt_reg[7]
            (rising edge-triggered flip-flop clocked by aclk)
  Path Group: REG2REG
  Path Type: min

  Point                                       Fanout       Cap     Trans      Incr       Path
  ----------------------------------------------------------------------------------------------
  clock aclk (rise edge)                                                      0.00       0.00
  clock network delay (ideal)                                                 0.00       0.00
  genblk2.U_RSP_ORDER/flit_cnt_reg[7]/CK (DFFRQXL)                  0.10      0.00 #     0.00 r
  genblk2.U_RSP_ORDER/flit_cnt_reg[7]/Q (DFFRQXL)                   0.07      0.17       0.17 r
  genblk2.U_RSP_ORDER/flit_cnt[7] (net)         4         0.01                0.00       0.17 r
  genblk2.U_RSP_ORDER/U2227/Y (OAI31XL)                             0.03      0.03       0.20 f
  genblk2.U_RSP_ORDER/n263 (net)                1         0.00                0.00       0.20 f
  genblk2.U_RSP_ORDER/flit_cnt_reg[7]/D (DFFRQXL)                   0.03      0.00       0.20 f
  data arrival time                                                                      0.20

  clock aclk (rise edge)                                                      0.00       0.00
  clock network delay (ideal)                                                 0.00       0.00
  clock uncertainty                                                           0.10       0.10
  genblk2.U_RSP_ORDER/flit_cnt_reg[7]/CK (DFFRQXL)                            0.00       0.10 r
  library hold time                                                           0.03       0.13
  data required time                                                                     0.13
  ----------------------------------------------------------------------------------------------
  data required time                                                                     0.13
  data arrival time                                                                     -0.20
  ----------------------------------------------------------------------------------------------
  slack (MET)                                                                            0.07


  Startpoint: U_WATCHDOG/U_SYNC_FIFO_TIMOUT/rd_ptr_reg[1]
              (rising edge-triggered flip-flop clocked by aclk)
  Endpoint: U_WATCHDOG/U_SYNC_FIFO_TIMOUT/rd_ptr_reg[1]
            (rising edge-triggered flip-flop clocked by aclk)
  Path Group: REG2REG
  Path Type: min

  Point                                       Fanout       Cap     Trans      Incr       Path
  ----------------------------------------------------------------------------------------------
  clock aclk (rise edge)                                                      0.00       0.00
  clock network delay (ideal)                                                 0.00       0.00
  U_WATCHDOG/U_SYNC_FIFO_TIMOUT/rd_ptr_reg[1]/CK (DFFRQXL)          0.10      0.00 #     0.00 r
  U_WATCHDOG/U_SYNC_FIFO_TIMOUT/rd_ptr_reg[1]/Q (DFFRQXL)           0.08      0.17       0.17 r
  U_WATCHDOG/U_SYNC_FIFO_TIMOUT/rd_ptr_true[1] (net)
                                                5         0.01                0.00       0.17 r
  U_WATCHDOG/U_SYNC_FIFO_TIMOUT/U143/Y (XNOR2XL)                    0.03      0.02       0.20 f
  U_WATCHDOG/U_SYNC_FIFO_TIMOUT/n35 (net)       1         0.00                0.00       0.20 f
  U_WATCHDOG/U_SYNC_FIFO_TIMOUT/rd_ptr_reg[1]/D (DFFRQXL)           0.03      0.00       0.20 f
  data arrival time                                                                      0.20

  clock aclk (rise edge)                                                      0.00       0.00
  clock network delay (ideal)                                                 0.00       0.00
  clock uncertainty                                                           0.10       0.10
  U_WATCHDOG/U_SYNC_FIFO_TIMOUT/rd_ptr_reg[1]/CK (DFFRQXL)                    0.00       0.10 r
  library hold time                                                           0.03       0.13
  data required time                                                                     0.13
  ----------------------------------------------------------------------------------------------
  data required time                                                                     0.13
  data arrival time                                                                     -0.20
  ----------------------------------------------------------------------------------------------
  slack (MET)                                                                            0.07


  Startpoint: U_WATCHDOG/U_SYNC_FIFO_TIMOUT/rd_ptr_reg[3]
              (rising edge-triggered flip-flop clocked by aclk)
  Endpoint: U_WATCHDOG/U_SYNC_FIFO_TIMOUT/rd_ptr_reg[3]
            (rising edge-triggered flip-flop clocked by aclk)
  Path Group: REG2REG
  Path Type: min

  Point                                       Fanout       Cap     Trans      Incr       Path
  ----------------------------------------------------------------------------------------------
  clock aclk (rise edge)                                                      0.00       0.00
  clock network delay (ideal)                                                 0.00       0.00
  U_WATCHDOG/U_SYNC_FIFO_TIMOUT/rd_ptr_reg[3]/CK (DFFRQXL)          0.10      0.00 #     0.00 r
  U_WATCHDOG/U_SYNC_FIFO_TIMOUT/rd_ptr_reg[3]/Q (DFFRQXL)           0.05      0.16       0.16 r
  U_WATCHDOG/U_SYNC_FIFO_TIMOUT/rd_ptr[3] (net)
                                                2         0.00                0.00       0.16 r
  U_WATCHDOG/U_SYNC_FIFO_TIMOUT/U140/Y (XOR2XL)                     0.03      0.05       0.20 f
  U_WATCHDOG/U_SYNC_FIFO_TIMOUT/n33 (net)       1         0.00                0.00       0.20 f
  U_WATCHDOG/U_SYNC_FIFO_TIMOUT/rd_ptr_reg[3]/D (DFFRQXL)           0.03      0.00       0.20 f
  data arrival time                                                                      0.20

  clock aclk (rise edge)                                                      0.00       0.00
  clock network delay (ideal)                                                 0.00       0.00
  clock uncertainty                                                           0.10       0.10
  U_WATCHDOG/U_SYNC_FIFO_TIMOUT/rd_ptr_reg[3]/CK (DFFRQXL)                    0.00       0.10 r
  library hold time                                                           0.03       0.13
  data required time                                                                     0.13
  ----------------------------------------------------------------------------------------------
  data required time                                                                     0.13
  data arrival time                                                                     -0.20
  ----------------------------------------------------------------------------------------------
  slack (MET)                                                                            0.07


  Startpoint: genblk2.U_RSP_ORDER/rspt2rspo_lw_d_reg
              (rising edge-triggered flip-flop clocked by aclk)
  Endpoint: genblk2.U_RSP_ORDER/rspt2rspo_lw_d2_reg
            (rising edge-triggered flip-flop clocked by aclk)
  Path Group: REG2REG
  Path Type: min

  Point                                       Fanout       Cap     Trans      Incr       Path
  ----------------------------------------------------------------------------------------------
  clock aclk (rise edge)                                                      0.00       0.00
  clock network delay (ideal)                                                 0.00       0.00
  genblk2.U_RSP_ORDER/rspt2rspo_lw_d_reg/CK (DFFRQXL)               0.10      0.00 #     0.00 r
  genblk2.U_RSP_ORDER/rspt2rspo_lw_d_reg/Q (DFFRQXL)                0.06      0.20       0.20 f
  genblk2.U_RSP_ORDER/rspt2rspo_lw_d (net)      5         0.01                0.00       0.20 f
  genblk2.U_RSP_ORDER/rspt2rspo_lw_d2_reg/D (DFFRQXL)               0.06      0.00       0.20 f
  data arrival time                                                                      0.20

  clock aclk (rise edge)                                                      0.00       0.00
  clock network delay (ideal)                                                 0.00       0.00
  clock uncertainty                                                           0.10       0.10
  genblk2.U_RSP_ORDER/rspt2rspo_lw_d2_reg/CK (DFFRQXL)                        0.00       0.10 r
  library hold time                                                           0.02       0.12
  data required time                                                                     0.12
  ----------------------------------------------------------------------------------------------
  data required time                                                                     0.12
  data arrival time                                                                     -0.20
  ----------------------------------------------------------------------------------------------
  slack (MET)                                                                            0.07


  Startpoint: U_WATCHDOG/timer_cnt_reg[6]
              (rising edge-triggered flip-flop clocked by aclk)
  Endpoint: U_WATCHDOG/timer_cnt_reg[6]
            (rising edge-triggered flip-flop clocked by aclk)
  Path Group: REG2REG
  Path Type: min

  Point                                       Fanout       Cap     Trans      Incr       Path
  ----------------------------------------------------------------------------------------------
  clock aclk (rise edge)                                                      0.00       0.00
  clock network delay (ideal)                                                 0.00       0.00
  U_WATCHDOG/timer_cnt_reg[6]/CK (DFFRQXL)                          0.10      0.00 #     0.00 r
  U_WATCHDOG/timer_cnt_reg[6]/Q (DFFRQXL)                           0.07      0.16       0.16 r
  U_WATCHDOG/rsp_timnot[6] (net)                4         0.00                0.00       0.16 r
  U_WATCHDOG/U653/Y (OAI31XL)                                       0.04      0.04       0.20 f
  U_WATCHDOG/n127 (net)                         1         0.00                0.00       0.20 f
  U_WATCHDOG/timer_cnt_reg[6]/D (DFFRQXL)                           0.04      0.00       0.20 f
  data arrival time                                                                      0.20

  clock aclk (rise edge)                                                      0.00       0.00
  clock network delay (ideal)                                                 0.00       0.00
  clock uncertainty                                                           0.10       0.10
  U_WATCHDOG/timer_cnt_reg[6]/CK (DFFRQXL)                                    0.00       0.10 r
  library hold time                                                           0.03       0.13
  data required time                                                                     0.13
  ----------------------------------------------------------------------------------------------
  data required time                                                                     0.13
  data arrival time                                                                     -0.20
  ----------------------------------------------------------------------------------------------
  slack (MET)                                                                            0.07


  Startpoint: genblk1.U_WRAP_ALIGN/rwrap_cnt_reg[0]
              (rising edge-triggered flip-flop clocked by aclk)
  Endpoint: genblk1.U_WRAP_ALIGN/rwrap_cnt_reg[0]
            (rising edge-triggered flip-flop clocked by aclk)
  Path Group: REG2REG
  Path Type: min

  Point                                       Fanout       Cap     Trans      Incr       Path
  ----------------------------------------------------------------------------------------------
  clock aclk (rise edge)                                                      0.00       0.00
  clock network delay (ideal)                                                 0.00       0.00
  genblk1.U_WRAP_ALIGN/rwrap_cnt_reg[0]/CK (DFFRQXL)                0.10      0.00 #     0.00 r
  genblk1.U_WRAP_ALIGN/rwrap_cnt_reg[0]/Q (DFFRQXL)                 0.08      0.17       0.17 r
  genblk1.U_WRAP_ALIGN/rwrap_cnt[0] (net)       5         0.01                0.00       0.17 r
  genblk1.U_WRAP_ALIGN/U2808/Y (OAI21XL)                            0.03      0.03       0.21 f
  genblk1.U_WRAP_ALIGN/n2209 (net)              1         0.00                0.00       0.21 f
  genblk1.U_WRAP_ALIGN/rwrap_cnt_reg[0]/D (DFFRQXL)                 0.03      0.00       0.21 f
  data arrival time                                                                      0.21

  clock aclk (rise edge)                                                      0.00       0.00
  clock network delay (ideal)                                                 0.00       0.00
  clock uncertainty                                                           0.10       0.10
  genblk1.U_WRAP_ALIGN/rwrap_cnt_reg[0]/CK (DFFRQXL)                          0.00       0.10 r
  library hold time                                                           0.03       0.13
  data required time                                                                     0.13
  ----------------------------------------------------------------------------------------------
  data required time                                                                     0.13
  data arrival time                                                                     -0.21
  ----------------------------------------------------------------------------------------------
  slack (MET)                                                                            0.08


  Startpoint: genblk2.U_RSP_ORDER/flit_cnt_reg[4]
              (rising edge-triggered flip-flop clocked by aclk)
  Endpoint: genblk2.U_RSP_ORDER/flit_cnt_reg[4]
            (rising edge-triggered flip-flop clocked by aclk)
  Path Group: REG2REG
  Path Type: min

  Point                                       Fanout       Cap     Trans      Incr       Path
  ----------------------------------------------------------------------------------------------
  clock aclk (rise edge)                                                      0.00       0.00
  clock network delay (ideal)                                                 0.00       0.00
  genblk2.U_RSP_ORDER/flit_cnt_reg[4]/CK (DFFRQXL)                  0.10      0.00 #     0.00 r
  genblk2.U_RSP_ORDER/flit_cnt_reg[4]/Q (DFFRQXL)                   0.07      0.17       0.17 r
  genblk2.U_RSP_ORDER/flit_cnt[4] (net)         4         0.01                0.00       0.17 r
  genblk2.U_RSP_ORDER/U1534/Y (OAI32XL)                             0.04      0.04       0.21 f
  genblk2.U_RSP_ORDER/n260 (net)                1         0.00                0.00       0.21 f
  genblk2.U_RSP_ORDER/flit_cnt_reg[4]/D (DFFRQXL)                   0.04      0.00       0.21 f
  data arrival time                                                                      0.21

  clock aclk (rise edge)                                                      0.00       0.00
  clock network delay (ideal)                                                 0.00       0.00
  clock uncertainty                                                           0.10       0.10
  genblk2.U_RSP_ORDER/flit_cnt_reg[4]/CK (DFFRQXL)                            0.00       0.10 r
  library hold time                                                           0.03       0.13
  data required time                                                                     0.13
  ----------------------------------------------------------------------------------------------
  data required time                                                                     0.13
  data arrival time                                                                     -0.21
  ----------------------------------------------------------------------------------------------
  slack (MET)                                                                            0.08


  Startpoint: U_WATCHDOG/timer_cnt_reg[10]
              (rising edge-triggered flip-flop clocked by aclk)
  Endpoint: U_WATCHDOG/timer_cnt_reg[10]
            (rising edge-triggered flip-flop clocked by aclk)
  Path Group: REG2REG
  Path Type: min

  Point                                       Fanout       Cap     Trans      Incr       Path
  ----------------------------------------------------------------------------------------------
  clock aclk (rise edge)                                                      0.00       0.00
  clock network delay (ideal)                                                 0.00       0.00
  U_WATCHDOG/timer_cnt_reg[10]/CK (DFFRQXL)                         0.10      0.00 #     0.00 r
  U_WATCHDOG/timer_cnt_reg[10]/Q (DFFRQXL)                          0.08      0.17       0.17 r
  U_WATCHDOG/rsp_timnot[10] (net)               5         0.01                0.00       0.17 r
  U_WATCHDOG/U661/Y (OAI31XL)                                       0.04      0.04       0.21 f
  U_WATCHDOG/n131 (net)                         1         0.00                0.00       0.21 f
  U_WATCHDOG/timer_cnt_reg[10]/D (DFFRQXL)                          0.04      0.00       0.21 f
  data arrival time                                                                      0.21

  clock aclk (rise edge)                                                      0.00       0.00
  clock network delay (ideal)                                                 0.00       0.00
  clock uncertainty                                                           0.10       0.10
  U_WATCHDOG/timer_cnt_reg[10]/CK (DFFRQXL)                                   0.00       0.10 r
  library hold time                                                           0.03       0.13
  data required time                                                                     0.13
  ----------------------------------------------------------------------------------------------
  data required time                                                                     0.13
  data arrival time                                                                     -0.21
  ----------------------------------------------------------------------------------------------
  slack (MET)                                                                            0.08


  Startpoint: genblk2.U_RSP_ORDER/flit_cnt_reg[2]
              (rising edge-triggered flip-flop clocked by aclk)
  Endpoint: genblk2.U_RSP_ORDER/flit_cnt_reg[2]
            (rising edge-triggered flip-flop clocked by aclk)
  Path Group: REG2REG
  Path Type: min

  Point                                       Fanout       Cap     Trans      Incr       Path
  ----------------------------------------------------------------------------------------------
  clock aclk (rise edge)                                                      0.00       0.00
  clock network delay (ideal)                                                 0.00       0.00
  genblk2.U_RSP_ORDER/flit_cnt_reg[2]/CK (DFFRQXL)                  0.10      0.00 #     0.00 r
  genblk2.U_RSP_ORDER/flit_cnt_reg[2]/Q (DFFRQXL)                   0.05      0.16       0.16 r
  genblk2.U_RSP_ORDER/flit_cnt[2] (net)         3         0.00                0.00       0.16 r
  genblk2.U_RSP_ORDER/U2225/Y (AOI32XL)                             0.04      0.06       0.22 f
  genblk2.U_RSP_ORDER/n258 (net)                1         0.00                0.00       0.22 f
  genblk2.U_RSP_ORDER/flit_cnt_reg[2]/D (DFFRQXL)                   0.04      0.00       0.22 f
  data arrival time                                                                      0.22

  clock aclk (rise edge)                                                      0.00       0.00
  clock network delay (ideal)                                                 0.00       0.00
  clock uncertainty                                                           0.10       0.10
  genblk2.U_RSP_ORDER/flit_cnt_reg[2]/CK (DFFRQXL)                            0.00       0.10 r
  library hold time                                                           0.03       0.13
  data required time                                                                     0.13
  ----------------------------------------------------------------------------------------------
  data required time                                                                     0.13
  data arrival time                                                                     -0.22
  ----------------------------------------------------------------------------------------------
  slack (MET)                                                                            0.09


  Startpoint: genblk2.U_RSP_ORDER/flit_cnt_reg[3]
              (rising edge-triggered flip-flop clocked by aclk)
  Endpoint: genblk2.U_RSP_ORDER/flit_cnt_reg[3]
            (rising edge-triggered flip-flop clocked by aclk)
  Path Group: REG2REG
  Path Type: min

  Point                                       Fanout       Cap     Trans      Incr       Path
  ----------------------------------------------------------------------------------------------
  clock aclk (rise edge)                                                      0.00       0.00
  clock network delay (ideal)                                                 0.00       0.00
  genblk2.U_RSP_ORDER/flit_cnt_reg[3]/CK (DFFRQXL)                  0.10      0.00 #     0.00 r
  genblk2.U_RSP_ORDER/flit_cnt_reg[3]/Q (DFFRQXL)                   0.08      0.17       0.17 r
  genblk2.U_RSP_ORDER/flit_cnt[3] (net)         5         0.01                0.00       0.17 r
  genblk2.U_RSP_ORDER/U1532/Y (OAI32XL)                             0.04      0.05       0.22 f
  genblk2.U_RSP_ORDER/n259 (net)                1         0.00                0.00       0.22 f
  genblk2.U_RSP_ORDER/flit_cnt_reg[3]/D (DFFRQXL)                   0.04      0.00       0.22 f
  data arrival time                                                                      0.22

  clock aclk (rise edge)                                                      0.00       0.00
  clock network delay (ideal)                                                 0.00       0.00
  clock uncertainty                                                           0.10       0.10
  genblk2.U_RSP_ORDER/flit_cnt_reg[3]/CK (DFFRQXL)                            0.00       0.10 r
  library hold time                                                           0.03       0.13
  data required time                                                                     0.13
  ----------------------------------------------------------------------------------------------
  data required time                                                                     0.13
  data arrival time                                                                     -0.22
  ----------------------------------------------------------------------------------------------
  slack (MET)                                                                            0.09


  Startpoint: genblk2.U_RSP_ORDER/flit_cnt_reg[5]
              (rising edge-triggered flip-flop clocked by aclk)
  Endpoint: genblk2.U_RSP_ORDER/flit_cnt_reg[5]
            (rising edge-triggered flip-flop clocked by aclk)
  Path Group: REG2REG
  Path Type: min

  Point                                       Fanout       Cap     Trans      Incr       Path
  ----------------------------------------------------------------------------------------------
  clock aclk (rise edge)                                                      0.00       0.00
  clock network delay (ideal)                                                 0.00       0.00
  genblk2.U_RSP_ORDER/flit_cnt_reg[5]/CK (DFFRQXL)                  0.10      0.00 #     0.00 r
  genblk2.U_RSP_ORDER/flit_cnt_reg[5]/Q (DFFRQXL)                   0.08      0.17       0.17 r
  genblk2.U_RSP_ORDER/flit_cnt[5] (net)         5         0.01                0.00       0.17 r
  genblk2.U_RSP_ORDER/U1537/Y (OAI32XL)                             0.04      0.05       0.22 f
  genblk2.U_RSP_ORDER/n261 (net)                1         0.00                0.00       0.22 f
  genblk2.U_RSP_ORDER/flit_cnt_reg[5]/D (DFFRQXL)                   0.04      0.00       0.22 f
  data arrival time                                                                      0.22

  clock aclk (rise edge)                                                      0.00       0.00
  clock network delay (ideal)                                                 0.00       0.00
  clock uncertainty                                                           0.10       0.10
  genblk2.U_RSP_ORDER/flit_cnt_reg[5]/CK (DFFRQXL)                            0.00       0.10 r
  library hold time                                                           0.03       0.13
  data required time                                                                     0.13
  ----------------------------------------------------------------------------------------------
  data required time                                                                     0.13
  data arrival time                                                                     -0.22
  ----------------------------------------------------------------------------------------------
  slack (MET)                                                                            0.09


  Startpoint: U_REQ_ORDER/reqo2rspo_rsp_iid_reg[2]
              (rising edge-triggered flip-flop clocked by aclk)
  Endpoint: U_REQ_ORDER/reqo2rspo_rsp_iid_reg[2]
            (rising edge-triggered flip-flop clocked by aclk)
  Path Group: REG2REG
  Path Type: min

  Point                                       Fanout       Cap     Trans      Incr       Path
  ----------------------------------------------------------------------------------------------
  clock aclk (rise edge)                                                      0.00       0.00
  clock network delay (ideal)                                                 0.00       0.00
  U_REQ_ORDER/reqo2rspo_rsp_iid_reg[2]/CK (DFFRQXL)                 0.10      0.00 #     0.00 r
  U_REQ_ORDER/reqo2rspo_rsp_iid_reg[2]/Q (DFFRQXL)                  0.04      0.17       0.17 f
  U_REQ_ORDER/reqo2rspo_rsp_iid[2] (net)        2         0.00                0.00       0.17 f
  U_REQ_ORDER/U5282/Y (INVXL)                                       0.02      0.02       0.20 r
  U_REQ_ORDER/n4937 (net)                       1         0.00                0.00       0.20 r
  U_REQ_ORDER/U5283/Y (AOI32XL)                                     0.04      0.03       0.22 f
  U_REQ_ORDER/n934 (net)                        1         0.00                0.00       0.22 f
  U_REQ_ORDER/reqo2rspo_rsp_iid_reg[2]/D (DFFRQXL)                  0.04      0.00       0.22 f
  data arrival time                                                                      0.22

  clock aclk (rise edge)                                                      0.00       0.00
  clock network delay (ideal)                                                 0.00       0.00
  clock uncertainty                                                           0.10       0.10
  U_REQ_ORDER/reqo2rspo_rsp_iid_reg[2]/CK (DFFRQXL)                           0.00       0.10 r
  library hold time                                                           0.03       0.13
  data required time                                                                     0.13
  ----------------------------------------------------------------------------------------------
  data required time                                                                     0.13
  data arrival time                                                                     -0.22
  ----------------------------------------------------------------------------------------------
  slack (MET)                                                                            0.10


  Startpoint: U_REQ_ORDER/reqo2rspo_rsp_ordkey_reg[0]
              (rising edge-triggered flip-flop clocked by aclk)
  Endpoint: U_REQ_ORDER/reqo2rspo_rsp_ordkey_reg[0]
            (rising edge-triggered flip-flop clocked by aclk)
  Path Group: REG2REG
  Path Type: min

  Point                                       Fanout       Cap     Trans      Incr       Path
  ----------------------------------------------------------------------------------------------
  clock aclk (rise edge)                                                      0.00       0.00
  clock network delay (ideal)                                                 0.00       0.00
  U_REQ_ORDER/reqo2rspo_rsp_ordkey_reg[0]/CK (DFFRQXL)              0.10      0.00 #     0.00 r
  U_REQ_ORDER/reqo2rspo_rsp_ordkey_reg[0]/Q (DFFRQXL)               0.04      0.17       0.17 f
  U_REQ_ORDER/reqo2rspo_rsp_ordkey[0] (net)     2         0.00                0.00       0.17 f
  U_REQ_ORDER/U5423/Y (INVXL)                                       0.02      0.02       0.20 r
  U_REQ_ORDER/n5069 (net)                       1         0.00                0.00       0.20 r
  U_REQ_ORDER/U5424/Y (AOI32XL)                                     0.04      0.03       0.22 f
  U_REQ_ORDER/n954 (net)                        1         0.00                0.00       0.22 f
  U_REQ_ORDER/reqo2rspo_rsp_ordkey_reg[0]/D (DFFRQXL)               0.04      0.00       0.22 f
  data arrival time                                                                      0.22

  clock aclk (rise edge)                                                      0.00       0.00
  clock network delay (ideal)                                                 0.00       0.00
  clock uncertainty                                                           0.10       0.10
  U_REQ_ORDER/reqo2rspo_rsp_ordkey_reg[0]/CK (DFFRQXL)                        0.00       0.10 r
  library hold time                                                           0.03       0.13
  data required time                                                                     0.13
  ----------------------------------------------------------------------------------------------
  data required time                                                                     0.13
  data arrival time                                                                     -0.22
  ----------------------------------------------------------------------------------------------
  slack (MET)                                                                            0.10


  Startpoint: U_REQ_ORDER/reqo2rspo_rsp_ordkey_reg[1]
              (rising edge-triggered flip-flop clocked by aclk)
  Endpoint: U_REQ_ORDER/reqo2rspo_rsp_ordkey_reg[1]
            (rising edge-triggered flip-flop clocked by aclk)
  Path Group: REG2REG
  Path Type: min

  Point                                       Fanout       Cap     Trans      Incr       Path
  ----------------------------------------------------------------------------------------------
  clock aclk (rise edge)                                                      0.00       0.00
  clock network delay (ideal)                                                 0.00       0.00
  U_REQ_ORDER/reqo2rspo_rsp_ordkey_reg[1]/CK (DFFRQXL)              0.10      0.00 #     0.00 r
  U_REQ_ORDER/reqo2rspo_rsp_ordkey_reg[1]/Q (DFFRQXL)               0.04      0.17       0.17 f
  U_REQ_ORDER/reqo2rspo_rsp_ordkey[1] (net)     2         0.00                0.00       0.17 f
  U_REQ_ORDER/U5416/Y (INVXL)                                       0.02      0.02       0.20 r
  U_REQ_ORDER/n5061 (net)                       1         0.00                0.00       0.20 r
  U_REQ_ORDER/U5417/Y (AOI32XL)                                     0.04      0.03       0.22 f
  U_REQ_ORDER/n953 (net)                        1         0.00                0.00       0.22 f
  U_REQ_ORDER/reqo2rspo_rsp_ordkey_reg[1]/D (DFFRQXL)               0.04      0.00       0.22 f
  data arrival time                                                                      0.22

  clock aclk (rise edge)                                                      0.00       0.00
  clock network delay (ideal)                                                 0.00       0.00
  clock uncertainty                                                           0.10       0.10
  U_REQ_ORDER/reqo2rspo_rsp_ordkey_reg[1]/CK (DFFRQXL)                        0.00       0.10 r
  library hold time                                                           0.03       0.13
  data required time                                                                     0.13
  ----------------------------------------------------------------------------------------------
  data required time                                                                     0.13
  data arrival time                                                                     -0.22
  ----------------------------------------------------------------------------------------------
  slack (MET)                                                                            0.10


  Startpoint: U_REQ_ORDER/reqo2rspo_rsp_ordkey_reg[2]
              (rising edge-triggered flip-flop clocked by aclk)
  Endpoint: U_REQ_ORDER/reqo2rspo_rsp_ordkey_reg[2]
            (rising edge-triggered flip-flop clocked by aclk)
  Path Group: REG2REG
  Path Type: min

  Point                                       Fanout       Cap     Trans      Incr       Path
  ----------------------------------------------------------------------------------------------
  clock aclk (rise edge)                                                      0.00       0.00
  clock network delay (ideal)                                                 0.00       0.00
  U_REQ_ORDER/reqo2rspo_rsp_ordkey_reg[2]/CK (DFFRQXL)              0.10      0.00 #     0.00 r
  U_REQ_ORDER/reqo2rspo_rsp_ordkey_reg[2]/Q (DFFRQXL)               0.04      0.17       0.17 f
  U_REQ_ORDER/reqo2rspo_rsp_ordkey[2] (net)     2         0.00                0.00       0.17 f
  U_REQ_ORDER/U5409/Y (INVXL)                                       0.02      0.02       0.20 r
  U_REQ_ORDER/n5052 (net)                       1         0.00                0.00       0.20 r
  U_REQ_ORDER/U5410/Y (AOI32XL)                                     0.04      0.03       0.22 f
  U_REQ_ORDER/n952 (net)                        1         0.00                0.00       0.22 f
  U_REQ_ORDER/reqo2rspo_rsp_ordkey_reg[2]/D (DFFRQXL)               0.04      0.00       0.22 f
  data arrival time                                                                      0.22

  clock aclk (rise edge)                                                      0.00       0.00
  clock network delay (ideal)                                                 0.00       0.00
  clock uncertainty                                                           0.10       0.10
  U_REQ_ORDER/reqo2rspo_rsp_ordkey_reg[2]/CK (DFFRQXL)                        0.00       0.10 r
  library hold time                                                           0.03       0.13
  data required time                                                                     0.13
  ----------------------------------------------------------------------------------------------
  data required time                                                                     0.13
  data arrival time                                                                     -0.22
  ----------------------------------------------------------------------------------------------
  slack (MET)                                                                            0.10


  Startpoint: U_REQ_ORDER/reqo2rspo_rsp_ordkey_reg[3]
              (rising edge-triggered flip-flop clocked by aclk)
  Endpoint: U_REQ_ORDER/reqo2rspo_rsp_ordkey_reg[3]
            (rising edge-triggered flip-flop clocked by aclk)
  Path Group: REG2REG
  Path Type: min

  Point                                       Fanout       Cap     Trans      Incr       Path
  ----------------------------------------------------------------------------------------------
  clock aclk (rise edge)                                                      0.00       0.00
  clock network delay (ideal)                                                 0.00       0.00
  U_REQ_ORDER/reqo2rspo_rsp_ordkey_reg[3]/CK (DFFRQXL)              0.10      0.00 #     0.00 r
  U_REQ_ORDER/reqo2rspo_rsp_ordkey_reg[3]/Q (DFFRQXL)               0.04      0.17       0.17 f
  U_REQ_ORDER/reqo2rspo_rsp_ordkey[3] (net)     2         0.00                0.00       0.17 f
  U_REQ_ORDER/U1186/Y (INVXL)                                       0.02      0.02       0.20 r
  U_REQ_ORDER/n5044 (net)                       1         0.00                0.00       0.20 r
  U_REQ_ORDER/U5403/Y (AOI32XL)                                     0.04      0.03       0.22 f
  U_REQ_ORDER/n951 (net)                        1         0.00                0.00       0.22 f
  U_REQ_ORDER/reqo2rspo_rsp_ordkey_reg[3]/D (DFFRQXL)               0.04      0.00       0.22 f
  data arrival time                                                                      0.22

  clock aclk (rise edge)                                                      0.00       0.00
  clock network delay (ideal)                                                 0.00       0.00
  clock uncertainty                                                           0.10       0.10
  U_REQ_ORDER/reqo2rspo_rsp_ordkey_reg[3]/CK (DFFRQXL)                        0.00       0.10 r
  library hold time                                                           0.03       0.13
  data required time                                                                     0.13
  ----------------------------------------------------------------------------------------------
  data required time                                                                     0.13
  data arrival time                                                                     -0.22
  ----------------------------------------------------------------------------------------------
  slack (MET)                                                                            0.10


  Startpoint: U_REQ_ORDER/reqo2rspo_rsp_ordkey_reg[4]
              (rising edge-triggered flip-flop clocked by aclk)
  Endpoint: U_REQ_ORDER/reqo2rspo_rsp_ordkey_reg[4]
            (rising edge-triggered flip-flop clocked by aclk)
  Path Group: REG2REG
  Path Type: min

  Point                                       Fanout       Cap     Trans      Incr       Path
  ----------------------------------------------------------------------------------------------
  clock aclk (rise edge)                                                      0.00       0.00
  clock network delay (ideal)                                                 0.00       0.00
  U_REQ_ORDER/reqo2rspo_rsp_ordkey_reg[4]/CK (DFFRQXL)              0.10      0.00 #     0.00 r
  U_REQ_ORDER/reqo2rspo_rsp_ordkey_reg[4]/Q (DFFRQXL)               0.04      0.17       0.17 f
  U_REQ_ORDER/reqo2rspo_rsp_ordkey[4] (net)     2         0.00                0.00       0.17 f
  U_REQ_ORDER/U5395/Y (INVXL)                                       0.02      0.02       0.20 r
  U_REQ_ORDER/n5037 (net)                       1         0.00                0.00       0.20 r
  U_REQ_ORDER/U5396/Y (AOI32XL)                                     0.04      0.03       0.22 f
  U_REQ_ORDER/n950 (net)                        1         0.00                0.00       0.22 f
  U_REQ_ORDER/reqo2rspo_rsp_ordkey_reg[4]/D (DFFRQXL)               0.04      0.00       0.22 f
  data arrival time                                                                      0.22

  clock aclk (rise edge)                                                      0.00       0.00
  clock network delay (ideal)                                                 0.00       0.00
  clock uncertainty                                                           0.10       0.10
  U_REQ_ORDER/reqo2rspo_rsp_ordkey_reg[4]/CK (DFFRQXL)                        0.00       0.10 r
  library hold time                                                           0.03       0.13
  data required time                                                                     0.13
  ----------------------------------------------------------------------------------------------
  data required time                                                                     0.13
  data arrival time                                                                     -0.22
  ----------------------------------------------------------------------------------------------
  slack (MET)                                                                            0.10


  Startpoint: U_REQ_ORDER/reqo2rspo_rsp_iid_reg[0]
              (rising edge-triggered flip-flop clocked by aclk)
  Endpoint: U_REQ_ORDER/reqo2rspo_rsp_iid_reg[0]
            (rising edge-triggered flip-flop clocked by aclk)
  Path Group: REG2REG
  Path Type: min

  Point                                       Fanout       Cap     Trans      Incr       Path
  ----------------------------------------------------------------------------------------------
  clock aclk (rise edge)                                                      0.00       0.00
  clock network delay (ideal)                                                 0.00       0.00
  U_REQ_ORDER/reqo2rspo_rsp_iid_reg[0]/CK (DFFRQXL)                 0.10      0.00 #     0.00 r
  U_REQ_ORDER/reqo2rspo_rsp_iid_reg[0]/Q (DFFRQXL)                  0.04      0.17       0.17 f
  U_REQ_ORDER/reqo2rspo_rsp_iid[0] (net)        2         0.00                0.00       0.17 f
  U_REQ_ORDER/U1184/Y (INVXL)                                       0.02      0.02       0.20 r
  U_REQ_ORDER/n4950 (net)                       1         0.00                0.00       0.20 r
  U_REQ_ORDER/U5296/Y (AOI32XL)                                     0.04      0.03       0.22 f
  U_REQ_ORDER/n936 (net)                        1         0.00                0.00       0.22 f
  U_REQ_ORDER/reqo2rspo_rsp_iid_reg[0]/D (DFFRQXL)                  0.04      0.00       0.22 f
  data arrival time                                                                      0.22

  clock aclk (rise edge)                                                      0.00       0.00
  clock network delay (ideal)                                                 0.00       0.00
  clock uncertainty                                                           0.10       0.10
  U_REQ_ORDER/reqo2rspo_rsp_iid_reg[0]/CK (DFFRQXL)                           0.00       0.10 r
  library hold time                                                           0.03       0.13
  data required time                                                                     0.13
  ----------------------------------------------------------------------------------------------
  data required time                                                                     0.13
  data arrival time                                                                     -0.22
  ----------------------------------------------------------------------------------------------
  slack (MET)                                                                            0.10


  Startpoint: U_REQ_ORDER/reqo2rspo_rsp_iid_reg[1]
              (rising edge-triggered flip-flop clocked by aclk)
  Endpoint: U_REQ_ORDER/reqo2rspo_rsp_iid_reg[1]
            (rising edge-triggered flip-flop clocked by aclk)
  Path Group: REG2REG
  Path Type: min

  Point                                       Fanout       Cap     Trans      Incr       Path
  ----------------------------------------------------------------------------------------------
  clock aclk (rise edge)                                                      0.00       0.00
  clock network delay (ideal)                                                 0.00       0.00
  U_REQ_ORDER/reqo2rspo_rsp_iid_reg[1]/CK (DFFRQXL)                 0.10      0.00 #     0.00 r
  U_REQ_ORDER/reqo2rspo_rsp_iid_reg[1]/Q (DFFRQXL)                  0.04      0.17       0.17 f
  U_REQ_ORDER/reqo2rspo_rsp_iid[1] (net)        2         0.00                0.00       0.17 f
  U_REQ_ORDER/U5289/Y (INVXL)                                       0.02      0.02       0.20 r
  U_REQ_ORDER/n4943 (net)                       1         0.00                0.00       0.20 r
  U_REQ_ORDER/U5290/Y (AOI32XL)                                     0.04      0.03       0.22 f
  U_REQ_ORDER/n935 (net)                        1         0.00                0.00       0.22 f
  U_REQ_ORDER/reqo2rspo_rsp_iid_reg[1]/D (DFFRQXL)                  0.04      0.00       0.22 f
  data arrival time                                                                      0.22

  clock aclk (rise edge)                                                      0.00       0.00
  clock network delay (ideal)                                                 0.00       0.00
  clock uncertainty                                                           0.10       0.10
  U_REQ_ORDER/reqo2rspo_rsp_iid_reg[1]/CK (DFFRQXL)                           0.00       0.10 r
  library hold time                                                           0.03       0.13
  data required time                                                                     0.13
  ----------------------------------------------------------------------------------------------
  data required time                                                                     0.13
  data arrival time                                                                     -0.22
  ----------------------------------------------------------------------------------------------
  slack (MET)                                                                            0.10


  Startpoint: U_REQ_ORDER/reqo2rspo_rsp_iid_reg[3]
              (rising edge-triggered flip-flop clocked by aclk)
  Endpoint: U_REQ_ORDER/reqo2rspo_rsp_iid_reg[3]
            (rising edge-triggered flip-flop clocked by aclk)
  Path Group: REG2REG
  Path Type: min

  Point                                       Fanout       Cap     Trans      Incr       Path
  ----------------------------------------------------------------------------------------------
  clock aclk (rise edge)                                                      0.00       0.00
  clock network delay (ideal)                                                 0.00       0.00
  U_REQ_ORDER/reqo2rspo_rsp_iid_reg[3]/CK (DFFRQXL)                 0.10      0.00 #     0.00 r
  U_REQ_ORDER/reqo2rspo_rsp_iid_reg[3]/Q (DFFRQXL)                  0.04      0.17       0.17 f
  U_REQ_ORDER/reqo2rspo_rsp_iid[3] (net)        2         0.00                0.00       0.17 f
  U_REQ_ORDER/U5275/Y (INVXL)                                       0.02      0.02       0.20 r
  U_REQ_ORDER/n4931 (net)                       1         0.00                0.00       0.20 r
  U_REQ_ORDER/U5276/Y (AOI32XL)                                     0.04      0.03       0.22 f
  U_REQ_ORDER/n933 (net)                        1         0.00                0.00       0.22 f
  U_REQ_ORDER/reqo2rspo_rsp_iid_reg[3]/D (DFFRQXL)                  0.04      0.00       0.22 f
  data arrival time                                                                      0.22

  clock aclk (rise edge)                                                      0.00       0.00
  clock network delay (ideal)                                                 0.00       0.00
  clock uncertainty                                                           0.10       0.10
  U_REQ_ORDER/reqo2rspo_rsp_iid_reg[3]/CK (DFFRQXL)                           0.00       0.10 r
  library hold time                                                           0.03       0.13
  data required time                                                                     0.13
  ----------------------------------------------------------------------------------------------
  data required time                                                                     0.13
  data arrival time                                                                     -0.22
  ----------------------------------------------------------------------------------------------
  slack (MET)                                                                            0.10


  Startpoint: U_REQ_ORDER/reqo2rspo_rsp_iid_reg[4]
              (rising edge-triggered flip-flop clocked by aclk)
  Endpoint: U_REQ_ORDER/reqo2rspo_rsp_iid_reg[4]
            (rising edge-triggered flip-flop clocked by aclk)
  Path Group: REG2REG
  Path Type: min

  Point                                       Fanout       Cap     Trans      Incr       Path
  ----------------------------------------------------------------------------------------------
  clock aclk (rise edge)                                                      0.00       0.00
  clock network delay (ideal)                                                 0.00       0.00
  U_REQ_ORDER/reqo2rspo_rsp_iid_reg[4]/CK (DFFRQXL)                 0.10      0.00 #     0.00 r
  U_REQ_ORDER/reqo2rspo_rsp_iid_reg[4]/Q (DFFRQXL)                  0.04      0.17       0.17 f
  U_REQ_ORDER/reqo2rspo_rsp_iid[4] (net)        2         0.00                0.00       0.17 f
  U_REQ_ORDER/U5268/Y (INVXL)                                       0.02      0.02       0.20 r
  U_REQ_ORDER/n4923 (net)                       1         0.00                0.00       0.20 r
  U_REQ_ORDER/U5269/Y (AOI32XL)                                     0.04      0.03       0.22 f
  U_REQ_ORDER/n932 (net)                        1         0.00                0.00       0.22 f
  U_REQ_ORDER/reqo2rspo_rsp_iid_reg[4]/D (DFFRQXL)                  0.04      0.00       0.22 f
  data arrival time                                                                      0.22

  clock aclk (rise edge)                                                      0.00       0.00
  clock network delay (ideal)                                                 0.00       0.00
  clock uncertainty                                                           0.10       0.10
  U_REQ_ORDER/reqo2rspo_rsp_iid_reg[4]/CK (DFFRQXL)                           0.00       0.10 r
  library hold time                                                           0.03       0.13
  data required time                                                                     0.13
  ----------------------------------------------------------------------------------------------
  data required time                                                                     0.13
  data arrival time                                                                     -0.22
  ----------------------------------------------------------------------------------------------
  slack (MET)                                                                            0.10


  Startpoint: U_REQ_ORDER/reqo2rspo_rsp_iid_reg[5]
              (rising edge-triggered flip-flop clocked by aclk)
  Endpoint: U_REQ_ORDER/reqo2rspo_rsp_iid_reg[5]
            (rising edge-triggered flip-flop clocked by aclk)
  Path Group: REG2REG
  Path Type: min

  Point                                       Fanout       Cap     Trans      Incr       Path
  ----------------------------------------------------------------------------------------------
  clock aclk (rise edge)                                                      0.00       0.00
  clock network delay (ideal)                                                 0.00       0.00
  U_REQ_ORDER/reqo2rspo_rsp_iid_reg[5]/CK (DFFRQXL)                 0.10      0.00 #     0.00 r
  U_REQ_ORDER/reqo2rspo_rsp_iid_reg[5]/Q (DFFRQXL)                  0.04      0.17       0.17 f
  U_REQ_ORDER/reqo2rspo_rsp_iid[5] (net)        2         0.00                0.00       0.17 f
  U_REQ_ORDER/U1183/Y (INVXL)                                       0.02      0.02       0.20 r
  U_REQ_ORDER/n4916 (net)                       1         0.00                0.00       0.20 r
  U_REQ_ORDER/U5261/Y (AOI32XL)                                     0.04      0.03       0.22 f
  U_REQ_ORDER/n931 (net)                        1         0.00                0.00       0.22 f
  U_REQ_ORDER/reqo2rspo_rsp_iid_reg[5]/D (DFFRQXL)                  0.04      0.00       0.22 f
  data arrival time                                                                      0.22

  clock aclk (rise edge)                                                      0.00       0.00
  clock network delay (ideal)                                                 0.00       0.00
  clock uncertainty                                                           0.10       0.10
  U_REQ_ORDER/reqo2rspo_rsp_iid_reg[5]/CK (DFFRQXL)                           0.00       0.10 r
  library hold time                                                           0.03       0.13
  data required time                                                                     0.13
  ----------------------------------------------------------------------------------------------
  data required time                                                                     0.13
  data arrival time                                                                     -0.22
  ----------------------------------------------------------------------------------------------
  slack (MET)                                                                            0.10


  Startpoint: U_REQ_ORDER/reqo2rspo_rsp_iid_reg[6]
              (rising edge-triggered flip-flop clocked by aclk)
  Endpoint: U_REQ_ORDER/reqo2rspo_rsp_iid_reg[6]
            (rising edge-triggered flip-flop clocked by aclk)
  Path Group: REG2REG
  Path Type: min

  Point                                       Fanout       Cap     Trans      Incr       Path
  ----------------------------------------------------------------------------------------------
  clock aclk (rise edge)                                                      0.00       0.00
  clock network delay (ideal)                                                 0.00       0.00
  U_REQ_ORDER/reqo2rspo_rsp_iid_reg[6]/CK (DFFRQXL)                 0.10      0.00 #     0.00 r
  U_REQ_ORDER/reqo2rspo_rsp_iid_reg[6]/Q (DFFRQXL)                  0.04      0.17       0.17 f
  U_REQ_ORDER/reqo2rspo_rsp_iid[6] (net)        2         0.00                0.00       0.17 f
  U_REQ_ORDER/U5254/Y (INVXL)                                       0.02      0.02       0.20 r
  U_REQ_ORDER/n4910 (net)                       1         0.00                0.00       0.20 r
  U_REQ_ORDER/U5255/Y (AOI32XL)                                     0.04      0.03       0.22 f
  U_REQ_ORDER/n930 (net)                        1         0.00                0.00       0.22 f
  U_REQ_ORDER/reqo2rspo_rsp_iid_reg[6]/D (DFFRQXL)                  0.04      0.00       0.22 f
  data arrival time                                                                      0.22

  clock aclk (rise edge)                                                      0.00       0.00
  clock network delay (ideal)                                                 0.00       0.00
  clock uncertainty                                                           0.10       0.10
  U_REQ_ORDER/reqo2rspo_rsp_iid_reg[6]/CK (DFFRQXL)                           0.00       0.10 r
  library hold time                                                           0.03       0.13
  data required time                                                                     0.13
  ----------------------------------------------------------------------------------------------
  data required time                                                                     0.13
  data arrival time                                                                     -0.22
  ----------------------------------------------------------------------------------------------
  slack (MET)                                                                            0.10


  Startpoint: U_REQ_ORDER/reqo2rspo_rsp_iid_reg[7]
              (rising edge-triggered flip-flop clocked by aclk)
  Endpoint: U_REQ_ORDER/reqo2rspo_rsp_iid_reg[7]
            (rising edge-triggered flip-flop clocked by aclk)
  Path Group: REG2REG
  Path Type: min

  Point                                       Fanout       Cap     Trans      Incr       Path
  ----------------------------------------------------------------------------------------------
  clock aclk (rise edge)                                                      0.00       0.00
  clock network delay (ideal)                                                 0.00       0.00
  U_REQ_ORDER/reqo2rspo_rsp_iid_reg[7]/CK (DFFRQXL)                 0.10      0.00 #     0.00 r
  U_REQ_ORDER/reqo2rspo_rsp_iid_reg[7]/Q (DFFRQXL)                  0.04      0.17       0.17 f
  U_REQ_ORDER/reqo2rspo_rsp_iid[7] (net)        2         0.00                0.00       0.17 f
  U_REQ_ORDER/U5247/Y (INVXL)                                       0.02      0.02       0.20 r
  U_REQ_ORDER/n4903 (net)                       1         0.00                0.00       0.20 r
  U_REQ_ORDER/U5248/Y (AOI32XL)                                     0.04      0.03       0.22 f
  U_REQ_ORDER/n929 (net)                        1         0.00                0.00       0.22 f
  U_REQ_ORDER/reqo2rspo_rsp_iid_reg[7]/D (DFFRQXL)                  0.04      0.00       0.22 f
  data arrival time                                                                      0.22

  clock aclk (rise edge)                                                      0.00       0.00
  clock network delay (ideal)                                                 0.00       0.00
  clock uncertainty                                                           0.10       0.10
  U_REQ_ORDER/reqo2rspo_rsp_iid_reg[7]/CK (DFFRQXL)                           0.00       0.10 r
  library hold time                                                           0.03       0.13
  data required time                                                                     0.13
  ----------------------------------------------------------------------------------------------
  data required time                                                                     0.13
  data arrival time                                                                     -0.22
  ----------------------------------------------------------------------------------------------
  slack (MET)                                                                            0.10


  Startpoint: U_REQ_ORDER/reqo2rspo_rsp_iid_reg[8]
              (rising edge-triggered flip-flop clocked by aclk)
  Endpoint: U_REQ_ORDER/reqo2rspo_rsp_iid_reg[8]
            (rising edge-triggered flip-flop clocked by aclk)
  Path Group: REG2REG
  Path Type: min

  Point                                       Fanout       Cap     Trans      Incr       Path
  ----------------------------------------------------------------------------------------------
  clock aclk (rise edge)                                                      0.00       0.00
  clock network delay (ideal)                                                 0.00       0.00
  U_REQ_ORDER/reqo2rspo_rsp_iid_reg[8]/CK (DFFRQXL)                 0.10      0.00 #     0.00 r
  U_REQ_ORDER/reqo2rspo_rsp_iid_reg[8]/Q (DFFRQXL)                  0.04      0.17       0.17 f
  U_REQ_ORDER/reqo2rspo_rsp_iid[8] (net)        2         0.00                0.00       0.17 f
  U_REQ_ORDER/U5239/Y (INVXL)                                       0.02      0.02       0.20 r
  U_REQ_ORDER/n4896 (net)                       1         0.00                0.00       0.20 r
  U_REQ_ORDER/U5240/Y (AOI32XL)                                     0.04      0.03       0.22 f
  U_REQ_ORDER/n928 (net)                        1         0.00                0.00       0.22 f
  U_REQ_ORDER/reqo2rspo_rsp_iid_reg[8]/D (DFFRQXL)                  0.04      0.00       0.22 f
  data arrival time                                                                      0.22

  clock aclk (rise edge)                                                      0.00       0.00
  clock network delay (ideal)                                                 0.00       0.00
  clock uncertainty                                                           0.10       0.10
  U_REQ_ORDER/reqo2rspo_rsp_iid_reg[8]/CK (DFFRQXL)                           0.00       0.10 r
  library hold time                                                           0.03       0.13
  data required time                                                                     0.13
  ----------------------------------------------------------------------------------------------
  data required time                                                                     0.13
  data arrival time                                                                     -0.22
  ----------------------------------------------------------------------------------------------
  slack (MET)                                                                            0.10


  Startpoint: U_REQ_ORDER/reqo2rspo_rsp_iid_reg[9]
              (rising edge-triggered flip-flop clocked by aclk)
  Endpoint: U_REQ_ORDER/reqo2rspo_rsp_iid_reg[9]
            (rising edge-triggered flip-flop clocked by aclk)
  Path Group: REG2REG
  Path Type: min

  Point                                       Fanout       Cap     Trans      Incr       Path
  ----------------------------------------------------------------------------------------------
  clock aclk (rise edge)                                                      0.00       0.00
  clock network delay (ideal)                                                 0.00       0.00
  U_REQ_ORDER/reqo2rspo_rsp_iid_reg[9]/CK (DFFRQXL)                 0.10      0.00 #     0.00 r
  U_REQ_ORDER/reqo2rspo_rsp_iid_reg[9]/Q (DFFRQXL)                  0.04      0.17       0.17 f
  U_REQ_ORDER/reqo2rspo_rsp_iid[9] (net)        2         0.00                0.00       0.17 f
  U_REQ_ORDER/U5232/Y (INVXL)                                       0.02      0.02       0.20 r
  U_REQ_ORDER/n4890 (net)                       1         0.00                0.00       0.20 r
  U_REQ_ORDER/U5233/Y (AOI32XL)                                     0.04      0.03       0.22 f
  U_REQ_ORDER/n927 (net)                        1         0.00                0.00       0.22 f
  U_REQ_ORDER/reqo2rspo_rsp_iid_reg[9]/D (DFFRQXL)                  0.04      0.00       0.22 f
  data arrival time                                                                      0.22

  clock aclk (rise edge)                                                      0.00       0.00
  clock network delay (ideal)                                                 0.00       0.00
  clock uncertainty                                                           0.10       0.10
  U_REQ_ORDER/reqo2rspo_rsp_iid_reg[9]/CK (DFFRQXL)                           0.00       0.10 r
  library hold time                                                           0.03       0.13
  data required time                                                                     0.13
  ----------------------------------------------------------------------------------------------
  data required time                                                                     0.13
  data arrival time                                                                     -0.22
  ----------------------------------------------------------------------------------------------
  slack (MET)                                                                            0.10


1
